hh_id,settlement,hh_savings,rural,survey_year,data_source,weight
1010101,10101,1,0,2015,IHS,
1010103,10101,1,0,2015,IHS,
1010104,10101,1,0,2015,IHS,
1010105,10101,1,0,2015,IHS,
1010106,10101,1,0,2015,IHS,
1010107,10101,0,0,2015,IHS,
1010108,10101,1,0,2015,IHS,
1010109,10101,1,0,2015,IHS,
1010110,10101,0,0,2015,IHS,
1010111,10101,0,0,2015,IHS,
1010112,10101,1,0,2015,IHS,
1010113,10101,1,0,2015,IHS,
1010114,10101,1,0,2015,IHS,
1010115,10101,0,0,2015,IHS,
1010116,10101,0,0,2015,IHS,
1010117,10101,0,0,2015,IHS,
1010118,10101,0,0,2015,IHS,
1010119,10101,1,0,2015,IHS,
1010120,10101,1,0,2015,IHS,
1010301,10101,0,0,2015,IHS,
1010302,10101,0,0,2015,IHS,
1010303,10101,1,0,2015,IHS,
1010304,10101,0,0,2015,IHS,
1010305,10101,1,0,2015,IHS,
1010306,10101,0,0,2015,IHS,
1010307,10101,1,0,2015,IHS,
1010308,10101,0,0,2015,IHS,
1010309,10101,1,0,2015,IHS,
1010310,10101,0,0,2015,IHS,
1010311,10101,1,0,2015,IHS,
1010312,10101,1,0,2015,IHS,
1010313,10101,1,0,2015,IHS,
1010314,10101,1,0,2015,IHS,
1010315,10101,1,0,2015,IHS,
1010316,10101,1,0,2015,IHS,
1010317,10101,0,0,2015,IHS,
1010318,10101,0,0,2015,IHS,
1010319,10101,1,0,2015,IHS,
1010320,10101,0,0,2015,IHS,
1010501,10101,1,0,2015,IHS,
1010502,10101,1,0,2015,IHS,
1010503,10101,1,0,2015,IHS,
1010504,10101,0,0,2015,IHS,
1010505,10101,0,0,2015,IHS,
1010506,10101,1,0,2015,IHS,
1010507,10101,1,0,2015,IHS,
1010508,10101,1,0,2015,IHS,
1010509,10101,0,0,2015,IHS,
1010510,10101,1,0,2015,IHS,
1010511,10101,1,0,2015,IHS,
1010512,10101,1,0,2015,IHS,
1010513,10101,1,0,2015,IHS,
1010514,10101,0,0,2015,IHS,
1010515,10101,1,0,2015,IHS,
1010516,10101,1,0,2015,IHS,
1010517,10101,0,0,2015,IHS,
1010518,10101,1,0,2015,IHS,
1010519,10101,1,0,2015,IHS,
1010520,10101,1,0,2015,IHS,
1020501,10201,0,0,2015,IHS,
1020502,10201,1,0,2015,IHS,
1020503,10201,0,0,2015,IHS,
1020504,10201,0,0,2015,IHS,
1020505,10201,0,0,2015,IHS,
1020506,10201,1,0,2015,IHS,
1020507,10201,0,0,2015,IHS,
1020508,10201,1,0,2015,IHS,
1020509,10201,0,0,2015,IHS,
1020510,10201,0,0,2015,IHS,
1020511,10201,1,0,2015,IHS,
1020512,10201,1,0,2015,IHS,
1020513,10201,1,0,2015,IHS,
1020514,10201,1,0,2015,IHS,
1020515,10201,1,0,2015,IHS,
1020516,10201,0,0,2015,IHS,
1020517,10201,0,0,2015,IHS,
1020518,10201,0,0,2015,IHS,
1020519,10201,1,0,2015,IHS,
1020520,10201,0,0,2015,IHS,
1020801,10201,1,0,2015,IHS,
1020802,10201,1,0,2015,IHS,
1020803,10201,0,0,2015,IHS,
1020804,10201,1,0,2015,IHS,
1020805,10201,1,0,2015,IHS,
1020806,10201,0,0,2015,IHS,
1020807,10201,1,0,2015,IHS,
1020808,10201,1,0,2015,IHS,
1020809,10201,0,0,2015,IHS,
1020810,10201,1,0,2015,IHS,
1020811,10201,1,0,2015,IHS,
1020812,10201,0,0,2015,IHS,
1020813,10201,0,0,2015,IHS,
1020814,10201,1,0,2015,IHS,
1020815,10201,1,0,2015,IHS,
1020816,10201,0,0,2015,IHS,
1020817,10201,1,0,2015,IHS,
1020818,10201,1,0,2015,IHS,
1020819,10201,0,0,2015,IHS,
1020820,10201,1,0,2015,IHS,
1110101,11101,0,0,2015,IHS,
1110102,11101,0,0,2015,IHS,
1110103,11101,1,0,2015,IHS,
1110104,11101,0,0,2015,IHS,
1110105,11101,0,0,2015,IHS,
1110106,11101,0,0,2015,IHS,
1110107,11101,0,0,2015,IHS,
1110108,11101,1,0,2015,IHS,
1110109,11101,1,0,2015,IHS,
1110110,11101,0,0,2015,IHS,
1110111,11101,0,0,2015,IHS,
1110112,11101,0,0,2015,IHS,
1110113,11101,1,0,2015,IHS,
1110114,11101,0,0,2015,IHS,
1110115,11101,1,0,2015,IHS,
1110116,11101,1,0,2015,IHS,
1110117,11101,1,0,2015,IHS,
1110118,11101,0,0,2015,IHS,
1110119,11101,1,0,2015,IHS,
1110120,11101,0,0,2015,IHS,
1110601,11101,1,0,2015,IHS,
1110602,11101,0,0,2015,IHS,
1110603,11101,0,0,2015,IHS,
1110604,11101,0,0,2015,IHS,
1110605,11101,0,0,2015,IHS,
1110606,11101,1,0,2015,IHS,
1110607,11101,0,0,2015,IHS,
1110608,11101,0,0,2015,IHS,
1110609,11101,1,0,2015,IHS,
1110610,11101,0,0,2015,IHS,
1110611,11101,0,0,2015,IHS,
1110612,11101,1,0,2015,IHS,
1110613,11101,0,0,2015,IHS,
1110614,11101,0,0,2015,IHS,
1110615,11101,0,0,2015,IHS,
1110616,11101,1,0,2015,IHS,
1110617,11101,0,0,2015,IHS,
1110618,11101,0,0,2015,IHS,
1110619,11101,1,0,2015,IHS,
1110620,11101,0,0,2015,IHS,
1110901,11101,0,0,2015,IHS,
1110902,11101,1,0,2015,IHS,
1110903,11101,0,0,2015,IHS,
1110904,11101,0,0,2015,IHS,
1110905,11101,0,0,2015,IHS,
1110906,11101,0,0,2015,IHS,
1110907,11101,0,0,2015,IHS,
1110908,11101,1,0,2015,IHS,
1110909,11101,0,0,2015,IHS,
1110910,11101,1,0,2015,IHS,
1110911,11101,1,0,2015,IHS,
1110912,11101,1,0,2015,IHS,
1110913,11101,0,0,2015,IHS,
1110914,11101,0,0,2015,IHS,
1110915,11101,1,0,2015,IHS,
1110916,11101,1,0,2015,IHS,
1110917,11101,1,0,2015,IHS,
1110918,11101,1,0,2015,IHS,
1110919,11101,1,0,2015,IHS,
1110920,11101,1,0,2015,IHS,
1111201,11101,1,0,2015,IHS,
1111202,11101,0,0,2015,IHS,
1111203,11101,0,0,2015,IHS,
1111204,11101,0,0,2015,IHS,
1111205,11101,0,0,2015,IHS,
1111206,11101,0,0,2015,IHS,
1111207,11101,0,0,2015,IHS,
1111208,11101,0,0,2015,IHS,
1111209,11101,0,0,2015,IHS,
1111210,11101,0,0,2015,IHS,
1111211,11101,1,0,2015,IHS,
1111212,11101,1,0,2015,IHS,
1111213,11101,1,0,2015,IHS,
1111214,11101,0,0,2015,IHS,
1111215,11101,1,0,2015,IHS,
1111216,11101,0,0,2015,IHS,
1111217,11101,0,0,2015,IHS,
1111218,11101,1,0,2015,IHS,
1111219,11101,1,0,2015,IHS,
1111220,11101,0,0,2015,IHS,
1120101,11101,1,0,2015,IHS,
1120102,11101,0,0,2015,IHS,
1120103,11101,1,0,2015,IHS,
1120104,11101,0,0,2015,IHS,
1120105,11101,1,0,2015,IHS,
1120106,11101,1,0,2015,IHS,
1120107,11101,1,0,2015,IHS,
1120108,11101,0,0,2015,IHS,
1120109,11101,0,0,2015,IHS,
1120110,11101,0,0,2015,IHS,
1120111,11101,0,0,2015,IHS,
1120112,11101,1,0,2015,IHS,
1120113,11101,0,0,2015,IHS,
1120114,11101,0,0,2015,IHS,
1120116,11101,1,0,2015,IHS,
1120117,11101,1,0,2015,IHS,
1120118,11101,1,0,2015,IHS,
1120119,11101,0,0,2015,IHS,
1120120,11101,1,0,2015,IHS,
1120501,11201,1,0,2015,IHS,
1120502,11201,1,0,2015,IHS,
1120503,11201,0,0,2015,IHS,
1120504,11201,1,0,2015,IHS,
1120505,11201,0,0,2015,IHS,
1120506,11201,1,0,2015,IHS,
1120507,11201,0,0,2015,IHS,
1120508,11201,0,0,2015,IHS,
1120509,11201,0,0,2015,IHS,
1120510,11201,0,0,2015,IHS,
1120511,11201,1,0,2015,IHS,
1120512,11201,0,0,2015,IHS,
1120513,11201,0,0,2015,IHS,
1120514,11201,0,0,2015,IHS,
1120515,11201,0,0,2015,IHS,
1120516,11201,1,0,2015,IHS,
1120517,11201,1,0,2015,IHS,
1120518,11201,0,0,2015,IHS,
1120519,11201,0,0,2015,IHS,
1120520,11201,0,0,2015,IHS,
1130101,11301,0,0,2015,IHS,
1130102,11301,0,0,2015,IHS,
1130103,11301,0,0,2015,IHS,
1130104,11301,0,0,2015,IHS,
1130105,11301,0,0,2015,IHS,
1130106,11301,0,0,2015,IHS,
1130107,11301,1,0,2015,IHS,
1130108,11301,1,0,2015,IHS,
1130109,11301,1,0,2015,IHS,
1130110,11301,0,0,2015,IHS,
1130111,11301,1,0,2015,IHS,
1130112,11301,0,0,2015,IHS,
1130113,11301,1,0,2015,IHS,
1130114,11301,1,0,2015,IHS,
1130115,11301,1,0,2015,IHS,
1130116,11301,0,0,2015,IHS,
1130117,11301,1,0,2015,IHS,
1130118,11301,0,0,2015,IHS,
1130119,11301,0,0,2015,IHS,
1130120,11301,0,0,2015,IHS,
1210101,12101,1,0,2015,IHS,
1210102,12101,0,0,2015,IHS,
1210103,12101,1,0,2015,IHS,
1210104,12101,0,0,2015,IHS,
1210105,12101,1,0,2015,IHS,
1210106,12101,0,0,2015,IHS,
1210107,12101,1,0,2015,IHS,
1210108,12101,0,0,2015,IHS,
1210109,12101,0,0,2015,IHS,
1210110,12101,1,0,2015,IHS,
1210111,12101,1,0,2015,IHS,
1210112,12101,0,0,2015,IHS,
1210113,12101,1,0,2015,IHS,
1210114,12101,1,0,2015,IHS,
1210115,12101,0,0,2015,IHS,
1210116,12101,0,0,2015,IHS,
1210117,12101,0,0,2015,IHS,
1210118,12101,0,0,2015,IHS,
1210119,12101,0,0,2015,IHS,
1210120,12101,0,0,2015,IHS,
1210402,12101,1,0,2015,IHS,
1210403,12101,1,0,2015,IHS,
1210404,12101,1,0,2015,IHS,
1210405,12101,0,0,2015,IHS,
1210406,12101,0,0,2015,IHS,
1210407,12101,0,0,2015,IHS,
1210408,12101,0,0,2015,IHS,
1210409,12101,1,0,2015,IHS,
1210410,12101,1,0,2015,IHS,
1210411,12101,1,0,2015,IHS,
1210412,12101,1,0,2015,IHS,
1210413,12101,1,0,2015,IHS,
1210414,12101,1,0,2015,IHS,
1210415,12101,0,0,2015,IHS,
1210416,12101,0,0,2015,IHS,
1210417,12101,1,0,2015,IHS,
1210418,12101,1,0,2015,IHS,
1210419,12101,0,0,2015,IHS,
1210420,12101,0,0,2015,IHS,
1220301,12201,0,0,2015,IHS,
1220302,12201,0,0,2015,IHS,
1220303,12201,0,0,2015,IHS,
1220304,12201,0,0,2015,IHS,
1220305,12201,1,0,2015,IHS,
1220306,12201,1,0,2015,IHS,
1220307,12201,0,0,2015,IHS,
1220308,12201,0,0,2015,IHS,
1220309,12201,0,0,2015,IHS,
1220310,12201,0,0,2015,IHS,
1220311,12201,0,0,2015,IHS,
1220312,12201,1,0,2015,IHS,
1220313,12201,1,0,2015,IHS,
1220314,12201,1,0,2015,IHS,
1220315,12201,1,0,2015,IHS,
1220316,12201,0,0,2015,IHS,
1220317,12201,1,0,2015,IHS,
1220318,12201,1,0,2015,IHS,
1220319,12201,0,0,2015,IHS,
1220320,12201,0,0,2015,IHS,
1220601,12201,0,0,2015,IHS,
1220602,12201,0,0,2015,IHS,
1220603,12201,0,0,2015,IHS,
1220604,12201,1,0,2015,IHS,
1220605,12201,0,0,2015,IHS,
1220606,12201,1,0,2015,IHS,
1220607,12201,1,0,2015,IHS,
1220608,12201,1,0,2015,IHS,
1220609,12201,0,0,2015,IHS,
1220610,12201,0,0,2015,IHS,
1220611,12201,1,0,2015,IHS,
1220612,12201,0,0,2015,IHS,
1220613,12201,0,0,2015,IHS,
1220614,12201,0,0,2015,IHS,
1220615,12201,0,0,2015,IHS,
1220616,12201,1,0,2015,IHS,
1220617,12201,0,0,2015,IHS,
1220618,12201,0,0,2015,IHS,
1220619,12201,1,0,2015,IHS,
1220620,12201,0,0,2015,IHS,
1220901,12201,1,0,2015,IHS,
1220902,12201,0,0,2015,IHS,
1220903,12201,1,0,2015,IHS,
1220904,12201,1,0,2015,IHS,
1220905,12201,1,0,2015,IHS,
1220906,12201,0,0,2015,IHS,
1220907,12201,1,0,2015,IHS,
1220908,12201,0,0,2015,IHS,
1220909,12201,1,0,2015,IHS,
1220910,12201,1,0,2015,IHS,
1220911,12201,1,0,2015,IHS,
1220912,12201,1,0,2015,IHS,
1220913,12201,1,0,2015,IHS,
1220914,12201,0,0,2015,IHS,
1220915,12201,0,0,2015,IHS,
1220916,12201,0,0,2015,IHS,
1220917,12201,0,0,2015,IHS,
1220918,12201,0,0,2015,IHS,
1220919,12201,0,0,2015,IHS,
1220920,12201,1,0,2015,IHS,
1230201,12301,1,0,2015,IHS,
1230202,12301,0,0,2015,IHS,
1230203,12301,1,0,2015,IHS,
1230204,12301,1,0,2015,IHS,
1230205,12301,0,0,2015,IHS,
1230206,12301,0,0,2015,IHS,
1230207,12301,1,0,2015,IHS,
1230208,12301,0,0,2015,IHS,
1230209,12301,1,0,2015,IHS,
1230210,12301,1,0,2015,IHS,
1230211,12301,1,0,2015,IHS,
1230212,12301,0,0,2015,IHS,
1230213,12301,1,0,2015,IHS,
1230214,12301,0,0,2015,IHS,
1230215,12301,0,0,2015,IHS,
1230216,12301,0,0,2015,IHS,
1230217,12301,1,0,2015,IHS,
1230218,12301,1,0,2015,IHS,
1230219,12301,1,0,2015,IHS,
1230220,12301,0,0,2015,IHS,
2010101,20101,0,0,2015,IHS,
2010102,20101,0,0,2015,IHS,
2010103,20101,0,0,2015,IHS,
2010104,20101,1,0,2015,IHS,
2010105,20101,1,0,2015,IHS,
2010106,20101,0,0,2015,IHS,
2010107,20101,0,0,2015,IHS,
2010108,20101,1,0,2015,IHS,
2010109,20101,1,0,2015,IHS,
2010110,20101,0,0,2015,IHS,
2010111,20101,1,0,2015,IHS,
2010112,20101,1,0,2015,IHS,
2010113,20101,1,0,2015,IHS,
2010114,20101,1,0,2015,IHS,
2010115,20101,0,0,2015,IHS,
2010116,20101,0,0,2015,IHS,
2010117,20101,1,0,2015,IHS,
2010118,20101,0,0,2015,IHS,
2010119,20101,1,0,2015,IHS,
2010120,20101,1,0,2015,IHS,
2021601,20201,1,0,2015,IHS,
2021602,20201,0,0,2015,IHS,
2021603,20201,1,0,2015,IHS,
2021604,20201,1,0,2015,IHS,
2021605,20201,1,0,2015,IHS,
2021606,20201,0,0,2015,IHS,
2021607,20201,1,0,2015,IHS,
2021608,20201,1,0,2015,IHS,
2021609,20201,1,0,2015,IHS,
2021610,20201,1,0,2015,IHS,
2021611,20201,1,0,2015,IHS,
2021612,20201,1,0,2015,IHS,
2021613,20201,0,0,2015,IHS,
2021614,20201,0,0,2015,IHS,
2021615,20201,0,0,2015,IHS,
2021616,20201,1,0,2015,IHS,
2021617,20201,1,0,2015,IHS,
2021618,20201,1,0,2015,IHS,
2021619,20201,1,0,2015,IHS,
2021620,20201,0,0,2015,IHS,
2120301,21201,1,0,2015,IHS,
2120302,21201,0,0,2015,IHS,
2120303,21201,0,0,2015,IHS,
2120304,21201,0,0,2015,IHS,
2120305,21201,0,0,2015,IHS,
2120306,21201,0,0,2015,IHS,
2120307,21201,1,0,2015,IHS,
2120308,21201,1,0,2015,IHS,
2120309,21201,1,0,2015,IHS,
2120310,21201,0,0,2015,IHS,
2120311,21201,0,0,2015,IHS,
2120312,21201,1,0,2015,IHS,
2120313,21201,1,0,2015,IHS,
2120314,21201,1,0,2015,IHS,
2120315,21201,1,0,2015,IHS,
2120316,21201,1,0,2015,IHS,
2120317,21201,1,0,2015,IHS,
2120318,21201,1,0,2015,IHS,
2120319,21201,0,0,2015,IHS,
2120320,21201,0,0,2015,IHS,
2124701,22201,1,0,2015,IHS,
2124702,22201,1,0,2015,IHS,
2124703,22201,1,0,2015,IHS,
2124704,22201,1,0,2015,IHS,
2124705,22201,1,0,2015,IHS,
2124706,22201,0,0,2015,IHS,
2124707,22201,1,0,2015,IHS,
2124708,22201,1,0,2015,IHS,
2124709,22201,1,0,2015,IHS,
2124710,22201,1,0,2015,IHS,
2124711,22201,0,0,2015,IHS,
2124712,22201,1,0,2015,IHS,
2124713,22201,0,0,2015,IHS,
2124714,22201,1,0,2015,IHS,
2124715,22201,1,0,2015,IHS,
2124716,22201,0,0,2015,IHS,
2124717,22201,1,0,2015,IHS,
2124718,22201,0,0,2015,IHS,
2124719,22201,0,0,2015,IHS,
2124720,22201,0,0,2015,IHS,
2130801,21301,1,0,2015,IHS,
2130802,21301,0,0,2015,IHS,
2130803,21301,1,0,2015,IHS,
2130804,21301,1,0,2015,IHS,
2130805,21301,0,0,2015,IHS,
2130806,21301,1,0,2015,IHS,
2130807,21301,0,0,2015,IHS,
2130808,21301,1,0,2015,IHS,
2130809,21301,0,0,2015,IHS,
2130810,21301,1,0,2015,IHS,
2130811,21301,1,0,2015,IHS,
2130812,21301,0,0,2015,IHS,
2130813,21301,1,0,2015,IHS,
2130814,21301,1,0,2015,IHS,
2130815,21301,1,0,2015,IHS,
2130816,21301,1,0,2015,IHS,
2130817,21301,1,0,2015,IHS,
2130818,21301,1,0,2015,IHS,
2130819,21301,1,0,2015,IHS,
2130820,21301,1,0,2015,IHS,
2211401,22101,0,0,2015,IHS,
2211402,22101,1,0,2015,IHS,
2211403,22101,0,0,2015,IHS,
2211404,22101,1,0,2015,IHS,
2211405,22101,1,0,2015,IHS,
2211406,22101,0,0,2015,IHS,
2211407,22101,0,0,2015,IHS,
2211408,22101,0,0,2015,IHS,
2211409,22101,0,0,2015,IHS,
2211410,22101,1,0,2015,IHS,
2211411,22101,0,0,2015,IHS,
2211412,22101,1,0,2015,IHS,
2211413,22101,0,0,2015,IHS,
2211414,22101,1,0,2015,IHS,
2211415,22101,0,0,2015,IHS,
2211416,22101,1,0,2015,IHS,
2211417,22101,1,0,2015,IHS,
2211418,22101,1,0,2015,IHS,
2211419,22101,1,0,2015,IHS,
2211420,22101,1,0,2015,IHS,
2215401,22101,0,0,2015,IHS,
2215402,22101,1,0,2015,IHS,
2215403,22101,0,0,2015,IHS,
2215404,22101,0,0,2015,IHS,
2215405,22101,0,0,2015,IHS,
2215406,22101,0,0,2015,IHS,
2215407,22101,1,0,2015,IHS,
2215408,22101,0,0,2015,IHS,
2215409,22101,1,0,2015,IHS,
2215410,22101,0,0,2015,IHS,
2215411,22101,1,0,2015,IHS,
2215412,22101,1,0,2015,IHS,
2215413,22101,0,0,2015,IHS,
2215414,22101,0,0,2015,IHS,
2215415,22101,0,0,2015,IHS,
2215416,22101,1,0,2015,IHS,
2215417,22101,1,0,2015,IHS,
2215418,22101,1,0,2015,IHS,
2215419,22101,1,0,2015,IHS,
2215420,22101,0,0,2015,IHS,
2221401,22201,1,0,2015,IHS,
2221402,22201,1,0,2015,IHS,
2221403,22201,0,0,2015,IHS,
2221404,22201,1,0,2015,IHS,
2221405,22201,1,0,2015,IHS,
2221406,22201,0,0,2015,IHS,
2221407,22201,1,0,2015,IHS,
2221408,22201,0,0,2015,IHS,
2221409,22201,1,0,2015,IHS,
2221410,22201,0,0,2015,IHS,
2221411,22201,0,0,2015,IHS,
2221412,22201,0,0,2015,IHS,
2221413,22201,0,0,2015,IHS,
2221414,22201,0,0,2015,IHS,
2221415,22201,1,0,2015,IHS,
2221416,22201,0,0,2015,IHS,
2221417,22201,1,0,2015,IHS,
2221418,22201,1,0,2015,IHS,
2221419,22201,0,0,2015,IHS,
2221420,22201,0,0,2015,IHS,
2231401,22301,0,0,2015,IHS,
2231402,22301,1,0,2015,IHS,
2231403,22301,1,0,2015,IHS,
2231404,22301,1,0,2015,IHS,
2231405,22301,0,0,2015,IHS,
2231406,22301,1,0,2015,IHS,
2231407,22301,1,0,2015,IHS,
2231408,22301,1,0,2015,IHS,
2231409,22301,0,0,2015,IHS,
2231410,22301,0,0,2015,IHS,
2231411,22301,1,0,2015,IHS,
2231412,22301,0,0,2015,IHS,
2231413,22301,1,0,2015,IHS,
2231414,22301,0,0,2015,IHS,
2231415,22301,0,0,2015,IHS,
2231416,22301,0,0,2015,IHS,
2231417,22301,0,0,2015,IHS,
2231418,22301,1,0,2015,IHS,
2231419,22301,0,0,2015,IHS,
2231420,22301,1,0,2015,IHS,
2311301,23101,1,0,2015,IHS,
2311302,23101,1,0,2015,IHS,
2311303,23101,1,0,2015,IHS,
2311304,23101,1,0,2015,IHS,
2311305,23101,1,0,2015,IHS,
2311306,23101,1,0,2015,IHS,
2311307,23101,0,0,2015,IHS,
2311308,23101,0,0,2015,IHS,
2311309,23101,1,0,2015,IHS,
2311310,23101,0,0,2015,IHS,
2311311,23101,1,0,2015,IHS,
2311312,23101,1,0,2015,IHS,
2311313,23101,1,0,2015,IHS,
2311314,23101,1,0,2015,IHS,
2311315,23101,1,0,2015,IHS,
2311316,23101,1,0,2015,IHS,
2311317,23101,0,0,2015,IHS,
2311318,23101,1,0,2015,IHS,
2311319,23101,1,0,2015,IHS,
2311320,23101,1,0,2015,IHS,
2322401,23201,1,0,2015,IHS,
2322402,23201,1,0,2015,IHS,
2322403,23201,1,0,2015,IHS,
2322404,23201,1,0,2015,IHS,
2322405,23201,0,0,2015,IHS,
2322406,23201,0,0,2015,IHS,
2322407,23201,0,0,2015,IHS,
2322408,23201,0,0,2015,IHS,
2322409,23201,0,0,2015,IHS,
2322410,23201,1,0,2015,IHS,
2322411,23201,1,0,2015,IHS,
2322412,23201,1,0,2015,IHS,
2322413,23201,0,0,2015,IHS,
2322414,23201,1,0,2015,IHS,
2322415,23201,1,0,2015,IHS,
2322416,23201,1,0,2015,IHS,
2322417,23201,1,0,2015,IHS,
2322418,23201,1,0,2015,IHS,
2322419,23201,1,0,2015,IHS,
2322420,23201,1,0,2015,IHS,
2326601,23201,1,0,2015,IHS,
2326602,23201,1,0,2015,IHS,
2326603,23201,1,0,2015,IHS,
2326604,23201,1,0,2015,IHS,
2326605,23201,1,0,2015,IHS,
2326606,23201,1,0,2015,IHS,
2326607,23201,1,0,2015,IHS,
2326608,23201,0,0,2015,IHS,
2326609,23201,1,0,2015,IHS,
2326610,23201,1,0,2015,IHS,
2326611,23201,1,0,2015,IHS,
2326612,23201,0,0,2015,IHS,
2326613,23201,1,0,2015,IHS,
2326614,23201,0,0,2015,IHS,
2326615,23201,1,0,2015,IHS,
2326616,23201,1,0,2015,IHS,
2326617,23201,1,0,2015,IHS,
2326618,23201,0,0,2015,IHS,
2326619,23201,1,0,2015,IHS,
2326620,23201,0,0,2015,IHS,
2332801,23301,1,0,2015,IHS,
2332802,23301,1,0,2015,IHS,
2332803,23301,1,0,2015,IHS,
2332804,23301,1,0,2015,IHS,
2332805,23301,1,0,2015,IHS,
2332806,23301,1,0,2015,IHS,
2332807,23301,1,0,2015,IHS,
2332808,23301,0,0,2015,IHS,
2332809,23301,0,0,2015,IHS,
2332810,23301,0,0,2015,IHS,
2332811,23301,0,0,2015,IHS,
2332812,23301,1,0,2015,IHS,
2332813,23301,1,0,2015,IHS,
2332814,23301,1,0,2015,IHS,
2332815,23301,1,0,2015,IHS,
2332816,23301,1,0,2015,IHS,
2332817,23301,1,0,2015,IHS,
2332818,23301,1,0,2015,IHS,
2332819,23301,1,0,2015,IHS,
2332820,23301,1,0,2015,IHS,
2341801,23401,0,0,2015,IHS,
2341802,23401,1,0,2015,IHS,
2341803,23401,1,0,2015,IHS,
2341804,23401,1,0,2015,IHS,
2341805,23401,0,0,2015,IHS,
2341806,23401,0,0,2015,IHS,
2341807,23401,0,0,2015,IHS,
2341808,23401,0,0,2015,IHS,
2341809,23401,0,0,2015,IHS,
2341810,23401,1,0,2015,IHS,
2341811,23401,1,0,2015,IHS,
2341812,23401,0,0,2015,IHS,
2341813,23401,1,0,2015,IHS,
2341814,23401,1,0,2015,IHS,
2341815,23401,0,0,2015,IHS,
2341816,23401,1,0,2015,IHS,
2341817,23401,0,0,2015,IHS,
2341818,23401,1,0,2015,IHS,
2341819,23401,1,0,2015,IHS,
2341820,23401,0,0,2015,IHS,
2345401,23401,0,0,2015,IHS,
2345402,23401,1,0,2015,IHS,
2345403,23401,0,0,2015,IHS,
2345404,23401,1,0,2015,IHS,
2345405,23401,0,0,2015,IHS,
2345406,23401,1,0,2015,IHS,
2345407,23401,1,0,2015,IHS,
2345408,23401,1,0,2015,IHS,
2345409,23401,1,0,2015,IHS,
2345410,23401,1,0,2015,IHS,
2345411,23401,0,0,2015,IHS,
2345412,23401,0,0,2015,IHS,
2345413,23401,1,0,2015,IHS,
2345414,23401,1,0,2015,IHS,
2345415,23401,1,0,2015,IHS,
2345416,23401,1,0,2015,IHS,
2345417,23401,0,0,2015,IHS,
2345418,23401,0,0,2015,IHS,
2345419,23401,0,0,2015,IHS,
2345420,23401,1,0,2015,IHS,
2411301,24101,0,0,2015,IHS,
2411302,24101,0,0,2015,IHS,
2411303,24101,0,0,2015,IHS,
2411304,24101,0,0,2015,IHS,
2411305,24101,1,0,2015,IHS,
2411306,24101,1,0,2015,IHS,
2411307,24101,1,0,2015,IHS,
2411308,24101,0,1,2015,IHS,
2411309,24101,1,0,2015,IHS,
2411310,24101,1,0,2015,IHS,
2411311,24101,1,0,2015,IHS,
2411312,24101,0,0,2015,IHS,
2411313,24101,0,0,2015,IHS,
2411314,24101,1,0,2015,IHS,
2411315,24101,0,0,2015,IHS,
2411316,24101,1,0,2015,IHS,
2411317,24101,0,0,2015,IHS,
2411318,2410,1,0,2015,IHS,
2411319,24101,0,0,2015,IHS,
2411320,24101,1,0,2015,IHS,
2421901,24201,1,0,2015,IHS,
2421902,24201,0,0,2015,IHS,
2421903,24201,0,0,2015,IHS,
2421904,24201,0,0,2015,IHS,
2421905,24201,1,0,2015,IHS,
2421906,24201,0,0,2015,IHS,
2421907,24201,0,0,2015,IHS,
2421908,24201,1,0,2015,IHS,
2421909,24201,0,0,2015,IHS,
2421910,24201,0,0,2015,IHS,
2421911,24201,0,0,2015,IHS,
2421912,24201,0,0,2015,IHS,
2421913,24201,0,0,2015,IHS,
2421914,24201,0,0,2015,IHS,
2421915,24201,0,0,2015,IHS,
2421916,24201,0,0,2015,IHS,
2421917,24201,0,0,2015,IHS,
2421918,24201,0,0,2015,IHS,
2421919,24201,1,0,2015,IHS,
2421920,24201,0,0,2015,IHS,
2430801,24302,0,0,2015,IHS,
2430802,24302,1,0,2015,IHS,
2430803,24302,0,0,2015,IHS,
2430804,24302,0,0,2015,IHS,
2430805,24302,1,0,2015,IHS,
2430806,24302,0,0,2015,IHS,
2430807,24302,0,0,2015,IHS,
2430808,24302,1,0,2015,IHS,
2430809,24302,1,0,2015,IHS,
2430810,24302,1,0,2015,IHS,
2430811,24302,0,0,2015,IHS,
2430812,24302,0,0,2015,IHS,
2430813,24302,1,0,2015,IHS,
2430814,24302,0,0,2015,IHS,
2430815,24302,0,0,2015,IHS,
2430816,24302,1,0,2015,IHS,
2430817,24302,0,0,2015,IHS,
2430818,24302,0,0,2015,IHS,
2430819,24302,1,0,2015,IHS,
2430820,24302,0,0,2015,IHS,
2442101,24401,1,0,2015,IHS,
2442102,24401,0,0,2015,IHS,
2442103,24401,1,0,2015,IHS,
2442104,24401,0,0,2015,IHS,
2442105,24401,1,0,2015,IHS,
2442106,24401,0,0,2015,IHS,
2442107,24401,0,0,2015,IHS,
2442108,24401,0,0,2015,IHS,
2442109,24401,1,0,2015,IHS,
2442110,24401,1,0,2015,IHS,
2442111,24401,1,0,2015,IHS,
2442112,24401,0,0,2015,IHS,
2442113,24401,0,0,2015,IHS,
2442114,24401,1,0,2015,IHS,
2442115,24401,1,0,2015,IHS,
2442116,24401,1,0,2015,IHS,
2442117,24401,1,0,2015,IHS,
2442118,24401,1,0,2015,IHS,
2442119,24401,1,0,2015,IHS,
2442120,24401,1,0,2015,IHS,
2452901,24501,0,0,2015,IHS,
2452902,24501,0,0,2015,IHS,
2452903,24501,1,0,2015,IHS,
2452904,24501,0,0,2015,IHS,
2452905,24501,1,0,2015,IHS,
2452906,24501,1,0,2015,IHS,
2452907,24501,0,0,2015,IHS,
2452908,24501,0,0,2015,IHS,
2452909,24501,0,0,2015,IHS,
2452910,24501,0,0,2015,IHS,
2452911,24501,1,0,2015,IHS,
2452912,24501,1,0,2015,IHS,
2452913,24501,0,0,2015,IHS,
2452914,24501,1,0,2015,IHS,
2452915,24501,1,0,2015,IHS,
2452916,24501,0,0,2015,IHS,
2452917,24501,1,0,2015,IHS,
2452918,24501,1,0,2015,IHS,
2452919,24501,1,0,2015,IHS,
2452920,24501,0,0,2015,IHS,
2456401,24503,1,0,2015,IHS,
2456402,24503,0,0,2015,IHS,
2456403,24503,1,0,2015,IHS,
2456404,24503,1,0,2015,IHS,
2456405,24503,0,0,2015,IHS,
2456406,24503,0,0,2015,IHS,
2456407,24503,0,0,2015,IHS,
2456408,24503,0,0,2015,IHS,
2456409,24503,1,0,2015,IHS,
2456410,24503,1,0,2015,IHS,
2456411,24503,1,0,2015,IHS,
2456412,24503,0,0,2015,IHS,
2456413,24503,0,0,2015,IHS,
2456414,24503,1,0,2015,IHS,
2456415,24503,1,0,2015,IHS,
2456416,24503,1,0,2015,IHS,
2456417,24503,1,0,2015,IHS,
2456418,24503,1,0,2015,IHS,
2456419,24503,0,0,2015,IHS,
2456420,24503,0,0,2015,IHS,
3015301,30104,1,0,2015,IHS,
3015302,30104,1,0,2015,IHS,
3015303,30104,0,0,2015,IHS,
3015304,30104,1,0,2015,IHS,
3015305,30104,0,0,2015,IHS,
3015306,30104,1,0,2015,IHS,
3015307,30104,1,0,2015,IHS,
3015308,30104,1,0,2015,IHS,
3015309,30104,1,0,2015,IHS,
3015310,30104,0,0,2015,IHS,
3015311,30104,1,0,2015,IHS,
3015312,30104,1,0,2015,IHS,
3015313,30104,1,0,2015,IHS,
3015314,30104,0,0,2015,IHS,
3015315,30104,0,0,2015,IHS,
3015316,30104,1,0,2015,IHS,
3015317,30104,1,0,2015,IHS,
3015318,30104,0,0,2015,IHS,
3015319,30104,0,0,2015,IHS,
3015320,30104,1,0,2015,IHS,
3021101,30206,1,0,2015,IHS,
3021102,30206,1,0,2015,IHS,
3021103,30206,1,0,2015,IHS,
3021104,30206,1,0,2015,IHS,
3021105,30206,1,0,2015,IHS,
3021106,30206,0,0,2015,IHS,
3021107,30206,1,0,2015,IHS,
3021108,30206,1,0,2015,IHS,
3021109,30206,1,0,2015,IHS,
3021110,30206,1,0,2015,IHS,
3021111,30206,0,0,2015,IHS,
3021112,30206,0,0,2015,IHS,
3021113,30206,0,0,2015,IHS,
3021114,30206,0,0,2015,IHS,
3021115,30206,1,0,2015,IHS,
3021116,30206,0,0,2015,IHS,
3021117,30206,1,0,2015,IHS,
3021118,30206,0,0,2015,IHS,
3021119,30206,0,0,2015,IHS,
3021120,30206,1,0,2015,IHS,
3024201,30202,1,0,2015,IHS,
3024202,30202,1,0,2015,IHS,
3024203,30202,1,0,2015,IHS,
3024204,30202,0,0,2015,IHS,
3024205,30202,1,0,2015,IHS,
3024206,30202,1,0,2015,IHS,
3024207,30202,0,0,2015,IHS,
3024208,30202,0,0,2015,IHS,
3024209,30202,1,0,2015,IHS,
3024210,30202,1,0,2015,IHS,
3024211,30202,0,0,2015,IHS,
3024212,30202,0,0,2015,IHS,
3024213,30202,1,0,2015,IHS,
3024214,30202,0,0,2015,IHS,
3024215,30202,0,0,2015,IHS,
3024216,30202,1,0,2015,IHS,
3024217,30202,1,0,2015,IHS,
3024218,30202,0,0,2015,IHS,
3024219,30202,0,0,2015,IHS,
3024220,30202,0,0,2015,IHS,
3027901,30213,1,1,2015,IHS,
3027902,30213,1,1,2015,IHS,
3027903,30213,1,1,2015,IHS,
3027904,30213,1,1,2015,IHS,
3027905,30213,1,1,2015,IHS,
3027906,30213,0,1,2015,IHS,
3027907,30213,1,1,2015,IHS,
3027908,30213,1,1,2015,IHS,
3027909,30213,0,1,2015,IHS,
3027910,30213,1,1,2015,IHS,
3027911,30213,1,1,2015,IHS,
3027912,30213,0,1,2015,IHS,
3027913,30213,0,1,2015,IHS,
3027914,30213,0,1,2015,IHS,
3027915,30213,1,1,2015,IHS,
3027916,30213,0,1,2015,IHS,
3027917,30213,0,1,2015,IHS,
3027918,30213,0,1,2015,IHS,
3027919,30213,0,1,2015,IHS,
3027920,30213,0,1,2015,IHS,
3032801,30301,0,0,2015,IHS,
3032802,30301,1,0,2015,IHS,
3032803,30301,0,0,2015,IHS,
3032804,30301,0,0,2015,IHS,
3032805,30301,0,0,2015,IHS,
3032806,30301,0,0,2015,IHS,
3032807,30301,1,0,2015,IHS,
3032808,30301,1,0,2015,IHS,
3032809,30301,1,0,2015,IHS,
3032810,30301,1,0,2015,IHS,
3032811,30301,1,0,2015,IHS,
3032812,30301,1,0,2015,IHS,
3032813,30301,1,0,2015,IHS,
3032814,30301,0,0,2015,IHS,
3032815,30301,1,0,2015,IHS,
3032816,30301,1,0,2015,IHS,
3032817,30301,1,0,2015,IHS,
3032818,30301,1,0,2015,IHS,
3032819,30301,0,0,2015,IHS,
3032820,30301,1,0,2015,IHS,
3034701,30301,0,0,2015,IHS,
3034702,30301,1,0,2015,IHS,
3034703,30301,1,0,2015,IHS,
3034704,30301,0,0,2015,IHS,
3034705,30301,0,0,2015,IHS,
3034706,30301,0,0,2015,IHS,
3034707,30301,0,0,2015,IHS,
3034708,30301,0,0,2015,IHS,
3034709,30301,0,0,2015,IHS,
3034710,30301,1,0,2015,IHS,
3034711,30301,1,0,2015,IHS,
3034712,30301,0,0,2015,IHS,
3034713,30301,0,0,2015,IHS,
3034714,30301,1,0,2015,IHS,
3034715,30301,1,0,2015,IHS,
3034716,30301,0,0,2015,IHS,
3034717,30301,0,0,2015,IHS,
3034718,30301,1,0,2015,IHS,
3034719,30301,1,0,2015,IHS,
3034720,30301,0,0,2015,IHS,
3036801,30303,0,0,2015,IHS,
3036802,30303,0,0,2015,IHS,
3036803,30303,0,0,2015,IHS,
3036804,30303,1,0,2015,IHS,
3036805,30303,1,0,2015,IHS,
3036806,30303,1,0,2015,IHS,
3036807,30303,1,0,2015,IHS,
3036808,30303,1,0,2015,IHS,
3036809,30303,0,0,2015,IHS,
3036810,30303,0,0,2015,IHS,
3036811,30303,0,0,2015,IHS,
3036812,30303,1,0,2015,IHS,
3036813,30303,1,0,2015,IHS,
3036814,30303,1,0,2015,IHS,
3036815,30303,0,0,2015,IHS,
3036816,30303,0,0,2015,IHS,
3036817,30303,0,0,2015,IHS,
3036818,30303,0,0,2015,IHS,
3036819,30303,0,0,2015,IHS,
3036820,30303,1,0,2015,IHS,
3040801,30401,0,0,2015,IHS,
3040802,30401,0,0,2015,IHS,
3040803,30401,0,0,2015,IHS,
3040804,30401,1,0,2015,IHS,
3040805,30401,1,0,2015,IHS,
3040806,30401,0,0,2015,IHS,
3040807,30401,1,0,2015,IHS,
3040808,30401,1,0,2015,IHS,
3040809,30401,0,0,2015,IHS,
3040810,30401,1,0,2015,IHS,
3040811,30401,0,0,2015,IHS,
3040812,30401,0,0,2015,IHS,
3040813,30401,1,0,2015,IHS,
3040814,30401,1,0,2015,IHS,
3040815,30401,0,0,2015,IHS,
3040816,30401,0,0,2015,IHS,
3040817,30401,1,0,2015,IHS,
3040818,30401,0,0,2015,IHS,
3040819,30401,0,0,2015,IHS,
3040820,30401,1,0,2015,IHS,
3047901,30401,1,0,2015,IHS,
3047902,30401,1,0,2015,IHS,
3047903,30401,0,0,2015,IHS,
3047904,30401,1,0,2015,IHS,
3047905,30401,0,0,2015,IHS,
3047906,30401,1,0,2015,IHS,
3047907,30401,1,0,2015,IHS,
3047908,30401,1,0,2015,IHS,
3047909,30401,0,0,2015,IHS,
3047910,30401,0,0,2015,IHS,
3047911,30401,0,0,2015,IHS,
3047912,30401,0,0,2015,IHS,
3047913,30401,0,0,2015,IHS,
3047914,30401,0,0,2015,IHS,
3047915,30401,0,0,2015,IHS,
3047916,30401,1,0,2015,IHS,
3047917,30401,1,0,2015,IHS,
3047918,30401,1,0,2015,IHS,
3047919,30401,0,0,2015,IHS,
3047920,30401,1,0,2015,IHS,
3051501,30502,0,0,2015,IHS,
3051502,30502,0,0,2015,IHS,
3051503,30502,0,0,2015,IHS,
3051504,30502,0,0,2015,IHS,
3051505,30502,1,0,2015,IHS,
3051506,30502,1,0,2015,IHS,
3051507,30502,1,0,2015,IHS,
3051508,30502,0,0,2015,IHS,
3051509,30502,1,0,2015,IHS,
3051510,30502,1,0,2015,IHS,
3051511,30502,0,0,2015,IHS,
3051512,30502,1,0,2015,IHS,
3051513,30502,1,0,2015,IHS,
3051514,30502,1,0,2015,IHS,
3051515,30502,1,0,2015,IHS,
3051516,30502,1,0,2015,IHS,
3051517,30502,1,0,2015,IHS,
3051518,30502,0,0,2015,IHS,
3051519,30502,1,0,2015,IHS,
3051520,30502,0,0,2015,IHS,
3054901,30503,1,0,2015,IHS,
3054902,30503,0,0,2015,IHS,
3054903,30503,1,0,2015,IHS,
3054904,30503,0,0,2015,IHS,
3054905,30503,0,0,2015,IHS,
3054906,30503,0,0,2015,IHS,
3054907,30503,1,0,2015,IHS,
3054908,30503,0,0,2015,IHS,
3054909,30503,1,0,2015,IHS,
3054910,30503,1,0,2015,IHS,
3054911,30503,1,0,2015,IHS,
3054912,30503,1,0,2015,IHS,
3054913,30503,0,0,2015,IHS,
3054914,30503,1,0,2015,IHS,
3054915,30503,1,0,2015,IHS,
3054916,30503,1,0,2015,IHS,
3054917,30503,1,0,2015,IHS,
3054918,30503,1,0,2015,IHS,
3054919,30503,1,0,2015,IHS,
3054920,30503,1,0,2015,IHS,
3058701,30503,1,0,2015,IHS,
3058702,30503,1,0,2015,IHS,
3058703,30503,1,0,2015,IHS,
3058704,30503,1,0,2015,IHS,
3058705,30503,1,0,2015,IHS,
3058706,30503,0,0,2015,IHS,
3058707,30503,0,0,2015,IHS,
3058708,30503,1,0,2015,IHS,
3058709,30503,0,0,2015,IHS,
3058710,30503,0,0,2015,IHS,
3058711,30503,1,0,2015,IHS,
3058712,30503,1,0,2015,IHS,
3058713,30503,1,0,2015,IHS,
3058714,30503,1,0,2015,IHS,
3058715,30503,0,0,2015,IHS,
3058716,30503,1,0,2015,IHS,
3058717,30503,1,0,2015,IHS,
3058718,30503,0,0,2015,IHS,
3058719,30503,1,0,2015,IHS,
3058720,30503,1,0,2015,IHS,
3063701,30605,1,0,2015,IHS,
3063702,30605,0,0,2015,IHS,
3063703,30605,1,0,2015,IHS,
3063704,30605,1,0,2015,IHS,
3063705,30605,1,0,2015,IHS,
3063706,30605,1,0,2015,IHS,
3063707,30605,1,0,2015,IHS,
3063708,30605,1,0,2015,IHS,
3063709,30605,1,0,2015,IHS,
3063710,30605,1,0,2015,IHS,
3063711,30605,0,0,2015,IHS,
3063712,30605,0,0,2015,IHS,
3063713,30605,1,0,2015,IHS,
3063714,30605,1,0,2015,IHS,
3063715,30605,1,0,2015,IHS,
3063716,30605,1,0,2015,IHS,
3063717,30605,1,0,2015,IHS,
3063718,30605,1,0,2015,IHS,
3063719,30605,0,0,2015,IHS,
3063720,30605,0,0,2015,IHS,
3071501,30712,0,1,2015,IHS,
3071502,30712,1,1,2015,IHS,
3071503,30712,1,1,2015,IHS,
3071504,30712,0,1,2015,IHS,
3071505,30712,1,1,2015,IHS,
3071506,30712,1,1,2015,IHS,
3071507,30712,1,1,2015,IHS,
3071508,30712,1,1,2015,IHS,
3071509,30712,1,1,2015,IHS,
3071510,30712,0,1,2015,IHS,
3071511,30712,0,1,2015,IHS,
3071512,30712,0,1,2015,IHS,
3071513,30712,0,1,2015,IHS,
3071514,30712,0,1,2015,IHS,
3071515,30712,1,1,2015,IHS,
3071516,30712,0,1,2015,IHS,
3071517,30712,0,1,2015,IHS,
3071518,30712,1,1,2015,IHS,
3071519,30712,0,1,2015,IHS,
3071520,30712,1,1,2015,IHS,
3082001,30818,1,0,2015,IHS,
3082002,30818,1,0,2015,IHS,
3082003,30818,1,0,2015,IHS,
3082004,30818,0,0,2015,IHS,
3082005,30818,0,0,2015,IHS,
3082006,30818,0,0,2015,IHS,
3082007,30818,0,0,2015,IHS,
3082008,30818,1,0,2015,IHS,
3082009,30818,0,0,2015,IHS,
3082010,30818,1,0,2015,IHS,
3082011,30818,0,0,2015,IHS,
3082012,30818,0,0,2015,IHS,
3082013,30818,1,0,2015,IHS,
3082014,30818,0,0,2015,IHS,
3082015,30818,0,0,2015,IHS,
3082016,30818,1,0,2015,IHS,
3082017,30818,0,0,2015,IHS,
3082018,30818,1,0,2015,IHS,
3082019,30818,1,0,2015,IHS,
3082020,30818,0,0,2015,IHS,
3086301,30807,0,0,2015,IHS,
3086302,30807,1,0,2015,IHS,
3086303,30807,1,0,2015,IHS,
3086304,30807,0,0,2015,IHS,
3086305,30807,1,0,2015,IHS,
3086306,30807,1,0,2015,IHS,
3086307,30807,1,0,2015,IHS,
3086308,30807,1,0,2015,IHS,
3086309,30807,1,0,2015,IHS,
3086310,30807,1,0,2015,IHS,
3086311,30807,0,0,2015,IHS,
3086312,30807,0,0,2015,IHS,
3086313,30807,1,0,2015,IHS,
3086314,30807,1,0,2015,IHS,
3086315,30807,0,0,2015,IHS,
3086316,30807,0,0,2015,IHS,
3086317,30807,1,0,2015,IHS,
3086318,30807,1,0,2015,IHS,
3086319,30807,1,0,2015,IHS,
3086320,30807,1,0,2015,IHS,
3090901,30902,1,0,2015,IHS,
3090902,30902,1,0,2015,IHS,
3090903,30902,1,0,2015,IHS,
3090904,30902,1,0,2015,IHS,
3090905,30902,1,0,2015,IHS,
3090906,30902,0,0,2015,IHS,
3090907,30902,0,0,2015,IHS,
3090908,30902,0,0,2015,IHS,
3090909,30902,1,0,2015,IHS,
3090910,30902,1,0,2015,IHS,
3090911,30902,1,0,2015,IHS,
3090912,30902,1,0,2015,IHS,
3090913,30902,1,0,2015,IHS,
3090914,30902,1,0,2015,IHS,
3090915,30902,0,0,2015,IHS,
3090916,30902,1,0,2015,IHS,
3090917,30902,1,0,2015,IHS,
3090918,30902,0,0,2015,IHS,
3090919,30902,1,0,2015,IHS,
3090920,30902,0,0,2015,IHS,
3093401,30902,1,0,2015,IHS,
3093402,30902,0,0,2015,IHS,
3093403,30902,0,0,2015,IHS,
3093404,30902,0,0,2015,IHS,
3093405,30902,1,0,2015,IHS,
3093406,30902,1,0,2015,IHS,
3093407,30902,0,0,2015,IHS,
3093408,30902,0,0,2015,IHS,
3093409,30902,0,0,2015,IHS,
3093410,30902,0,0,2015,IHS,
3093411,30902,0,0,2015,IHS,
3093412,30902,0,0,2015,IHS,
3093413,30902,1,0,2015,IHS,
3093414,30902,1,0,2015,IHS,
3093415,30902,1,0,2015,IHS,
3093416,30902,1,0,2015,IHS,
3093417,30902,0,0,2015,IHS,
3093418,30902,0,0,2015,IHS,
3093419,30902,1,0,2015,IHS,
3093420,30902,0,0,2015,IHS,
3093601,30902,1,0,2015,IHS,
3093602,30902,0,0,2015,IHS,
3093603,30902,1,0,2015,IHS,
3093604,30902,0,0,2015,IHS,
3093605,30902,0,0,2015,IHS,
3093606,30902,0,0,2015,IHS,
3093607,30902,1,0,2015,IHS,
3093608,30902,0,0,2015,IHS,
3093609,30902,0,0,2015,IHS,
3093610,30902,0,0,2015,IHS,
3093611,30902,0,0,2015,IHS,
3093612,30902,1,0,2015,IHS,
3093613,30902,0,0,2015,IHS,
3093614,30902,0,0,2015,IHS,
3093615,30902,1,0,2015,IHS,
3093616,30902,0,0,2015,IHS,
3093617,30902,1,0,2015,IHS,
3093618,30902,1,0,2015,IHS,
3093619,30902,1,0,2015,IHS,
3093620,30902,0,0,2015,IHS,
3096501,30905,0,0,2015,IHS,
3096502,30905,1,0,2015,IHS,
3096503,30905,1,0,2015,IHS,
3096504,30905,1,0,2015,IHS,
3096505,30905,1,0,2015,IHS,
3096506,30905,0,0,2015,IHS,
3096507,30905,1,0,2015,IHS,
3096508,30905,0,0,2015,IHS,
3096509,30905,0,0,2015,IHS,
3096510,30905,1,0,2015,IHS,
3096511,30905,1,0,2015,IHS,
3096512,30905,0,0,2015,IHS,
3096513,30905,0,0,2015,IHS,
3096514,30905,1,0,2015,IHS,
3096515,30905,0,0,2015,IHS,
3096516,30905,1,0,2015,IHS,
3096517,30905,1,0,2015,IHS,
3096518,30905,1,0,2015,IHS,
3096519,30905,1,0,2015,IHS,
3096520,30905,1,0,2015,IHS,
3111401,31103,1,0,2015,IHS,
3111402,31103,0,0,2015,IHS,
3111403,31103,0,0,2015,IHS,
3111404,31103,1,0,2015,IHS,
3111405,31103,1,0,2015,IHS,
3111406,31103,1,0,2015,IHS,
3111407,31103,1,0,2015,IHS,
3111408,31103,0,0,2015,IHS,
3111409,31103,1,0,2015,IHS,
3111410,31103,1,0,2015,IHS,
3111411,31103,1,0,2015,IHS,
3111412,31103,1,0,2015,IHS,
3111413,31103,1,0,2015,IHS,
3111414,31103,1,0,2015,IHS,
3111415,31103,0,0,2015,IHS,
3111416,31103,1,0,2015,IHS,
3111418,31103,1,0,2015,IHS,
3111419,31103,0,0,2015,IHS,
3111420,31103,1,0,2015,IHS,
3111421,31103,1,0,2015,IHS,
3112601,31103,1,0,2015,IHS,
3112602,31103,0,0,2015,IHS,
3112603,31103,1,0,2015,IHS,
3112604,31103,1,0,2015,IHS,
3112605,31103,0,0,2015,IHS,
3112606,31103,0,0,2015,IHS,
3112607,31103,1,0,2015,IHS,
3112608,31103,1,0,2015,IHS,
3112609,31103,1,0,2015,IHS,
3112610,31103,1,0,2015,IHS,
3112611,31103,0,0,2015,IHS,
3112612,31103,0,0,2015,IHS,
3112613,31103,1,0,2015,IHS,
3112614,31103,0,0,2015,IHS,
3112615,31103,1,0,2015,IHS,
3112616,31103,1,0,2015,IHS,
3112617,31103,0,0,2015,IHS,
3112618,31103,0,0,2015,IHS,
3112619,31103,0,0,2015,IHS,
3112620,31103,0,0,2015,IHS,
3113701,31107,1,1,2015,IHS,
3113702,31107,0,1,2015,IHS,
3113703,31107,0,1,2015,IHS,
3113704,31107,1,1,2015,IHS,
3113705,31107,0,1,2015,IHS,
3113706,31107,0,1,2015,IHS,
3113707,31107,0,1,2015,IHS,
3113708,31107,0,1,2015,IHS,
3113709,31107,0,1,2015,IHS,
3113710,31107,1,1,2015,IHS,
3113711,31107,0,1,2015,IHS,
3113713,31107,0,1,2015,IHS,
3113714,31107,1,1,2015,IHS,
3113715,31107,0,1,2015,IHS,
3113716,31107,0,1,2015,IHS,
3113717,31107,0,1,2015,IHS,
3113718,31107,0,1,2015,IHS,
3113719,31107,0,1,2015,IHS,
3113720,31107,0,1,2015,IHS,
3113721,31107,1,1,2015,IHS,
3120401,31207,0,1,2015,IHS,
3120402,31207,0,1,2015,IHS,
3120403,31207,0,1,2015,IHS,
3120404,31207,0,1,2015,IHS,
3120405,31207,0,1,2015,IHS,
3120406,31207,0,1,2015,IHS,
3120407,31207,1,1,2015,IHS,
3120408,31207,0,1,2015,IHS,
3120409,31207,0,1,2015,IHS,
3120410,31207,0,1,2015,IHS,
3120411,31207,1,1,2015,IHS,
3120412,31207,0,1,2015,IHS,
3120413,31207,0,1,2015,IHS,
3120414,31207,0,1,2015,IHS,
3120415,31207,0,1,2015,IHS,
3120416,31207,1,1,2015,IHS,
3120417,31207,0,1,2015,IHS,
3120418,31207,0,1,2015,IHS,
3120419,31207,1,1,2015,IHS,
3120420,31207,0,1,2015,IHS,
3121601,31201,1,0,2015,IHS,
3121602,31201,1,0,2015,IHS,
3121603,31201,0,0,2015,IHS,
3121604,31201,1,0,2015,IHS,
3121605,31201,1,0,2015,IHS,
3121606,31201,0,0,2015,IHS,
3121607,31201,1,0,2015,IHS,
3121608,31201,1,0,2015,IHS,
3121609,31201,0,0,2015,IHS,
3121610,31201,1,0,2015,IHS,
3121611,31201,1,0,2015,IHS,
3121612,31201,1,0,2015,IHS,
3121613,31201,1,0,2015,IHS,
3121614,31201,0,0,2015,IHS,
3121615,31201,0,0,2015,IHS,
3121616,31201,1,0,2015,IHS,
3121617,31201,1,0,2015,IHS,
3121618,31201,0,0,2015,IHS,
3121619,31201,0,0,2015,IHS,
3121620,31201,0,0,2015,IHS,
3123101,31208,0,1,2015,IHS,
3123102,31208,1,1,2015,IHS,
3123103,31208,0,1,2015,IHS,
3123104,31208,0,1,2015,IHS,
3123105,31208,1,1,2015,IHS,
3123106,31208,0,1,2015,IHS,
3123107,31208,1,1,2015,IHS,
3123108,31208,0,1,2015,IHS,
3123109,31208,1,1,2015,IHS,
3123110,31208,0,1,2015,IHS,
3123111,31208,1,1,2015,IHS,
3123112,31208,0,1,2015,IHS,
3123113,31208,0,1,2015,IHS,
3123114,31208,1,1,2015,IHS,
3123115,31208,1,1,2015,IHS,
3123116,31208,1,1,2015,IHS,
3123117,31208,1,1,2015,IHS,
3123118,31208,0,1,2015,IHS,
3123119,31208,0,1,2015,IHS,
3123120,31208,1,1,2015,IHS,
3123901,31211,0,1,2015,IHS,
3123902,31211,0,1,2015,IHS,
3123903,31211,0,1,2015,IHS,
3123904,31211,0,1,2015,IHS,
3123905,31211,0,1,2015,IHS,
3123906,31211,1,1,2015,IHS,
3123907,31211,0,1,2015,IHS,
3123908,31211,0,1,2015,IHS,
3123909,31211,0,1,2015,IHS,
3123910,31211,0,1,2015,IHS,
3123911,31211,0,1,2015,IHS,
3123912,31211,0,1,2015,IHS,
3123913,31211,0,1,2015,IHS,
3123914,31211,1,1,2015,IHS,
3123915,31211,0,1,2015,IHS,
3123916,31211,1,1,2015,IHS,
3123917,31211,0,1,2015,IHS,
3123918,31211,0,1,2015,IHS,
3123919,31211,0,1,2015,IHS,
3123920,31211,1,1,2015,IHS,
3130902,31336,0,0,2015,IHS,
3130903,31336,1,0,2015,IHS,
3130904,31336,1,0,2015,IHS,
3130905,31336,1,0,2015,IHS,
3130906,31336,0,0,2015,IHS,
3130908,31336,1,0,2015,IHS,
3130911,31336,1,0,2015,IHS,
3130912,31336,1,0,2015,IHS,
3130913,31336,0,0,2015,IHS,
3130914,31336,1,0,2015,IHS,
3130916,31336,0,0,2015,IHS,
3130917,31336,1,0,2015,IHS,
3130918,31336,0,0,2015,IHS,
3130919,31336,0,0,2015,IHS,
3130920,31336,0,0,2015,IHS,
3130921,31336,1,0,2015,IHS,
3130922,31336,0,0,2015,IHS,
3130923,31336,0,0,2015,IHS,
3130924,31336,0,0,2015,IHS,
3130925,31336,1,0,2015,IHS,
3131801,31336,1,0,2015,IHS,
3131803,31336,0,0,2015,IHS,
3131804,31336,1,0,2015,IHS,
3131805,31336,1,0,2015,IHS,
3131806,31336,0,0,2015,IHS,
3131807,31336,1,0,2015,IHS,
3131808,31336,0,0,2015,IHS,
3131809,31336,0,0,2015,IHS,
3131810,31336,1,0,2015,IHS,
3131811,31336,0,0,2015,IHS,
3131813,31336,0,0,2015,IHS,
3131814,31336,1,0,2015,IHS,
3131815,31336,0,0,2015,IHS,
3131816,31336,0,0,2015,IHS,
3131817,31336,1,0,2015,IHS,
3131818,31336,0,0,2015,IHS,
3131819,31336,0,0,2015,IHS,
3131820,31336,0,0,2015,IHS,
3131821,31336,1,0,2015,IHS,
3131822,31336,1,0,2015,IHS,
3132801,31336,1,0,2015,IHS,
3132802,31336,1,0,2015,IHS,
3132803,31336,0,0,2015,IHS,
3132804,31336,0,0,2015,IHS,
3132805,31336,0,0,2015,IHS,
3132806,31336,0,0,2015,IHS,
3132807,31336,0,0,2015,IHS,
3132808,31336,1,0,2015,IHS,
3132809,31336,1,0,2015,IHS,
3132810,31336,0,0,2015,IHS,
3132811,31336,1,0,2015,IHS,
3132812,31336,0,0,2015,IHS,
3132813,31336,1,0,2015,IHS,
3132814,31336,1,0,2015,IHS,
3132815,31336,1,0,2015,IHS,
3132816,31336,0,0,2015,IHS,
3132817,31336,0,0,2015,IHS,
3132818,31336,0,0,2015,IHS,
3132819,31336,1,0,2015,IHS,
3132820,31336,1,0,2015,IHS,
3133901,31339,0,0,2015,IHS,
3133902,31339,0,0,2015,IHS,
3133903,31339,1,0,2015,IHS,
3133904,31339,0,0,2015,IHS,
3133905,31339,1,0,2015,IHS,
3133906,31339,0,0,2015,IHS,
3133907,31339,0,0,2015,IHS,
3133908,31339,1,0,2015,IHS,
3133909,31339,0,0,2015,IHS,
3133910,31339,0,0,2015,IHS,
3133911,31339,1,0,2015,IHS,
3133912,31339,1,0,2015,IHS,
3133913,31339,1,0,2015,IHS,
3133914,31339,0,0,2015,IHS,
3133915,31339,1,0,2015,IHS,
3133916,31339,0,0,2015,IHS,
3133917,31339,1,0,2015,IHS,
3133918,31339,1,0,2015,IHS,
3133919,31339,0,0,2015,IHS,
3133920,31339,1,0,2015,IHS,
3134901,31317,1,1,2015,IHS,
3134902,31317,1,1,2015,IHS,
3134903,31317,1,1,2015,IHS,
3134904,31317,0,1,2015,IHS,
3134905,31317,1,1,2015,IHS,
3134906,31317,1,1,2015,IHS,
3134907,31317,1,1,2015,IHS,
3134908,31317,0,1,2015,IHS,
3134909,31317,1,1,2015,IHS,
3134910,31317,1,1,2015,IHS,
3134911,31317,1,1,2015,IHS,
3134912,31317,1,1,2015,IHS,
3134913,31317,0,1,2015,IHS,
3134914,31317,1,1,2015,IHS,
3134915,31317,1,1,2015,IHS,
3134916,31317,1,1,2015,IHS,
3134917,31317,1,1,2015,IHS,
3134918,31317,1,1,2015,IHS,
3134919,31317,1,1,2015,IHS,
3134920,31317,0,1,2015,IHS,
3136001,31301,1,1,2015,IHS,
3136002,31301,0,1,2015,IHS,
3136003,31301,1,1,2015,IHS,
3136004,31301,1,1,2015,IHS,
3136005,31301,1,1,2015,IHS,
3136006,31301,0,1,2015,IHS,
3136007,31301,1,1,2015,IHS,
3136008,31301,1,1,2015,IHS,
3136009,31301,0,1,2015,IHS,
3136010,31301,1,1,2015,IHS,
3136011,31301,1,1,2015,IHS,
3136013,31301,0,1,2015,IHS,
3136014,31301,0,1,2015,IHS,
3136015,31301,1,1,2015,IHS,
3136016,31301,0,1,2015,IHS,
3136017,31301,1,1,2015,IHS,
3136018,31301,1,1,2015,IHS,
3136019,31301,1,1,2015,IHS,
3136020,31301,1,1,2015,IHS,
3136021,31301,1,1,2015,IHS,
3140501,31435,0,0,2015,IHS,
3140502,31435,1,0,2015,IHS,
3140503,31435,0,0,2015,IHS,
3140504,31435,1,0,2015,IHS,
3140505,31435,0,0,2015,IHS,
3140506,31435,1,0,2015,IHS,
3140507,31435,0,0,2015,IHS,
3140508,31435,0,0,2015,IHS,
3140509,31435,0,0,2015,IHS,
3140510,31435,1,0,2015,IHS,
3140511,31435,1,0,2015,IHS,
3140512,31435,1,0,2015,IHS,
3140513,31435,0,0,2015,IHS,
3140514,31435,1,0,2015,IHS,
3140515,31435,1,0,2015,IHS,
3140516,31435,0,0,2015,IHS,
3140517,31435,1,0,2015,IHS,
3140518,31435,1,0,2015,IHS,
3140519,31435,0,0,2015,IHS,
3140520,31435,0,0,2015,IHS,
3141701,31435,0,0,2015,IHS,
3141702,31435,0,0,2015,IHS,
3141703,31435,0,0,2015,IHS,
3141704,31435,0,0,2015,IHS,
3141707,31435,0,0,2015,IHS,
3141708,31435,0,0,2015,IHS,
3141709,31435,0,0,2015,IHS,
3141710,31435,0,0,2015,IHS,
3141711,31435,1,0,2015,IHS,
3141712,31435,0,0,2015,IHS,
3141713,31435,0,0,2015,IHS,
3141714,31435,1,0,2015,IHS,
3141715,31435,0,0,2015,IHS,
3141717,31435,0,0,2015,IHS,
3141718,31435,1,0,2015,IHS,
3141719,31435,0,0,2015,IHS,
3141720,31435,0,0,2015,IHS,
3141721,31435,1,0,2015,IHS,
3141722,31435,0,0,2015,IHS,
3141723,31435,1,0,2015,IHS,
3143001,31419,0,1,2015,IHS,
3143002,31419,1,1,2015,IHS,
3143003,31419,1,1,2015,IHS,
3143004,31419,0,1,2015,IHS,
3143005,31419,0,1,2015,IHS,
3143006,31419,0,1,2015,IHS,
3143007,31419,0,1,2015,IHS,
3143008,31419,0,1,2015,IHS,
3143009,31419,1,1,2015,IHS,
3143010,31419,0,1,2015,IHS,
3143011,31419,1,1,2015,IHS,
3143014,31419,1,1,2015,IHS,
3143015,31419,0,1,2015,IHS,
3143016,31419,0,1,2015,IHS,
3143017,31419,1,1,2015,IHS,
3143018,31419,0,1,2015,IHS,
3143019,31419,1,1,2015,IHS,
3143020,31419,1,1,2015,IHS,
3143021,31419,1,1,2015,IHS,
3143022,31419,1,1,2015,IHS,
3144501,31420,1,1,2015,IHS,
3144502,31420,1,1,2015,IHS,
3144503,31420,1,1,2015,IHS,
3144504,31420,1,1,2015,IHS,
3144505,31420,1,1,2015,IHS,
3144506,31420,0,1,2015,IHS,
3144507,31420,1,1,2015,IHS,
3144508,31420,1,1,2015,IHS,
3144509,31420,1,1,2015,IHS,
3144510,31420,1,1,2015,IHS,
3144511,31420,1,1,2015,IHS,
3144512,31420,1,1,2015,IHS,
3144513,31420,1,1,2015,IHS,
3144514,31420,1,1,2015,IHS,
3144515,31420,1,1,2015,IHS,
3144516,31420,0,1,2015,IHS,
3144517,31420,1,1,2015,IHS,
3144518,31420,0,1,2015,IHS,
3144519,31420,1,1,2015,IHS,
3144520,31420,1,1,2015,IHS,
3145701,31441,1,1,2015,IHS,
3145702,31441,1,1,2015,IHS,
3145703,31441,1,1,2015,IHS,
3145704,31441,1,1,2015,IHS,
3145705,31441,0,1,2015,IHS,
3145706,31441,1,1,2015,IHS,
3145707,31441,0,1,2015,IHS,
3145708,31441,1,1,2015,IHS,
3145709,31441,0,1,2015,IHS,
3145710,31441,1,1,2015,IHS,
3145711,31441,0,1,2015,IHS,
3145712,31441,1,1,2015,IHS,
3145713,31441,1,1,2015,IHS,
3145714,31441,1,1,2015,IHS,
3145715,31441,1,1,2015,IHS,
3145716,31441,1,1,2015,IHS,
3145717,31441,1,1,2015,IHS,
3145718,31441,0,1,2015,IHS,
3145719,31441,1,1,2015,IHS,
3145720,31441,1,1,2015,IHS,
3147001,31441,0,1,2015,IHS,
3147002,31441,1,1,2015,IHS,
3147003,31441,1,1,2015,IHS,
3147004,31441,0,1,2015,IHS,
3147005,31441,0,1,2015,IHS,
3147006,31441,0,1,2015,IHS,
3147007,31441,1,1,2015,IHS,
3147008,31441,0,1,2015,IHS,
3147009,31441,1,1,2015,IHS,
3147011,31441,1,1,2015,IHS,
3147013,31441,0,1,2015,IHS,
3147014,31441,0,1,2015,IHS,
3147015,31441,1,1,2015,IHS,
3147017,31441,0,1,2015,IHS,
3147018,31441,1,1,2015,IHS,
3147019,31441,0,1,2015,IHS,
3147020,31441,0,1,2015,IHS,
3147021,31441,1,1,2015,IHS,
3147022,31441,1,1,2015,IHS,
3147023,31441,1,1,2015,IHS,
3211801,32103,0,1,2015,IHS,
3211802,32103,0,1,2015,IHS,
3211803,32103,0,1,2015,IHS,
3211804,32103,0,1,2015,IHS,
3211805,32103,0,1,2015,IHS,
3211806,32103,1,1,2015,IHS,
3211807,32103,1,1,2015,IHS,
3211808,32103,1,1,2015,IHS,
3211809,32103,1,1,2015,IHS,
3211811,32103,0,1,2015,IHS,
3211812,32103,0,1,2015,IHS,
3211813,32103,1,1,2015,IHS,
3211814,32103,0,1,2015,IHS,
3211815,32103,1,1,2015,IHS,
3211816,32103,0,1,2015,IHS,
3211817,32103,1,1,2015,IHS,
3211818,32103,0,1,2015,IHS,
3211819,32103,0,1,2015,IHS,
3211820,32103,1,1,2015,IHS,
3211821,32103,0,1,2015,IHS,
3213101,32110,1,0,2015,IHS,
3213102,32110,1,0,2015,IHS,
3213103,32110,1,0,2015,IHS,
3213104,32110,0,0,2015,IHS,
3213105,32110,0,0,2015,IHS,
3213106,32110,1,0,2015,IHS,
3213107,32110,1,0,2015,IHS,
3213108,32110,1,0,2015,IHS,
3213109,32110,1,0,2015,IHS,
3213110,32110,1,0,2015,IHS,
3213111,32110,1,0,2015,IHS,
3213112,32110,1,0,2015,IHS,
3213113,32110,1,0,2015,IHS,
3213114,32110,1,0,2015,IHS,
3213115,32110,1,0,2015,IHS,
3213116,32110,1,0,2015,IHS,
3213117,32110,1,0,2015,IHS,
3213118,32110,1,0,2015,IHS,
3213119,32110,0,0,2015,IHS,
3213120,32110,0,0,2015,IHS,
3214301,32104,0,0,2015,IHS,
3214302,32104,1,0,2015,IHS,
3214303,32104,1,0,2015,IHS,
3214304,32104,1,0,2015,IHS,
3214305,32104,1,0,2015,IHS,
3214306,32104,1,0,2015,IHS,
3214307,32104,1,0,2015,IHS,
3214308,32104,0,0,2015,IHS,
3214309,32104,1,0,2015,IHS,
3214310,32104,1,0,2015,IHS,
3214311,32104,0,0,2015,IHS,
3214312,32104,1,0,2015,IHS,
3214313,32104,1,0,2015,IHS,
3214314,32104,1,0,2015,IHS,
3214315,32104,1,0,2015,IHS,
3214316,32104,1,0,2015,IHS,
3214317,32104,0,0,2015,IHS,
3214318,32104,1,0,2015,IHS,
3214319,32104,0,0,2015,IHS,
3214320,32104,0,0,2015,IHS,
3215701,32102,1,0,2015,IHS,
3215702,32102,0,0,2015,IHS,
3215703,32102,0,0,2015,IHS,
3215704,32102,1,0,2015,IHS,
3215705,32102,1,0,2015,IHS,
3215706,32102,0,0,2015,IHS,
3215707,32102,1,0,2015,IHS,
3215708,32102,1,0,2015,IHS,
3215709,32102,1,0,2015,IHS,
3215710,32102,0,0,2015,IHS,
3215711,32102,0,0,2015,IHS,
3215712,32102,1,0,2015,IHS,
3215713,32102,1,0,2015,IHS,
3215714,32102,0,0,2015,IHS,
3215715,32102,0,0,2015,IHS,
3215716,32102,1,0,2015,IHS,
3215717,32102,0,0,2015,IHS,
3215718,32102,1,0,2015,IHS,
3215719,32102,0,0,2015,IHS,
3215720,32102,1,0,2015,IHS,
3217501,32105,1,1,2015,IHS,
3217502,32105,1,1,2015,IHS,
3217503,32105,1,1,2015,IHS,
3217504,32105,1,1,2015,IHS,
3217505,32105,1,1,2015,IHS,
3217506,32105,0,1,2015,IHS,
3217507,32105,0,1,2015,IHS,
3217508,32105,0,1,2015,IHS,
3217509,32105,0,1,2015,IHS,
3217510,32105,1,1,2015,IHS,
3217511,32105,1,1,2015,IHS,
3217512,32105,0,1,2015,IHS,
3217513,32105,1,1,2015,IHS,
3217514,32105,1,1,2015,IHS,
3217515,32105,1,1,2015,IHS,
3217516,32105,1,1,2015,IHS,
3217517,32105,1,1,2015,IHS,
3217518,32105,1,1,2015,IHS,
3217519,32105,1,1,2015,IHS,
3217520,32105,1,1,2015,IHS,
3221001,32221,1,1,2015,IHS,
3221002,32221,1,1,2015,IHS,
3221003,32221,1,1,2015,IHS,
3221004,32221,1,1,2015,IHS,
3221005,32221,1,1,2015,IHS,
3221006,32221,1,1,2015,IHS,
3221007,32221,0,1,2015,IHS,
3221008,32221,0,1,2015,IHS,
3221009,32221,1,1,2015,IHS,
3221010,32221,1,1,2015,IHS,
3221011,32221,0,1,2015,IHS,
3221012,32221,1,1,2015,IHS,
3221013,32221,1,1,2015,IHS,
3221014,32221,0,1,2015,IHS,
3221015,32221,1,1,2015,IHS,
3221016,32221,1,1,2015,IHS,
3221017,32221,1,1,2015,IHS,
3221018,32221,1,1,2015,IHS,
3221019,32221,1,1,2015,IHS,
3221020,32221,1,1,2015,IHS,
3230501,32305,0,0,2015,IHS,
3230502,32305,1,0,2015,IHS,
3230503,32305,1,0,2015,IHS,
3230505,32305,1,0,2015,IHS,
3230507,32305,0,0,2015,IHS,
3230508,32305,1,0,2015,IHS,
3230510,32305,0,0,2015,IHS,
3230511,32305,1,0,2015,IHS,
3230512,32305,1,0,2015,IHS,
3230513,32305,1,0,2015,IHS,
3230514,32305,0,0,2015,IHS,
3230515,32305,1,0,2015,IHS,
3230516,32305,0,0,2015,IHS,
3230517,32305,1,0,2015,IHS,
3230518,32305,0,0,2015,IHS,
3230519,32305,0,0,2015,IHS,
3230520,32305,1,0,2015,IHS,
3230521,32305,1,0,2015,IHS,
3230522,32305,1,0,2015,IHS,
3230523,32305,0,0,2015,IHS,
3231802,32303,0,0,2015,IHS,
3231803,32303,1,0,2015,IHS,
3231805,32303,0,0,2015,IHS,
3231806,32303,1,0,2015,IHS,
3231808,32303,1,0,2015,IHS,
3231809,32303,0,0,2015,IHS,
3231810,32303,0,0,2015,IHS,
3231811,32303,1,0,2015,IHS,
3231812,32303,1,0,2015,IHS,
3231813,32303,1,0,2015,IHS,
3231814,32303,0,0,2015,IHS,
3231815,32303,1,0,2015,IHS,
3231816,32303,1,0,2015,IHS,
3231817,32303,1,0,2015,IHS,
3231819,32303,1,0,2015,IHS,
3231820,32303,0,0,2015,IHS,
3231821,32303,1,0,2015,IHS,
3231822,32303,1,0,2015,IHS,
3231823,32303,1,0,2015,IHS,
3231824,32303,0,0,2015,IHS,
3233001,32306,0,0,2015,IHS,
3233002,32306,1,0,2015,IHS,
3233003,32306,1,0,2015,IHS,
3233004,32306,1,0,2015,IHS,
3233005,32306,1,0,2015,IHS,
3233006,32306,1,0,2015,IHS,
3233007,32306,1,0,2015,IHS,
3233008,32306,1,0,2015,IHS,
3233009,32306,1,0,2015,IHS,
3233010,32306,1,0,2015,IHS,
3233011,32306,1,0,2015,IHS,
3233012,32306,1,0,2015,IHS,
3233013,32306,1,0,2015,IHS,
3233014,32306,1,0,2015,IHS,
3233015,32306,1,0,2015,IHS,
3233016,32306,1,0,2015,IHS,
3233017,32306,1,0,2015,IHS,
3233018,32306,0,0,2015,IHS,
3233019,32306,1,0,2015,IHS,
3233020,32306,1,0,2015,IHS,
3234101,32308,1,0,2015,IHS,
3234102,32308,0,0,2015,IHS,
3234103,32308,1,0,2015,IHS,
3234104,32308,0,0,2015,IHS,
3234105,32308,0,0,2015,IHS,
3234106,32308,1,0,2015,IHS,
3234107,32308,0,0,2015,IHS,
3234108,32308,0,0,2015,IHS,
3234109,32308,0,0,2015,IHS,
3234110,32308,0,0,2015,IHS,
3234111,32308,0,0,2015,IHS,
3234112,32308,0,0,2015,IHS,
3234113,32308,1,0,2015,IHS,
3234114,32308,0,0,2015,IHS,
3234115,32308,0,0,2015,IHS,
3234116,32308,0,0,2015,IHS,
3234117,32308,0,0,2015,IHS,
3234118,32308,1,0,2015,IHS,
3234119,32308,1,0,2015,IHS,
3234120,32308,0,0,2015,IHS,
3234401,32308,1,0,2015,IHS,
3234402,32308,1,0,2015,IHS,
3234403,32308,1,0,2015,IHS,
3234404,32308,0,0,2015,IHS,
3234405,32308,0,0,2015,IHS,
3234406,32308,0,0,2015,IHS,
3234407,32308,0,0,2015,IHS,
3234408,32308,0,0,2015,IHS,
3234409,32308,0,0,2015,IHS,
3234410,32308,1,0,2015,IHS,
3234411,32308,1,0,2015,IHS,
3234412,32308,0,0,2015,IHS,
3234413,32308,0,0,2015,IHS,
3234414,32308,1,0,2015,IHS,
3234415,32308,1,0,2015,IHS,
3234416,32308,0,0,2015,IHS,
3234417,32308,1,0,2015,IHS,
3234418,32308,1,0,2015,IHS,
3234419,32308,1,0,2015,IHS,
3234420,32308,1,0,2015,IHS,
3235601,32302,1,0,2015,IHS,
3235602,32302,1,0,2015,IHS,
3235603,32302,0,0,2015,IHS,
3235604,32302,1,0,2015,IHS,
3235605,32302,1,0,2015,IHS,
3235606,32302,0,0,2015,IHS,
3235607,32302,0,0,2015,IHS,
3235608,32302,0,0,2015,IHS,
3235609,32302,0,0,2015,IHS,
3235610,32302,1,0,2015,IHS,
3235611,32302,1,0,2015,IHS,
3235612,32302,1,0,2015,IHS,
3235613,32302,1,0,2015,IHS,
3235614,32302,1,0,2015,IHS,
3235615,32302,0,0,2015,IHS,
3235616,32302,1,0,2015,IHS,
3235617,32302,0,0,2015,IHS,
3235618,32302,0,0,2015,IHS,
3235619,32302,1,0,2015,IHS,
3235620,32302,1,0,2015,IHS,
3237201,32301,0,1,2015,IHS,
3237202,32301,0,1,2015,IHS,
3237203,32301,1,1,2015,IHS,
3237204,32301,1,1,2015,IHS,
3237205,32301,0,1,2015,IHS,
3237206,32301,0,1,2015,IHS,
3237207,32301,0,1,2015,IHS,
3237208,32301,0,1,2015,IHS,
3237209,32301,0,1,2015,IHS,
3237210,32301,0,1,2015,IHS,
3237211,32301,0,1,2015,IHS,
3237212,32301,1,1,2015,IHS,
3237213,32301,1,1,2015,IHS,
3237214,32301,1,1,2015,IHS,
3237215,32301,0,1,2015,IHS,
3237216,32301,1,1,2015,IHS,
3237218,32301,0,1,2015,IHS,
3237219,32301,1,1,2015,IHS,
3237220,32301,0,1,2015,IHS,
3237221,32301,1,1,2015,IHS,
3240901,32402,0,0,2015,IHS,
3240902,32402,0,0,2015,IHS,
3240903,32402,1,0,2015,IHS,
3240904,32402,0,0,2015,IHS,
3240905,32402,1,0,2015,IHS,
3240906,32402,1,0,2015,IHS,
3240907,32402,0,0,2015,IHS,
3240908,32402,0,0,2015,IHS,
3240909,32402,0,0,2015,IHS,
3240910,32402,1,0,2015,IHS,
3240911,32402,1,0,2015,IHS,
3240912,32402,1,0,2015,IHS,
3240913,32402,1,0,2015,IHS,
3240914,32402,1,0,2015,IHS,
3240915,32402,1,0,2015,IHS,
3240916,32402,0,0,2015,IHS,
3240917,32402,1,0,2015,IHS,
3240918,32402,1,0,2015,IHS,
3240919,32402,0,0,2015,IHS,
3240920,32402,0,0,2015,IHS,
3242601,32404,0,0,2015,IHS,
3242602,32404,0,0,2015,IHS,
3242603,32404,0,0,2015,IHS,
3242604,32404,1,0,2015,IHS,
3242605,32404,1,0,2015,IHS,
3242606,32404,0,0,2015,IHS,
3242607,32404,1,0,2015,IHS,
3242608,32404,0,0,2015,IHS,
3242609,32404,1,0,2015,IHS,
3242611,32404,1,0,2015,IHS,
3242612,32404,0,0,2015,IHS,
3242614,32404,1,0,2015,IHS,
3242615,32404,1,0,2015,IHS,
3242616,32404,1,0,2015,IHS,
3242617,32404,1,0,2015,IHS,
3242618,32404,1,0,2015,IHS,
3242619,32404,1,0,2015,IHS,
3242620,32404,0,0,2015,IHS,
3242621,32404,1,0,2015,IHS,
3242622,32404,0,0,2015,IHS,
3243901,32409,1,0,2015,IHS,
3243902,32409,1,0,2015,IHS,
3243903,32409,0,0,2015,IHS,
3243904,32409,1,0,2015,IHS,
3243905,32409,1,0,2015,IHS,
3243906,32409,1,0,2015,IHS,
3243907,32409,1,0,2015,IHS,
3243908,32409,1,0,2015,IHS,
3243909,32409,1,0,2015,IHS,
3243910,32409,1,0,2015,IHS,
3243911,32409,1,0,2015,IHS,
3243912,32409,1,0,2015,IHS,
3243913,32409,0,0,2015,IHS,
3243914,32409,1,0,2015,IHS,
3243915,32409,0,0,2015,IHS,
3243916,32409,1,0,2015,IHS,
3243917,32409,0,0,2015,IHS,
3243918,32409,1,0,2015,IHS,
3243919,32409,1,0,2015,IHS,
3243920,32409,0,0,2015,IHS,
3245401,32408,0,0,2015,IHS,
3245402,32408,1,0,2015,IHS,
3245403,32408,0,0,2015,IHS,
3245404,32408,0,0,2015,IHS,
3245405,32408,0,0,2015,IHS,
3245406,32408,0,0,2015,IHS,
3245407,32408,1,0,2015,IHS,
3245408,32408,1,0,2015,IHS,
3245409,32408,0,0,2015,IHS,
3245410,32408,1,0,2015,IHS,
3245411,32408,1,0,2015,IHS,
3245412,32408,1,0,2015,IHS,
3245413,32408,0,0,2015,IHS,
3245414,32408,0,0,2015,IHS,
3245415,32408,1,0,2015,IHS,
3245416,32408,0,0,2015,IHS,
3245417,32408,0,0,2015,IHS,
3245418,32408,1,0,2015,IHS,
3245419,32408,0,0,2015,IHS,
3245420,32408,0,0,2015,IHS,
3246201,32411,0,0,2015,IHS,
3246202,32411,1,0,2015,IHS,
3246203,32411,0,0,2015,IHS,
3246204,32411,0,0,2015,IHS,
3246205,32411,1,0,2015,IHS,
3246206,32411,0,0,2015,IHS,
3246207,32411,0,0,2015,IHS,
3246208,32411,0,0,2015,IHS,
3246209,32411,1,0,2015,IHS,
3246210,32411,0,0,2015,IHS,
3246211,32411,0,0,2015,IHS,
3246212,32411,1,0,2015,IHS,
3246214,32411,0,0,2015,IHS,
3246215,32411,0,0,2015,IHS,
3246216,32411,1,0,2015,IHS,
3246217,32411,0,0,2015,IHS,
3246218,32411,0,0,2015,IHS,
3246219,32411,0,0,2015,IHS,
3246220,32411,0,0,2015,IHS,
3246221,32411,1,0,2015,IHS,
3247201,32401,1,0,2015,IHS,
3247202,32401,1,0,2015,IHS,
3247203,32401,1,0,2015,IHS,
3247204,32401,1,0,2015,IHS,
3247205,32401,1,0,2015,IHS,
3247206,32401,0,0,2015,IHS,
3247207,32401,1,0,2015,IHS,
3247208,32401,1,0,2015,IHS,
3247209,32401,0,0,2015,IHS,
3247210,32401,1,0,2015,IHS,
3247211,32401,1,0,2015,IHS,
3247212,32401,1,0,2015,IHS,
3247213,32401,1,0,2015,IHS,
3247214,32401,1,0,2015,IHS,
3247215,32401,0,0,2015,IHS,
3247216,32401,1,0,2015,IHS,
3247217,32401,1,0,2015,IHS,
3247218,32401,0,0,2015,IHS,
3247219,32401,0,0,2015,IHS,
3247220,32401,1,0,2015,IHS,
3310501,33110,1,0,2015,IHS,
3310502,33110,1,0,2015,IHS,
3310503,33110,1,0,2015,IHS,
3310504,33110,0,0,2015,IHS,
3310505,33110,0,0,2015,IHS,
3310506,33110,0,0,2015,IHS,
3310507,33110,1,0,2015,IHS,
3310508,33110,1,0,2015,IHS,
3310509,33110,1,0,2015,IHS,
3310510,33110,1,0,2015,IHS,
3310511,33110,0,0,2015,IHS,
3310512,33110,0,0,2015,IHS,
3310513,33110,0,0,2015,IHS,
3310514,33110,1,0,2015,IHS,
3310515,33110,1,0,2015,IHS,
3310516,33110,1,0,2015,IHS,
3310517,33110,1,0,2015,IHS,
3310518,33110,1,0,2015,IHS,
3310519,33110,1,0,2015,IHS,
3310520,33110,0,0,2015,IHS,
3311101,33101,1,1,2015,IHS,
3311102,33101,0,1,2015,IHS,
3311103,33101,1,1,2015,IHS,
3311104,33101,1,1,2015,IHS,
3311105,33101,1,1,2015,IHS,
3311106,33101,0,1,2015,IHS,
3311107,33101,1,1,2015,IHS,
3311108,33101,0,1,2015,IHS,
3311109,33101,1,1,2015,IHS,
3311110,33101,1,1,2015,IHS,
3311111,33101,0,1,2015,IHS,
3311112,33101,1,1,2015,IHS,
3311113,33101,0,1,2015,IHS,
3311114,33101,0,1,2015,IHS,
3311115,33101,0,1,2015,IHS,
3311116,33101,0,1,2015,IHS,
3311117,33101,0,1,2015,IHS,
3311119,33101,0,1,2015,IHS,
3311120,33101,1,1,2015,IHS,
3311121,33101,0,1,2015,IHS,
3311701,33101,0,1,2015,IHS,
3311702,33101,1,1,2015,IHS,
3311703,33101,0,1,2015,IHS,
3311704,33101,1,1,2015,IHS,
3311705,33101,1,1,2015,IHS,
3311706,33101,1,1,2015,IHS,
3311707,33101,1,1,2015,IHS,
3311708,33101,1,1,2015,IHS,
3311709,33101,0,1,2015,IHS,
3311710,33101,0,1,2015,IHS,
3311711,33101,1,1,2015,IHS,
3311712,33101,0,1,2015,IHS,
3311713,33101,0,1,2015,IHS,
3311714,33101,1,1,2015,IHS,
3311715,33101,0,1,2015,IHS,
3311716,33101,0,1,2015,IHS,
3311717,33101,1,1,2015,IHS,
3311718,33101,0,1,2015,IHS,
3311719,33101,1,1,2015,IHS,
3311720,33101,1,1,2015,IHS,
3312101,33107,1,1,2015,IHS,
3312102,33107,0,1,2015,IHS,
3312103,33107,1,1,2015,IHS,
3312104,33107,0,1,2015,IHS,
3312105,33107,1,1,2015,IHS,
3312106,33107,1,1,2015,IHS,
3312107,33107,1,1,2015,IHS,
3312108,33107,1,1,2015,IHS,
3312109,33107,0,1,2015,IHS,
3312110,33107,1,1,2015,IHS,
3312111,33107,0,1,2015,IHS,
3312112,33107,0,1,2015,IHS,
3312113,33107,1,1,2015,IHS,
3312114,33107,0,1,2015,IHS,
3312115,33107,0,1,2015,IHS,
3312116,33107,1,1,2015,IHS,
3312117,33107,0,1,2015,IHS,
3312118,33107,0,1,2015,IHS,
3312119,33107,0,1,2015,IHS,
3312120,33107,1,1,2015,IHS,
3312401,33105,0,1,2015,IHS,
3312402,33105,0,1,2015,IHS,
3312403,33105,1,1,2015,IHS,
3312404,33105,0,1,2015,IHS,
3312405,33105,1,1,2015,IHS,
3312406,33105,0,1,2015,IHS,
3312407,33105,1,1,2015,IHS,
3312408,33105,0,1,2015,IHS,
3312409,33105,0,1,2015,IHS,
3312410,33105,1,1,2015,IHS,
3312411,33105,1,1,2015,IHS,
3312412,33105,1,1,2015,IHS,
3312413,33105,0,1,2015,IHS,
3312414,33105,1,1,2015,IHS,
3312415,33105,1,1,2015,IHS,
3312416,33105,1,1,2015,IHS,
3312417,33105,0,1,2015,IHS,
3312418,33105,0,1,2015,IHS,
3312419,33105,0,1,2015,IHS,
3312420,33105,0,1,2015,IHS,
3312801,33104,1,1,2015,IHS,
3312802,33104,1,1,2015,IHS,
3312803,33104,1,1,2015,IHS,
3312804,33104,1,1,2015,IHS,
3312805,33103,0,1,2015,IHS,
3312806,33104,1,1,2015,IHS,
3312807,33104,1,1,2015,IHS,
3312808,33104,0,1,2015,IHS,
3312809,33104,0,1,2015,IHS,
3312810,33104,1,1,2015,IHS,
3312811,33104,0,1,2015,IHS,
3312812,33104,0,1,2015,IHS,
3312813,33103,0,1,2015,IHS,
3312814,33104,0,1,2015,IHS,
3312815,33104,0,1,2015,IHS,
3312816,33104,0,1,2015,IHS,
3312817,33104,1,1,2015,IHS,
3312818,33103,1,1,2015,IHS,
3312819,33104,0,1,2015,IHS,
3312820,33104,0,1,2015,IHS,
3313101,33102,0,1,2015,IHS,
3313102,33102,0,1,2015,IHS,
3313103,33102,0,1,2015,IHS,
3313104,33102,0,1,2015,IHS,
3313105,33102,0,1,2015,IHS,
3313106,33102,0,1,2015,IHS,
3313107,33102,0,1,2015,IHS,
3313108,33102,0,1,2015,IHS,
3313109,33102,0,1,2015,IHS,
3313110,33102,1,1,2015,IHS,
3313111,33102,1,1,2015,IHS,
3313112,33102,0,1,2015,IHS,
3313113,33102,0,1,2015,IHS,
3313114,33102,1,1,2015,IHS,
3313115,33102,0,1,2015,IHS,
3313116,33102,1,1,2015,IHS,
3313117,33102,1,1,2015,IHS,
3313118,33102,1,1,2015,IHS,
3313119,33102,0,1,2015,IHS,
3313120,33102,0,1,2015,IHS,
3313501,33115,0,1,2015,IHS,
3313502,33115,1,1,2015,IHS,
3313503,33115,1,1,2015,IHS,
3313504,33115,1,1,2015,IHS,
3313505,33115,0,1,2015,IHS,
3313506,33115,0,1,2015,IHS,
3313507,33115,1,1,2015,IHS,
3313508,33115,1,1,2015,IHS,
3313509,33115,0,1,2015,IHS,
3313510,33115,0,1,2015,IHS,
3313511,33115,1,1,2015,IHS,
3313512,33115,0,1,2015,IHS,
3313513,33115,1,1,2015,IHS,
3313514,33115,1,1,2015,IHS,
3313515,33115,0,1,2015,IHS,
3313516,33115,0,1,2015,IHS,
3313517,33115,1,1,2015,IHS,
3313518,33115,0,1,2015,IHS,
3313519,33115,1,1,2015,IHS,
3313520,33115,0,1,2015,IHS,
3320301,33214,1,0,2015,IHS,
3320302,33214,1,0,2015,IHS,
3320303,33214,1,0,2015,IHS,
3320304,33214,1,0,2015,IHS,
3320305,33214,1,0,2015,IHS,
3320306,33214,1,0,2015,IHS,
3320307,33214,1,0,2015,IHS,
3320308,33214,0,0,2015,IHS,
3320309,33214,0,0,2015,IHS,
3320310,33214,1,0,2015,IHS,
3320311,33214,1,0,2015,IHS,
3320312,33214,1,0,2015,IHS,
3320313,33214,1,0,2015,IHS,
3320314,33214,1,0,2015,IHS,
3320315,33214,1,0,2015,IHS,
3320316,33214,1,0,2015,IHS,
3320317,33214,1,0,2015,IHS,
3320318,33214,1,0,2015,IHS,
3320319,33214,0,0,2015,IHS,
3320320,33214,0,0,2015,IHS,
3320901,33203,1,1,2015,IHS,
3320902,33203,1,1,2015,IHS,
3320903,33203,0,1,2015,IHS,
3320904,33203,0,1,2015,IHS,
3320905,33203,1,1,2015,IHS,
3320906,33203,0,1,2015,IHS,
3320907,33203,1,1,2015,IHS,
3320908,33203,1,1,2015,IHS,
3320909,33203,0,1,2015,IHS,
3320910,33203,0,1,2015,IHS,
3320911,33203,0,1,2015,IHS,
3320912,33203,1,1,2015,IHS,
3320913,33203,1,1,2015,IHS,
3320914,33203,1,1,2015,IHS,
3320915,33203,1,1,2015,IHS,
3320916,33203,0,1,2015,IHS,
3320917,33203,0,1,2015,IHS,
3320918,33203,0,1,2015,IHS,
3320919,33203,1,1,2015,IHS,
3320920,33203,0,1,2015,IHS,
3321401,33210,0,1,2015,IHS,
3321402,33210,0,1,2015,IHS,
3321403,33210,0,1,2015,IHS,
3321404,33210,0,1,2015,IHS,
3321405,33210,0,1,2015,IHS,
3321406,33210,0,1,2015,IHS,
3321407,33210,0,1,2015,IHS,
3321408,33210,0,1,2015,IHS,
3321409,33210,0,1,2015,IHS,
3321410,33210,0,1,2015,IHS,
3321411,33210,0,1,2015,IHS,
3321412,33210,0,1,2015,IHS,
3321413,33210,0,1,2015,IHS,
3321414,33210,0,1,2015,IHS,
3321415,33210,0,1,2015,IHS,
3321416,33210,0,1,2015,IHS,
3321417,33210,1,1,2015,IHS,
3321418,33210,1,1,2015,IHS,
3321419,33210,0,1,2015,IHS,
3321420,33210,1,1,2015,IHS,
3321901,33204,1,1,2015,IHS,
3321902,33204,1,1,2015,IHS,
3321903,33204,0,1,2015,IHS,
3321904,33204,1,1,2015,IHS,
3321905,33204,1,1,2015,IHS,
3321906,33204,1,1,2015,IHS,
3321907,33204,1,1,2015,IHS,
3321908,33204,0,1,2015,IHS,
3321909,33204,0,1,2015,IHS,
3321910,33204,0,1,2015,IHS,
3321911,33204,0,1,2015,IHS,
3321912,33204,1,1,2015,IHS,
3321913,33204,0,1,2015,IHS,
3321914,33204,1,1,2015,IHS,
3321915,33204,0,1,2015,IHS,
3321916,33204,1,1,2015,IHS,
3321917,33204,1,1,2015,IHS,
3321918,33204,0,1,2015,IHS,
3321919,33204,1,1,2015,IHS,
3321920,33204,1,1,2015,IHS,
3322401,33206,1,1,2015,IHS,
3322402,33206,0,1,2015,IHS,
3322403,33206,1,1,2015,IHS,
3322404,33206,1,1,2015,IHS,
3322405,33206,0,1,2015,IHS,
3322406,33206,1,1,2015,IHS,
3322407,33206,0,1,2015,IHS,
3322408,33206,1,1,2015,IHS,
3322409,33206,0,1,2015,IHS,
3322410,33206,1,1,2015,IHS,
3322411,33206,0,1,2015,IHS,
3322412,33206,0,1,2015,IHS,
3322413,33206,1,1,2015,IHS,
3322414,33206,0,1,2015,IHS,
3322415,33206,1,1,2015,IHS,
3322416,33206,1,1,2015,IHS,
3322417,33206,1,1,2015,IHS,
3322418,33206,1,1,2015,IHS,
3322419,33206,1,1,2015,IHS,
3322420,33206,1,1,2015,IHS,
3322801,33206,0,1,2015,IHS,
3322802,33206,1,1,2015,IHS,
3322803,33206,1,1,2015,IHS,
3322804,33206,1,1,2015,IHS,
3322805,33206,0,1,2015,IHS,
3322806,33206,1,1,2015,IHS,
3322807,33206,1,1,2015,IHS,
3322808,33206,0,1,2015,IHS,
3322809,33206,1,1,2015,IHS,
3322810,33206,1,1,2015,IHS,
3322811,33206,0,1,2015,IHS,
3322812,33206,1,1,2015,IHS,
3322813,33206,1,1,2015,IHS,
3322814,33206,0,1,2015,IHS,
3322815,33206,0,1,2015,IHS,
3322816,33206,1,1,2015,IHS,
3322817,33206,0,1,2015,IHS,
3322818,33206,0,1,2015,IHS,
3322819,33206,1,1,2015,IHS,
3322820,33206,0,1,2015,IHS,
3330201,33306,1,1,2015,IHS,
3330202,33306,1,1,2015,IHS,
3330203,33306,1,1,2015,IHS,
3330205,33306,0,1,2015,IHS,
3330206,33306,0,1,2015,IHS,
3330207,33306,0,1,2015,IHS,
3330208,33306,0,1,2015,IHS,
3330209,33306,0,1,2015,IHS,
3330210,33306,0,1,2015,IHS,
3330211,33306,1,1,2015,IHS,
3330212,33306,1,1,2015,IHS,
3330213,33306,1,1,2015,IHS,
3330214,33306,1,1,2015,IHS,
3330215,33306,0,1,2015,IHS,
3330216,33306,1,1,2015,IHS,
3330217,33306,0,1,2015,IHS,
3330218,33306,0,1,2015,IHS,
3330219,33306,0,1,2015,IHS,
3330220,33306,0,1,2015,IHS,
3330221,33306,1,1,2015,IHS,
3330801,33304,1,1,2015,IHS,
3330802,33304,0,1,2015,IHS,
3330803,33304,1,1,2015,IHS,
3330804,33304,0,1,2015,IHS,
3330805,33304,0,1,2015,IHS,
3330806,33304,0,1,2015,IHS,
3330807,33304,1,1,2015,IHS,
3330808,33304,1,1,2015,IHS,
3330809,33304,0,1,2015,IHS,
3330810,33304,0,1,2015,IHS,
3330811,33304,1,1,2015,IHS,
3330812,33304,0,1,2015,IHS,
3330813,33304,1,1,2015,IHS,
3330814,33304,0,1,2015,IHS,
3330815,33304,0,1,2015,IHS,
3330816,33304,0,1,2015,IHS,
3330817,33304,1,1,2015,IHS,
3330818,33304,1,1,2015,IHS,
3330819,33304,0,1,2015,IHS,
3330820,33304,1,1,2015,IHS,
3331201,33301,1,1,2015,IHS,
3331202,33301,1,1,2015,IHS,
3331203,33301,0,1,2015,IHS,
3331204,33301,1,1,2015,IHS,
3331205,33301,0,1,2015,IHS,
3331206,33301,1,1,2015,IHS,
3331207,33301,1,1,2015,IHS,
3331208,33301,1,1,2015,IHS,
3331209,33301,0,1,2015,IHS,
3331210,33301,0,1,2015,IHS,
3331211,33301,0,1,2015,IHS,
3331212,33301,1,1,2015,IHS,
3331213,33301,1,1,2015,IHS,
3331214,33301,1,1,2015,IHS,
3331215,33301,0,1,2015,IHS,
3331216,33301,0,1,2015,IHS,
3331218,33301,1,1,2015,IHS,
3331219,33301,0,1,2015,IHS,
3331220,33301,1,1,2015,IHS,
3331221,33301,1,1,2015,IHS,
3331801,33301,0,1,2015,IHS,
3331802,33301,1,1,2015,IHS,
3331803,33301,0,1,2015,IHS,
3331804,33301,0,1,2015,IHS,
3331805,33301,1,1,2015,IHS,
3331806,33301,1,1,2015,IHS,
3331807,33301,0,1,2015,IHS,
3331808,33301,0,1,2015,IHS,
3331809,33301,1,1,2015,IHS,
3331810,33301,1,1,2015,IHS,
3331811,33301,1,1,2015,IHS,
3331812,33301,0,1,2015,IHS,
3331813,33301,0,1,2015,IHS,
3331814,33301,0,1,2015,IHS,
3331815,33301,1,1,2015,IHS,
3331816,33301,1,1,2015,IHS,
3331817,33301,1,1,2015,IHS,
3331818,33301,0,1,2015,IHS,
3331819,33301,1,1,2015,IHS,
3331820,33301,1,1,2015,IHS,
3410301,34103,1,1,2015,IHS,
3410302,34103,1,1,2015,IHS,
3410303,34103,1,1,2015,IHS,
3410304,34103,1,1,2015,IHS,
3410305,34103,0,1,2015,IHS,
3410306,34103,0,1,2015,IHS,
3410307,34103,1,1,2015,IHS,
3410308,34103,1,1,2015,IHS,
3410309,34103,1,1,2015,IHS,
3410310,34103,1,1,2015,IHS,
3410311,34103,1,1,2015,IHS,
3410312,34103,0,1,2015,IHS,
3410313,34103,1,1,2015,IHS,
3410314,34103,0,1,2015,IHS,
3410315,34103,1,1,2015,IHS,
3410316,34103,0,1,2015,IHS,
3410317,34103,1,1,2015,IHS,
3410318,34103,0,1,2015,IHS,
3410319,34103,0,1,2015,IHS,
3410320,34103,0,1,2015,IHS,
3410501,34103,0,1,2015,IHS,
3410502,34103,0,1,2015,IHS,
3410503,34103,0,1,2015,IHS,
3410504,34103,0,1,2015,IHS,
3410505,34103,0,1,2015,IHS,
3410506,34103,1,1,2015,IHS,
3410507,34103,0,1,2015,IHS,
3410508,34103,1,1,2015,IHS,
3410509,34103,0,1,2015,IHS,
3410510,34103,1,1,2015,IHS,
3410511,34103,0,1,2015,IHS,
3410512,34103,0,1,2015,IHS,
3410513,34103,1,1,2015,IHS,
3410514,34103,0,1,2015,IHS,
3410515,34103,0,1,2015,IHS,
3410516,34103,0,1,2015,IHS,
3410517,34103,1,1,2015,IHS,
3410518,34103,0,1,2015,IHS,
3410519,34103,0,1,2015,IHS,
3410520,34103,0,1,2015,IHS,
3410701,34103,1,1,2015,IHS,
3410702,34103,0,1,2015,IHS,
3410703,34103,0,1,2015,IHS,
3410704,34103,0,1,2015,IHS,
3410705,34103,0,1,2015,IHS,
3410706,34103,0,1,2015,IHS,
3410707,34103,1,1,2015,IHS,
3410708,34103,0,1,2015,IHS,
3410709,34103,0,1,2015,IHS,
3410710,34103,1,1,2015,IHS,
3410711,34103,0,1,2015,IHS,
3410712,34103,1,1,2015,IHS,
3410713,34103,1,1,2015,IHS,
3410714,34103,0,1,2015,IHS,
3410715,34103,0,1,2015,IHS,
3410716,34103,0,1,2015,IHS,
3410717,34103,0,1,2015,IHS,
3410718,34103,1,1,2015,IHS,
3410719,34103,1,1,2015,IHS,
3410720,34103,0,1,2015,IHS,
3410901,34103,1,1,2015,IHS,
3410902,34103,1,1,2015,IHS,
3410903,34103,1,1,2015,IHS,
3410904,34103,1,1,2015,IHS,
3410905,34103,1,1,2015,IHS,
3410906,34103,0,1,2015,IHS,
3410907,34103,1,1,2015,IHS,
3410908,34103,0,1,2015,IHS,
3410909,34103,1,1,2015,IHS,
3410910,34103,1,1,2015,IHS,
3410911,34103,1,1,2015,IHS,
3410912,34103,0,1,2015,IHS,
3410913,34103,1,1,2015,IHS,
3410914,34103,1,1,2015,IHS,
3410915,34103,1,1,2015,IHS,
3410916,34103,1,1,2015,IHS,
3410917,34103,1,1,2015,IHS,
3410918,34103,1,1,2015,IHS,
3410919,34103,1,1,2015,IHS,
3410920,34103,1,1,2015,IHS,
3411001,34103,0,1,2015,IHS,
3411002,34103,1,1,2015,IHS,
3411003,34103,1,1,2015,IHS,
3411004,34103,0,1,2015,IHS,
3411005,34103,0,1,2015,IHS,
3411006,34103,1,1,2015,IHS,
3411007,34103,1,1,2015,IHS,
3411008,34103,1,1,2015,IHS,
3411009,34103,0,1,2015,IHS,
3411010,34103,0,1,2015,IHS,
3411011,34103,1,1,2015,IHS,
3411012,34103,0,1,2015,IHS,
3411013,34103,0,1,2015,IHS,
3411014,34103,1,1,2015,IHS,
3411015,34103,0,1,2015,IHS,
3411016,34103,0,1,2015,IHS,
3411017,34103,0,1,2015,IHS,
3411018,34103,0,1,2015,IHS,
3411019,34103,0,1,2015,IHS,
3411020,34103,1,1,2015,IHS,
3411301,34101,0,1,2015,IHS,
3411302,34101,0,1,2015,IHS,
3411303,34101,1,1,2015,IHS,
3411304,34101,1,1,2015,IHS,
3411305,34101,1,1,2015,IHS,
3411306,34101,1,1,2015,IHS,
3411307,34101,0,1,2015,IHS,
3411308,34101,0,1,2015,IHS,
3411309,34101,1,1,2015,IHS,
3411310,34101,1,1,2015,IHS,
3411311,34101,1,1,2015,IHS,
3411312,34101,1,1,2015,IHS,
3411313,34101,1,1,2015,IHS,
3411314,34101,1,1,2015,IHS,
3411315,34101,1,1,2015,IHS,
3411316,34101,1,1,2015,IHS,
3411317,34101,0,1,2015,IHS,
3411318,34101,1,1,2015,IHS,
3411319,34101,1,1,2015,IHS,
3411320,34101,0,1,2015,IHS,
3411501,34118,1,1,2015,IHS,
3411502,34118,0,1,2015,IHS,
3411503,34118,1,1,2015,IHS,
3411504,34118,0,1,2015,IHS,
3411505,34118,1,1,2015,IHS,
3411506,34118,1,1,2015,IHS,
3411507,34118,1,1,2015,IHS,
3411508,34118,1,1,2015,IHS,
3411509,34118,0,1,2015,IHS,
3411510,34118,1,1,2015,IHS,
3411511,34118,0,1,2015,IHS,
3411512,34118,0,1,2015,IHS,
3411513,34118,1,1,2015,IHS,
3411514,34118,1,1,2015,IHS,
3411515,34118,0,1,2015,IHS,
3411516,34118,0,1,2015,IHS,
3411517,34118,1,1,2015,IHS,
3411518,34118,0,1,2015,IHS,
3411519,34118,1,1,2015,IHS,
3411520,34118,0,1,2015,IHS,
3411701,34108,0,1,2015,IHS,
3411702,34108,0,1,2015,IHS,
3411703,34108,1,1,2015,IHS,
3411704,34108,1,1,2015,IHS,
3411705,34108,1,1,2015,IHS,
3411706,34108,1,1,2015,IHS,
3411707,34108,0,1,2015,IHS,
3411708,34108,1,1,2015,IHS,
3411709,34108,1,1,2015,IHS,
3411710,34108,1,1,2015,IHS,
3411711,34108,0,1,2015,IHS,
3411712,34108,1,1,2015,IHS,
3411713,34108,1,1,2015,IHS,
3411714,34108,0,1,2015,IHS,
3411715,34108,1,1,2015,IHS,
3411716,34108,1,1,2015,IHS,
3411717,34108,1,1,2015,IHS,
3411718,34108,1,1,2015,IHS,
3411719,34108,0,1,2015,IHS,
3411720,34108,1,1,2015,IHS,
3411801,34109,1,1,2015,IHS,
3411802,34109,1,1,2015,IHS,
3411803,34109,1,1,2015,IHS,
3411804,34109,1,1,2015,IHS,
3411805,34109,1,1,2015,IHS,
3411806,34109,0,1,2015,IHS,
3411807,34109,1,1,2015,IHS,
3411808,34109,1,1,2015,IHS,
3411809,34104,1,1,2015,IHS,
3411810,34104,1,1,2015,IHS,
3411811,34104,1,1,2015,IHS,
3411812,34104,1,1,2015,IHS,
3411813,34104,0,1,2015,IHS,
3411814,34104,1,1,2015,IHS,
3411815,34104,1,1,2015,IHS,
3411816,34104,1,1,2015,IHS,
3411817,34104,0,1,2015,IHS,
3411818,34104,0,1,2015,IHS,
3411819,34104,0,1,2015,IHS,
3411820,34104,1,1,2015,IHS,
3412001,34102,1,1,2015,IHS,
3412002,34102,1,1,2015,IHS,
3412003,34102,1,1,2015,IHS,
3412004,34102,1,1,2015,IHS,
3412005,34102,1,1,2015,IHS,
3412006,34102,1,1,2015,IHS,
3412007,34102,1,1,2015,IHS,
3412008,34102,1,1,2015,IHS,
3412009,34102,1,1,2015,IHS,
3412010,34102,1,1,2015,IHS,
3412011,34102,1,1,2015,IHS,
3412012,34102,1,1,2015,IHS,
3412013,34102,0,1,2015,IHS,
3412014,34102,0,1,2015,IHS,
3412015,34102,0,1,2015,IHS,
3412016,34102,0,1,2015,IHS,
3412017,34102,0,1,2015,IHS,
3412018,34102,0,1,2015,IHS,
3412019,34102,1,1,2015,IHS,
3412020,34102,1,1,2015,IHS,
3420101,34202,0,1,2015,IHS,
3420102,34202,0,1,2015,IHS,
3420103,34202,1,1,2015,IHS,
3420104,34202,1,1,2015,IHS,
3420105,34202,0,1,2015,IHS,
3420106,34202,0,1,2015,IHS,
3420107,34202,1,1,2015,IHS,
3420108,34202,1,1,2015,IHS,
3420109,34202,1,1,2015,IHS,
3420110,34202,0,1,2015,IHS,
3420111,34202,0,1,2015,IHS,
3420112,34202,0,1,2015,IHS,
3420113,34202,0,1,2015,IHS,
3420114,34202,1,1,2015,IHS,
3420115,34202,0,1,2015,IHS,
3420116,34202,0,1,2015,IHS,
3420117,34202,0,1,2015,IHS,
3420118,34202,1,1,2015,IHS,
3420119,34202,1,1,2015,IHS,
3420120,34202,0,1,2015,IHS,
3420301,34212,0,1,2015,IHS,
3420302,34212,0,1,2015,IHS,
3420303,34212,0,1,2015,IHS,
3420304,34212,0,1,2015,IHS,
3420305,34212,1,1,2015,IHS,
3420306,34212,0,1,2015,IHS,
3420307,34212,1,1,2015,IHS,
3420308,34212,1,1,2015,IHS,
3420309,34212,1,1,2015,IHS,
3420310,34212,0,1,2015,IHS,
3420311,34212,0,1,2015,IHS,
3420312,34212,0,1,2015,IHS,
3420313,34212,1,1,2015,IHS,
3420314,34212,0,1,2015,IHS,
3420315,34212,1,1,2015,IHS,
3420316,34212,1,1,2015,IHS,
3420317,34212,0,1,2015,IHS,
3420318,34212,1,1,2015,IHS,
3420319,34212,1,1,2015,IHS,
3420320,34212,1,1,2015,IHS,
3420501,34212,0,1,2015,IHS,
3420502,34212,1,1,2015,IHS,
3420503,34212,1,1,2015,IHS,
3420504,34212,1,1,2015,IHS,
3420505,34212,1,1,2015,IHS,
3420506,34212,1,1,2015,IHS,
3420507,34212,1,1,2015,IHS,
3420508,34212,1,1,2015,IHS,
3420509,34212,1,1,2015,IHS,
3420510,34212,1,1,2015,IHS,
3420511,34212,1,1,2015,IHS,
3420512,34212,0,1,2015,IHS,
3420513,34212,0,1,2015,IHS,
3420514,34212,1,1,2015,IHS,
3420515,34212,1,1,2015,IHS,
3420516,34212,0,1,2015,IHS,
3420517,34212,1,1,2015,IHS,
3420518,34212,1,1,2015,IHS,
3420519,34212,0,1,2015,IHS,
3420520,34212,0,1,2015,IHS,
3420701,34212,1,1,2015,IHS,
3420702,34212,0,1,2015,IHS,
3420703,34212,0,1,2015,IHS,
3420704,34212,1,1,2015,IHS,
3420705,34212,1,1,2015,IHS,
3420706,34212,0,1,2015,IHS,
3420707,34212,1,1,2015,IHS,
3420708,34212,1,1,2015,IHS,
3420709,34212,1,1,2015,IHS,
3420710,34212,1,1,2015,IHS,
3420711,34212,1,1,2015,IHS,
3420712,34212,1,1,2015,IHS,
3420713,34212,1,1,2015,IHS,
3420714,34212,1,1,2015,IHS,
3420715,34212,1,1,2015,IHS,
3420716,34212,1,1,2015,IHS,
3420717,34212,1,1,2015,IHS,
3420718,34212,1,1,2015,IHS,
3420719,34212,1,1,2015,IHS,
3420720,34212,1,1,2015,IHS,
3420901,34205,0,1,2015,IHS,
3420902,34205,1,1,2015,IHS,
3420903,34205,1,1,2015,IHS,
3420904,34205,1,1,2015,IHS,
3420905,34205,0,1,2015,IHS,
3420906,34205,1,1,2015,IHS,
3420907,34205,0,1,2015,IHS,
3420908,34205,1,1,2015,IHS,
3420909,34205,0,1,2015,IHS,
3420910,34205,1,1,2015,IHS,
3420911,34204,1,1,2015,IHS,
3420912,34205,0,1,2015,IHS,
3420913,34205,0,1,2015,IHS,
3420914,34204,0,1,2015,IHS,
3420915,34204,0,1,2015,IHS,
3420916,34204,1,1,2015,IHS,
3420917,34204,0,1,2015,IHS,
3420918,34204,1,1,2015,IHS,
3420919,34204,0,1,2015,IHS,
3420920,34204,0,1,2015,IHS,
3510301,35111,0,1,2015,IHS,
3510302,35111,0,1,2015,IHS,
3510303,35111,1,1,2015,IHS,
3510304,35111,0,1,2015,IHS,
3510305,35111,1,1,2015,IHS,
3510306,35111,0,1,2015,IHS,
3510307,35111,0,1,2015,IHS,
3510308,35111,0,1,2015,IHS,
3510309,35111,0,1,2015,IHS,
3510310,35111,0,1,2015,IHS,
3510311,35111,0,1,2015,IHS,
3510312,35111,0,1,2015,IHS,
3510313,35111,0,1,2015,IHS,
3510314,35111,0,1,2015,IHS,
3510315,35111,0,1,2015,IHS,
3510316,35111,1,1,2015,IHS,
3510317,35111,1,1,2015,IHS,
3510318,35111,0,1,2015,IHS,
3510319,35111,1,1,2015,IHS,
3510320,35111,0,1,2015,IHS,
3510401,35126,0,1,2015,IHS,
3510402,35126,0,1,2015,IHS,
3510403,35126,1,1,2015,IHS,
3510404,35126,1,1,2015,IHS,
3510405,35126,1,1,2015,IHS,
3510406,35126,1,1,2015,IHS,
3510407,35126,0,1,2015,IHS,
3510408,35126,1,1,2015,IHS,
3510409,35126,1,1,2015,IHS,
3510410,35126,0,1,2015,IHS,
3510411,35126,0,1,2015,IHS,
3510412,35126,1,1,2015,IHS,
3510413,35126,1,1,2015,IHS,
3510414,35126,1,1,2015,IHS,
3510415,35126,1,1,2015,IHS,
3510416,35126,1,1,2015,IHS,
3510417,35126,1,1,2015,IHS,
3510418,35126,0,1,2015,IHS,
3510419,35126,1,1,2015,IHS,
3510420,35126,1,1,2015,IHS,
3510601,35113,1,1,2015,IHS,
3510602,35113,0,1,2015,IHS,
3510603,35113,0,1,2015,IHS,
3510604,35113,0,1,2015,IHS,
3510605,35113,0,1,2015,IHS,
3510606,35113,1,1,2015,IHS,
3510607,35113,0,1,2015,IHS,
3510608,35113,1,1,2015,IHS,
3510609,35113,1,1,2015,IHS,
3510610,35113,1,1,2015,IHS,
3510611,35113,0,1,2015,IHS,
3510612,35113,1,1,2015,IHS,
3510613,35113,1,1,2015,IHS,
3510614,35113,1,1,2015,IHS,
3510615,35113,1,1,2015,IHS,
3510616,35116,1,1,2015,IHS,
3510617,35116,1,1,2015,IHS,
3510618,35116,0,1,2015,IHS,
3510619,35116,1,1,2015,IHS,
3510620,35116,0,1,2015,IHS,
3510701,35117,0,1,2015,IHS,
3510702,35117,0,1,2015,IHS,
3510703,35117,0,1,2015,IHS,
3510704,35117,1,1,2015,IHS,
3510705,35117,1,1,2015,IHS,
3510706,35117,1,1,2015,IHS,
3510707,35117,0,1,2015,IHS,
3510708,35117,0,1,2015,IHS,
3510709,35117,0,1,2015,IHS,
3510710,35117,0,1,2015,IHS,
3510711,35117,0,1,2015,IHS,
3510712,35117,1,1,2015,IHS,
3510713,35117,0,1,2015,IHS,
3510714,35117,0,1,2015,IHS,
3510715,35117,0,1,2015,IHS,
3510716,35117,0,1,2015,IHS,
3510717,35117,0,1,2015,IHS,
3510718,35117,0,1,2015,IHS,
3510719,35117,0,1,2015,IHS,
3510720,35117,0,1,2015,IHS,
3511001,35107,0,1,2015,IHS,
3511002,35103,0,1,2015,IHS,
3511003,35103,0,1,2015,IHS,
3511004,35103,1,1,2015,IHS,
3511005,35103,1,1,2015,IHS,
3511006,35103,1,1,2015,IHS,
3511007,35103,1,1,2015,IHS,
3511008,35103,1,1,2015,IHS,
3511009,35103,0,1,2015,IHS,
3511010,35107,0,1,2015,IHS,
3511011,35107,1,1,2015,IHS,
3511012,35107,1,1,2015,IHS,
3511013,35107,0,1,2015,IHS,
3511014,35107,0,1,2015,IHS,
3511015,35107,0,1,2015,IHS,
3511016,35107,0,1,2015,IHS,
3511017,35107,1,1,2015,IHS,
3511018,35107,1,1,2015,IHS,
3511019,35120,1,1,2015,IHS,
3511020,35120,1,1,2015,IHS,
3511201,35102,1,1,2015,IHS,
3511202,35102,1,1,2015,IHS,
3511203,35102,1,1,2015,IHS,
3511204,35102,0,1,2015,IHS,
3511205,35102,1,1,2015,IHS,
3511206,35102,1,1,2015,IHS,
3511207,35102,0,1,2015,IHS,
3511208,35102,0,1,2015,IHS,
3511209,35102,1,1,2015,IHS,
3511210,35102,1,1,2015,IHS,
3511211,35102,1,1,2015,IHS,
3511212,35102,1,1,2015,IHS,
3511213,35102,0,1,2015,IHS,
3511214,35102,1,1,2015,IHS,
3511215,35102,1,1,2015,IHS,
3511216,35102,1,1,2015,IHS,
3511217,35102,1,1,2015,IHS,
3511218,35102,0,1,2015,IHS,
3511219,35102,1,1,2015,IHS,
3511220,35102,1,1,2015,IHS,
3511501,35125,0,1,2015,IHS,
3511502,35125,1,1,2015,IHS,
3511503,35125,1,1,2015,IHS,
3511504,35125,1,1,2015,IHS,
3511505,35125,1,1,2015,IHS,
3511506,35125,1,1,2015,IHS,
3511507,35125,0,1,2015,IHS,
3511508,35125,0,1,2015,IHS,
3511509,35125,1,1,2015,IHS,
3511510,35125,1,1,2015,IHS,
3511511,35125,0,1,2015,IHS,
3511512,35125,1,1,2015,IHS,
3511513,35125,0,1,2015,IHS,
3511514,35125,1,1,2015,IHS,
3511515,35125,1,1,2015,IHS,
3511516,35125,0,1,2015,IHS,
3511517,35125,1,1,2015,IHS,
3511518,35125,1,1,2015,IHS,
3511519,35125,1,1,2015,IHS,
3511520,35125,1,1,2015,IHS,
3511701,35119,0,1,2015,IHS,
3511702,35119,1,1,2015,IHS,
3511703,35124,0,1,2015,IHS,
3511704,35119,1,1,2015,IHS,
3511705,35119,0,1,2015,IHS,
3511706,35119,0,1,2015,IHS,
3511707,35119,0,1,2015,IHS,
3511708,35119,0,1,2015,IHS,
3511709,35119,0,1,2015,IHS,
3511710,35119,1,1,2015,IHS,
3511711,35119,1,1,2015,IHS,
3511712,35119,0,1,2015,IHS,
3511713,35124,1,1,2015,IHS,
3511714,35119,1,1,2015,IHS,
3511715,35119,0,1,2015,IHS,
3511716,35119,0,1,2015,IHS,
3511717,35119,0,1,2015,IHS,
3511718,35124,0,1,2015,IHS,
3511719,35124,1,1,2015,IHS,
3511720,35119,1,1,2015,IHS,
3520201,35214,1,1,2015,IHS,
3520202,35214,0,1,2015,IHS,
3520203,35214,1,1,2015,IHS,
3520204,35214,1,1,2015,IHS,
3520205,35214,1,1,2015,IHS,
3520206,35214,1,1,2015,IHS,
3520207,35214,1,1,2015,IHS,
3520208,35214,1,1,2015,IHS,
3520209,35214,1,1,2015,IHS,
3520210,35214,1,1,2015,IHS,
3520211,35214,1,1,2015,IHS,
3520212,35214,1,1,2015,IHS,
3520213,35214,1,1,2015,IHS,
3520214,35214,1,1,2015,IHS,
3520215,35214,1,1,2015,IHS,
3520216,35214,1,1,2015,IHS,
3520217,35214,1,1,2015,IHS,
3520218,35214,1,1,2015,IHS,
3520219,35214,1,1,2015,IHS,
3520220,35214,1,1,2015,IHS,
3520401,35215,1,1,2015,IHS,
3520402,35215,0,1,2015,IHS,
3520403,35215,1,1,2015,IHS,
3520404,35215,1,1,2015,IHS,
3520405,35215,1,1,2015,IHS,
3520406,35215,0,1,2015,IHS,
3520407,35215,0,1,2015,IHS,
3520408,35215,1,1,2015,IHS,
3520409,35215,1,1,2015,IHS,
3520410,35215,1,1,2015,IHS,
3520411,35215,0,1,2015,IHS,
3520412,35215,0,1,2015,IHS,
3520413,35215,1,1,2015,IHS,
3520414,35215,1,1,2015,IHS,
3520415,35215,1,1,2015,IHS,
3520416,35215,0,1,2015,IHS,
3520417,35215,0,1,2015,IHS,
3520418,35215,0,1,2015,IHS,
3520419,35223,0,1,2015,IHS,
3520420,35223,1,1,2015,IHS,
3520601,35212,0,1,2015,IHS,
3520602,35212,0,1,2015,IHS,
3520603,35212,1,1,2015,IHS,
3520604,35212,0,1,2015,IHS,
3520605,35212,1,1,2015,IHS,
3520606,35212,0,1,2015,IHS,
3520607,35212,1,1,2015,IHS,
3520608,35212,1,1,2015,IHS,
3520609,35212,0,1,2015,IHS,
3520610,35212,0,1,2015,IHS,
3520611,35212,0,1,2015,IHS,
3520612,35212,0,1,2015,IHS,
3520613,35212,0,1,2015,IHS,
3520614,35212,0,1,2015,IHS,
3520615,35212,0,1,2015,IHS,
3520616,35212,0,1,2015,IHS,
3520617,35212,0,1,2015,IHS,
3520618,35212,1,1,2015,IHS,
3520619,35212,1,1,2015,IHS,
3520620,35212,1,1,2015,IHS,
3520901,35228,1,0,2015,IHS,
3520902,35206,1,0,2015,IHS,
3520903,35206,1,0,2015,IHS,
3520904,35206,0,0,2015,IHS,
3520905,35206,1,0,2015,IHS,
3520906,35228,1,0,2015,IHS,
3520907,35206,0,0,2015,IHS,
3520908,35206,1,0,2015,IHS,
3520909,35206,1,0,2015,IHS,
3520910,35206,0,0,2015,IHS,
3520911,35228,1,0,2015,IHS,
3520912,35206,1,0,2015,IHS,
3520913,35206,1,0,2015,IHS,
3520914,35206,1,0,2015,IHS,
3520915,35206,1,0,2015,IHS,
3520916,35206,1,0,2015,IHS,
3520917,35206,0,0,2015,IHS,
3520918,35206,1,0,2015,IHS,
3520919,35206,1,0,2015,IHS,
3520920,35228,0,0,2015,IHS,
3521101,35205,0,1,2015,IHS,
3521102,35205,0,1,2015,IHS,
3521103,35205,0,1,2015,IHS,
3521104,35205,0,1,2015,IHS,
3521105,35205,1,1,2015,IHS,
3521106,35205,1,1,2015,IHS,
3521107,35205,1,1,2015,IHS,
3521108,35205,1,1,2015,IHS,
3521109,35205,1,1,2015,IHS,
3521110,35205,1,1,2015,IHS,
3521111,35205,1,1,2015,IHS,
3521112,35205,1,1,2015,IHS,
3521113,35205,1,1,2015,IHS,
3521114,35205,1,1,2015,IHS,
3521115,35205,0,1,2015,IHS,
3521116,35205,1,1,2015,IHS,
3521117,35205,1,1,2015,IHS,
3521118,35205,0,1,2015,IHS,
3521119,35205,1,1,2015,IHS,
3521120,35205,0,1,2015,IHS,
3521301,35222,1,1,2015,IHS,
3521302,35202,0,1,2015,IHS,
3521303,35222,1,1,2015,IHS,
3521304,35222,1,1,2015,IHS,
3521305,35222,0,1,2015,IHS,
3521306,35222,1,1,2015,IHS,
3521307,35222,1,1,2015,IHS,
3521308,35222,1,1,2015,IHS,
3521309,35222,0,1,2015,IHS,
3521310,35222,1,1,2015,IHS,
3521311,35222,1,1,2015,IHS,
3521312,35222,0,1,2015,IHS,
3521313,35222,1,1,2015,IHS,
3521314,35222,0,1,2015,IHS,
3521315,35222,0,1,2015,IHS,
3521316,35222,1,1,2015,IHS,
3521317,35202,0,1,2015,IHS,
3521318,35202,1,1,2015,IHS,
3521319,35202,0,1,2015,IHS,
3521320,35202,0,1,2015,IHS,
3521401,35225,1,0,2015,IHS,
3521402,35225,1,0,2015,IHS,
3521403,35225,1,0,2015,IHS,
3521404,35225,1,0,2015,IHS,
3521405,35225,0,0,2015,IHS,
3521406,35225,1,0,2015,IHS,
3521407,35225,1,0,2015,IHS,
3521408,35225,0,0,2015,IHS,
3521409,35225,1,0,2015,IHS,
3521410,35225,1,0,2015,IHS,
3521411,35225,1,0,2015,IHS,
3521412,35225,0,0,2015,IHS,
3521413,35225,1,0,2015,IHS,
3521414,35225,0,0,2015,IHS,
3521415,35225,0,0,2015,IHS,
3521416,35225,1,0,2015,IHS,
3521417,35225,1,0,2015,IHS,
3521418,35225,1,0,2015,IHS,
3521419,35225,0,0,2015,IHS,
3521420,35225,0,0,2015,IHS,
3521601,35225,1,0,2015,IHS,
3521602,35225,1,1,2015,IHS,
3521603,35225,1,0,2015,IHS,
3521604,35225,1,0,2015,IHS,
3521605,35225,1,0,2015,IHS,
3521606,35225,0,0,2015,IHS,
3521607,35225,1,0,2015,IHS,
3521608,35225,1,0,2015,IHS,
3521609,35225,1,0,2015,IHS,
3521610,35225,1,0,2015,IHS,
3521611,35225,1,0,2015,IHS,
3521612,35225,1,0,2015,IHS,
3521613,35225,1,0,2015,IHS,
3521614,35225,1,0,2015,IHS,
3521615,35225,1,0,2015,IHS,
3521616,35225,1,0,2015,IHS,
3521617,35225,1,0,2015,IHS,
3521618,35225,1,0,2015,IHS,
3521619,35225,1,0,2015,IHS,
3521620,35225,1,0,2015,IHS,
3610201,36113,1,1,2015,IHS,
3610202,36113,1,1,2015,IHS,
3610203,36113,0,1,2015,IHS,
3610204,36113,1,1,2015,IHS,
3610205,36113,0,1,2015,IHS,
3610206,36113,1,1,2015,IHS,
3610207,36113,1,1,2015,IHS,
3610208,36113,1,1,2015,IHS,
3610209,36113,1,1,2015,IHS,
3610210,36113,1,1,2015,IHS,
3610211,36113,1,1,2015,IHS,
3610212,36113,1,1,2015,IHS,
3610213,36113,1,1,2015,IHS,
3610214,36113,0,1,2015,IHS,
3610215,36113,1,1,2015,IHS,
3610216,36113,1,1,2015,IHS,
3610217,36113,1,1,2015,IHS,
3610218,36113,1,1,2015,IHS,
3610219,36113,1,1,2015,IHS,
3610220,36113,1,1,2015,IHS,
3610301,36106,1,1,2015,IHS,
3610302,36106,1,1,2015,IHS,
3610303,36106,0,1,2015,IHS,
3610304,36106,1,1,2015,IHS,
3610305,36106,1,1,2015,IHS,
3610306,36106,1,1,2015,IHS,
3610307,36106,0,1,2015,IHS,
3610308,36106,0,1,2015,IHS,
3610309,36106,1,1,2015,IHS,
3610310,36106,1,1,2015,IHS,
3610311,36106,1,1,2015,IHS,
3610312,36106,1,1,2015,IHS,
3610313,36106,1,1,2015,IHS,
3610314,36106,0,1,2015,IHS,
3610315,36106,0,1,2015,IHS,
3610316,36106,0,1,2015,IHS,
3610317,36106,1,1,2015,IHS,
3610318,36106,1,1,2015,IHS,
3610319,36106,1,1,2015,IHS,
3610320,36106,1,1,2015,IHS,
3610401,36106,1,1,2015,IHS,
3610402,36106,1,1,2015,IHS,
3610403,36106,1,1,2015,IHS,
3610404,36106,1,1,2015,IHS,
3610405,36106,0,1,2015,IHS,
3610406,36106,0,1,2015,IHS,
3610407,36106,1,1,2015,IHS,
3610408,36106,0,1,2015,IHS,
3610409,36106,0,1,2015,IHS,
3610410,36106,1,1,2015,IHS,
3610411,36106,1,1,2015,IHS,
3610412,36106,0,1,2015,IHS,
3610413,36106,0,1,2015,IHS,
3610414,36106,0,1,2015,IHS,
3610415,36106,1,1,2015,IHS,
3610416,36106,1,1,2015,IHS,
3610417,36106,1,1,2015,IHS,
3610418,36106,0,1,2015,IHS,
3610419,36106,1,1,2015,IHS,
3610420,36106,1,1,2015,IHS,
3610501,36105,1,0,2015,IHS,
3610502,36105,1,0,2015,IHS,
3610503,36105,1,0,2015,IHS,
3610504,36105,0,0,2015,IHS,
3610506,36105,1,0,2015,IHS,
3610507,36105,1,0,2015,IHS,
3610508,36105,1,0,2015,IHS,
3610509,36105,1,0,2015,IHS,
3610510,36105,0,0,2015,IHS,
3610511,36105,1,0,2015,IHS,
3610512,36105,1,0,2015,IHS,
3610513,36105,0,0,2015,IHS,
3610514,36105,1,0,2015,IHS,
3610515,36105,0,0,2015,IHS,
3610516,36105,1,0,2015,IHS,
3610517,36105,1,0,2015,IHS,
3610518,36105,0,0,2015,IHS,
3610519,36105,0,0,2015,IHS,
3610520,36105,1,0,2015,IHS,
3610536,36105,1,0,2015,IHS,
3610901,36105,1,0,2015,IHS,
3610902,36105,1,0,2015,IHS,
3610903,36105,0,0,2015,IHS,
3610904,36105,1,0,2015,IHS,
3610905,36105,0,0,2015,IHS,
3610906,36105,1,0,2015,IHS,
3610907,36105,1,0,2015,IHS,
3610908,36105,1,0,2015,IHS,
3610909,36105,1,0,2015,IHS,
3610910,36105,1,0,2015,IHS,
3610911,36105,0,0,2015,IHS,
3610912,36105,1,0,2015,IHS,
3610913,36105,1,0,2015,IHS,
3610914,36105,0,0,2015,IHS,
3610915,36105,1,0,2015,IHS,
3610916,36105,0,0,2015,IHS,
3610917,36105,1,0,2015,IHS,
3610918,36105,0,0,2015,IHS,
3610919,36105,1,0,2015,IHS,
3610920,36105,1,0,2015,IHS,
3611101,36116,0,1,2015,IHS,
3611102,36116,1,1,2015,IHS,
3611103,36116,0,1,2015,IHS,
3611104,36116,1,1,2015,IHS,
3611105,36116,1,1,2015,IHS,
3611106,36116,1,1,2015,IHS,
3611107,36116,1,1,2015,IHS,
3611108,36116,1,1,2015,IHS,
3611109,36116,1,1,2015,IHS,
3611110,36116,0,1,2015,IHS,
3611111,36116,0,1,2015,IHS,
3611112,36110,1,1,2015,IHS,
3611113,36110,1,1,2015,IHS,
3611114,36110,1,1,2015,IHS,
3611115,36109,0,1,2015,IHS,
3611116,36109,1,1,2015,IHS,
3611117,36109,0,1,2015,IHS,
3611118,36109,1,1,2015,IHS,
3611119,36109,1,1,2015,IHS,
3611120,36109,0,1,2015,IHS,
3611401,36114,1,1,2015,IHS,
3611402,36114,0,1,2015,IHS,
3611403,36114,0,1,2015,IHS,
3611404,36114,0,1,2015,IHS,
3611405,36114,0,1,2015,IHS,
3611406,36114,0,1,2015,IHS,
3611407,36114,0,1,2015,IHS,
3611408,36114,0,1,2015,IHS,
3611409,36114,0,1,2015,IHS,
3611410,36114,0,1,2015,IHS,
3611411,36114,1,1,2015,IHS,
3611412,36103,0,1,2015,IHS,
3611413,36103,1,1,2015,IHS,
3611414,36103,0,1,2015,IHS,
3611415,36103,0,1,2015,IHS,
3611416,36103,0,1,2015,IHS,
3611417,36103,0,1,2015,IHS,
3611418,36103,1,1,2015,IHS,
3611419,36103,1,1,2015,IHS,
3611420,36103,0,1,2015,IHS,
3611501,36117,0,1,2015,IHS,
3611502,36117,0,1,2015,IHS,
3611503,36115,0,1,2015,IHS,
3611504,36117,0,1,2015,IHS,
3611505,36117,0,1,2015,IHS,
3611506,36117,1,1,2015,IHS,
3611507,36115,0,1,2015,IHS,
3611508,36115,0,1,2015,IHS,
3611509,36115,1,1,2015,IHS,
3611510,36115,0,1,2015,IHS,
3611511,36101,0,1,2015,IHS,
3611512,36115,1,1,2015,IHS,
3611513,36115,1,1,2015,IHS,
3611514,36115,1,1,2015,IHS,
3611515,36115,1,1,2015,IHS,
3611516,36115,0,1,2015,IHS,
3611517,36115,0,1,2015,IHS,
3611518,36115,1,1,2015,IHS,
3611519,36115,0,1,2015,IHS,
3611520,36115,1,1,2015,IHS,
3620301,36212,0,1,2015,IHS,
3620302,36212,0,1,2015,IHS,
3620303,36212,1,1,2015,IHS,
3620304,36212,1,1,2015,IHS,
3620305,36212,0,1,2015,IHS,
3620306,36212,0,1,2015,IHS,
3620307,36212,0,1,2015,IHS,
3620308,36212,1,1,2015,IHS,
3620309,36212,0,1,2015,IHS,
3620310,36212,0,1,2015,IHS,
3620311,36212,1,1,2015,IHS,
3620312,36212,0,1,2015,IHS,
3620313,36212,0,1,2015,IHS,
3620314,36212,1,1,2015,IHS,
3620315,36212,0,1,2015,IHS,
3620316,36212,0,1,2015,IHS,
3620317,36212,1,1,2015,IHS,
3620318,36212,1,1,2015,IHS,
3620319,36212,1,1,2015,IHS,
3620320,36212,1,1,2015,IHS,
3620701,36203,0,1,2015,IHS,
3620702,36203,1,1,2015,IHS,
3620703,36203,1,1,2015,IHS,
3620704,36203,0,1,2015,IHS,
3620705,36203,0,1,2015,IHS,
3620706,36221,1,1,2015,IHS,
3620707,36221,1,1,2015,IHS,
3620708,36221,0,1,2015,IHS,
3620709,36221,1,1,2015,IHS,
3620710,36221,1,1,2015,IHS,
3620711,36221,0,1,2015,IHS,
3620712,36221,0,1,2015,IHS,
3620713,36221,0,1,2015,IHS,
3620714,36221,0,1,2015,IHS,
3620715,36221,0,1,2015,IHS,
3620716,36221,0,1,2015,IHS,
3620717,36221,0,1,2015,IHS,
3620718,36221,1,1,2015,IHS,
3620719,36221,1,1,2015,IHS,
3620720,36221,0,1,2015,IHS,
3620801,36202,0,1,2015,IHS,
3620802,36202,1,1,2015,IHS,
3620803,36202,0,1,2015,IHS,
3620804,36202,1,1,2015,IHS,
3620805,36202,1,1,2015,IHS,
3620806,36202,0,1,2015,IHS,
3620807,36202,0,1,2015,IHS,
3620808,36202,1,1,2015,IHS,
3620809,36202,1,1,2015,IHS,
3620810,36202,0,1,2015,IHS,
3620811,36202,0,1,2015,IHS,
3620812,36202,0,1,2015,IHS,
3620813,36202,1,1,2015,IHS,
3620814,36202,1,1,2015,IHS,
3620815,36202,0,1,2015,IHS,
3620816,36202,0,1,2015,IHS,
3620817,36202,1,1,2015,IHS,
3620818,36202,0,1,2015,IHS,
3620819,36202,0,1,2015,IHS,
3620820,36202,0,1,2015,IHS,
3621001,36216,0,1,2015,IHS,
3621002,36216,1,1,2015,IHS,
3621003,36216,0,1,2015,IHS,
3621004,36216,1,1,2015,IHS,
3621005,36216,1,1,2015,IHS,
3621006,36216,1,1,2015,IHS,
3621007,36216,0,1,2015,IHS,
3621008,36216,1,1,2015,IHS,
3621009,36216,1,1,2015,IHS,
3621010,36216,0,1,2015,IHS,
3621011,36216,1,1,2015,IHS,
3621012,36216,0,1,2015,IHS,
3621013,36216,0,1,2015,IHS,
3621014,36216,1,1,2015,IHS,
3621015,36216,0,1,2015,IHS,
3621016,36216,1,1,2015,IHS,
3621017,36216,0,1,2015,IHS,
3621018,36216,0,1,2015,IHS,
3621019,36216,0,1,2015,IHS,
3621020,36216,1,1,2015,IHS,
3621201,36219,0,1,2015,IHS,
3621202,36219,0,1,2015,IHS,
3621203,36219,0,1,2015,IHS,
3621204,36219,1,1,2015,IHS,
3621205,36219,0,1,2015,IHS,
3621206,36219,1,1,2015,IHS,
3621207,36219,1,1,2015,IHS,
3621208,36209,0,1,2015,IHS,
3621209,36209,1,1,2015,IHS,
3621210,36209,1,1,2015,IHS,
3621211,36209,0,1,2015,IHS,
3621212,36209,1,1,2015,IHS,
3621213,36209,0,1,2015,IHS,
3621214,36210,1,1,2015,IHS,
3621215,36210,0,1,2015,IHS,
3621216,36210,1,1,2015,IHS,
3621217,36210,0,1,2015,IHS,
3621218,36210,1,1,2015,IHS,
3621219,36210,0,1,2015,IHS,
3621220,36210,1,1,2015,IHS,
3621401,36201,0,1,2015,IHS,
3621402,36201,1,1,2015,IHS,
3621403,36201,0,1,2015,IHS,
3621404,36201,0,1,2015,IHS,
3621405,36201,1,1,2015,IHS,
3621406,36206,0,1,2015,IHS,
3621407,36206,0,1,2015,IHS,
3621408,36206,0,1,2015,IHS,
3621409,36206,1,1,2015,IHS,
3621410,36206,1,1,2015,IHS,
3621411,36206,1,1,2015,IHS,
3621412,36206,1,1,2015,IHS,
3621413,36206,0,1,2015,IHS,
3621414,36206,0,1,2015,IHS,
3621415,36206,0,1,2015,IHS,
3621416,36206,0,1,2015,IHS,
3621417,36206,0,1,2015,IHS,
3621418,36206,0,1,2015,IHS,
3621419,36206,0,1,2015,IHS,
3621420,36206,0,1,2015,IHS,
3621501,36230,0,1,2015,IHS,
3621502,36230,1,1,2015,IHS,
3621503,36230,0,1,2015,IHS,
3621504,36230,1,1,2015,IHS,
3621505,36230,0,1,2015,IHS,
3621506,36230,0,1,2015,IHS,
3621507,36214,0,1,2015,IHS,
3621508,36214,1,1,2015,IHS,
3621509,36214,0,1,2015,IHS,
3621510,36214,1,1,2015,IHS,
3621511,36214,0,1,2015,IHS,
3621512,36214,0,1,2015,IHS,
3621513,36214,0,1,2015,IHS,
3621514,36214,0,1,2015,IHS,
3621515,36214,1,1,2015,IHS,
3621516,36214,1,1,2015,IHS,
3621517,36214,1,1,2015,IHS,
3621518,36214,1,1,2015,IHS,
3621519,36214,1,1,2015,IHS,
3621520,36214,1,1,2015,IHS,
3710301,37116,1,1,2015,IHS,
3710302,37116,0,1,2015,IHS,
3710303,37116,0,1,2015,IHS,
3710304,37116,1,1,2015,IHS,
3710305,37117,0,1,2015,IHS,
3710306,37116,1,1,2015,IHS,
3710307,37116,1,1,2015,IHS,
3710308,37116,1,1,2015,IHS,
3710309,37117,0,1,2015,IHS,
3710310,37116,1,1,2015,IHS,
3710311,37116,0,1,2015,IHS,
3710312,37117,0,1,2015,IHS,
3710313,37117,0,1,2015,IHS,
3710314,37116,1,1,2015,IHS,
3710315,37116,1,1,2015,IHS,
3710316,37116,0,1,2015,IHS,
3710317,37116,1,1,2015,IHS,
3710318,37116,1,1,2015,IHS,
3710319,37116,1,1,2015,IHS,
3710320,37117,0,1,2015,IHS,
3710401,37104,1,1,2015,IHS,
3710402,37104,0,1,2015,IHS,
3710403,37104,1,1,2015,IHS,
3710404,37104,1,1,2015,IHS,
3710405,37104,1,1,2015,IHS,
3710406,37104,1,1,2015,IHS,
3710407,37104,1,1,2015,IHS,
3710408,37104,1,1,2015,IHS,
3710409,37104,1,1,2015,IHS,
3710410,37104,1,1,2015,IHS,
3710411,37104,1,1,2015,IHS,
3710412,37104,0,1,2015,IHS,
3710413,37104,0,1,2015,IHS,
3710414,37104,0,1,2015,IHS,
3710415,37104,0,1,2015,IHS,
3710416,37104,1,1,2015,IHS,
3710417,37104,1,1,2015,IHS,
3710418,37104,0,1,2015,IHS,
3710419,37104,1,1,2015,IHS,
3710420,37104,1,1,2015,IHS,
3710601,37107,1,1,2015,IHS,
3710602,37107,1,1,2015,IHS,
3710603,37107,0,1,2015,IHS,
3710604,37107,0,1,2015,IHS,
3710605,37107,1,1,2015,IHS,
3710606,37107,0,1,2015,IHS,
3710607,37107,1,1,2015,IHS,
3710608,37107,1,1,2015,IHS,
3710609,37107,0,1,2015,IHS,
3710610,37103,0,1,2015,IHS,
3710611,37103,0,1,2015,IHS,
3710612,37103,0,1,2015,IHS,
3710613,37103,0,1,2015,IHS,
3710614,37103,0,1,2015,IHS,
3710615,37103,0,1,2015,IHS,
3710616,37103,0,1,2015,IHS,
3710617,37103,0,1,2015,IHS,
3710618,37103,0,1,2015,IHS,
3710619,37103,0,1,2015,IHS,
3710620,37103,0,1,2015,IHS,
3720101,37220,0,1,2015,IHS,
3720102,37220,1,1,2015,IHS,
3720103,37220,1,1,2015,IHS,
3720104,37220,0,1,2015,IHS,
3720105,37220,0,1,2015,IHS,
3720106,37220,0,1,2015,IHS,
3720107,37220,1,1,2015,IHS,
3720108,37220,0,1,2015,IHS,
3720109,37220,1,1,2015,IHS,
3720110,37220,0,1,2015,IHS,
3720111,37220,1,1,2015,IHS,
3720112,37220,1,1,2015,IHS,
3720113,37220,1,1,2015,IHS,
3720114,37220,1,1,2015,IHS,
3720115,37220,1,1,2015,IHS,
3720116,37220,1,1,2015,IHS,
3720117,37220,0,1,2015,IHS,
3720118,37220,1,1,2015,IHS,
3720119,37220,0,1,2015,IHS,
3720120,37219,0,1,2015,IHS,
3720201,37217,1,1,2015,IHS,
3720202,37217,1,1,2015,IHS,
3720203,37217,1,1,2015,IHS,
3720204,37217,1,1,2015,IHS,
3720205,37217,1,1,2015,IHS,
3720206,37217,0,1,2015,IHS,
3720207,37217,1,1,2015,IHS,
3720208,37217,1,1,2015,IHS,
3720209,37217,1,1,2015,IHS,
3720210,37217,0,1,2015,IHS,
3720211,37217,1,1,2015,IHS,
3720212,37217,1,1,2015,IHS,
3720213,37217,1,1,2015,IHS,
3720214,37217,1,1,2015,IHS,
3720215,37217,1,1,2015,IHS,
3720216,37217,1,1,2015,IHS,
3720217,37217,0,1,2015,IHS,
3720218,37217,1,1,2015,IHS,
3720219,37217,0,1,2015,IHS,
3720220,37217,1,1,2015,IHS,
3720401,37205,1,1,2015,IHS,
3720402,37205,1,1,2015,IHS,
3720403,37205,1,1,2015,IHS,
3720404,37205,1,1,2015,IHS,
3720405,37205,1,1,2015,IHS,
3720406,37205,1,1,2015,IHS,
3720407,37205,0,1,2015,IHS,
3720408,37205,0,1,2015,IHS,
3720409,37205,0,1,2015,IHS,
3720410,37205,1,1,2015,IHS,
3720411,37205,0,1,2015,IHS,
3720412,37205,1,1,2015,IHS,
3720413,37205,1,1,2015,IHS,
3720414,37205,0,1,2015,IHS,
3720415,37205,0,1,2015,IHS,
3720416,37205,1,1,2015,IHS,
3720417,37205,1,1,2015,IHS,
3720418,37205,1,1,2015,IHS,
3720419,37205,1,1,2015,IHS,
3720420,37205,1,1,2015,IHS,
3720601,37201,0,1,2015,IHS,
3720602,37201,1,1,2015,IHS,
3720603,37201,0,1,2015,IHS,
3720604,37201,1,1,2015,IHS,
3720605,37201,1,1,2015,IHS,
3720606,37201,1,1,2015,IHS,
3720607,37201,1,1,2015,IHS,
3720608,37201,1,1,2015,IHS,
3720609,37201,1,1,2015,IHS,
3720610,37201,0,1,2015,IHS,
3720611,37201,1,1,2015,IHS,
3720612,37201,1,1,2015,IHS,
3720613,37201,1,1,2015,IHS,
3720614,37201,1,1,2015,IHS,
3720615,37201,1,1,2015,IHS,
3720616,37201,1,1,2015,IHS,
3720617,37201,1,1,2015,IHS,
3720618,37201,0,1,2015,IHS,
3720619,37201,1,1,2015,IHS,
3720620,37201,1,1,2015,IHS,
3720701,37210,1,1,2015,IHS,
3720702,37210,0,1,2015,IHS,
3720703,37210,0,1,2015,IHS,
3720704,37210,1,1,2015,IHS,
3720705,37210,0,1,2015,IHS,
3720706,37210,0,1,2015,IHS,
3720707,37210,0,1,2015,IHS,
3720708,37207,1,1,2015,IHS,
3720709,37207,0,1,2015,IHS,
3720710,37207,1,1,2015,IHS,
3720711,37207,1,1,2015,IHS,
3720712,37207,1,1,2015,IHS,
3720713,37207,1,1,2015,IHS,
3720714,37207,1,1,2015,IHS,
3720715,37207,0,1,2015,IHS,
3720716,37207,0,1,2015,IHS,
3720717,37207,0,1,2015,IHS,
3720718,37207,1,1,2015,IHS,
3720719,37207,0,1,2015,IHS,
3720720,37207,1,1,2015,IHS,
3720801,37211,0,1,2015,IHS,
3720802,37211,0,1,2015,IHS,
3720803,37211,0,1,2015,IHS,
3720804,37211,0,1,2015,IHS,
3720805,37211,1,1,2015,IHS,
3720806,37211,0,1,2015,IHS,
3720807,37211,0,1,2015,IHS,
3720808,37211,1,1,2015,IHS,
3720809,37211,1,1,2015,IHS,
3720810,37211,0,1,2015,IHS,
3720811,37211,0,1,2015,IHS,
3720812,37211,1,1,2015,IHS,
3720813,37211,1,1,2015,IHS,
3720814,37211,1,1,2015,IHS,
3720815,37211,1,1,2015,IHS,
3720816,37211,1,1,2015,IHS,
3720817,37211,1,1,2015,IHS,
3720818,37211,0,1,2015,IHS,
3720819,37211,0,1,2015,IHS,
3720820,37211,0,1,2015,IHS,
3721001,37214,1,1,2015,IHS,
3721002,37214,1,1,2015,IHS,
3721003,37214,1,1,2015,IHS,
3721004,37214,1,1,2015,IHS,
3721005,37214,1,1,2015,IHS,
3721006,37214,1,1,2015,IHS,
3721007,37214,1,1,2015,IHS,
3721008,37214,1,1,2015,IHS,
3721009,37214,0,1,2015,IHS,
3721010,37214,1,1,2015,IHS,
3721011,37214,1,1,2015,IHS,
3721012,37214,1,1,2015,IHS,
3721013,37214,0,1,2015,IHS,
3721014,37214,1,1,2015,IHS,
3721015,37214,0,1,2015,IHS,
3721016,37214,1,1,2015,IHS,
3721017,37214,0,1,2015,IHS,
3721018,37214,0,1,2015,IHS,
3721019,37214,0,1,2015,IHS,
3721020,37214,0,1,2015,IHS,
3721101,37204,1,1,2015,IHS,
3721102,37208,1,1,2015,IHS,
3721103,37204,0,1,2015,IHS,
3721104,37204,0,1,2015,IHS,
3721105,37204,0,1,2015,IHS,
3721106,37204,0,1,2015,IHS,
3721107,37204,1,1,2015,IHS,
3721108,37204,1,1,2015,IHS,
3721109,37204,0,1,2015,IHS,
3721110,37204,0,1,2015,IHS,
3721111,37204,1,1,2015,IHS,
3721112,37204,1,1,2015,IHS,
3721113,37204,1,1,2015,IHS,
3721114,37209,0,1,2015,IHS,
3721115,37209,1,1,2015,IHS,
3721116,37209,1,1,2015,IHS,
3721117,37209,1,1,2015,IHS,
3721118,37209,1,1,2015,IHS,
3721119,37209,1,1,2015,IHS,
3721120,37208,0,1,2015,IHS,
3721201,37203,0,1,2015,IHS,
3721202,37203,0,1,2015,IHS,
3721203,37203,0,1,2015,IHS,
3721204,37203,0,1,2015,IHS,
3721205,37203,0,1,2015,IHS,
3721206,37203,0,1,2015,IHS,
3721207,37203,0,1,2015,IHS,
3721208,37203,0,1,2015,IHS,
3721209,37203,0,1,2015,IHS,
3721210,37203,0,1,2015,IHS,
3721211,37203,0,1,2015,IHS,
3721212,37203,0,1,2015,IHS,
3721213,37203,0,1,2015,IHS,
3721214,37203,1,1,2015,IHS,
3721215,37203,0,1,2015,IHS,
3721216,37203,0,1,2015,IHS,
3721217,37203,0,1,2015,IHS,
3721218,37203,0,1,2015,IHS,
3721219,37213,0,1,2015,IHS,
3721220,37213,0,1,2015,IHS,
3721401,37206,0,1,2015,IHS,
3721402,37206,1,1,2015,IHS,
3721403,37206,0,1,2015,IHS,
3721404,37206,1,1,2015,IHS,
3721405,37206,0,1,2015,IHS,
3721406,37206,1,1,2015,IHS,
3721407,37206,0,1,2015,IHS,
3721408,37206,1,1,2015,IHS,
3721409,37206,1,1,2015,IHS,
3721411,37206,0,1,2015,IHS,
3721412,37206,1,1,2015,IHS,
3721413,37206,1,1,2015,IHS,
3721414,37206,0,1,2015,IHS,
3721415,37206,1,1,2015,IHS,
3721416,37206,0,1,2015,IHS,
3721417,37206,0,1,2015,IHS,
3721418,37206,0,1,2015,IHS,
3721419,37206,0,1,2015,IHS,
3721420,37206,1,1,2015,IHS,
3810101,38102,1,1,2015,IHS,
3810102,38102,0,1,2015,IHS,
3810103,38102,0,1,2015,IHS,
3810104,38102,0,1,2015,IHS,
3810105,38102,1,1,2015,IHS,
3810106,38102,1,1,2015,IHS,
3810107,38101,0,1,2015,IHS,
3810108,38102,0,1,2015,IHS,
3810109,38105,1,1,2015,IHS,
3810110,38105,0,1,2015,IHS,
3810111,38105,1,1,2015,IHS,
3810112,38105,0,1,2015,IHS,
3810113,38105,1,1,2015,IHS,
3810114,38105,1,1,2015,IHS,
3810115,38105,0,1,2015,IHS,
3810116,38105,1,1,2015,IHS,
3810117,38105,0,1,2015,IHS,
3810118,38105,1,1,2015,IHS,
3810119,38105,0,1,2015,IHS,
3810120,38105,0,1,2015,IHS,
3810201,38108,1,1,2015,IHS,
3810202,38108,0,1,2015,IHS,
3810203,38108,0,1,2015,IHS,
3810204,38108,1,1,2015,IHS,
3810205,38108,0,1,2015,IHS,
3810206,38108,0,1,2015,IHS,
3810207,38108,0,1,2015,IHS,
3810208,38108,1,1,2015,IHS,
3810209,38108,0,1,2015,IHS,
3810210,38108,0,1,2015,IHS,
3810211,38108,0,1,2015,IHS,
3810212,38108,0,1,2015,IHS,
3810213,38108,1,1,2015,IHS,
3810214,38108,1,1,2015,IHS,
3810215,38108,1,1,2015,IHS,
3810216,38108,1,1,2015,IHS,
3810217,38108,0,1,2015,IHS,
3810218,38108,1,1,2015,IHS,
3810219,38108,1,1,2015,IHS,
3810220,38108,0,1,2015,IHS,
3810301,38107,1,1,2015,IHS,
3810302,38107,0,1,2015,IHS,
3810303,38107,1,1,2015,IHS,
3810304,38107,1,1,2015,IHS,
3810305,38107,0,1,2015,IHS,
3810306,38107,0,1,2015,IHS,
3810307,38107,1,1,2015,IHS,
3810308,38107,0,1,2015,IHS,
3810309,38107,0,1,2015,IHS,
3810310,38107,0,1,2015,IHS,
3810311,38107,1,1,2015,IHS,
3810312,38107,0,1,2015,IHS,
3810313,38107,0,1,2015,IHS,
3810314,38107,1,1,2015,IHS,
3810315,38107,1,1,2015,IHS,
3810316,38107,0,1,2015,IHS,
3810317,38107,1,1,2015,IHS,
3810318,38107,1,1,2015,IHS,
3810319,38107,0,1,2015,IHS,
3810320,38107,0,1,2015,IHS,
3810401,38107,0,1,2015,IHS,
3810402,38107,0,1,2015,IHS,
3810403,38107,1,1,2015,IHS,
3810404,38107,0,1,2015,IHS,
3810405,38107,0,1,2015,IHS,
3810406,38107,0,1,2015,IHS,
3810407,38107,0,1,2015,IHS,
3810408,38107,0,1,2015,IHS,
3810409,38107,0,1,2015,IHS,
3810410,38107,0,1,2015,IHS,
3810411,38107,0,1,2015,IHS,
3810412,38107,1,1,2015,IHS,
3810413,38107,1,1,2015,IHS,
3810414,38107,1,1,2015,IHS,
3810415,38107,0,1,2015,IHS,
3810416,38107,0,1,2015,IHS,
3810417,38107,0,1,2015,IHS,
3810418,38107,0,1,2015,IHS,
3810419,38107,0,1,2015,IHS,
3810420,38107,0,1,2015,IHS,
3810601,38106,1,1,2015,IHS,
3810602,38106,1,1,2015,IHS,
3810603,38106,0,1,2015,IHS,
3810604,38106,1,1,2015,IHS,
3810605,38106,1,1,2015,IHS,
3810606,38106,1,1,2015,IHS,
3810607,38106,1,1,2015,IHS,
3810608,38106,1,1,2015,IHS,
3810609,38106,0,1,2015,IHS,
3810610,38106,1,1,2015,IHS,
3810611,38106,0,1,2015,IHS,
3810612,38106,1,1,2015,IHS,
3810613,38106,1,1,2015,IHS,
3810614,38106,1,1,2015,IHS,
3810615,38106,1,1,2015,IHS,
3810616,38106,1,1,2015,IHS,
3810617,38106,1,1,2015,IHS,
3810618,38106,1,1,2015,IHS,
3810619,38106,1,1,2015,IHS,
3810620,38106,1,1,2015,IHS,
3810701,38109,1,1,2015,IHS,
3810702,38109,1,1,2015,IHS,
3810703,38109,1,1,2015,IHS,
3810704,38109,1,1,2015,IHS,
3810705,38109,1,1,2015,IHS,
3810706,38109,0,1,2015,IHS,
3810707,38109,1,1,2015,IHS,
3810708,38109,1,1,2015,IHS,
3810709,38109,1,1,2015,IHS,
3810710,38109,0,1,2015,IHS,
3810711,38109,1,1,2015,IHS,
3810712,38109,0,1,2015,IHS,
3810713,38109,0,1,2015,IHS,
3810714,38109,0,1,2015,IHS,
3810715,38109,0,1,2015,IHS,
3810716,38109,1,1,2015,IHS,
3810717,38109,0,1,2015,IHS,
3810718,38109,1,1,2015,IHS,
3810719,38109,0,1,2015,IHS,
3810720,38109,1,1,2015,IHS,
3810801,38103,1,1,2015,IHS,
3810802,38103,1,1,2015,IHS,
3810803,38103,1,1,2015,IHS,
3810804,38103,0,1,2015,IHS,
3810805,38103,0,1,2015,IHS,
3810806,38103,1,1,2015,IHS,
3810807,38103,1,1,2015,IHS,
3810808,38103,1,1,2015,IHS,
3810809,38103,1,1,2015,IHS,
3810810,38103,0,1,2015,IHS,
3810811,38103,0,1,2015,IHS,
3810812,38103,1,1,2015,IHS,
3810813,38103,0,1,2015,IHS,
3810814,38103,1,1,2015,IHS,
3810815,38103,1,1,2015,IHS,
3810816,38103,1,1,2015,IHS,
3810817,38103,1,1,2015,IHS,
3810818,38103,0,1,2015,IHS,
3810819,38103,0,1,2015,IHS,
3810820,38103,0,1,2015,IHS,
3810901,38103,0,1,2015,IHS,
3810902,38103,0,1,2015,IHS,
3810903,38103,0,1,2015,IHS,
3810904,38103,1,1,2015,IHS,
3810905,38103,1,1,2015,IHS,
3810906,38103,1,1,2015,IHS,
3810907,38103,1,1,2015,IHS,
3810908,38103,1,1,2015,IHS,
3810909,38103,1,1,2015,IHS,
3810910,38103,1,1,2015,IHS,
3810911,38103,0,1,2015,IHS,
3810912,38103,0,1,2015,IHS,
3810913,38103,1,1,2015,IHS,
3810914,38103,0,1,2015,IHS,
3810915,38103,1,1,2015,IHS,
3810916,38103,0,1,2015,IHS,
3810917,38103,0,1,2015,IHS,
3810918,38103,1,1,2015,IHS,
3810919,38103,1,1,2015,IHS,
3810920,38103,0,1,2015,IHS,
3820101,38208,1,1,2015,IHS,
3820102,38208,0,1,2015,IHS,
3820103,38209,1,1,2015,IHS,
3820104,38209,1,1,2015,IHS,
3820105,38209,0,1,2015,IHS,
3820106,38209,1,1,2015,IHS,
3820107,38209,1,1,2015,IHS,
3820108,38209,1,1,2015,IHS,
3820109,38208,1,1,2015,IHS,
3820110,38208,1,1,2015,IHS,
3820111,38209,0,1,2015,IHS,
3820112,38209,0,1,2015,IHS,
3820113,38209,0,1,2015,IHS,
3820114,38209,0,1,2015,IHS,
3820115,38209,1,1,2015,IHS,
3820116,38209,1,1,2015,IHS,
3820117,38209,0,1,2015,IHS,
3820118,38209,0,1,2015,IHS,
3820119,38209,0,1,2015,IHS,
3820120,38209,0,1,2015,IHS,
3820201,38206,0,1,2015,IHS,
3820202,38206,0,1,2015,IHS,
3820203,38206,1,1,2015,IHS,
3820204,38206,0,1,2015,IHS,
3820205,38206,0,1,2015,IHS,
3820206,38206,1,1,2015,IHS,
3820207,38206,0,1,2015,IHS,
3820208,38206,0,1,2015,IHS,
3820209,38206,1,1,2015,IHS,
3820210,38206,0,1,2015,IHS,
3820211,38206,0,1,2015,IHS,
3820212,38206,0,1,2015,IHS,
3820213,38206,0,1,2015,IHS,
3820214,38206,1,1,2015,IHS,
3820215,38206,1,1,2015,IHS,
3820216,38206,0,1,2015,IHS,
3820217,38206,1,1,2015,IHS,
3820218,38206,0,1,2015,IHS,
3820219,38206,1,1,2015,IHS,
3820220,38206,1,1,2015,IHS,
3820301,38206,0,1,2015,IHS,
3820302,38206,0,1,2015,IHS,
3820303,38206,0,1,2015,IHS,
3820304,38206,0,1,2015,IHS,
3820305,38206,1,1,2015,IHS,
3820306,38206,1,1,2015,IHS,
3820307,38206,1,1,2015,IHS,
3820308,38206,1,1,2015,IHS,
3820309,38206,0,1,2015,IHS,
3820310,38206,0,1,2015,IHS,
3820311,38206,0,1,2015,IHS,
3820312,38206,0,1,2015,IHS,
3820313,38206,0,1,2015,IHS,
3820314,38206,1,1,2015,IHS,
3820315,38206,1,1,2015,IHS,
3820316,38206,1,1,2015,IHS,
3820317,38206,1,1,2015,IHS,
3820318,38206,1,1,2015,IHS,
3820319,38206,0,1,2015,IHS,
3820320,38206,1,1,2015,IHS,
3820401,38212,0,1,2015,IHS,
3820402,38212,0,1,2015,IHS,
3820403,38212,0,1,2015,IHS,
3820404,38212,0,1,2015,IHS,
3820405,38212,0,1,2015,IHS,
3820406,38212,0,1,2015,IHS,
3820407,38212,1,1,2015,IHS,
3820408,38212,1,1,2015,IHS,
3820409,38212,0,1,2015,IHS,
3820410,38212,1,1,2015,IHS,
3820411,38210,0,1,2015,IHS,
3820412,38210,0,1,2015,IHS,
3820413,38210,0,1,2015,IHS,
3820414,38210,0,1,2015,IHS,
3820415,38210,0,1,2015,IHS,
3820416,38210,0,1,2015,IHS,
3820417,38210,0,1,2015,IHS,
3820418,38210,0,1,2015,IHS,
3820419,38210,1,1,2015,IHS,
3820420,38210,1,1,2015,IHS,
4010201,40104,1,1,2015,IHS,
4010202,40104,0,1,2015,IHS,
4010203,40104,1,1,2015,IHS,
4010204,40104,0,1,2015,IHS,
4010205,40104,0,1,2015,IHS,
4010206,40104,0,1,2015,IHS,
4010207,40104,1,1,2015,IHS,
4010208,40104,1,1,2015,IHS,
4010209,40104,1,1,2015,IHS,
4010210,40104,0,1,2015,IHS,
4010211,40104,0,1,2015,IHS,
4010212,40104,1,1,2015,IHS,
4010213,40104,1,1,2015,IHS,
4010214,40104,1,1,2015,IHS,
4010215,40104,1,1,2015,IHS,
4010216,40104,1,1,2015,IHS,
4010217,40104,1,1,2015,IHS,
4010218,40104,1,1,2015,IHS,
4010219,40104,0,1,2015,IHS,
4010220,40104,1,1,2015,IHS,
4010401,40101,1,1,2015,IHS,
4010402,40101,1,1,2015,IHS,
4010403,40101,1,1,2015,IHS,
4010404,40101,1,1,2015,IHS,
4010405,40101,0,1,2015,IHS,
4010406,40101,1,1,2015,IHS,
4010407,40101,1,1,2015,IHS,
4010408,40101,0,1,2015,IHS,
4010409,40101,0,1,2015,IHS,
4010410,40101,0,1,2015,IHS,
4010411,40101,0,1,2015,IHS,
4010412,40101,0,1,2015,IHS,
4010413,40101,0,1,2015,IHS,
4010414,40101,1,1,2015,IHS,
4010415,40101,0,1,2015,IHS,
4010416,40101,0,1,2015,IHS,
4010417,40101,0,1,2015,IHS,
4010418,40101,0,1,2015,IHS,
4010419,40101,1,1,2015,IHS,
4010420,40101,0,1,2015,IHS,
4010601,40114,0,1,2015,IHS,
4010602,40114,0,1,2015,IHS,
4010603,40114,0,1,2015,IHS,
4010604,40114,0,1,2015,IHS,
4010605,40114,1,1,2015,IHS,
4010607,40114,1,1,2015,IHS,
4010608,40114,1,1,2015,IHS,
4010609,40114,0,1,2015,IHS,
4010610,40114,1,1,2015,IHS,
4010611,40114,1,1,2015,IHS,
4010612,40114,1,1,2015,IHS,
4010613,40114,1,1,2015,IHS,
4010614,40114,1,1,2015,IHS,
4010615,40114,1,1,2015,IHS,
4010616,40114,0,1,2015,IHS,
4010617,40114,1,1,2015,IHS,
4010618,40114,1,1,2015,IHS,
4010619,40114,0,1,2015,IHS,
4010620,40114,1,1,2015,IHS,
4010901,40108,0,1,2015,IHS,
4010902,40108,0,1,2015,IHS,
4010903,40108,0,1,2015,IHS,
4010904,40108,1,1,2015,IHS,
4010905,40108,0,1,2015,IHS,
4010906,40108,1,1,2015,IHS,
4010907,40108,1,1,2015,IHS,
4010908,40108,0,1,2015,IHS,
4010909,40108,0,1,2015,IHS,
4010910,40108,0,1,2015,IHS,
4010911,40108,1,1,2015,IHS,
4010912,40108,1,1,2015,IHS,
4010913,40108,1,1,2015,IHS,
4010914,40108,0,1,2015,IHS,
4010915,40108,0,1,2015,IHS,
4010916,40108,1,1,2015,IHS,
4010917,40108,1,1,2015,IHS,
4010918,40108,1,1,2015,IHS,
4010919,40108,1,1,2015,IHS,
4010920,40108,1,1,2015,IHS,
4011001,40108,1,1,2015,IHS,
4011002,40108,0,1,2015,IHS,
4011003,40108,0,1,2015,IHS,
4011004,40108,0,1,2015,IHS,
4011005,40108,1,1,2015,IHS,
4011006,40108,0,1,2015,IHS,
4011007,40108,1,1,2015,IHS,
4011008,40108,1,1,2015,IHS,
4011009,40108,1,1,2015,IHS,
4011010,40108,0,1,2015,IHS,
4011011,40108,0,1,2015,IHS,
4011012,40108,1,1,2015,IHS,
4011013,40108,1,1,2015,IHS,
4011014,40108,1,1,2015,IHS,
4011015,40108,1,1,2015,IHS,
4011016,40108,1,1,2015,IHS,
4011017,40108,1,1,2015,IHS,
4011018,40108,1,1,2015,IHS,
4011019,40108,1,1,2015,IHS,
4011020,40108,1,1,2015,IHS,
4011301,40111,1,1,2015,IHS,
4011302,40111,0,1,2015,IHS,
4011303,40111,1,1,2015,IHS,
4011304,40111,0,1,2015,IHS,
4011305,40111,0,1,2015,IHS,
4011306,40111,0,1,2015,IHS,
4011307,40111,1,1,2015,IHS,
4011308,40111,0,1,2015,IHS,
4011309,40111,0,1,2015,IHS,
4011310,40111,0,1,2015,IHS,
4011311,40111,0,1,2015,IHS,
4011312,40111,1,1,2015,IHS,
4011313,40111,0,1,2015,IHS,
4011314,40111,0,1,2015,IHS,
4011315,40111,1,1,2015,IHS,
4011316,40111,1,1,2015,IHS,
4011317,40111,1,1,2015,IHS,
4011318,40111,1,1,2015,IHS,
4011319,40111,0,1,2015,IHS,
4011320,40111,0,1,2015,IHS,
4011501,40111,0,1,2015,IHS,
4011502,40111,0,1,2015,IHS,
4011503,40111,0,1,2015,IHS,
4011504,40111,0,1,2015,IHS,
4011505,40111,1,1,2015,IHS,
4011506,40111,0,1,2015,IHS,
4011507,40111,0,1,2015,IHS,
4011508,40111,0,1,2015,IHS,
4011509,40111,0,1,2015,IHS,
4011510,40111,0,1,2015,IHS,
4011511,40111,0,1,2015,IHS,
4011512,40111,0,1,2015,IHS,
4011513,40111,0,1,2015,IHS,
4011514,40111,0,1,2015,IHS,
4011515,40111,1,1,2015,IHS,
4011516,40111,0,1,2015,IHS,
4011517,40111,0,1,2015,IHS,
4011518,40111,1,1,2015,IHS,
4011519,40111,1,1,2015,IHS,
4011520,40111,1,1,2015,IHS,
4020201,40203,1,1,2015,IHS,
4020202,40203,1,1,2015,IHS,
4020203,40203,1,1,2015,IHS,
4020204,40203,1,1,2015,IHS,
4020205,40203,1,1,2015,IHS,
4020206,40203,1,1,2015,IHS,
4020207,40203,1,1,2015,IHS,
4020208,40203,1,1,2015,IHS,
4020209,40203,0,1,2015,IHS,
4020210,40203,0,1,2015,IHS,
4020211,40203,1,1,2015,IHS,
4020212,40203,0,1,2015,IHS,
4020213,40203,0,1,2015,IHS,
4020214,40203,0,1,2015,IHS,
4020215,40203,0,1,2015,IHS,
4020216,40203,1,1,2015,IHS,
4020217,40203,1,1,2015,IHS,
4020218,40203,1,1,2015,IHS,
4020219,40203,0,1,2015,IHS,
4020220,40203,1,1,2015,IHS,
4020401,40211,0,1,2015,IHS,
4020402,40211,0,1,2015,IHS,
4020403,40211,1,1,2015,IHS,
4020404,40211,0,1,2015,IHS,
4020405,40211,0,1,2015,IHS,
4020406,40211,0,1,2015,IHS,
4020407,40211,0,1,2015,IHS,
4020408,40211,0,1,2015,IHS,
4020409,40211,1,1,2015,IHS,
4020410,40211,0,1,2015,IHS,
4020411,40211,0,1,2015,IHS,
4020412,40211,0,1,2015,IHS,
4020413,40211,0,1,2015,IHS,
4020414,40211,0,1,2015,IHS,
4020415,40211,1,1,2015,IHS,
4020416,40211,0,1,2015,IHS,
4020417,40211,0,1,2015,IHS,
4020418,40211,0,1,2015,IHS,
4020419,40211,0,1,2015,IHS,
4020420,40211,0,1,2015,IHS,
4020601,40211,1,1,2015,IHS,
4020602,40211,0,1,2015,IHS,
4020603,40211,0,1,2015,IHS,
4020604,40211,0,1,2015,IHS,
4020605,40211,0,1,2015,IHS,
4020606,40211,0,1,2015,IHS,
4020607,40211,0,1,2015,IHS,
4020608,40211,1,1,2015,IHS,
4020609,40211,0,1,2015,IHS,
4020610,40211,1,1,2015,IHS,
4020611,40211,1,1,2015,IHS,
4020612,40211,1,1,2015,IHS,
4020613,40211,1,1,2015,IHS,
4020614,40211,1,1,2015,IHS,
4020615,40211,1,1,2015,IHS,
4020616,40211,1,1,2015,IHS,
4020617,40211,1,1,2015,IHS,
4020618,40211,0,1,2015,IHS,
4020619,40211,0,1,2015,IHS,
4020620,40211,0,1,2015,IHS,
4020901,40212,0,1,2015,IHS,
4020902,40212,0,1,2015,IHS,
4020903,40212,0,1,2015,IHS,
4020904,40212,0,1,2015,IHS,
4020905,40212,0,1,2015,IHS,
4020906,40212,0,1,2015,IHS,
4020907,40212,0,1,2015,IHS,
4020908,40212,0,1,2015,IHS,
4020909,40212,0,1,2015,IHS,
4020910,40212,0,1,2015,IHS,
4020911,40212,0,1,2015,IHS,
4020912,40212,1,1,2015,IHS,
4020913,40212,0,1,2015,IHS,
4020914,40212,0,1,2015,IHS,
4020915,40212,0,1,2015,IHS,
4020916,40212,0,1,2015,IHS,
4020917,40212,0,1,2015,IHS,
4020918,40212,0,1,2015,IHS,
4020919,40212,0,1,2015,IHS,
4020920,40212,0,1,2015,IHS,
4021101,40218,0,1,2015,IHS,
4021102,40218,0,1,2015,IHS,
4021103,40218,1,1,2015,IHS,
4021104,40218,1,1,2015,IHS,
4021105,40218,1,1,2015,IHS,
4021106,40218,1,1,2015,IHS,
4021107,40218,0,1,2015,IHS,
4021108,40218,0,1,2015,IHS,
4021109,40218,1,1,2015,IHS,
4021110,40218,1,1,2015,IHS,
4021111,40218,0,1,2015,IHS,
4021112,40218,0,1,2015,IHS,
4021113,40218,0,1,2015,IHS,
4021114,40218,0,1,2015,IHS,
4021115,40218,1,1,2015,IHS,
4021116,40218,0,1,2015,IHS,
4021117,40218,1,1,2015,IHS,
4021118,40218,0,1,2015,IHS,
4021119,40218,1,1,2015,IHS,
4021120,40218,0,1,2015,IHS,
4021401,40213,1,1,2015,IHS,
4021402,40213,0,1,2015,IHS,
4021403,40213,1,1,2015,IHS,
4021404,40213,1,1,2015,IHS,
4021405,40213,1,1,2015,IHS,
4021406,40213,1,1,2015,IHS,
4021407,40213,1,1,2015,IHS,
4021408,40213,1,1,2015,IHS,
4021409,40213,1,1,2015,IHS,
4021410,40213,1,1,2015,IHS,
4021411,40213,1,1,2015,IHS,
4021412,40213,1,1,2015,IHS,
4021413,40213,1,1,2015,IHS,
4021414,40213,0,1,2015,IHS,
4021415,40213,1,1,2015,IHS,
4021416,40213,1,1,2015,IHS,
4021417,40213,1,1,2015,IHS,
4021418,40213,0,1,2015,IHS,
4021419,40213,0,1,2015,IHS,
4021420,40213,1,1,2015,IHS,
4021601,40213,1,1,2015,IHS,
4021602,40213,1,1,2015,IHS,
4021603,40213,1,1,2015,IHS,
4021604,40213,1,1,2015,IHS,
4021605,40213,1,1,2015,IHS,
4021606,40213,1,1,2015,IHS,
4021607,40213,1,1,2015,IHS,
4021608,40213,1,1,2015,IHS,
4021609,40213,1,1,2015,IHS,
4021610,40213,1,1,2015,IHS,
4021611,40213,0,1,2015,IHS,
4021612,40213,1,1,2015,IHS,
4021613,40213,1,1,2015,IHS,
4021614,40213,0,1,2015,IHS,
4021615,40213,0,1,2015,IHS,
4021616,40213,0,1,2015,IHS,
4021617,40213,0,1,2015,IHS,
4021618,40213,1,1,2015,IHS,
4021619,40213,1,1,2015,IHS,
4021620,40213,1,1,2015,IHS,
4021701,40213,1,1,2015,IHS,
4021702,40213,0,1,2015,IHS,
4021703,40213,1,1,2015,IHS,
4021704,40213,1,1,2015,IHS,
4021705,40213,0,1,2015,IHS,
4021706,40213,1,1,2015,IHS,
4021707,40213,1,1,2015,IHS,
4021708,40213,0,1,2015,IHS,
4021709,40213,1,1,2015,IHS,
4021710,40213,0,1,2015,IHS,
4021711,40213,0,1,2015,IHS,
4021712,40213,0,1,2015,IHS,
4021713,40213,1,1,2015,IHS,
4021714,40213,1,1,2015,IHS,
4021715,40213,0,1,2015,IHS,
4021716,40213,1,1,2015,IHS,
4021717,40213,1,1,2015,IHS,
4021718,40213,1,1,2015,IHS,
4021719,40213,1,1,2015,IHS,
4021720,40213,1,1,2015,IHS,
4022101,40205,0,1,2015,IHS,
4022102,40205,0,1,2015,IHS,
4022103,40205,0,1,2015,IHS,
4022104,40205,0,1,2015,IHS,
4022105,40205,1,1,2015,IHS,
4022106,40205,1,1,2015,IHS,
4022107,40205,1,1,2015,IHS,
4022108,40205,0,1,2015,IHS,
4022109,40205,0,1,2015,IHS,
4022110,40205,1,1,2015,IHS,
4022111,40205,1,1,2015,IHS,
4022112,40205,1,1,2015,IHS,
4022113,40205,0,1,2015,IHS,
4022114,40205,0,1,2015,IHS,
4022115,40205,0,1,2015,IHS,
4022116,40205,1,1,2015,IHS,
4022117,40205,0,1,2015,IHS,
4022118,40205,1,1,2015,IHS,
4022119,40205,1,1,2015,IHS,
4022120,40205,0,1,2015,IHS,
4110301,41112,0,1,2015,IHS,
4110302,41112,0,1,2015,IHS,
4110303,41112,1,1,2015,IHS,
4110304,41112,1,1,2015,IHS,
4110305,41112,1,1,2015,IHS,
4110306,41112,1,1,2015,IHS,
4110307,41112,1,1,2015,IHS,
4110308,41112,1,1,2015,IHS,
4110309,41112,1,1,2015,IHS,
4110310,41112,1,1,2015,IHS,
4110311,41112,1,1,2015,IHS,
4110312,41112,1,1,2015,IHS,
4110313,41112,1,1,2015,IHS,
4110314,41112,0,1,2015,IHS,
4110315,41112,1,1,2015,IHS,
4110316,41112,1,1,2015,IHS,
4110317,41112,1,1,2015,IHS,
4110318,41112,0,1,2015,IHS,
4110319,41112,1,1,2015,IHS,
4110320,41112,1,1,2015,IHS,
4110401,41112,1,1,2015,IHS,
4110402,41112,1,1,2015,IHS,
4110403,41112,1,1,2015,IHS,
4110404,41112,0,1,2015,IHS,
4110405,41112,0,1,2015,IHS,
4110406,41112,1,1,2015,IHS,
4110407,41112,0,1,2015,IHS,
4110408,41112,0,1,2015,IHS,
4110409,41112,1,1,2015,IHS,
4110410,41112,1,1,2015,IHS,
4110411,41112,0,1,2015,IHS,
4110412,41112,1,1,2015,IHS,
4110413,41112,0,1,2015,IHS,
4110414,41112,1,1,2015,IHS,
4110415,41112,0,1,2015,IHS,
4110416,41112,0,1,2015,IHS,
4110417,41112,1,1,2015,IHS,
4110418,41112,0,1,2015,IHS,
4110419,41112,0,1,2015,IHS,
4110420,41112,1,1,2015,IHS,
4110601,41102,1,1,2015,IHS,
4110602,41102,1,1,2015,IHS,
4110603,41102,1,1,2015,IHS,
4110604,41102,1,1,2015,IHS,
4110605,41102,0,1,2015,IHS,
4110606,41102,1,1,2015,IHS,
4110607,41102,1,1,2015,IHS,
4110608,41102,1,1,2015,IHS,
4110609,41102,0,1,2015,IHS,
4110610,41102,0,1,2015,IHS,
4110611,41102,1,1,2015,IHS,
4110612,41102,0,1,2015,IHS,
4110613,41102,0,1,2015,IHS,
4110614,41102,0,1,2015,IHS,
4110615,41102,1,1,2015,IHS,
4110616,41102,0,1,2015,IHS,
4110617,41102,0,1,2015,IHS,
4110618,41102,0,1,2015,IHS,
4110619,41102,1,1,2015,IHS,
4110620,41102,0,1,2015,IHS,
4110901,41108,0,1,2015,IHS,
4110902,41108,0,1,2015,IHS,
4110903,41108,0,1,2015,IHS,
4110904,41108,1,1,2015,IHS,
4110905,41108,1,1,2015,IHS,
4110906,41108,1,1,2015,IHS,
4110907,41108,1,1,2015,IHS,
4110908,41108,0,1,2015,IHS,
4110909,41108,0,1,2015,IHS,
4110910,41108,0,1,2015,IHS,
4110911,41108,0,1,2015,IHS,
4110912,41108,0,1,2015,IHS,
4110913,41108,0,1,2015,IHS,
4110914,41108,0,1,2015,IHS,
4110915,41108,0,1,2015,IHS,
4110916,41108,0,1,2015,IHS,
4110917,41108,0,1,2015,IHS,
4110918,41108,0,1,2015,IHS,
4110919,41108,0,1,2015,IHS,
4110920,41108,0,1,2015,IHS,
4111201,41110,1,1,2015,IHS,
4111202,41110,0,1,2015,IHS,
4111203,41110,0,1,2015,IHS,
4111204,41110,0,1,2015,IHS,
4111205,41110,0,1,2015,IHS,
4111206,41110,0,1,2015,IHS,
4111207,41110,0,1,2015,IHS,
4111208,41110,0,1,2015,IHS,
4111209,41110,0,1,2015,IHS,
4111210,41110,0,1,2015,IHS,
4111211,41110,0,1,2015,IHS,
4111212,41110,0,1,2015,IHS,
4111213,41110,0,1,2015,IHS,
4111214,41110,0,1,2015,IHS,
4111215,41110,0,1,2015,IHS,
4111216,41110,0,1,2015,IHS,
4111217,41110,1,1,2015,IHS,
4111218,41110,0,1,2015,IHS,
4111219,41110,0,1,2015,IHS,
4111220,41110,0,1,2015,IHS,
4120201,41205,0,1,2015,IHS,
4120202,41205,0,1,2015,IHS,
4120203,41205,0,1,2015,IHS,
4120204,41205,0,1,2015,IHS,
4120205,41205,0,1,2015,IHS,
4120206,41205,0,1,2015,IHS,
4120207,41205,0,1,2015,IHS,
4120208,41205,0,1,2015,IHS,
4120209,41205,0,1,2015,IHS,
4120210,41205,0,1,2015,IHS,
4120211,41205,0,1,2015,IHS,
4120212,41205,0,1,2015,IHS,
4120213,41205,1,1,2015,IHS,
4120214,41205,1,1,2015,IHS,
4120215,41205,0,1,2015,IHS,
4120216,41205,0,1,2015,IHS,
4120217,41205,0,1,2015,IHS,
4120218,41205,0,1,2015,IHS,
4120219,41205,0,1,2015,IHS,
4120220,41205,0,1,2015,IHS,
4120301,41205,0,1,2015,IHS,
4120302,41205,0,1,2015,IHS,
4120303,41205,0,1,2015,IHS,
4120304,41205,0,1,2015,IHS,
4120305,41205,0,1,2015,IHS,
4120306,41205,0,1,2015,IHS,
4120307,41205,0,1,2015,IHS,
4120308,41205,0,1,2015,IHS,
4120309,41205,0,1,2015,IHS,
4120310,41205,0,1,2015,IHS,
4120311,41205,0,1,2015,IHS,
4120312,41205,0,1,2015,IHS,
4120313,41205,0,1,2015,IHS,
4120314,41205,0,1,2015,IHS,
4120315,41205,0,1,2015,IHS,
4120316,41205,0,1,2015,IHS,
4120317,41205,0,1,2015,IHS,
4120318,41205,0,1,2015,IHS,
4120319,41205,0,1,2015,IHS,
4120320,41205,0,1,2015,IHS,
4120401,41210,0,1,2015,IHS,
4120402,41210,0,1,2015,IHS,
4120403,41210,0,1,2015,IHS,
4120404,41210,1,1,2015,IHS,
4120405,41210,0,1,2015,IHS,
4120406,41210,0,1,2015,IHS,
4120407,41210,0,1,2015,IHS,
4120408,41210,0,1,2015,IHS,
4120409,41210,0,1,2015,IHS,
4120410,41210,0,1,2015,IHS,
4120411,41213,0,1,2015,IHS,
4120412,41213,1,1,2015,IHS,
4120413,41213,0,1,2015,IHS,
4120414,41213,0,1,2015,IHS,
4120415,41213,0,1,2015,IHS,
4120416,41213,0,1,2015,IHS,
4120417,41213,0,1,2015,IHS,
4120418,41210,0,1,2015,IHS,
4120419,41210,0,1,2015,IHS,
4120420,41210,0,1,2015,IHS,
4120601,41214,0,1,2015,IHS,
4120602,41214,0,1,2015,IHS,
4120603,41214,0,1,2015,IHS,
4120604,41214,0,1,2015,IHS,
4120605,41214,1,1,2015,IHS,
4120606,41214,1,1,2015,IHS,
4120607,41214,1,1,2015,IHS,
4120608,41214,0,1,2015,IHS,
4120609,41214,0,1,2015,IHS,
4120610,41214,1,1,2015,IHS,
4120611,41214,0,1,2015,IHS,
4120612,41214,1,1,2015,IHS,
4120613,41214,1,1,2015,IHS,
4120614,41214,0,1,2015,IHS,
4120615,41214,1,1,2015,IHS,
4120616,41214,1,1,2015,IHS,
4120617,41214,1,1,2015,IHS,
4120618,41214,1,1,2015,IHS,
4120619,41214,1,1,2015,IHS,
4120620,41214,1,1,2015,IHS,
4120701,41211,1,1,2015,IHS,
4120702,41211,0,1,2015,IHS,
4120703,41211,1,1,2015,IHS,
4120704,41211,0,1,2015,IHS,
4120705,41211,0,1,2015,IHS,
4120706,41211,0,1,2015,IHS,
4120707,41211,1,1,2015,IHS,
4120708,41211,0,1,2015,IHS,
4120709,41211,0,1,2015,IHS,
4120710,41211,1,1,2015,IHS,
4120711,41211,1,1,2015,IHS,
4120712,41211,1,1,2015,IHS,
4120713,41211,1,1,2015,IHS,
4120714,41211,0,1,2015,IHS,
4120715,41211,1,1,2015,IHS,
4120716,41211,1,1,2015,IHS,
4120717,41211,0,1,2015,IHS,
4120718,41211,1,1,2015,IHS,
4120719,41211,0,1,2015,IHS,
4120720,41211,1,1,2015,IHS,
4120901,41204,1,1,2015,IHS,
4120902,41204,1,1,2015,IHS,
4120903,41204,0,1,2015,IHS,
4120904,41204,1,1,2015,IHS,
4120905,41204,1,1,2015,IHS,
4120906,41204,0,1,2015,IHS,
4120907,41204,0,1,2015,IHS,
4120908,41204,1,1,2015,IHS,
4120909,41204,1,1,2015,IHS,
4120910,41204,0,1,2015,IHS,
4120911,41204,0,1,2015,IHS,
4120912,41204,1,1,2015,IHS,
4120913,41204,0,1,2015,IHS,
4120914,41204,0,1,2015,IHS,
4120915,41204,1,1,2015,IHS,
4120916,41204,1,1,2015,IHS,
4120917,41204,0,1,2015,IHS,
4120918,41204,0,1,2015,IHS,
4120919,41204,0,1,2015,IHS,
4120920,41204,0,1,2015,IHS,
4121001,41203,1,1,2015,IHS,
4121002,41203,0,1,2015,IHS,
4121003,41203,0,1,2015,IHS,
4121004,41203,1,1,2015,IHS,
4121005,41203,1,1,2015,IHS,
4121006,41203,1,1,2015,IHS,
4121007,41203,1,1,2015,IHS,
4121008,41203,1,1,2015,IHS,
4121009,41203,0,1,2015,IHS,
4121010,41203,0,1,2015,IHS,
4121011,41203,0,1,2015,IHS,
4121012,41203,0,1,2015,IHS,
4121013,41203,0,1,2015,IHS,
4121014,41203,0,1,2015,IHS,
4121015,41203,1,1,2015,IHS,
4121016,41203,1,1,2015,IHS,
4121017,41203,0,1,2015,IHS,
4121018,41203,1,1,2015,IHS,
4121019,41203,1,1,2015,IHS,
4121020,41203,0,1,2015,IHS,
4121101,41203,0,1,2015,IHS,
4121102,41203,0,1,2015,IHS,
4121103,41203,0,1,2015,IHS,
4121104,41203,1,1,2015,IHS,
4121105,41203,1,1,2015,IHS,
4121106,41203,1,1,2015,IHS,
4121107,41203,1,1,2015,IHS,
4121108,41203,1,1,2015,IHS,
4121109,41203,1,1,2015,IHS,
4121110,41203,1,1,2015,IHS,
4121111,41203,1,1,2015,IHS,
4121112,41203,1,1,2015,IHS,
4121113,41203,0,1,2015,IHS,
4121114,41203,0,1,2015,IHS,
4121115,41203,0,1,2015,IHS,
4121116,41203,1,1,2015,IHS,
4121117,41203,1,1,2015,IHS,
4121118,41203,1,1,2015,IHS,
4121119,41203,1,1,2015,IHS,
4121120,41203,1,1,2015,IHS,
4121201,41203,0,1,2015,IHS,
4121202,41203,1,1,2015,IHS,
4121203,41203,1,1,2015,IHS,
4121204,41203,0,1,2015,IHS,
4121205,41203,1,1,2015,IHS,
4121206,41203,0,1,2015,IHS,
4121207,41203,1,1,2015,IHS,
4121208,41203,1,1,2015,IHS,
4121209,41203,1,1,2015,IHS,
4121210,41203,1,1,2015,IHS,
4121211,41203,0,1,2015,IHS,
4121212,41203,1,1,2015,IHS,
4121213,41203,0,1,2015,IHS,
4121214,41203,0,1,2015,IHS,
4121215,41203,1,1,2015,IHS,
4121216,41203,1,1,2015,IHS,
4121217,41203,1,1,2015,IHS,
4121218,41203,1,1,2015,IHS,
4121219,41203,1,1,2015,IHS,
4121220,41203,1,1,2015,IHS,
4210301,42103,0,1,2015,IHS,
4210302,42103,0,1,2015,IHS,
4210303,42103,0,1,2015,IHS,
4210304,42103,0,1,2015,IHS,
4210305,42103,1,1,2015,IHS,
4210306,42103,0,1,2015,IHS,
4210307,42103,0,1,2015,IHS,
4210308,42103,0,1,2015,IHS,
4210309,42103,1,1,2015,IHS,
4210310,42103,1,1,2015,IHS,
4210311,42103,1,1,2015,IHS,
4210312,42103,0,1,2015,IHS,
4210313,42103,1,1,2015,IHS,
4210314,42103,1,1,2015,IHS,
4210315,42103,0,1,2015,IHS,
4210316,42103,1,1,2015,IHS,
4210317,42103,1,1,2015,IHS,
4210318,42103,1,1,2015,IHS,
4210319,42103,1,1,2015,IHS,
4210320,42103,0,1,2015,IHS,
4210401,42103,0,1,2015,IHS,
4210402,42103,1,1,2015,IHS,
4210403,42103,1,1,2015,IHS,
4210404,42103,1,1,2015,IHS,
4210405,42103,1,1,2015,IHS,
4210406,42103,0,1,2015,IHS,
4210407,42103,1,1,2015,IHS,
4210408,42103,0,1,2015,IHS,
4210409,42103,0,1,2015,IHS,
4210410,42103,1,1,2015,IHS,
4210411,42103,0,1,2015,IHS,
4210412,42103,1,1,2015,IHS,
4210413,42103,1,1,2015,IHS,
4210414,42103,1,1,2015,IHS,
4210415,42103,0,1,2015,IHS,
4210416,42103,1,1,2015,IHS,
4210417,42103,1,1,2015,IHS,
4210418,42103,0,1,2015,IHS,
4210419,42103,0,1,2015,IHS,
4210420,42103,1,1,2015,IHS,
4210501,42102,1,1,2015,IHS,
4210502,42102,1,1,2015,IHS,
4210503,42102,1,1,2015,IHS,
4210504,42102,0,1,2015,IHS,
4210505,42102,1,1,2015,IHS,
4210506,42102,0,1,2015,IHS,
4210507,42102,0,1,2015,IHS,
4210508,42102,0,1,2015,IHS,
4210509,42102,0,1,2015,IHS,
4210510,42102,0,1,2015,IHS,
4210511,42102,1,1,2015,IHS,
4210512,42102,1,1,2015,IHS,
4210513,42102,1,1,2015,IHS,
4210514,42102,1,1,2015,IHS,
4210515,42102,0,1,2015,IHS,
4210516,42102,0,1,2015,IHS,
4210517,42102,0,1,2015,IHS,
4210518,42102,0,1,2015,IHS,
4210519,42102,1,1,2015,IHS,
4210520,42102,0,1,2015,IHS,
4210601,42102,0,1,2015,IHS,
4210602,42102,0,1,2015,IHS,
4210603,42102,0,1,2015,IHS,
4210604,42102,1,1,2015,IHS,
4210605,42102,0,1,2015,IHS,
4210606,42102,1,1,2015,IHS,
4210607,42102,1,1,2015,IHS,
4210608,42102,0,1,2015,IHS,
4210609,42102,0,1,2015,IHS,
4210610,42102,0,1,2015,IHS,
4210611,42102,1,1,2015,IHS,
4210612,42102,1,1,2015,IHS,
4210613,42102,1,1,2015,IHS,
4210614,42102,1,1,2015,IHS,
4210615,42102,1,1,2015,IHS,
4210616,42102,1,1,2015,IHS,
4210617,42102,0,1,2015,IHS,
4210618,42102,1,1,2015,IHS,
4210619,42102,0,1,2015,IHS,
4210620,42102,1,1,2015,IHS,
4210701,42102,1,1,2015,IHS,
4210702,42102,0,1,2015,IHS,
4210703,42102,1,1,2015,IHS,
4210704,42102,0,1,2015,IHS,
4210705,42102,0,1,2015,IHS,
4210706,42102,0,1,2015,IHS,
4210707,42102,0,1,2015,IHS,
4210708,42102,0,1,2015,IHS,
4210709,42102,0,1,2015,IHS,
4210710,42102,0,1,2015,IHS,
4210711,42102,1,1,2015,IHS,
4210712,42102,0,1,2015,IHS,
4210713,42102,1,1,2015,IHS,
4210714,42102,1,1,2015,IHS,
4210715,42102,1,1,2015,IHS,
4210716,42102,1,1,2015,IHS,
4210717,42102,0,1,2015,IHS,
4210718,42102,0,1,2015,IHS,
4210719,42102,1,1,2015,IHS,
4210720,42102,1,1,2015,IHS,
4210901,42101,0,1,2015,IHS,
4210902,42101,0,1,2015,IHS,
4210903,42101,0,1,2015,IHS,
4210904,42101,1,1,2015,IHS,
4210905,42101,0,1,2015,IHS,
4210906,42101,1,1,2015,IHS,
4210907,42101,0,1,2015,IHS,
4210908,42101,0,1,2015,IHS,
4210909,42101,0,1,2015,IHS,
4210910,42101,0,1,2015,IHS,
4210911,42101,0,1,2015,IHS,
4210912,42101,0,1,2015,IHS,
4210913,42101,1,1,2015,IHS,
4210914,42101,1,1,2015,IHS,
4210915,42101,1,1,2015,IHS,
4210916,42101,1,1,2015,IHS,
4210917,42101,1,1,2015,IHS,
4210918,42101,1,1,2015,IHS,
4210919,42101,1,1,2015,IHS,
4210920,42101,1,1,2015,IHS,
4220101,42202,1,1,2015,IHS,
4220102,42202,1,1,2015,IHS,
4220103,42202,1,1,2015,IHS,
4220104,42202,1,1,2015,IHS,
4220105,42202,1,1,2015,IHS,
4220106,42202,0,1,2015,IHS,
4220107,42202,1,1,2015,IHS,
4220108,42202,1,1,2015,IHS,
4220109,42202,0,1,2015,IHS,
4220110,42202,1,1,2015,IHS,
4220111,42202,1,1,2015,IHS,
4220112,42202,0,1,2015,IHS,
4220113,42202,1,1,2015,IHS,
4220114,42202,1,1,2015,IHS,
4220115,42202,0,1,2015,IHS,
4220116,42202,1,1,2015,IHS,
4220117,42202,1,1,2015,IHS,
4220118,42202,1,1,2015,IHS,
4220119,42202,1,1,2015,IHS,
4220120,42202,0,1,2015,IHS,
4220201,42203,0,1,2015,IHS,
4220202,42203,0,1,2015,IHS,
4220203,42203,0,1,2015,IHS,
4220204,42203,1,1,2015,IHS,
4220205,42203,0,1,2015,IHS,
4220206,42203,0,1,2015,IHS,
4220207,42203,0,1,2015,IHS,
4220208,42203,0,1,2015,IHS,
4220209,42203,1,1,2015,IHS,
4220210,42203,1,1,2015,IHS,
4220211,42203,1,1,2015,IHS,
4220212,42203,1,1,2015,IHS,
4220213,42203,1,1,2015,IHS,
4220214,42203,1,1,2015,IHS,
4220215,42203,1,1,2015,IHS,
4220216,42203,1,1,2015,IHS,
4220217,42203,0,1,2015,IHS,
4220218,42203,0,1,2015,IHS,
4220219,42203,0,1,2015,IHS,
4220220,42203,0,1,2015,IHS,
4220301,42206,1,1,2015,IHS,
4220302,42206,1,1,2015,IHS,
4220303,42206,1,1,2015,IHS,
4220304,42206,1,1,2015,IHS,
4220305,42206,1,1,2015,IHS,
4220306,42206,0,1,2015,IHS,
4220307,42206,1,1,2015,IHS,
4220308,42206,0,1,2015,IHS,
4220309,42206,1,1,2015,IHS,
4220310,42206,1,1,2015,IHS,
4220311,42206,1,1,2015,IHS,
4220312,42206,0,1,2015,IHS,
4220313,42206,0,1,2015,IHS,
4220314,42206,0,1,2015,IHS,
4220315,42206,0,1,2015,IHS,
4220316,42206,1,1,2015,IHS,
4220317,42206,0,1,2015,IHS,
4220318,42206,1,1,2015,IHS,
4220319,42206,0,1,2015,IHS,
4220320,42206,0,1,2015,IHS,
4220401,42206,0,1,2015,IHS,
4220402,42206,1,1,2015,IHS,
4220403,42206,1,1,2015,IHS,
4220404,42206,1,1,2015,IHS,
4220405,42206,1,1,2015,IHS,
4220406,42206,1,1,2015,IHS,
4220407,42206,1,1,2015,IHS,
4220408,42206,1,1,2015,IHS,
4220409,42206,1,1,2015,IHS,
4220410,42206,0,1,2015,IHS,
4220411,42206,0,1,2015,IHS,
4220412,42206,0,1,2015,IHS,
4220413,42206,0,1,2015,IHS,
4220414,42206,0,1,2015,IHS,
4220415,42206,0,1,2015,IHS,
4220416,42206,0,1,2015,IHS,
4220417,42206,1,1,2015,IHS,
4220418,42206,0,1,2015,IHS,
4220419,42206,1,1,2015,IHS,
4220420,42206,1,1,2015,IHS,
4220701,42212,0,1,2015,IHS,
4220702,42212,0,1,2015,IHS,
4220703,42212,0,1,2015,IHS,
4220704,42212,0,1,2015,IHS,
4220705,42212,0,1,2015,IHS,
4220706,42212,0,1,2015,IHS,
4220707,42212,0,1,2015,IHS,
4220708,42212,0,1,2015,IHS,
4220709,42212,0,1,2015,IHS,
4220710,42212,0,1,2015,IHS,
4220711,42212,0,1,2015,IHS,
4220712,42212,0,1,2015,IHS,
4220713,42212,0,1,2015,IHS,
4220714,42212,0,1,2015,IHS,
4220715,42212,0,1,2015,IHS,
4220716,42212,1,1,2015,IHS,
4220717,42212,0,1,2015,IHS,
4220718,42212,0,1,2015,IHS,
4220719,42212,1,1,2015,IHS,
4220720,42212,1,1,2015,IHS,
4220801,42211,0,1,2015,IHS,
4220802,42211,1,1,2015,IHS,
4220803,42201,0,1,2015,IHS,
4220804,42201,1,1,2015,IHS,
4220805,42211,1,1,2015,IHS,
4220806,42211,1,1,2015,IHS,
4220807,42201,0,1,2015,IHS,
4220808,42211,0,1,2015,IHS,
4220809,42211,0,1,2015,IHS,
4220810,42211,0,1,2015,IHS,
4220811,42201,1,1,2015,IHS,
4220812,42201,0,1,2015,IHS,
4220813,42201,0,1,2015,IHS,
4220814,42211,0,1,2015,IHS,
4220815,42211,0,1,2015,IHS,
4220816,42211,0,1,2015,IHS,
4220817,42211,1,1,2015,IHS,
4220818,42211,0,1,2015,IHS,
4220819,42211,0,1,2015,IHS,
4220901,42214,0,1,2015,IHS,
4220902,42204,0,1,2015,IHS,
4220903,42204,0,1,2015,IHS,
4220904,42204,0,1,2015,IHS,
4220905,42205,1,1,2015,IHS,
4220906,42204,0,1,2015,IHS,
4220907,42204,1,1,2015,IHS,
4220908,42205,1,1,2015,IHS,
4220909,42205,0,1,2015,IHS,
4220910,42214,1,1,2015,IHS,
4220911,42214,0,1,2015,IHS,
4220912,42205,0,1,2015,IHS,
4220913,42205,0,1,2015,IHS,
4220914,42205,0,1,2015,IHS,
4220915,42214,0,1,2015,IHS,
4220916,42204,0,1,2015,IHS,
4220917,42214,0,1,2015,IHS,
4220918,42204,0,1,2015,IHS,
4220919,42204,0,1,2015,IHS,
4220920,42204,0,1,2015,IHS,
4310301,43105,1,1,2015,IHS,
4310302,43105,1,1,2015,IHS,
4310303,43105,1,1,2015,IHS,
4310304,43105,1,1,2015,IHS,
4310305,43105,1,1,2015,IHS,
4310306,43105,1,1,2015,IHS,
4310307,43105,1,1,2015,IHS,
4310308,43105,1,1,2015,IHS,
4310309,43105,1,1,2015,IHS,
4310310,43105,0,1,2015,IHS,
4310311,43105,1,1,2015,IHS,
4310312,43105,0,1,2015,IHS,
4310313,43105,0,1,2015,IHS,
4310314,43105,0,1,2015,IHS,
4310315,43105,0,1,2015,IHS,
4310316,43105,1,1,2015,IHS,
4310317,43105,1,1,2015,IHS,
4310318,43105,1,1,2015,IHS,
4310319,43105,1,1,2015,IHS,
4310320,43105,1,1,2015,IHS,
4310501,43111,1,0,2015,IHS,
4310502,43111,1,0,2015,IHS,
4310503,43111,1,0,2015,IHS,
4310504,43111,1,0,2015,IHS,
4310505,43111,0,0,2015,IHS,
4310506,43111,0,0,2015,IHS,
4310507,43111,0,0,2015,IHS,
4310508,43111,1,0,2015,IHS,
4310509,43111,0,0,2015,IHS,
4310510,43111,1,0,2015,IHS,
4310511,43111,1,0,2015,IHS,
4310512,43111,1,0,2015,IHS,
4310513,43111,1,0,2015,IHS,
4310514,43111,1,0,2015,IHS,
4310515,43111,1,0,2015,IHS,
4310516,43111,1,0,2015,IHS,
4310517,43111,1,0,2015,IHS,
4310518,43111,1,0,2015,IHS,
4310519,43111,0,0,2015,IHS,
4310520,43111,0,0,2015,IHS,
4310801,43115,0,0,2015,IHS,
4310802,43115,0,0,2015,IHS,
4310803,43115,0,0,2015,IHS,
4310804,43115,1,0,2015,IHS,
4310805,43115,1,0,2015,IHS,
4310806,43115,0,0,2015,IHS,
4310807,43115,1,0,2015,IHS,
4310808,43115,1,0,2015,IHS,
4310809,43115,1,0,2015,IHS,
4310810,43115,1,0,2015,IHS,
4310811,43115,1,0,2015,IHS,
4310812,43115,1,0,2015,IHS,
4310813,43115,0,0,2015,IHS,
4310814,43115,0,0,2015,IHS,
4310815,43115,1,0,2015,IHS,
4310816,43115,1,0,2015,IHS,
4310817,43115,1,0,2015,IHS,
4310818,43115,1,0,2015,IHS,
4310819,43115,0,0,2015,IHS,
4310820,43115,1,0,2015,IHS,
4311001,43115,1,0,2015,IHS,
4311002,43115,0,0,2015,IHS,
4311003,43115,0,0,2015,IHS,
4311004,43115,0,0,2015,IHS,
4311005,43115,0,0,2015,IHS,
4311006,43115,0,0,2015,IHS,
4311007,43115,0,0,2015,IHS,
4311008,43115,0,0,2015,IHS,
4311009,43115,0,0,2015,IHS,
4311010,43115,0,0,2015,IHS,
4311011,43115,1,0,2015,IHS,
4311012,43115,1,0,2015,IHS,
4311013,43115,1,0,2015,IHS,
4311014,43115,0,0,2015,IHS,
4311015,43115,1,0,2015,IHS,
4311016,43115,0,0,2015,IHS,
4311017,43115,1,0,2015,IHS,
4311018,43115,1,0,2015,IHS,
4311019,43115,1,0,2015,IHS,
4311020,43115,1,0,2015,IHS,
4311501,43115,0,0,2015,IHS,
4311502,43115,1,0,2015,IHS,
4311503,43115,1,0,2015,IHS,
4311504,43115,0,0,2015,IHS,
4311505,43115,0,0,2015,IHS,
4311506,43115,0,0,2015,IHS,
4311507,43115,1,0,2015,IHS,
4311508,43115,0,0,2015,IHS,
4311509,43115,1,0,2015,IHS,
4311510,43115,0,0,2015,IHS,
4311511,43115,0,0,2015,IHS,
4311512,43115,1,0,2015,IHS,
4311513,43115,0,0,2015,IHS,
4311514,43115,1,0,2015,IHS,
4311515,43115,0,0,2015,IHS,
4311516,43115,0,0,2015,IHS,
4311517,43115,1,0,2015,IHS,
4311518,43115,1,0,2015,IHS,
4311519,43115,0,0,2015,IHS,
4311520,43115,0,0,2015,IHS,
4311701,43115,1,0,2015,IHS,
4311702,43115,1,0,2015,IHS,
4311703,43115,1,0,2015,IHS,
4311704,43115,0,0,2015,IHS,
4311705,43115,1,0,2015,IHS,
4311706,43115,1,0,2015,IHS,
4311707,43115,0,0,2015,IHS,
4311708,43115,1,0,2015,IHS,
4311709,43115,0,0,2015,IHS,
4311710,43115,0,0,2015,IHS,
4311711,43115,0,0,2015,IHS,
4311712,43115,0,0,2015,IHS,
4311713,43115,0,0,2015,IHS,
4311714,43115,0,0,2015,IHS,
4311715,43115,1,0,2015,IHS,
4311716,43115,1,0,2015,IHS,
4311717,43115,1,0,2015,IHS,
4311718,43115,1,0,2015,IHS,
4311719,43115,0,0,2015,IHS,
4311720,43115,0,0,2015,IHS,
4312401,43115,0,0,2015,IHS,
4312402,43115,0,0,2015,IHS,
4312403,43115,0,0,2015,IHS,
4312404,43115,0,0,2015,IHS,
4312405,43115,1,0,2015,IHS,
4312406,43115,1,0,2015,IHS,
4312407,43115,1,0,2015,IHS,
4312408,43115,0,0,2015,IHS,
4312409,43115,0,0,2015,IHS,
4312410,43115,0,0,2015,IHS,
4312411,43115,0,0,2015,IHS,
4312412,43115,0,0,2015,IHS,
4312413,43115,0,0,2015,IHS,
4312414,43115,0,0,2015,IHS,
4312415,43115,0,0,2015,IHS,
4312416,43115,1,0,2015,IHS,
4312417,43115,1,0,2015,IHS,
4312418,43115,0,0,2015,IHS,
4312419,43115,1,0,2015,IHS,
4312420,43115,0,0,2015,IHS,
4312801,43115,0,0,2015,IHS,
4312802,43115,0,0,2015,IHS,
4312803,43115,0,0,2015,IHS,
4312804,43115,0,0,2015,IHS,
4312805,43115,0,0,2015,IHS,
4312806,43115,0,0,2015,IHS,
4312807,43115,0,0,2015,IHS,
4312808,43115,1,0,2015,IHS,
4312809,43115,0,0,2015,IHS,
4312810,43115,1,0,2015,IHS,
4312811,43115,0,0,2015,IHS,
4312812,43115,1,0,2015,IHS,
4312813,43115,1,0,2015,IHS,
4312814,43115,1,0,2015,IHS,
4312815,43115,1,0,2015,IHS,
4312816,43115,0,0,2015,IHS,
4312817,43115,1,0,2015,IHS,
4312818,43115,0,0,2015,IHS,
4312819,43115,0,0,2015,IHS,
4312820,43115,0,0,2015,IHS,
4313001,43115,0,0,2015,IHS,
4313002,43115,1,0,2015,IHS,
4313003,43115,1,0,2015,IHS,
4313004,43115,0,0,2015,IHS,
4313005,43115,1,0,2015,IHS,
4313006,43115,0,0,2015,IHS,
4313007,43115,0,0,2015,IHS,
4313008,43115,0,0,2015,IHS,
4313009,43115,1,0,2015,IHS,
4313010,43115,1,0,2015,IHS,
4313011,43115,1,0,2015,IHS,
4313012,43115,0,0,2015,IHS,
4313013,43115,1,0,2015,IHS,
4313014,43115,1,0,2015,IHS,
4313015,43115,0,0,2015,IHS,
4313016,43115,0,0,2015,IHS,
4313017,43115,0,0,2015,IHS,
4313018,43115,1,0,2015,IHS,
4313019,43115,1,0,2015,IHS,
4313020,43115,0,0,2015,IHS,
4313301,43115,0,0,2015,IHS,
4313302,43115,0,0,2015,IHS,
4313303,43115,0,0,2015,IHS,
4313304,43115,0,0,2015,IHS,
4313305,43115,1,0,2015,IHS,
4313306,43115,0,0,2015,IHS,
4313307,43115,1,0,2015,IHS,
4313308,43115,1,0,2015,IHS,
4313309,43115,1,0,2015,IHS,
4313310,43115,1,0,2015,IHS,
4313311,43115,1,0,2015,IHS,
4313312,43115,1,0,2015,IHS,
4313313,43115,0,0,2015,IHS,
4313314,43115,1,0,2015,IHS,
4313315,43115,0,0,2015,IHS,
4313316,43115,1,0,2015,IHS,
4313317,43115,1,0,2015,IHS,
4313318,43115,0,0,2015,IHS,
4313319,43115,1,0,2015,IHS,
4313320,43115,1,0,2015,IHS,
4313601,43110,0,1,2015,IHS,
4313602,43110,0,1,2015,IHS,
4313603,43110,0,1,2015,IHS,
4313604,43110,1,1,2015,IHS,
4313605,43110,0,1,2015,IHS,
4313606,43110,1,1,2015,IHS,
4313607,43110,0,1,2015,IHS,
4313608,43110,1,1,2015,IHS,
4313609,43110,0,1,2015,IHS,
4313610,43110,0,1,2015,IHS,
4313611,43110,0,1,2015,IHS,
4313612,43110,1,1,2015,IHS,
4313613,43110,1,1,2015,IHS,
4313614,43110,0,1,2015,IHS,
4313615,43110,0,1,2015,IHS,
4313616,43110,0,1,2015,IHS,
4313617,43110,0,1,2015,IHS,
4313618,43110,0,1,2015,IHS,
4313619,43110,0,1,2015,IHS,
4313620,43110,0,1,2015,IHS,
4314101,43106,0,1,2015,IHS,
4314102,43106,0,1,2015,IHS,
4314103,43106,0,1,2015,IHS,
4314104,43106,1,1,2015,IHS,
4314105,43106,0,1,2015,IHS,
4314106,43106,1,1,2015,IHS,
4314107,43106,0,1,2015,IHS,
4314108,43106,0,1,2015,IHS,
4314109,43106,0,1,2015,IHS,
4314110,43106,0,1,2015,IHS,
4314111,43106,0,1,2015,IHS,
4314112,43106,1,1,2015,IHS,
4314113,43106,0,1,2015,IHS,
4314114,43106,1,1,2015,IHS,
4314115,43106,1,1,2015,IHS,
4314116,43106,0,1,2015,IHS,
4314117,43106,0,1,2015,IHS,
4314118,43106,0,1,2015,IHS,
4314119,43106,1,1,2015,IHS,
4314120,43106,1,1,2015,IHS,
4314301,43117,1,1,2015,IHS,
4314302,43117,1,1,2015,IHS,
4314303,43117,1,1,2015,IHS,
4314304,43117,1,1,2015,IHS,
4314305,43117,0,1,2015,IHS,
4314306,43117,1,1,2015,IHS,
4314307,43117,0,1,2015,IHS,
4314308,43117,1,1,2015,IHS,
4314309,43117,0,1,2015,IHS,
4314310,43117,1,1,2015,IHS,
4314311,43117,1,1,2015,IHS,
4314312,43117,0,1,2015,IHS,
4314313,43117,0,1,2015,IHS,
4314314,43117,0,1,2015,IHS,
4314315,43117,0,1,2015,IHS,
4314316,43117,1,1,2015,IHS,
4314317,43117,1,1,2015,IHS,
4314318,43117,0,1,2015,IHS,
4314319,43117,0,1,2015,IHS,
4314320,43117,0,1,2015,IHS,
4314701,43119,0,1,2015,IHS,
4314702,43119,1,1,2015,IHS,
4314703,43119,0,1,2015,IHS,
4314704,43119,0,1,2015,IHS,
4314705,43119,0,1,2015,IHS,
4314706,43119,1,1,2015,IHS,
4314707,43119,0,1,2015,IHS,
4314708,43119,1,1,2015,IHS,
4314709,43119,0,1,2015,IHS,
4314710,43119,0,1,2015,IHS,
4314711,43119,0,1,2015,IHS,
4314712,43119,0,1,2015,IHS,
4314713,43119,0,1,2015,IHS,
4314714,43119,1,1,2015,IHS,
4314715,43119,0,1,2015,IHS,
4314716,43119,0,1,2015,IHS,
4314717,43119,0,1,2015,IHS,
4314718,43119,0,1,2015,IHS,
4314719,43119,1,1,2015,IHS,
4314720,43119,0,1,2015,IHS,
4320301,43204,0,1,2015,IHS,
4320302,43204,0,1,2015,IHS,
4320303,43204,0,1,2015,IHS,
4320304,43204,1,1,2015,IHS,
4320305,43204,0,1,2015,IHS,
4320306,43204,0,1,2015,IHS,
4320307,43204,0,1,2015,IHS,
4320308,43204,0,1,2015,IHS,
4320309,43204,0,1,2015,IHS,
4320310,43204,1,1,2015,IHS,
4320311,43204,0,1,2015,IHS,
4320312,43204,1,1,2015,IHS,
4320313,43204,1,1,2015,IHS,
4320314,43204,0,1,2015,IHS,
4320315,43204,1,1,2015,IHS,
4320316,43204,0,1,2015,IHS,
4320317,43204,0,1,2015,IHS,
4320318,43204,0,1,2015,IHS,
4320319,43204,0,1,2015,IHS,
4320320,43204,0,1,2015,IHS,
4320701,43202,0,1,2015,IHS,
4320702,43202,1,1,2015,IHS,
4320703,43202,0,1,2015,IHS,
4320704,43202,0,1,2015,IHS,
4320705,43202,0,1,2015,IHS,
4320706,43202,0,1,2015,IHS,
4320707,43202,0,1,2015,IHS,
4320708,43202,0,1,2015,IHS,
4320709,43202,0,1,2015,IHS,
4320710,43202,0,1,2015,IHS,
4320711,43202,0,1,2015,IHS,
4320712,43202,0,1,2015,IHS,
4320713,43202,1,1,2015,IHS,
4320714,43202,0,1,2015,IHS,
4320715,43202,1,1,2015,IHS,
4320716,43202,1,1,2015,IHS,
4320717,43202,1,1,2015,IHS,
4320718,43202,1,1,2015,IHS,
4320719,43202,1,1,2015,IHS,
4320720,43202,1,1,2015,IHS,
4321201,43201,0,1,2015,IHS,
4321202,43201,1,1,2015,IHS,
4321203,43201,0,1,2015,IHS,
4321204,43201,0,1,2015,IHS,
4321205,43201,0,1,2015,IHS,
4321206,43201,0,1,2015,IHS,
4321207,43201,0,1,2015,IHS,
4321208,43201,0,1,2015,IHS,
4321209,43201,0,1,2015,IHS,
4321210,43201,0,1,2015,IHS,
4321211,43201,0,1,2015,IHS,
4321212,43201,1,1,2015,IHS,
4321213,43201,0,1,2015,IHS,
4321214,43201,0,1,2015,IHS,
4321215,43201,1,1,2015,IHS,
4321216,43201,0,1,2015,IHS,
4321217,43201,0,1,2015,IHS,
4321218,43201,0,1,2015,IHS,
4321219,43201,0,1,2015,IHS,
4321220,43201,1,1,2015,IHS,
4410301,44111,1,1,2015,IHS,
4410302,44113,0,1,2015,IHS,
4410303,44113,1,1,2015,IHS,
4410304,44113,0,1,2015,IHS,
4410305,44113,1,1,2015,IHS,
4410306,44111,0,1,2015,IHS,
4410307,44111,0,1,2015,IHS,
4410308,44105,1,1,2015,IHS,
4410309,44113,1,1,2015,IHS,
4410310,44111,0,1,2015,IHS,
4410311,44105,0,1,2015,IHS,
4410312,44113,1,1,2015,IHS,
4410313,44113,1,1,2015,IHS,
4410314,44113,0,1,2015,IHS,
4410315,44105,0,1,2015,IHS,
4410316,44113,0,1,2015,IHS,
4410317,44105,1,1,2015,IHS,
4410318,44105,1,1,2015,IHS,
4410319,44113,0,1,2015,IHS,
4410320,44113,0,1,2015,IHS,
4410501,44102,0,1,2015,IHS,
4410502,44109,0,1,2015,IHS,
4410503,44102,0,1,2015,IHS,
4410504,44102,0,1,2015,IHS,
4410505,44102,1,1,2015,IHS,
4410506,44102,1,1,2015,IHS,
4410507,44102,0,1,2015,IHS,
4410508,44102,0,1,2015,IHS,
4410509,44102,1,1,2015,IHS,
4410510,44109,0,1,2015,IHS,
4410511,44109,0,1,2015,IHS,
4410512,44109,1,1,2015,IHS,
4410513,44102,1,1,2015,IHS,
4410514,44102,0,1,2015,IHS,
4410515,44109,0,1,2015,IHS,
4410516,44109,1,1,2015,IHS,
4410517,44102,0,1,2015,IHS,
4410518,44102,0,1,2015,IHS,
4410519,44102,0,1,2015,IHS,
4410520,44109,0,1,2015,IHS,
4410701,44107,0,1,2015,IHS,
4410702,44107,0,1,2015,IHS,
4410703,44107,0,1,2015,IHS,
4410704,44107,0,1,2015,IHS,
4410705,44107,0,1,2015,IHS,
4410706,44107,1,1,2015,IHS,
4410707,44107,1,1,2015,IHS,
4410708,44107,1,1,2015,IHS,
4410709,44107,0,1,2015,IHS,
4410710,44107,0,1,2015,IHS,
4410711,44107,0,1,2015,IHS,
4410712,44107,1,1,2015,IHS,
4410713,44107,0,1,2015,IHS,
4410714,44107,1,1,2015,IHS,
4410715,44107,1,1,2015,IHS,
4410716,44107,1,1,2015,IHS,
4410717,44107,1,1,2015,IHS,
4410718,44107,0,1,2015,IHS,
4410719,44107,0,1,2015,IHS,
4410720,44107,0,1,2015,IHS,
4410801,44106,1,1,2015,IHS,
4410802,44106,1,1,2015,IHS,
4410803,44106,1,1,2015,IHS,
4410804,44106,1,1,2015,IHS,
4410805,44106,1,1,2015,IHS,
4410806,44106,1,1,2015,IHS,
4410807,44106,1,1,2015,IHS,
4410808,44106,1,1,2015,IHS,
4410809,44106,1,1,2015,IHS,
4410810,44106,1,1,2015,IHS,
4410811,44106,0,1,2015,IHS,
4410812,44106,0,1,2015,IHS,
4410813,44106,0,1,2015,IHS,
4410814,44106,1,1,2015,IHS,
4410815,44106,0,1,2015,IHS,
4410816,44106,0,1,2015,IHS,
4410817,44106,0,1,2015,IHS,
4410818,44106,0,1,2015,IHS,
4410819,44106,1,1,2015,IHS,
4410820,44106,1,1,2015,IHS,
4411001,44106,0,1,2015,IHS,
4411002,44106,0,1,2015,IHS,
4411003,44106,0,1,2015,IHS,
4411004,44106,1,1,2015,IHS,
4411005,44106,1,1,2015,IHS,
4411006,44106,0,1,2015,IHS,
4411007,44106,0,1,2015,IHS,
4411008,44106,0,1,2015,IHS,
4411009,44106,1,1,2015,IHS,
4411010,44106,1,1,2015,IHS,
4411011,44106,1,1,2015,IHS,
4411012,44106,0,1,2015,IHS,
4411013,44106,1,1,2015,IHS,
4411014,44106,1,1,2015,IHS,
4411015,44106,1,1,2015,IHS,
4411016,44106,0,1,2015,IHS,
4411017,44106,1,1,2015,IHS,
4411018,44106,0,1,2015,IHS,
4411019,44106,0,1,2015,IHS,
4411020,44106,0,1,2015,IHS,
4420201,44204,0,1,2015,IHS,
4420202,44204,0,1,2015,IHS,
4420203,44204,0,1,2015,IHS,
4420204,44204,0,1,2015,IHS,
4420205,44204,1,1,2015,IHS,
4420206,44204,0,1,2015,IHS,
4420207,44202,0,1,2015,IHS,
4420208,44202,0,1,2015,IHS,
4420209,44202,0,1,2015,IHS,
4420210,44202,1,1,2015,IHS,
4420211,44202,0,1,2015,IHS,
4420212,44202,0,1,2015,IHS,
4420213,44202,0,1,2015,IHS,
4420214,44202,0,1,2015,IHS,
4420215,44202,1,1,2015,IHS,
4420216,44202,0,1,2015,IHS,
4420217,44202,0,1,2015,IHS,
4420218,44202,1,1,2015,IHS,
4420219,44202,1,1,2015,IHS,
4420220,44202,1,1,2015,IHS,
4420301,44201,0,1,2015,IHS,
4420302,44201,0,1,2015,IHS,
4420303,44201,0,1,2015,IHS,
4420304,44201,1,1,2015,IHS,
4420305,44201,0,1,2015,IHS,
4420306,44201,0,1,2015,IHS,
4420307,44201,0,1,2015,IHS,
4420308,44201,0,1,2015,IHS,
4420309,44201,0,1,2015,IHS,
4420310,44201,0,1,2015,IHS,
4420311,44201,1,1,2015,IHS,
4420312,44201,0,1,2015,IHS,
4420313,44201,0,1,2015,IHS,
4420314,44201,0,1,2015,IHS,
4420315,44201,0,1,2015,IHS,
4420316,44201,1,1,2015,IHS,
4420317,44201,1,1,2015,IHS,
4420318,44201,1,1,2015,IHS,
4420319,44201,1,1,2015,IHS,
4420320,44201,0,1,2015,IHS,
4420401,44206,0,1,2015,IHS,
4420402,44206,0,1,2015,IHS,
4420403,44206,0,1,2015,IHS,
4420404,44206,1,1,2015,IHS,
4420405,44206,0,1,2015,IHS,
4420406,44206,1,1,2015,IHS,
4420407,44206,0,1,2015,IHS,
4420408,44206,0,1,2015,IHS,
4420409,44206,1,1,2015,IHS,
4420410,44206,0,1,2015,IHS,
4420411,44206,0,1,2015,IHS,
4420412,44206,0,1,2015,IHS,
4420413,44206,1,1,2015,IHS,
4420414,44206,1,1,2015,IHS,
4420415,44206,1,1,2015,IHS,
4420416,44206,1,1,2015,IHS,
4420417,44206,0,1,2015,IHS,
4420418,44206,0,1,2015,IHS,
4420419,44206,0,1,2015,IHS,
4420420,44206,0,1,2015,IHS,
4420501,44206,1,1,2015,IHS,
4420502,44206,0,1,2015,IHS,
4420503,44206,0,1,2015,IHS,
4420504,44206,1,1,2015,IHS,
4420505,44206,0,1,2015,IHS,
4420506,44206,0,1,2015,IHS,
4420507,44206,0,1,2015,IHS,
4420508,44206,0,1,2015,IHS,
4420509,44206,0,1,2015,IHS,
4420510,44206,0,1,2015,IHS,
4420511,44206,0,1,2015,IHS,
4420512,44206,0,1,2015,IHS,
4420513,44206,0,1,2015,IHS,
4420514,44206,0,1,2015,IHS,
4420515,44206,0,1,2015,IHS,
4420516,44206,0,1,2015,IHS,
4420517,44206,0,1,2015,IHS,
4420518,44206,1,1,2015,IHS,
4420519,44206,0,1,2015,IHS,
4420520,44206,1,1,2015,IHS,
4420601,44206,0,1,2015,IHS,
4420602,44206,0,1,2015,IHS,
4420603,44206,0,1,2015,IHS,
4420604,44206,0,1,2015,IHS,
4420605,44206,1,1,2015,IHS,
4420606,44206,0,1,2015,IHS,
4420607,44206,0,1,2015,IHS,
4420608,44206,0,1,2015,IHS,
4420609,44206,0,1,2015,IHS,
4420610,44206,0,1,2015,IHS,
4420611,44206,0,1,2015,IHS,
4420612,44206,0,1,2015,IHS,
4420613,44206,0,1,2015,IHS,
4420614,44206,0,1,2015,IHS,
4420615,44206,0,1,2015,IHS,
4420616,44206,0,1,2015,IHS,
4420617,44206,0,1,2015,IHS,
4420618,44206,0,1,2015,IHS,
4420619,44206,0,1,2015,IHS,
4420620,44206,0,1,2015,IHS,
4420701,44206,0,1,2015,IHS,
4420702,44206,1,1,2015,IHS,
4420703,44206,0,1,2015,IHS,
4420704,44206,1,1,2015,IHS,
4420705,44206,1,1,2015,IHS,
4420706,44206,0,1,2015,IHS,
4420707,44206,0,1,2015,IHS,
4420708,44206,0,1,2015,IHS,
4420709,44206,0,1,2015,IHS,
4420710,44206,0,1,2015,IHS,
4420711,44206,0,1,2015,IHS,
4420712,44206,0,1,2015,IHS,
4420713,44206,0,1,2015,IHS,
4420714,44206,0,1,2015,IHS,
4420715,44206,0,1,2015,IHS,
4420716,44206,0,1,2015,IHS,
4420717,44206,1,1,2015,IHS,
4420718,44206,0,1,2015,IHS,
4420719,44206,0,1,2015,IHS,
4420720,44206,0,1,2015,IHS,
4420901,44206,1,1,2015,IHS,
4420902,44206,1,1,2015,IHS,
4420903,44206,0,1,2015,IHS,
4420904,44206,0,1,2015,IHS,
4420905,44206,0,1,2015,IHS,
4420906,44206,0,1,2015,IHS,
4420907,44206,0,1,2015,IHS,
4420908,44206,0,1,2015,IHS,
4420909,44206,0,1,2015,IHS,
4420910,44206,0,1,2015,IHS,
4420911,44206,1,1,2015,IHS,
4420912,44206,1,1,2015,IHS,
4420913,44206,0,1,2015,IHS,
4420914,44206,0,1,2015,IHS,
4420915,44206,0,1,2015,IHS,
4420916,44206,0,1,2015,IHS,
4420917,44206,0,1,2015,IHS,
4420918,44206,0,1,2015,IHS,
4420919,44206,0,1,2015,IHS,
4420920,44206,0,1,2015,IHS,
4421001,44211,0,1,2015,IHS,
4421002,44208,0,1,2015,IHS,
4421003,44208,0,1,2015,IHS,
4421004,44203,0,1,2015,IHS,
4421005,44203,0,1,2015,IHS,
4421006,44211,0,1,2015,IHS,
4421007,44208,0,1,2015,IHS,
4421008,44203,0,1,2015,IHS,
4421009,44203,0,1,2015,IHS,
4421010,44203,1,1,2015,IHS,
4421011,44211,0,1,2015,IHS,
4421012,44208,0,1,2015,IHS,
4421013,44203,0,1,2015,IHS,
4421014,44203,0,1,2015,IHS,
4421015,44208,0,1,2015,IHS,
4421016,44203,1,1,2015,IHS,
4421017,44203,1,1,2015,IHS,
4421018,44203,0,1,2015,IHS,
4421019,44203,0,1,2015,IHS,
4421020,44208,0,1,2015,IHS,
4421101,44212,0,1,2015,IHS,
4421102,44212,0,1,2015,IHS,
4421103,44212,0,1,2015,IHS,
4421104,44209,1,1,2015,IHS,
4421105,44212,0,1,2015,IHS,
4421106,44212,0,1,2015,IHS,
4421107,44212,0,1,2015,IHS,
4421108,44212,0,1,2015,IHS,
4421109,44212,0,1,2015,IHS,
4421110,44212,0,1,2015,IHS,
4421111,44212,0,1,2015,IHS,
4421112,44212,0,1,2015,IHS,
4421113,44212,1,1,2015,IHS,
4421114,44212,1,1,2015,IHS,
4421115,44209,0,1,2015,IHS,
4421116,44212,0,1,2015,IHS,
4421117,44212,0,1,2015,IHS,
4421118,44212,0,1,2015,IHS,
4421119,44212,0,1,2015,IHS,
4421120,44212,0,1,2015,IHS,
4510201,45109,0,1,2015,IHS,
4510202,45109,0,1,2015,IHS,
4510203,45109,0,1,2015,IHS,
4510204,45109,0,1,2015,IHS,
4510205,45109,0,1,2015,IHS,
4510206,45109,0,1,2015,IHS,
4510207,45109,0,1,2015,IHS,
4510208,45109,0,1,2015,IHS,
4510209,45109,0,1,2015,IHS,
4510210,45109,0,1,2015,IHS,
4510211,45109,0,1,2015,IHS,
4510212,45109,1,1,2015,IHS,
4510213,45109,0,1,2015,IHS,
4510214,45109,1,1,2015,IHS,
4510215,45109,1,1,2015,IHS,
4510216,45109,0,1,2015,IHS,
4510217,45109,0,1,2015,IHS,
4510218,45109,0,1,2015,IHS,
4510219,45109,1,1,2015,IHS,
4510220,45109,0,1,2015,IHS,
4510401,45109,0,1,2015,IHS,
4510402,45109,0,1,2015,IHS,
4510403,45109,0,1,2015,IHS,
4510404,45109,1,1,2015,IHS,
4510405,45109,0,1,2015,IHS,
4510406,45109,0,1,2015,IHS,
4510407,45109,0,1,2015,IHS,
4510408,45109,0,1,2015,IHS,
4510409,45109,0,1,2015,IHS,
4510410,45109,0,1,2015,IHS,
4510411,45109,0,1,2015,IHS,
4510412,45109,1,1,2015,IHS,
4510413,45109,0,1,2015,IHS,
4510414,45109,0,1,2015,IHS,
4510415,45109,1,1,2015,IHS,
4510416,45109,0,1,2015,IHS,
4510417,45109,0,1,2015,IHS,
4510418,45109,0,1,2015,IHS,
4510419,45109,0,1,2015,IHS,
4510420,45109,0,1,2015,IHS,
4510601,45107,1,1,2015,IHS,
4510602,45107,0,1,2015,IHS,
4510603,45107,0,1,2015,IHS,
4510604,45108,0,1,2015,IHS,
4510605,45108,0,1,2015,IHS,
4510606,45107,0,1,2015,IHS,
4510607,45108,0,1,2015,IHS,
4510608,45107,1,1,2015,IHS,
4510609,45107,0,1,2015,IHS,
4510610,45107,1,1,2015,IHS,
4510611,45108,0,1,2015,IHS,
4510612,45107,0,1,2015,IHS,
4510613,45107,0,1,2015,IHS,
4510614,45108,0,1,2015,IHS,
4510615,45108,1,1,2015,IHS,
4510616,45107,0,1,2015,IHS,
4510617,45107,0,1,2015,IHS,
4510618,45107,0,1,2015,IHS,
4510619,45107,0,1,2015,IHS,
4510620,45108,0,1,2015,IHS,
4510801,45120,1,1,2015,IHS,
4510802,45120,0,1,2015,IHS,
4510803,45120,1,1,2015,IHS,
4510804,45120,1,1,2015,IHS,
4510805,45120,1,1,2015,IHS,
4510806,45120,1,1,2015,IHS,
4510807,45120,1,1,2015,IHS,
4510808,45120,1,1,2015,IHS,
4510809,45120,0,1,2015,IHS,
4510810,45120,1,1,2015,IHS,
4510811,45120,0,1,2015,IHS,
4510812,45120,1,1,2015,IHS,
4510813,45120,0,1,2015,IHS,
4510814,45120,0,1,2015,IHS,
4510815,45120,0,1,2015,IHS,
4510816,45120,0,1,2015,IHS,
4510817,45120,0,1,2015,IHS,
4510818,45120,0,1,2015,IHS,
4510819,45120,0,1,2015,IHS,
4510820,45120,0,1,2015,IHS,
4510901,45120,0,1,2015,IHS,
4510902,45120,1,1,2015,IHS,
4510903,45120,1,1,2015,IHS,
4510904,45120,1,1,2015,IHS,
4510905,45120,0,1,2015,IHS,
4510906,45120,0,1,2015,IHS,
4510907,45120,1,1,2015,IHS,
4510908,45120,1,1,2015,IHS,
4510909,45120,1,1,2015,IHS,
4510910,45120,0,1,2015,IHS,
4510911,45120,0,1,2015,IHS,
4510912,45120,0,1,2015,IHS,
4510913,45120,0,1,2015,IHS,
4510914,45120,0,1,2015,IHS,
4510915,45120,0,1,2015,IHS,
4510916,45120,0,1,2015,IHS,
4510917,45120,0,1,2015,IHS,
4510918,45120,0,1,2015,IHS,
4510919,45120,0,1,2015,IHS,
4510920,45120,0,1,2015,IHS,
4511301,45113,1,1,2015,IHS,
4511302,45113,1,1,2015,IHS,
4511303,45113,0,1,2015,IHS,
4511304,45113,1,1,2015,IHS,
4511305,45113,0,1,2015,IHS,
4511306,45113,0,1,2015,IHS,
4511307,45113,0,1,2015,IHS,
4511308,45113,0,1,2015,IHS,
4511309,45113,0,1,2015,IHS,
4511310,45113,1,1,2015,IHS,
4511311,45113,0,1,2015,IHS,
4511312,45113,1,1,2015,IHS,
4511313,45113,1,1,2015,IHS,
4511314,45113,1,1,2015,IHS,
4511315,45113,1,1,2015,IHS,
4511316,45113,1,1,2015,IHS,
4511317,45113,0,1,2015,IHS,
4511318,45113,0,1,2015,IHS,
4511319,45113,0,1,2015,IHS,
4511320,45113,0,1,2015,IHS,
4511401,45103,0,1,2015,IHS,
4511402,45103,1,1,2015,IHS,
4511403,45103,0,1,2015,IHS,
4511404,45103,0,1,2015,IHS,
4511405,45103,0,1,2015,IHS,
4511406,45103,0,1,2015,IHS,
4511407,45103,0,1,2015,IHS,
4511408,45103,0,1,2015,IHS,
4511409,45103,0,1,2015,IHS,
4511410,45103,0,1,2015,IHS,
4511411,45103,1,1,2015,IHS,
4511412,45103,1,1,2015,IHS,
4511413,45103,1,1,2015,IHS,
4511414,45103,0,1,2015,IHS,
4511415,45103,0,1,2015,IHS,
4511416,45103,0,1,2015,IHS,
4511417,45103,1,1,2015,IHS,
4511418,45103,1,1,2015,IHS,
4511419,45103,1,1,2015,IHS,
4511420,45103,1,1,2015,IHS,
4511601,45103,0,1,2015,IHS,
4511602,45103,0,1,2015,IHS,
4511603,45103,0,1,2015,IHS,
4511604,45103,1,1,2015,IHS,
4511605,45103,1,1,2015,IHS,
4511606,45103,1,1,2015,IHS,
4511607,45103,0,1,2015,IHS,
4511608,45103,0,1,2015,IHS,
4511609,45103,1,1,2015,IHS,
4511610,45103,1,1,2015,IHS,
4511611,45103,1,1,2015,IHS,
4511612,45103,1,1,2015,IHS,
4511613,45103,0,1,2015,IHS,
4511614,45103,0,1,2015,IHS,
4511615,45103,0,1,2015,IHS,
4511616,45103,0,1,2015,IHS,
4511617,45103,0,1,2015,IHS,
4511618,45103,1,1,2015,IHS,
4511619,45103,0,1,2015,IHS,
4511620,45103,1,1,2015,IHS,
4511801,45110,0,1,2015,IHS,
4511802,45112,0,1,2015,IHS,
4511803,45101,0,1,2015,IHS,
4511804,45101,0,1,2015,IHS,
4511805,45110,1,1,2015,IHS,
4511806,45110,1,1,2015,IHS,
4511807,45101,0,1,2015,IHS,
4511808,45101,1,1,2015,IHS,
4511809,45110,0,1,2015,IHS,
4511810,45110,0,1,2015,IHS,
4511811,45110,1,1,2015,IHS,
4511812,45110,1,1,2015,IHS,
4511813,45101,1,1,2015,IHS,
4511814,45101,1,1,2015,IHS,
4511815,45110,0,1,2015,IHS,
4511816,45110,0,1,2015,IHS,
4511817,45110,0,1,2015,IHS,
4511818,45112,0,1,2015,IHS,
4511819,45101,0,1,2015,IHS,
4511820,45101,0,1,2015,IHS,
4512201,45119,0,1,2015,IHS,
4512202,45119,0,1,2015,IHS,
4512203,45119,1,1,2015,IHS,
4512204,45119,0,1,2015,IHS,
4512205,45119,0,1,2015,IHS,
4512206,45119,0,1,2015,IHS,
4512207,45119,0,1,2015,IHS,
4512208,45119,0,1,2015,IHS,
4512209,45119,0,1,2015,IHS,
4512210,45119,1,1,2015,IHS,
4512211,45119,0,1,2015,IHS,
4512212,45119,1,1,2015,IHS,
4512213,45119,0,1,2015,IHS,
4512214,45119,1,1,2015,IHS,
4512215,45119,0,1,2015,IHS,
4512216,45119,1,1,2015,IHS,
4512217,45119,1,1,2015,IHS,
4512218,45119,1,1,2015,IHS,
4512219,45119,0,1,2015,IHS,
4512220,45119,0,1,2015,IHS,
4512401,45119,1,1,2015,IHS,
4512402,45119,1,1,2015,IHS,
4512403,45119,1,1,2015,IHS,
4512404,45119,1,1,2015,IHS,
4512405,45119,0,1,2015,IHS,
4512406,45119,0,1,2015,IHS,
4512407,45119,0,1,2015,IHS,
4512408,45119,0,1,2015,IHS,
4512409,45119,1,1,2015,IHS,
4512410,45119,0,1,2015,IHS,
4512411,45119,0,1,2015,IHS,
4512412,45119,0,1,2015,IHS,
4512413,45119,0,1,2015,IHS,
4512414,45119,0,1,2015,IHS,
4512415,45119,0,1,2015,IHS,
4512416,45119,0,1,2015,IHS,
4512417,45119,0,1,2015,IHS,
4512418,45119,0,1,2015,IHS,
4512419,45119,0,1,2015,IHS,
4512420,45119,0,1,2015,IHS,
4520201,45207,0,1,2015,IHS,
4520202,45207,0,1,2015,IHS,
4520203,45207,0,1,2015,IHS,
4520204,45207,0,1,2015,IHS,
4520205,45207,0,1,2015,IHS,
4520206,45207,0,1,2015,IHS,
4520207,45207,0,1,2015,IHS,
4520208,45207,0,1,2015,IHS,
4520209,45207,0,1,2015,IHS,
4520210,45207,0,1,2015,IHS,
4520211,45207,0,1,2015,IHS,
4520212,45207,0,1,2015,IHS,
4520213,45207,0,1,2015,IHS,
4520214,45207,1,1,2015,IHS,
4520215,45207,0,1,2015,IHS,
4520216,45207,0,1,2015,IHS,
4520217,45207,0,1,2015,IHS,
4520218,45207,1,1,2015,IHS,
4520219,45207,1,1,2015,IHS,
4520220,45207,0,1,2015,IHS,
4520401,45209,0,1,2015,IHS,
4520402,45209,1,1,2015,IHS,
4520403,45209,1,1,2015,IHS,
4520404,45209,0,1,2015,IHS,
4520405,45202,0,1,2015,IHS,
4520406,45209,0,1,2015,IHS,
4520407,45209,0,1,2015,IHS,
4520408,45209,0,1,2015,IHS,
4520409,45210,0,1,2015,IHS,
4520410,45209,0,1,2015,IHS,
4520411,45209,0,1,2015,IHS,
4520412,45210,0,1,2015,IHS,
4520413,45210,0,1,2015,IHS,
4520414,45209,0,1,2015,IHS,
4520415,45209,0,1,2015,IHS,
4520416,45209,0,1,2015,IHS,
4520417,45209,1,1,2015,IHS,
4520418,45209,1,1,2015,IHS,
4520419,45209,0,1,2015,IHS,
4520420,45210,0,1,2015,IHS,
4520701,45211,0,1,2015,IHS,
4520702,45211,0,1,2015,IHS,
4520703,45211,0,1,2015,IHS,
4520704,45211,0,1,2015,IHS,
4520705,45211,1,1,2015,IHS,
4520706,45211,1,1,2015,IHS,
4520707,45211,0,1,2015,IHS,
4520708,45211,0,1,2015,IHS,
4520709,45211,0,1,2015,IHS,
4520710,45211,1,1,2015,IHS,
4520711,45211,0,1,2015,IHS,
4520712,45211,0,1,2015,IHS,
4520713,45211,0,1,2015,IHS,
4520714,45211,1,1,2015,IHS,
4520715,45211,0,1,2015,IHS,
4520716,45211,0,1,2015,IHS,
4520717,45211,1,1,2015,IHS,
4520718,45211,1,1,2015,IHS,
4520719,45211,1,1,2015,IHS,
4520720,45211,1,1,2015,IHS,
4521101,45201,0,1,2015,IHS,
4521102,45201,0,1,2015,IHS,
4521103,45201,0,1,2015,IHS,
4521104,45201,0,1,2015,IHS,
4521105,45201,0,1,2015,IHS,
4521106,45201,0,1,2015,IHS,
4521107,45201,0,1,2015,IHS,
4521108,45201,0,1,2015,IHS,
4521109,45201,0,1,2015,IHS,
4521110,45201,0,1,2015,IHS,
4521111,45201,0,1,2015,IHS,
4521112,45201,0,1,2015,IHS,
4521113,45201,1,1,2015,IHS,
4521114,45201,1,1,2015,IHS,
4521115,45201,1,1,2015,IHS,
4521116,45201,0,1,2015,IHS,
4521117,45201,1,1,2015,IHS,
4521118,45201,1,1,2015,IHS,
4521119,45201,1,1,2015,IHS,
4521120,45201,1,1,2015,IHS,
4521401,45205,0,1,2015,IHS,
4521402,45206,0,1,2015,IHS,
4521403,45206,1,1,2015,IHS,
4521404,45206,0,1,2015,IHS,
4521405,45206,0,1,2015,IHS,
4521406,45206,0,1,2015,IHS,
4521407,45205,0,1,2015,IHS,
4521408,45205,0,1,2015,IHS,
4521409,45205,0,1,2015,IHS,
4521410,45206,0,1,2015,IHS,
4521411,45206,0,1,2015,IHS,
4521412,45205,0,1,2015,IHS,
4521413,45205,0,1,2015,IHS,
4521414,45206,0,1,2015,IHS,
4521415,45205,0,1,2015,IHS,
4521416,45206,0,1,2015,IHS,
4521417,45206,0,1,2015,IHS,
4521418,45206,0,1,2015,IHS,
4521419,45206,0,1,2015,IHS,
4521420,45206,1,1,2015,IHS,
5011301,50130,1,0,2015,IHS,
5011302,50130,0,0,2015,IHS,
5011303,50130,0,0,2015,IHS,
5011304,50130,1,0,2015,IHS,
5011305,50130,1,0,2015,IHS,
5011306,50130,1,0,2015,IHS,
5011307,50130,0,0,2015,IHS,
5011308,50130,0,0,2015,IHS,
5011309,50130,0,0,2015,IHS,
5011310,50130,0,0,2015,IHS,
5011311,50130,1,0,2015,IHS,
5011312,50130,1,0,2015,IHS,
5011313,50130,1,0,2015,IHS,
5011314,50130,0,0,2015,IHS,
5011315,50130,1,0,2015,IHS,
5011316,50130,1,0,2015,IHS,
5011317,50130,0,0,2015,IHS,
5011318,50130,1,0,2015,IHS,
5011319,50130,0,0,2015,IHS,
5011320,50130,0,0,2015,IHS,
5011801,50130,1,0,2015,IHS,
5011802,50130,0,0,2015,IHS,
5011803,50130,1,0,2015,IHS,
5011804,50130,1,0,2015,IHS,
5011805,50130,1,0,2015,IHS,
5011806,50130,1,0,2015,IHS,
5011807,50130,1,0,2015,IHS,
5011808,50130,1,0,2015,IHS,
5011810,50130,0,0,2015,IHS,
5011811,50130,1,0,2015,IHS,
5011812,50130,1,0,2015,IHS,
5011813,50130,1,0,2015,IHS,
5011814,50130,1,0,2015,IHS,
5011815,50130,1,0,2015,IHS,
5011816,50130,1,0,2015,IHS,
5011817,50130,1,0,2015,IHS,
5011818,50130,1,0,2015,IHS,
5011819,50130,1,0,2015,IHS,
5011820,50130,0,0,2015,IHS,
5011821,50130,0,0,2015,IHS,
5012201,50130,1,0,2015,IHS,
5012202,50130,0,0,2015,IHS,
5012203,50130,1,0,2015,IHS,
5012204,50130,1,0,2015,IHS,
5012205,50130,0,0,2015,IHS,
5012206,50130,1,0,2015,IHS,
5012207,50130,1,0,2015,IHS,
5012208,50130,0,0,2015,IHS,
5012209,50130,0,0,2015,IHS,
5012210,50130,0,0,2015,IHS,
5012211,50130,0,0,2015,IHS,
5012212,50130,1,0,2015,IHS,
5012213,50130,1,0,2015,IHS,
5012214,50130,1,0,2015,IHS,
5012215,50130,1,0,2015,IHS,
5012216,50130,1,0,2015,IHS,
5012217,50130,1,0,2015,IHS,
5012218,50130,0,0,2015,IHS,
5012219,50130,0,0,2015,IHS,
5012220,50130,0,0,2015,IHS,
5012301,50130,0,0,2015,IHS,
5012302,50130,1,0,2015,IHS,
5012303,50130,0,0,2015,IHS,
5012304,50130,1,0,2015,IHS,
5012306,50130,1,0,2015,IHS,
5012307,50130,1,0,2015,IHS,
5012308,50130,1,0,2015,IHS,
5012309,50130,0,0,2015,IHS,
5012310,50130,0,0,2015,IHS,
5012311,50130,1,0,2015,IHS,
5012312,50130,1,0,2015,IHS,
5012313,50130,0,0,2015,IHS,
5012314,50130,1,0,2015,IHS,
5012315,50130,0,0,2015,IHS,
5012316,50130,1,0,2015,IHS,
5012317,50130,0,0,2015,IHS,
5012318,50130,1,0,2015,IHS,
5012319,50130,0,0,2015,IHS,
5012320,50130,1,0,2015,IHS,
5012321,50130,1,0,2015,IHS,
5012601,50130,1,0,2015,IHS,
5012602,50130,0,0,2015,IHS,
5012603,50130,0,0,2015,IHS,
5012604,50130,0,0,2015,IHS,
5012605,50130,0,0,2015,IHS,
5012606,50130,1,0,2015,IHS,
5012607,50130,1,0,2015,IHS,
5012608,50130,0,0,2015,IHS,
5012609,50130,0,0,2015,IHS,
5012610,50130,1,0,2015,IHS,
5012611,50130,0,0,2015,IHS,
5012612,50130,0,0,2015,IHS,
5012613,50130,1,0,2015,IHS,
5012614,50130,1,0,2015,IHS,
5012615,50130,0,0,2015,IHS,
5012616,50130,1,0,2015,IHS,
5012617,50130,1,0,2015,IHS,
5012618,50130,0,0,2015,IHS,
5012619,50130,1,0,2015,IHS,
5012620,50130,0,0,2015,IHS,
5012701,50130,1,0,2015,IHS,
5012702,50130,1,0,2015,IHS,
5012703,50130,1,0,2015,IHS,
5012704,50130,1,0,2015,IHS,
5012705,50130,1,0,2015,IHS,
5012706,50130,1,0,2015,IHS,
5012707,50130,0,0,2015,IHS,
5012708,50130,0,0,2015,IHS,
5012709,50130,1,0,2015,IHS,
5012710,50130,0,0,2015,IHS,
5012711,50130,0,0,2015,IHS,
5012712,50130,1,0,2015,IHS,
5012713,50130,1,0,2015,IHS,
5012714,50130,1,0,2015,IHS,
5012715,50130,1,0,2015,IHS,
5012716,50130,1,0,2015,IHS,
5012717,50130,0,0,2015,IHS,
5012718,50130,0,0,2015,IHS,
5012719,50130,1,0,2015,IHS,
5012722,50130,0,0,2015,IHS,
5013001,50130,1,0,2015,IHS,
5013002,50130,0,0,2015,IHS,
5013003,50130,1,0,2015,IHS,
5013004,50130,1,0,2015,IHS,
5013005,50130,1,0,2015,IHS,
5013007,50130,1,0,2015,IHS,
5013008,50130,1,0,2015,IHS,
5013009,50130,1,0,2015,IHS,
5013010,50130,1,0,2015,IHS,
5013011,50130,1,0,2015,IHS,
5013012,50130,1,0,2015,IHS,
5013013,50130,1,0,2015,IHS,
5013014,50130,1,0,2015,IHS,
5013015,50130,1,0,2015,IHS,
5013017,50130,0,0,2015,IHS,
5013018,50130,1,0,2015,IHS,
5013019,50130,1,0,2015,IHS,
5013020,50130,1,0,2015,IHS,
5013021,50130,0,0,2015,IHS,
5013022,50130,1,0,2015,IHS,
5013201,50130,0,0,2015,IHS,
5013202,50130,1,0,2015,IHS,
5013203,50130,0,0,2015,IHS,
5013204,50130,1,0,2015,IHS,
5013205,50130,1,0,2015,IHS,
5013206,50130,1,0,2015,IHS,
5013207,50130,1,0,2015,IHS,
5013208,50130,1,0,2015,IHS,
5013209,50130,1,0,2015,IHS,
5013210,50130,1,0,2015,IHS,
5013211,50130,0,0,2015,IHS,
5013212,50130,1,0,2015,IHS,
5013213,50130,0,0,2015,IHS,
5013214,50130,1,0,2015,IHS,
5013215,50130,0,0,2015,IHS,
5013216,50130,0,0,2015,IHS,
5013217,50130,0,0,2015,IHS,
5013218,50130,0,0,2015,IHS,
5013219,50130,0,0,2015,IHS,
5013220,50130,0,0,2015,IHS,
5013501,50120,0,1,2015,IHS,
5013502,50120,0,1,2015,IHS,
5013503,50120,0,1,2015,IHS,
5013504,50120,0,1,2015,IHS,
5013505,50120,0,1,2015,IHS,
5013506,50120,0,1,2015,IHS,
5013507,50120,1,1,2015,IHS,
5013508,50120,0,1,2015,IHS,
5013509,50120,1,1,2015,IHS,
5013510,50120,1,1,2015,IHS,
5013511,50120,1,1,2015,IHS,
5013512,50120,1,1,2015,IHS,
5013513,50120,0,1,2015,IHS,
5013514,50120,1,1,2015,IHS,
5013515,50120,0,1,2015,IHS,
5013516,50120,1,1,2015,IHS,
5013517,50120,1,1,2015,IHS,
5013518,50120,0,1,2015,IHS,
5013519,50120,1,1,2015,IHS,
5013520,50120,1,1,2015,IHS,
5013701,50120,1,1,2015,IHS,
5013702,50120,1,1,2015,IHS,
5013703,50120,1,1,2015,IHS,
5013704,50120,1,1,2015,IHS,
5013705,50120,1,1,2015,IHS,
5013706,50120,0,1,2015,IHS,
5013707,50120,0,1,2015,IHS,
5013708,50120,0,1,2015,IHS,
5013709,50120,1,1,2015,IHS,
5013710,50120,1,1,2015,IHS,
5013711,50120,1,1,2015,IHS,
5013712,50120,1,1,2015,IHS,
5013713,50120,1,1,2015,IHS,
5013714,50120,0,1,2015,IHS,
5013715,50120,1,1,2015,IHS,
5013716,50120,1,1,2015,IHS,
5013717,50120,0,1,2015,IHS,
5013718,50120,0,1,2015,IHS,
5013719,50120,0,1,2015,IHS,
5013720,50120,1,1,2015,IHS,
5014101,50127,1,0,2015,IHS,
5014102,50127,1,0,2015,IHS,
5014103,50127,1,0,2015,IHS,
5014104,50127,1,0,2015,IHS,
5014105,50127,1,0,2015,IHS,
5014106,50127,1,0,2015,IHS,
5014107,50127,0,0,2015,IHS,
5014108,50127,1,0,2015,IHS,
5014109,50127,1,0,2015,IHS,
5014110,50127,0,0,2015,IHS,
5014111,50127,1,0,2015,IHS,
5014112,50127,1,0,2015,IHS,
5014113,50127,1,0,2015,IHS,
5014114,50127,0,0,2015,IHS,
5014115,50127,1,0,2015,IHS,
5014116,50127,1,0,2015,IHS,
5014117,50127,1,0,2015,IHS,
5014118,50127,0,0,2015,IHS,
5014119,50127,0,0,2015,IHS,
5014120,50127,0,0,2015,IHS,
5014401,50101,1,1,2015,IHS,
5014402,50101,1,1,2015,IHS,
5014403,50101,0,1,2015,IHS,
5014404,50101,0,1,2015,IHS,
5014405,50101,0,1,2015,IHS,
5014406,50101,1,1,2015,IHS,
5014407,50101,1,1,2015,IHS,
5014408,50101,1,1,2015,IHS,
5014409,50101,1,1,2015,IHS,
5014410,50101,1,1,2015,IHS,
5014411,50101,1,1,2015,IHS,
5014412,50101,0,1,2015,IHS,
5014413,50101,1,1,2015,IHS,
5014414,50101,1,1,2015,IHS,
5014415,50101,1,1,2015,IHS,
5014416,50101,0,1,2015,IHS,
5014417,50101,1,1,2015,IHS,
5014418,50101,1,1,2015,IHS,
5014419,50101,1,1,2015,IHS,
5014420,50101,1,1,2015,IHS,
5014901,50118,0,1,2015,IHS,
5014902,50118,0,1,2015,IHS,
5014903,50118,0,1,2015,IHS,
5014904,50118,0,1,2015,IHS,
5014905,50118,0,1,2015,IHS,
5014906,50118,0,1,2015,IHS,
5014907,50118,0,1,2015,IHS,
5014908,50118,0,1,2015,IHS,
5014909,50118,0,1,2015,IHS,
5014910,50118,0,1,2015,IHS,
5014911,50118,0,1,2015,IHS,
5014912,50118,1,1,2015,IHS,
5014913,50118,0,1,2015,IHS,
5014914,50118,0,1,2015,IHS,
5014915,50118,0,1,2015,IHS,
5014916,50118,1,1,2015,IHS,
5014917,50118,1,1,2015,IHS,
5014918,50118,1,1,2015,IHS,
5014919,50118,0,1,2015,IHS,
5014920,50118,0,1,2015,IHS,
5015101,50117,0,1,2015,IHS,
5015102,50117,0,1,2015,IHS,
5015103,50117,0,1,2015,IHS,
5015104,50117,1,1,2015,IHS,
5015105,50117,0,1,2015,IHS,
5015106,50117,1,1,2015,IHS,
5015107,50117,1,1,2015,IHS,
5015108,50117,1,1,2015,IHS,
5015109,50117,1,1,2015,IHS,
5015110,50117,0,1,2015,IHS,
5015111,50117,1,1,2015,IHS,
5015112,50117,0,1,2015,IHS,
5015113,50117,1,1,2015,IHS,
5015114,50117,1,1,2015,IHS,
5015115,50117,1,1,2015,IHS,
5015116,50117,0,1,2015,IHS,
5015117,50117,0,1,2015,IHS,
5015118,50117,0,1,2015,IHS,
5015119,50117,1,1,2015,IHS,
5015120,50117,0,1,2015,IHS,
5016801,50110,0,1,2015,IHS,
5016802,50110,1,1,2015,IHS,
5016803,50110,1,1,2015,IHS,
5016804,50110,1,1,2015,IHS,
5016805,50110,0,1,2015,IHS,
5016806,50110,0,1,2015,IHS,
5016807,50110,1,1,2015,IHS,
5016808,50110,1,1,2015,IHS,
5016809,50110,1,1,2015,IHS,
5016810,50110,1,1,2015,IHS,
5016811,50110,0,1,2015,IHS,
5016812,50110,1,1,2015,IHS,
5016813,50110,0,1,2015,IHS,
5016814,50110,0,1,2015,IHS,
5016815,50110,0,1,2015,IHS,
5016816,50110,0,1,2015,IHS,
5016817,50110,1,1,2015,IHS,
5016818,50110,1,1,2015,IHS,
5016819,50110,0,1,2015,IHS,
5016820,50110,1,1,2015,IHS,
5017101,50111,1,1,2015,IHS,
5017102,50111,1,1,2015,IHS,
5017103,50111,1,1,2015,IHS,
5017104,50111,1,1,2015,IHS,
5017105,50111,1,1,2015,IHS,
5017106,50111,1,1,2015,IHS,
5017107,50111,0,1,2015,IHS,
5017108,50111,0,1,2015,IHS,
5017109,50111,0,1,2015,IHS,
5017110,50111,0,1,2015,IHS,
5017111,50111,0,1,2015,IHS,
5017112,50111,1,1,2015,IHS,
5017113,50111,1,1,2015,IHS,
5017114,50111,1,1,2015,IHS,
5017115,50111,1,1,2015,IHS,
5017116,50111,0,1,2015,IHS,
5017117,50111,0,1,2015,IHS,
5017118,50111,1,1,2015,IHS,
5017119,50111,1,1,2015,IHS,
5017120,50111,0,1,2015,IHS,
5017301,50121,0,1,2015,IHS,
5017302,50121,0,1,2015,IHS,
5017303,50121,1,1,2015,IHS,
5017304,50121,0,1,2015,IHS,
5017305,50121,1,1,2015,IHS,
5017306,50121,0,1,2015,IHS,
5017307,50121,0,1,2015,IHS,
5017308,50121,1,1,2015,IHS,
5017309,50121,1,1,2015,IHS,
5017310,50121,0,1,2015,IHS,
5017311,50121,1,1,2015,IHS,
5017312,50121,0,1,2015,IHS,
5017313,50121,0,1,2015,IHS,
5017314,50121,1,1,2015,IHS,
5017315,50121,0,1,2015,IHS,
5017316,50121,1,1,2015,IHS,
5017317,50121,0,1,2015,IHS,
5017318,50121,0,1,2015,IHS,
5017319,50121,0,1,2015,IHS,
5017320,50121,0,1,2015,IHS,
5017701,50122,1,1,2015,IHS,
5017702,50122,0,1,2015,IHS,
5017703,50122,1,1,2015,IHS,
5017704,50122,1,1,2015,IHS,
5017705,50122,1,1,2015,IHS,
5017706,50122,0,1,2015,IHS,
5017707,50122,0,1,2015,IHS,
5017708,50122,0,1,2015,IHS,
5017709,50122,1,1,2015,IHS,
5017710,50122,1,1,2015,IHS,
5017711,50122,1,1,2015,IHS,
5017712,50122,1,1,2015,IHS,
5017713,50122,1,1,2015,IHS,
5017714,50122,1,1,2015,IHS,
5017715,50122,0,1,2015,IHS,
5017716,50122,1,1,2015,IHS,
5017717,50122,0,1,2015,IHS,
5017718,50122,1,1,2015,IHS,
5017719,50122,0,1,2015,IHS,
5017720,50122,0,1,2015,IHS,
5110801,51105,0,1,2015,IHS,
5110802,51105,1,1,2015,IHS,
5110803,51105,0,1,2015,IHS,
5110804,51105,1,1,2015,IHS,
5110805,51105,0,1,2015,IHS,
5110806,51105,0,1,2015,IHS,
5110807,51105,1,1,2015,IHS,
5110808,51105,1,1,2015,IHS,
5110809,51105,0,1,2015,IHS,
5110810,51105,0,1,2015,IHS,
5110811,51105,0,1,2015,IHS,
5110812,51105,1,1,2015,IHS,
5110813,51105,1,1,2015,IHS,
5110814,51105,1,1,2015,IHS,
5110815,51105,0,1,2015,IHS,
5110816,51105,0,1,2015,IHS,
5110817,51105,1,1,2015,IHS,
5110818,51105,0,1,2015,IHS,
5110819,51105,0,1,2015,IHS,
5110820,51105,0,1,2015,IHS,
5110901,51113,1,1,2015,IHS,
5110902,51113,1,1,2015,IHS,
5110903,51113,1,1,2015,IHS,
5110904,51113,1,1,2015,IHS,
5110905,51113,0,1,2015,IHS,
5110906,51113,1,1,2015,IHS,
5110907,51113,1,1,2015,IHS,
5110908,51113,0,1,2015,IHS,
5110909,51113,1,1,2015,IHS,
5110910,51113,1,1,2015,IHS,
5110911,51113,1,1,2015,IHS,
5110912,51113,1,1,2015,IHS,
5110913,51113,0,1,2015,IHS,
5110914,51113,0,1,2015,IHS,
5110915,51113,0,1,2015,IHS,
5110916,51113,0,1,2015,IHS,
5110917,51113,0,1,2015,IHS,
5110918,51113,0,1,2015,IHS,
5110919,51113,0,1,2015,IHS,
5110920,51113,1,1,2015,IHS,
5111101,51114,1,1,2015,IHS,
5111102,51114,0,1,2015,IHS,
5111103,51114,0,1,2015,IHS,
5111104,51114,0,1,2015,IHS,
5111105,51114,1,1,2015,IHS,
5111106,51114,0,1,2015,IHS,
5111107,51114,0,1,2015,IHS,
5111108,51114,0,1,2015,IHS,
5111109,51114,0,1,2015,IHS,
5111110,51114,0,1,2015,IHS,
5111111,51114,0,1,2015,IHS,
5111112,51114,0,1,2015,IHS,
5111113,51114,0,1,2015,IHS,
5111114,51114,0,1,2015,IHS,
5111115,51114,0,1,2015,IHS,
5111116,51114,0,1,2015,IHS,
5111117,51114,0,1,2015,IHS,
5111118,51114,0,1,2015,IHS,
5111119,51114,0,1,2015,IHS,
5111120,51114,0,1,2015,IHS,
5111401,51102,1,1,2015,IHS,
5111402,51102,1,1,2015,IHS,
5111403,51102,0,1,2015,IHS,
5111404,51102,1,1,2015,IHS,
5111405,51102,0,1,2015,IHS,
5111406,51102,1,1,2015,IHS,
5111407,51102,1,1,2015,IHS,
5111408,51102,1,1,2015,IHS,
5111409,51102,1,1,2015,IHS,
5111410,51102,0,1,2015,IHS,
5111411,51102,0,1,2015,IHS,
5111412,51102,0,1,2015,IHS,
5111413,51102,1,1,2015,IHS,
5111414,51102,0,1,2015,IHS,
5111415,51102,0,1,2015,IHS,
5111416,51102,0,1,2015,IHS,
5111417,51102,0,1,2015,IHS,
5111418,51102,0,1,2015,IHS,
5111419,51102,1,1,2015,IHS,
5111420,51102,0,1,2015,IHS,
5111601,51112,0,1,2015,IHS,
5111602,51112,1,1,2015,IHS,
5111603,51112,1,1,2015,IHS,
5111604,51112,1,1,2015,IHS,
5111605,51112,0,1,2015,IHS,
5111606,51112,1,1,2015,IHS,
5111607,51112,1,1,2015,IHS,
5111608,51112,1,1,2015,IHS,
5111609,51112,0,1,2015,IHS,
5111610,51112,0,1,2015,IHS,
5111611,51112,1,1,2015,IHS,
5111612,51112,1,1,2015,IHS,
5111613,51112,1,1,2015,IHS,
5111614,51112,1,1,2015,IHS,
5111615,51112,1,1,2015,IHS,
5111616,51112,1,1,2015,IHS,
5111617,51112,1,1,2015,IHS,
5111618,51112,0,1,2015,IHS,
5111619,51112,0,1,2015,IHS,
5111620,51112,1,1,2015,IHS,
5111701,51115,0,1,2015,IHS,
5111702,51115,0,1,2015,IHS,
5111703,51115,0,1,2015,IHS,
5111704,51115,0,1,2015,IHS,
5111705,51115,0,1,2015,IHS,
5111706,51115,1,1,2015,IHS,
5111707,51115,0,1,2015,IHS,
5111708,51115,0,1,2015,IHS,
5111709,51115,0,1,2015,IHS,
5111710,51115,1,1,2015,IHS,
5111711,51115,0,1,2015,IHS,
5111712,51115,0,1,2015,IHS,
5111713,51115,0,1,2015,IHS,
5111714,51115,1,1,2015,IHS,
5111715,51115,0,1,2015,IHS,
5111716,51115,0,1,2015,IHS,
5111717,51115,0,1,2015,IHS,
5111718,51115,0,1,2015,IHS,
5111719,51115,0,1,2015,IHS,
5111720,51115,0,1,2015,IHS,
5112001,51116,0,1,2015,IHS,
5112002,51116,1,1,2015,IHS,
5112003,51116,0,1,2015,IHS,
5112004,51116,0,1,2015,IHS,
5112005,51116,0,1,2015,IHS,
5112006,51116,0,1,2015,IHS,
5112007,51116,0,1,2015,IHS,
5112008,51116,0,1,2015,IHS,
5112009,51116,0,1,2015,IHS,
5112010,51116,0,1,2015,IHS,
5112011,51116,0,1,2015,IHS,
5112012,51116,0,1,2015,IHS,
5112013,51116,1,1,2015,IHS,
5112014,51116,1,1,2015,IHS,
5112015,51116,1,1,2015,IHS,
5112016,51116,0,1,2015,IHS,
5112017,51116,0,1,2015,IHS,
5112018,51116,0,1,2015,IHS,
5112019,51116,1,1,2015,IHS,
5112020,51116,1,1,2015,IHS,
5112101,51116,1,1,2015,IHS,
5112102,51116,0,1,2015,IHS,
5112103,51116,1,1,2015,IHS,
5112104,51116,1,1,2015,IHS,
5112105,51116,0,1,2015,IHS,
5112106,51116,0,1,2015,IHS,
5112107,51116,0,1,2015,IHS,
5112108,51116,0,1,2015,IHS,
5112109,51116,0,1,2015,IHS,
5112110,51116,0,1,2015,IHS,
5112111,51116,1,1,2015,IHS,
5112112,51116,0,1,2015,IHS,
5112113,51116,0,1,2015,IHS,
5112114,51116,1,1,2015,IHS,
5112115,51116,1,1,2015,IHS,
5112116,51116,0,1,2015,IHS,
5112117,51116,0,1,2015,IHS,
5112118,51116,0,1,2015,IHS,
5112119,51116,0,1,2015,IHS,
5112120,51116,0,1,2015,IHS,
5112401,51103,1,1,2015,IHS,
5112402,51103,0,1,2015,IHS,
5112403,51103,1,1,2015,IHS,
5112404,51103,1,1,2015,IHS,
5112405,51103,0,1,2015,IHS,
5112406,51103,0,1,2015,IHS,
5112407,51103,0,1,2015,IHS,
5112408,51103,0,1,2015,IHS,
5112409,51103,0,1,2015,IHS,
5112410,51103,1,1,2015,IHS,
5112411,51103,1,1,2015,IHS,
5112412,51103,0,1,2015,IHS,
5112413,51103,0,1,2015,IHS,
5112414,51103,0,1,2015,IHS,
5112415,51103,1,1,2015,IHS,
5112416,51103,0,1,2015,IHS,
5112417,51103,0,1,2015,IHS,
5112418,51103,0,1,2015,IHS,
5112419,51103,0,1,2015,IHS,
5112420,51103,1,1,2015,IHS,
5112701,51111,0,1,2015,IHS,
5112702,51111,0,1,2015,IHS,
5112703,51111,0,1,2015,IHS,
5112704,51111,0,1,2015,IHS,
5112705,51111,0,1,2015,IHS,
5112706,51111,0,1,2015,IHS,
5112707,51111,1,1,2015,IHS,
5112708,51111,1,1,2015,IHS,
5112709,51111,1,1,2015,IHS,
5112710,51111,0,1,2015,IHS,
5112711,51111,0,1,2015,IHS,
5112712,51111,0,1,2015,IHS,
5112713,51111,0,1,2015,IHS,
5112714,51111,1,1,2015,IHS,
5112715,51111,0,1,2015,IHS,
5112716,51111,1,1,2015,IHS,
5112717,51111,1,1,2015,IHS,
5112718,51111,0,1,2015,IHS,
5112719,51111,0,1,2015,IHS,
5112720,51111,1,1,2015,IHS,
5113001,51119,1,1,2015,IHS,
5113002,51119,0,1,2015,IHS,
5113003,51119,1,1,2015,IHS,
5113004,51119,1,1,2015,IHS,
5113005,51119,1,1,2015,IHS,
5113006,51119,0,1,2015,IHS,
5113007,51119,1,1,2015,IHS,
5113008,51119,0,1,2015,IHS,
5113009,51119,0,1,2015,IHS,
5113010,51119,0,1,2015,IHS,
5113011,51119,1,1,2015,IHS,
5113012,51119,1,1,2015,IHS,
5113013,51119,1,1,2015,IHS,
5113014,51119,0,1,2015,IHS,
5113015,51119,0,1,2015,IHS,
5113016,51119,0,1,2015,IHS,
5113017,51119,0,1,2015,IHS,
5113018,51119,1,1,2015,IHS,
5113019,51119,1,1,2015,IHS,
5113020,51119,0,1,2015,IHS,
5113301,51118,0,1,2015,IHS,
5113302,51118,0,1,2015,IHS,
5113303,51118,1,1,2015,IHS,
5113304,51118,0,1,2015,IHS,
5113305,51118,0,1,2015,IHS,
5113306,51118,0,1,2015,IHS,
5113307,51118,1,1,2015,IHS,
5113308,51118,1,1,2015,IHS,
5113309,51118,1,1,2015,IHS,
5113310,51118,1,1,2015,IHS,
5113311,51118,0,1,2015,IHS,
5113312,51118,1,1,2015,IHS,
5113313,51118,0,1,2015,IHS,
5113314,51118,0,1,2015,IHS,
5113315,51118,0,1,2015,IHS,
5113316,51118,0,1,2015,IHS,
5113317,51118,0,1,2015,IHS,
5113318,51118,1,1,2015,IHS,
5113319,51118,1,1,2015,IHS,
5113320,51118,1,1,2015,IHS,
5121301,51233,0,1,2015,IHS,
5121302,51233,0,1,2015,IHS,
5121303,51233,0,1,2015,IHS,
5121304,51233,0,1,2015,IHS,
5121305,51233,0,1,2015,IHS,
5121306,51233,0,1,2015,IHS,
5121307,51233,0,1,2015,IHS,
5121308,51233,0,1,2015,IHS,
5121309,51233,0,1,2015,IHS,
5121310,51233,0,1,2015,IHS,
5121311,51233,1,1,2015,IHS,
5121312,51233,0,1,2015,IHS,
5121313,51233,1,1,2015,IHS,
5121314,51233,0,1,2015,IHS,
5121315,51233,0,1,2015,IHS,
5121316,51233,1,1,2015,IHS,
5121317,51233,0,1,2015,IHS,
5121318,51233,0,1,2015,IHS,
5121319,51233,1,1,2015,IHS,
5121320,51233,1,1,2015,IHS,
5122201,51228,0,1,2015,IHS,
5122202,51228,0,1,2015,IHS,
5122203,51228,0,1,2015,IHS,
5122204,51228,1,1,2015,IHS,
5122205,51228,0,1,2015,IHS,
5122206,51228,0,1,2015,IHS,
5122207,51228,0,1,2015,IHS,
5122208,51228,0,1,2015,IHS,
5122209,51228,0,1,2015,IHS,
5122210,51228,0,1,2015,IHS,
5122211,51228,0,1,2015,IHS,
5122212,51228,0,1,2015,IHS,
5122213,51228,0,1,2015,IHS,
5122214,51228,0,1,2015,IHS,
5122215,51228,0,1,2015,IHS,
5122216,51228,0,1,2015,IHS,
5122217,51228,0,1,2015,IHS,
5122218,51228,0,1,2015,IHS,
5122219,51228,0,1,2015,IHS,
5122220,51228,0,1,2015,IHS,
5122601,51206,1,1,2015,IHS,
5122602,51206,0,1,2015,IHS,
5122603,51206,0,1,2015,IHS,
5122604,51206,0,1,2015,IHS,
5122605,51206,1,1,2015,IHS,
5122606,51206,1,1,2015,IHS,
5122607,51206,1,1,2015,IHS,
5122608,51206,1,1,2015,IHS,
5122609,51206,1,1,2015,IHS,
5122610,51206,0,1,2015,IHS,
5122611,51206,1,1,2015,IHS,
5122612,51206,1,1,2015,IHS,
5122613,51206,1,1,2015,IHS,
5122614,51206,1,1,2015,IHS,
5122615,51206,1,1,2015,IHS,
5122616,51206,1,1,2015,IHS,
5122617,51206,0,1,2015,IHS,
5122618,51206,0,1,2015,IHS,
5122619,51206,1,1,2015,IHS,
5122620,51206,0,1,2015,IHS,
5123001,51203,0,1,2015,IHS,
5123002,51203,0,1,2015,IHS,
5123003,51203,0,1,2015,IHS,
5123004,51203,0,1,2015,IHS,
5123005,51203,0,1,2015,IHS,
5123006,51203,0,1,2015,IHS,
5123007,51203,0,1,2015,IHS,
5123008,51203,0,1,2015,IHS,
5123009,51203,0,1,2015,IHS,
5123010,51203,0,1,2015,IHS,
5123011,51203,0,1,2015,IHS,
5123012,51203,0,1,2015,IHS,
5123013,51203,0,1,2015,IHS,
5123014,51203,0,1,2015,IHS,
5123015,51203,0,1,2015,IHS,
5123016,51203,0,1,2015,IHS,
5123017,51203,0,1,2015,IHS,
5123018,51203,0,1,2015,IHS,
5123019,51203,0,1,2015,IHS,
5123020,51203,0,1,2015,IHS,
5210601,52104,0,1,2015,IHS,
5210602,52104,0,1,2015,IHS,
5210603,52104,1,1,2015,IHS,
5210604,52104,0,1,2015,IHS,
5210605,52104,0,1,2015,IHS,
5210606,52104,1,1,2015,IHS,
5210607,52104,1,1,2015,IHS,
5210608,52104,0,1,2015,IHS,
5210609,52104,0,1,2015,IHS,
5210610,52104,1,1,2015,IHS,
5210611,52104,0,1,2015,IHS,
5210612,52104,0,1,2015,IHS,
5210613,52104,1,1,2015,IHS,
5210614,52104,1,1,2015,IHS,
5210615,52104,1,1,2015,IHS,
5210616,52104,0,1,2015,IHS,
5210617,52104,1,1,2015,IHS,
5210618,52104,1,1,2015,IHS,
5210619,52104,0,1,2015,IHS,
5210620,52104,1,1,2015,IHS,
5210901,52110,0,1,2015,IHS,
5210902,52110,0,1,2015,IHS,
5210903,52110,0,1,2015,IHS,
5210904,52110,0,1,2015,IHS,
5210905,52110,1,1,2015,IHS,
5210906,52110,0,1,2015,IHS,
5210907,52110,0,1,2015,IHS,
5210908,52110,0,1,2015,IHS,
5210909,52110,0,1,2015,IHS,
5210910,52110,0,1,2015,IHS,
5210911,52110,0,1,2015,IHS,
5210912,52110,0,1,2015,IHS,
5210913,52110,0,1,2015,IHS,
5210914,52110,1,1,2015,IHS,
5210915,52110,0,1,2015,IHS,
5210916,52110,0,1,2015,IHS,
5210917,52110,1,1,2015,IHS,
5210918,52110,0,1,2015,IHS,
5210919,52110,0,1,2015,IHS,
5210920,52110,0,1,2015,IHS,
5211101,52110,0,1,2015,IHS,
5211102,52110,0,1,2015,IHS,
5211103,52110,1,1,2015,IHS,
5211104,52110,0,1,2015,IHS,
5211105,52110,0,1,2015,IHS,
5211106,52110,0,1,2015,IHS,
5211107,52110,0,1,2015,IHS,
5211108,52110,0,1,2015,IHS,
5211109,52110,0,1,2015,IHS,
5211110,52110,0,1,2015,IHS,
5211111,52110,1,1,2015,IHS,
5211112,52110,1,1,2015,IHS,
5211113,52110,1,1,2015,IHS,
5211114,52110,1,1,2015,IHS,
5211115,52110,1,1,2015,IHS,
5211116,52110,1,1,2015,IHS,
5211117,52110,0,1,2015,IHS,
5211118,52110,0,1,2015,IHS,
5211119,52110,1,1,2015,IHS,
5211120,52110,1,1,2015,IHS,
5211301,52117,0,1,2015,IHS,
5211302,52117,0,1,2015,IHS,
5211303,52117,1,1,2015,IHS,
5211304,52117,0,1,2015,IHS,
5211305,52117,0,1,2015,IHS,
5211306,52117,0,1,2015,IHS,
5211307,52117,0,1,2015,IHS,
5211308,52117,0,1,2015,IHS,
5211309,52117,1,1,2015,IHS,
5211310,52117,1,1,2015,IHS,
5211311,52117,0,1,2015,IHS,
5211312,52117,0,1,2015,IHS,
5211313,52117,0,1,2015,IHS,
5211314,52117,1,1,2015,IHS,
5211315,52117,1,1,2015,IHS,
5211316,52117,0,1,2015,IHS,
5211317,52117,0,1,2015,IHS,
5211318,52117,0,1,2015,IHS,
5211319,52117,0,1,2015,IHS,
5211320,52117,0,1,2015,IHS,
5211501,52116,0,1,2015,IHS,
5211502,52116,0,1,2015,IHS,
5211503,52116,1,1,2015,IHS,
5211504,52116,0,1,2015,IHS,
5211505,52116,1,1,2015,IHS,
5211506,52116,0,1,2015,IHS,
5211507,52116,0,1,2015,IHS,
5211508,52116,0,1,2015,IHS,
5211509,52116,0,1,2015,IHS,
5211510,52116,0,1,2015,IHS,
5211511,52116,0,1,2015,IHS,
5211512,52116,0,1,2015,IHS,
5211513,52116,0,1,2015,IHS,
5211514,52116,0,1,2015,IHS,
5211515,52116,0,1,2015,IHS,
5211516,52116,1,1,2015,IHS,
5211517,52116,0,1,2015,IHS,
5211518,52116,0,1,2015,IHS,
5211519,52116,0,1,2015,IHS,
5211520,52116,0,1,2015,IHS,
5211801,52114,0,1,2015,IHS,
5211802,52114,0,1,2015,IHS,
5211803,52114,0,1,2015,IHS,
5211804,52114,1,1,2015,IHS,
5211805,52114,0,1,2015,IHS,
5211806,52114,0,1,2015,IHS,
5211807,52114,0,1,2015,IHS,
5211808,52114,0,1,2015,IHS,
5211809,52114,0,1,2015,IHS,
5211810,52114,1,1,2015,IHS,
5211811,52114,0,1,2015,IHS,
5211812,52114,0,1,2015,IHS,
5211813,52114,0,1,2015,IHS,
5211814,52114,0,1,2015,IHS,
5211815,52114,1,1,2015,IHS,
5211816,52114,0,1,2015,IHS,
5211817,52114,0,1,2015,IHS,
5211818,52114,0,1,2015,IHS,
5211819,52114,1,1,2015,IHS,
5211820,52114,0,1,2015,IHS,
5212101,52113,1,1,2015,IHS,
5212102,52113,0,1,2015,IHS,
5212103,52113,0,1,2015,IHS,
5212104,52113,0,1,2015,IHS,
5212105,52113,1,1,2015,IHS,
5212106,52113,1,1,2015,IHS,
5212107,52113,0,1,2015,IHS,
5212108,52113,1,1,2015,IHS,
5212109,52113,0,1,2015,IHS,
5212110,52113,0,1,2015,IHS,
5212111,52113,0,1,2015,IHS,
5212112,52113,1,1,2015,IHS,
5212113,52113,1,1,2015,IHS,
5212114,52113,1,1,2015,IHS,
5212115,52113,1,1,2015,IHS,
5212116,52113,0,1,2015,IHS,
5212117,52113,1,1,2015,IHS,
5212118,52113,0,1,2015,IHS,
5212119,52113,0,1,2015,IHS,
5212120,52113,0,1,2015,IHS,
5212601,52106,1,1,2015,IHS,
5212602,52106,0,1,2015,IHS,
5212603,52106,0,1,2015,IHS,
5212604,52106,0,1,2015,IHS,
5212605,52106,0,1,2015,IHS,
5212606,52106,1,1,2015,IHS,
5212607,52106,0,1,2015,IHS,
5212608,52106,0,1,2015,IHS,
5212609,52106,0,1,2015,IHS,
5212610,52106,0,1,2015,IHS,
5212611,52106,0,1,2015,IHS,
5212612,52106,0,1,2015,IHS,
5212613,52106,0,1,2015,IHS,
5212614,52106,0,1,2015,IHS,
5212615,52106,0,1,2015,IHS,
5212616,52106,0,1,2015,IHS,
5212617,52106,0,1,2015,IHS,
5212618,52106,0,1,2015,IHS,
5212619,52106,1,1,2015,IHS,
5212620,52106,1,1,2015,IHS,
5220401,52215,0,1,2015,IHS,
5220402,52215,0,1,2015,IHS,
5220403,52215,0,1,2015,IHS,
5220404,52209,1,1,2015,IHS,
5220405,52209,1,1,2015,IHS,
5220406,52209,1,1,2015,IHS,
5220407,52209,1,1,2015,IHS,
5220408,52209,0,1,2015,IHS,
5220409,52209,0,1,2015,IHS,
5220410,52209,1,1,2015,IHS,
5220411,52209,1,1,2015,IHS,
5220412,52209,0,1,2015,IHS,
5220413,52209,0,1,2015,IHS,
5220414,52209,0,1,2015,IHS,
5220415,52209,0,1,2015,IHS,
5220416,52209,0,1,2015,IHS,
5220417,52209,1,1,2015,IHS,
5220418,52209,1,1,2015,IHS,
5220419,52209,0,1,2015,IHS,
5220420,52209,0,1,2015,IHS,
5220701,52213,1,1,2015,IHS,
5220702,52213,1,1,2015,IHS,
5220703,52213,0,1,2015,IHS,
5220704,52213,0,1,2015,IHS,
5220705,52213,0,1,2015,IHS,
5220706,52213,0,1,2015,IHS,
5220707,52213,0,1,2015,IHS,
5220708,52213,0,1,2015,IHS,
5220709,52213,1,1,2015,IHS,
5220710,52213,0,1,2015,IHS,
5220711,52213,0,1,2015,IHS,
5220712,52213,1,1,2015,IHS,
5220713,52213,1,1,2015,IHS,
5220714,52213,1,1,2015,IHS,
5220715,52213,0,1,2015,IHS,
5220716,52213,0,1,2015,IHS,
5220717,52213,0,1,2015,IHS,
5220718,52213,0,1,2015,IHS,
5220719,52213,1,1,2015,IHS,
5220720,52213,0,1,2015,IHS,
5220901,52217,0,1,2015,IHS,
5220902,52217,0,1,2015,IHS,
5220903,52217,0,1,2015,IHS,
5220904,52217,1,1,2015,IHS,
5220905,52217,0,1,2015,IHS,
5220906,52217,0,1,2015,IHS,
5220907,52217,0,1,2015,IHS,
5220908,52217,1,1,2015,IHS,
5220909,52217,0,1,2015,IHS,
5220910,52217,0,1,2015,IHS,
5220911,52217,1,1,2015,IHS,
5220912,52217,1,1,2015,IHS,
5220913,52217,1,1,2015,IHS,
5220914,52217,1,1,2015,IHS,
5220915,52217,0,1,2015,IHS,
5220916,52204,0,1,2015,IHS,
5220917,52204,0,1,2015,IHS,
5220918,52204,0,1,2015,IHS,
5220920,52204,0,1,2015,IHS,
5220922,52217,0,1,2015,IHS,
5221201,52218,1,1,2015,IHS,
5221202,52218,1,1,2015,IHS,
5221203,52218,1,1,2015,IHS,
5221204,52218,0,1,2015,IHS,
5221205,52218,1,1,2015,IHS,
5221206,52218,0,1,2015,IHS,
5221207,52218,1,1,2015,IHS,
5221208,52218,0,1,2015,IHS,
5221209,52218,0,1,2015,IHS,
5221210,52218,0,1,2015,IHS,
5221211,52218,0,1,2015,IHS,
5221212,52218,0,1,2015,IHS,
5221213,52218,0,1,2015,IHS,
5221214,52218,1,1,2015,IHS,
5221215,52218,0,1,2015,IHS,
5221216,52218,0,1,2015,IHS,
5221217,52218,1,1,2015,IHS,
5221218,52218,0,1,2015,IHS,
5221219,52218,0,1,2015,IHS,
5221220,52218,1,1,2015,IHS,
5221301,52216,1,1,2015,IHS,
5221302,52216,0,1,2015,IHS,
5221303,52216,1,1,2015,IHS,
5221304,52216,1,1,2015,IHS,
5221305,52216,0,1,2015,IHS,
5221306,52216,1,1,2015,IHS,
5221307,52216,0,1,2015,IHS,
5221308,52216,1,1,2015,IHS,
5221309,52216,0,1,2015,IHS,
5221310,52216,0,1,2015,IHS,
5221311,52216,0,1,2015,IHS,
5221312,52216,1,1,2015,IHS,
5221313,52216,1,1,2015,IHS,
5221314,52216,1,1,2015,IHS,
5221315,52216,0,1,2015,IHS,
5221316,52216,0,1,2015,IHS,
5221317,52216,1,1,2015,IHS,
5221318,52216,1,1,2015,IHS,
5221319,52216,0,1,2015,IHS,
5221320,52216,0,1,2015,IHS,
5221901,52223,1,1,2015,IHS,
5221902,52223,0,1,2015,IHS,
5221903,52223,0,1,2015,IHS,
5221904,52223,0,1,2015,IHS,
5221905,52223,0,1,2015,IHS,
5221906,52223,1,1,2015,IHS,
5221907,52223,0,1,2015,IHS,
5221908,52223,0,1,2015,IHS,
5221909,52223,0,1,2015,IHS,
5221910,52223,0,1,2015,IHS,
5221911,52223,0,1,2015,IHS,
5221912,52223,0,1,2015,IHS,
5221913,52223,1,1,2015,IHS,
5221914,52223,0,1,2015,IHS,
5221915,52223,1,1,2015,IHS,
5221916,52223,1,1,2015,IHS,
5221917,52223,1,1,2015,IHS,
5221918,52223,1,1,2015,IHS,
5221919,52223,1,1,2015,IHS,
5221920,52223,0,1,2015,IHS,
5222101,52207,0,1,2015,IHS,
5222102,52207,0,1,2015,IHS,
5222103,52207,0,1,2015,IHS,
5222104,52207,0,1,2015,IHS,
5222105,52207,1,1,2015,IHS,
5222106,52207,1,1,2015,IHS,
5222107,52207,1,1,2015,IHS,
5222108,52207,1,1,2015,IHS,
5222109,52207,0,1,2015,IHS,
5222110,52207,0,1,2015,IHS,
5222111,52207,0,1,2015,IHS,
5222112,52207,0,1,2015,IHS,
5222113,52207,1,1,2015,IHS,
5222114,52207,0,1,2015,IHS,
5222115,52207,1,1,2015,IHS,
5222116,52207,0,1,2015,IHS,
5222117,52207,0,1,2015,IHS,
5222118,52207,1,1,2015,IHS,
5222119,52207,1,1,2015,IHS,
5222120,52207,1,1,2015,IHS,
5222401,52210,0,1,2015,IHS,
5222402,52210,1,1,2015,IHS,
5222403,52210,1,1,2015,IHS,
5222404,52210,1,1,2015,IHS,
5222405,52210,1,1,2015,IHS,
5222406,52210,1,1,2015,IHS,
5222407,52210,0,1,2015,IHS,
5222408,52210,1,1,2015,IHS,
5222409,52210,0,1,2015,IHS,
5222410,52210,1,1,2015,IHS,
5222411,52210,1,1,2015,IHS,
5222412,52210,0,1,2015,IHS,
5222413,52210,1,1,2015,IHS,
5222414,52210,0,1,2015,IHS,
5222415,52210,0,1,2015,IHS,
5222416,52210,1,1,2015,IHS,
5222417,52210,1,1,2015,IHS,
5222418,52210,0,1,2015,IHS,
5222420,52210,0,1,2015,IHS,
5310201,53102,0,0,2015,IHS,
5310202,53102,0,0,2015,IHS,
5310203,53102,1,0,2015,IHS,
5310204,53102,0,0,2015,IHS,
5310205,53102,0,0,2015,IHS,
5310206,53102,0,0,2015,IHS,
5310207,53102,1,0,2015,IHS,
5310208,53102,1,0,2015,IHS,
5310209,53102,0,0,2015,IHS,
5310210,53102,0,0,2015,IHS,
5310211,53102,1,0,2015,IHS,
5310212,53102,1,0,2015,IHS,
5310213,53102,1,0,2015,IHS,
5310214,53102,1,0,2015,IHS,
5310215,53102,1,0,2015,IHS,
5310216,53102,0,0,2015,IHS,
5310217,53102,0,0,2015,IHS,
5310218,53102,1,0,2015,IHS,
5310219,53102,0,0,2015,IHS,
5310220,53102,0,0,2015,IHS,
5310301,53102,0,0,2015,IHS,
5310302,53102,0,0,2015,IHS,
5310303,53102,0,0,2015,IHS,
5310304,53102,0,0,2015,IHS,
5310305,53102,1,0,2015,IHS,
5310306,53102,1,0,2015,IHS,
5310307,53102,1,0,2015,IHS,
5310308,53102,1,0,2015,IHS,
5310309,53102,0,0,2015,IHS,
5310310,53102,1,0,2015,IHS,
5310311,53102,1,0,2015,IHS,
5310312,53102,0,0,2015,IHS,
5310313,53102,0,0,2015,IHS,
5310314,53102,1,0,2015,IHS,
5310315,53102,0,0,2015,IHS,
5310316,53102,1,0,2015,IHS,
5310317,53102,0,0,2015,IHS,
5310318,53102,1,0,2015,IHS,
5310319,53102,1,0,2015,IHS,
5310320,53102,0,0,2015,IHS,
5310401,53102,1,0,2015,IHS,
5310402,53102,1,0,2015,IHS,
5310403,53102,0,0,2015,IHS,
5310404,53102,1,0,2015,IHS,
5310405,53102,1,0,2015,IHS,
5310406,53102,0,0,2015,IHS,
5310407,53102,1,0,2015,IHS,
5310408,53102,1,0,2015,IHS,
5310409,53102,1,0,2015,IHS,
5310410,53102,1,0,2015,IHS,
5310411,53102,0,0,2015,IHS,
5310412,53102,1,0,2015,IHS,
5310413,53102,0,0,2015,IHS,
5310414,53102,1,0,2015,IHS,
5310415,53102,1,0,2015,IHS,
5310416,53102,1,0,2015,IHS,
5310417,53102,1,0,2015,IHS,
5310418,53102,1,0,2015,IHS,
5310419,53102,1,0,2015,IHS,
5310420,53102,1,0,2015,IHS,
5310501,53102,1,0,2015,IHS,
5310502,53102,1,0,2015,IHS,
5310503,53102,1,0,2015,IHS,
5310504,53102,1,0,2015,IHS,
5310505,53102,0,0,2015,IHS,
5310506,53102,1,0,2015,IHS,
5310507,53102,0,0,2015,IHS,
5310508,53102,0,0,2015,IHS,
5310509,53102,0,0,2015,IHS,
5310510,53102,0,0,2015,IHS,
5310511,53102,1,0,2015,IHS,
5310512,53102,0,0,2015,IHS,
5310513,53102,1,0,2015,IHS,
5310514,53102,0,0,2015,IHS,
5310515,53102,0,0,2015,IHS,
5310516,53102,0,0,2015,IHS,
5310517,53102,1,0,2015,IHS,
5310518,53102,0,0,2015,IHS,
5310519,53102,1,0,2015,IHS,
5310520,53102,1,0,2015,IHS,
5311001,53102,0,0,2015,IHS,
5311002,53102,1,0,2015,IHS,
5311003,53102,1,0,2015,IHS,
5311004,53102,0,0,2015,IHS,
5311005,53102,1,0,2015,IHS,
5311006,53102,1,0,2015,IHS,
5311007,53102,1,0,2015,IHS,
5311008,53102,1,0,2015,IHS,
5311009,53102,1,0,2015,IHS,
5311010,53102,1,0,2015,IHS,
5311011,53102,0,0,2015,IHS,
5311012,53102,1,0,2015,IHS,
5311013,53102,1,0,2015,IHS,
5311014,53102,1,0,2015,IHS,
5311015,53102,0,0,2015,IHS,
5311016,53102,1,0,2015,IHS,
5311017,53102,1,0,2015,IHS,
5311018,53102,1,0,2015,IHS,
5311019,53102,0,0,2015,IHS,
5311020,53102,1,0,2015,IHS,
5311301,53109,0,1,2015,IHS,
5311302,53109,0,1,2015,IHS,
5311303,53109,0,1,2015,IHS,
5311304,53109,1,1,2015,IHS,
5311305,53109,0,1,2015,IHS,
5311306,53109,1,1,2015,IHS,
5311307,53109,0,1,2015,IHS,
5311308,53109,1,1,2015,IHS,
5311309,53109,0,1,2015,IHS,
5311310,53109,0,1,2015,IHS,
5311311,53109,0,1,2015,IHS,
5311312,53109,0,1,2015,IHS,
5311313,53109,1,1,2015,IHS,
5311314,53109,0,1,2015,IHS,
5311315,53109,1,1,2015,IHS,
5311316,53109,1,1,2015,IHS,
5311317,53109,1,1,2015,IHS,
5311318,53109,1,1,2015,IHS,
5311319,53109,0,1,2015,IHS,
5311320,53109,1,1,2015,IHS,
5311501,53101,0,1,2015,IHS,
5311502,53101,0,1,2015,IHS,
5311503,53101,0,1,2015,IHS,
5311504,53101,0,1,2015,IHS,
5311505,53101,1,1,2015,IHS,
5311506,53101,1,1,2015,IHS,
5311507,53101,1,1,2015,IHS,
5311508,53101,0,1,2015,IHS,
5311509,53101,1,1,2015,IHS,
5311510,53101,0,1,2015,IHS,
5311511,53101,1,1,2015,IHS,
5311512,53101,1,1,2015,IHS,
5311513,53101,0,1,2015,IHS,
5311514,53101,1,1,2015,IHS,
5311515,53101,1,1,2015,IHS,
5311516,53101,0,1,2015,IHS,
5311517,53101,1,1,2015,IHS,
5311518,53101,0,1,2015,IHS,
5311519,53101,0,1,2015,IHS,
5311520,53101,0,1,2015,IHS,
5311701,53112,0,1,2015,IHS,
5311702,53112,0,1,2015,IHS,
5311703,53112,0,1,2015,IHS,
5311704,53112,0,1,2015,IHS,
5311705,53112,0,1,2015,IHS,
5311706,53112,0,1,2015,IHS,
5311707,53112,0,1,2015,IHS,
5311708,53112,0,1,2015,IHS,
5311709,53112,0,1,2015,IHS,
5311710,53112,0,1,2015,IHS,
5311711,53112,0,1,2015,IHS,
5311712,53112,0,1,2015,IHS,
5311713,53112,0,1,2015,IHS,
5311714,53112,0,1,2015,IHS,
5311715,53112,0,1,2015,IHS,
5311716,53112,0,1,2015,IHS,
5311717,53112,0,1,2015,IHS,
5311718,53112,1,1,2015,IHS,
5311719,53112,1,1,2015,IHS,
5311720,53112,0,1,2015,IHS,
5312001,53103,0,1,2015,IHS,
5312002,53103,0,1,2015,IHS,
5312003,53103,0,1,2015,IHS,
5312004,53103,1,1,2015,IHS,
5312005,53103,1,1,2015,IHS,
5312006,53103,0,1,2015,IHS,
5312007,53103,0,1,2015,IHS,
5312008,53103,0,1,2015,IHS,
5312009,53103,0,1,2015,IHS,
5312010,53103,1,1,2015,IHS,
5312011,53103,1,1,2015,IHS,
5312012,53103,1,1,2015,IHS,
5312013,53103,1,1,2015,IHS,
5312014,53103,1,1,2015,IHS,
5312015,53103,0,1,2015,IHS,
5312016,53103,0,1,2015,IHS,
5312017,53103,0,1,2015,IHS,
5312018,53103,0,1,2015,IHS,
5312019,53103,1,1,2015,IHS,
5312020,53103,1,1,2015,IHS,
5312301,53105,1,1,2015,IHS,
5312302,53105,0,1,2015,IHS,
5312303,53105,1,1,2015,IHS,
5312304,53105,0,1,2015,IHS,
5312305,53105,1,1,2015,IHS,
5312306,53105,1,1,2015,IHS,
5312307,53105,1,1,2015,IHS,
5312308,53105,1,1,2015,IHS,
5312309,53105,0,1,2015,IHS,
5312310,53105,0,1,2015,IHS,
5312311,53105,1,1,2015,IHS,
5312312,53105,0,1,2015,IHS,
5312313,53105,1,1,2015,IHS,
5312314,53105,0,1,2015,IHS,
5312315,53105,0,1,2015,IHS,
5312316,53105,0,1,2015,IHS,
5312317,53105,0,1,2015,IHS,
5312318,53105,1,1,2015,IHS,
5312319,53105,1,1,2015,IHS,
5312320,53105,1,1,2015,IHS,
5320201,53207,1,1,2015,IHS,
5320202,53207,1,1,2015,IHS,
5320203,53207,1,1,2015,IHS,
5320204,53207,1,1,2015,IHS,
5320205,53207,1,1,2015,IHS,
5320206,53207,0,1,2015,IHS,
5320207,53207,1,1,2015,IHS,
5320208,53207,0,1,2015,IHS,
5320209,53207,0,1,2015,IHS,
5320210,53207,1,1,2015,IHS,
5320211,53207,0,1,2015,IHS,
5320212,53207,1,1,2015,IHS,
5320213,53207,1,1,2015,IHS,
5320214,53207,1,1,2015,IHS,
5320215,53207,1,1,2015,IHS,
5320216,53207,0,1,2015,IHS,
5320217,53207,1,1,2015,IHS,
5320218,53207,0,1,2015,IHS,
5320219,53207,1,1,2015,IHS,
5320220,53207,1,1,2015,IHS,
5320301,53209,0,1,2015,IHS,
5320302,53209,0,1,2015,IHS,
5320303,53209,1,1,2015,IHS,
5320304,53209,0,1,2015,IHS,
5320305,53209,0,1,2015,IHS,
5320306,53209,0,1,2015,IHS,
5320307,53209,0,1,2015,IHS,
5320308,53209,1,1,2015,IHS,
5320309,53209,0,1,2015,IHS,
5320310,53209,1,1,2015,IHS,
5320311,53209,1,1,2015,IHS,
5320312,53209,0,1,2015,IHS,
5320313,53209,0,1,2015,IHS,
5320314,53209,0,1,2015,IHS,
5320315,53209,0,1,2015,IHS,
5320316,53209,0,1,2015,IHS,
5320317,53209,0,1,2015,IHS,
5320318,53209,0,1,2015,IHS,
5320319,53209,1,1,2015,IHS,
5320320,53209,0,1,2015,IHS,
5320501,53209,0,1,2015,IHS,
5320502,53209,0,1,2015,IHS,
5320503,53209,0,1,2015,IHS,
5320504,53209,0,1,2015,IHS,
5320505,53209,0,1,2015,IHS,
5320506,53209,1,1,2015,IHS,
5320507,53209,0,1,2015,IHS,
5320508,53209,0,1,2015,IHS,
5320509,53209,0,1,2015,IHS,
5320510,53209,1,1,2015,IHS,
5320511,53209,0,1,2015,IHS,
5320512,53209,1,1,2015,IHS,
5320513,53209,1,1,2015,IHS,
5320514,53209,1,1,2015,IHS,
5320515,53209,1,1,2015,IHS,
5320516,53209,0,1,2015,IHS,
5320517,53209,0,1,2015,IHS,
5320518,53209,0,1,2015,IHS,
5320519,53209,0,1,2015,IHS,
5320520,53209,1,1,2015,IHS,
5320701,53206,1,1,2015,IHS,
5320702,53206,1,1,2015,IHS,
5320703,53206,0,1,2015,IHS,
5320704,53206,1,1,2015,IHS,
5320705,53206,1,1,2015,IHS,
5320706,53206,0,1,2015,IHS,
5320707,53206,1,1,2015,IHS,
5320708,53206,0,1,2015,IHS,
5320709,53206,0,1,2015,IHS,
5320710,53206,1,1,2015,IHS,
5320711,53206,0,1,2015,IHS,
5320712,53206,1,1,2015,IHS,
5320713,53206,1,1,2015,IHS,
5320714,53206,0,1,2015,IHS,
5320715,53206,0,1,2015,IHS,
5320716,53206,0,1,2015,IHS,
5320717,53206,1,1,2015,IHS,
5320718,53206,0,1,2015,IHS,
5320719,53206,1,1,2015,IHS,
5320720,53206,0,1,2015,IHS,
5321401,53208,1,1,2015,IHS,
5321402,53208,0,1,2015,IHS,
5321403,53208,0,1,2015,IHS,
5321404,53208,0,1,2015,IHS,
5321405,53208,0,1,2015,IHS,
5321406,53208,1,1,2015,IHS,
5321407,53208,1,1,2015,IHS,
5321408,53208,1,1,2015,IHS,
5321409,53208,1,1,2015,IHS,
5321410,53208,0,1,2015,IHS,
5321411,53208,1,1,2015,IHS,
5321412,53208,1,1,2015,IHS,
5321413,53208,0,1,2015,IHS,
5321414,53208,0,1,2015,IHS,
5321415,53208,0,1,2015,IHS,
5321416,53208,1,1,2015,IHS,
5321417,53208,1,1,2015,IHS,
5321418,53208,1,1,2015,IHS,
5321419,53208,1,1,2015,IHS,
5321420,53208,0,1,2015,IHS,
5321701,53201,0,1,2015,IHS,
5321702,53201,0,1,2015,IHS,
5321703,53201,0,1,2015,IHS,
5321704,53201,0,1,2015,IHS,
5321705,53201,0,1,2015,IHS,
5321706,53201,0,1,2015,IHS,
5321707,53201,0,1,2015,IHS,
5321708,53201,0,1,2015,IHS,
5321709,53201,1,1,2015,IHS,
5321710,53201,0,1,2015,IHS,
5321711,53201,0,1,2015,IHS,
5321713,53201,0,1,2015,IHS,
5321714,53201,0,1,2015,IHS,
5321715,53201,1,1,2015,IHS,
5321716,53201,1,1,2015,IHS,
5321717,53201,0,1,2015,IHS,
5321718,53201,1,1,2015,IHS,
5321719,53201,0,1,2015,IHS,
5321720,53201,0,1,2015,IHS,
5321721,53201,0,1,2015,IHS,
5410301,54105,0,1,2015,IHS,
5410302,54105,0,1,2015,IHS,
5410303,54105,0,1,2015,IHS,
5410304,54105,0,1,2015,IHS,
5410305,54105,0,1,2015,IHS,
5410306,54105,0,1,2015,IHS,
5410307,54105,0,1,2015,IHS,
5410308,54105,0,1,2015,IHS,
5410309,54105,1,1,2015,IHS,
5410310,54105,0,1,2015,IHS,
5410311,54105,1,1,2015,IHS,
5410312,54110,0,1,2015,IHS,
5410313,54110,0,1,2015,IHS,
5410314,54110,0,1,2015,IHS,
5410315,54110,0,1,2015,IHS,
5410316,54110,0,1,2015,IHS,
5410317,54110,0,1,2015,IHS,
5410318,54110,0,1,2015,IHS,
5410319,54110,0,1,2015,IHS,
5410320,54126,0,1,2015,IHS,
5410801,54107,1,1,2015,IHS,
5410802,54107,1,1,2015,IHS,
5410803,54107,1,1,2015,IHS,
5410804,54107,0,1,2015,IHS,
5410805,54107,1,1,2015,IHS,
5410806,54107,1,1,2015,IHS,
5410807,54107,1,1,2015,IHS,
5410808,54107,1,1,2015,IHS,
5410809,54107,1,1,2015,IHS,
5410810,54107,0,1,2015,IHS,
5410811,54107,0,1,2015,IHS,
5410812,54107,1,1,2015,IHS,
5410813,54107,0,1,2015,IHS,
5410814,54107,1,1,2015,IHS,
5410815,54107,0,1,2015,IHS,
5410816,54107,1,1,2015,IHS,
5410817,54107,1,1,2015,IHS,
5410818,54107,1,1,2015,IHS,
5410819,54107,1,1,2015,IHS,
5410820,54107,0,1,2015,IHS,
5411001,54103,0,1,2015,IHS,
5411002,54103,0,1,2015,IHS,
5411003,54103,0,1,2015,IHS,
5411004,54103,1,1,2015,IHS,
5411005,54103,0,1,2015,IHS,
5411006,54103,1,1,2015,IHS,
5411007,54103,1,1,2015,IHS,
5411008,54103,1,1,2015,IHS,
5411009,54103,0,1,2015,IHS,
5411010,54103,1,1,2015,IHS,
5411011,54103,0,1,2015,IHS,
5411012,54103,0,1,2015,IHS,
5411013,54103,0,1,2015,IHS,
5411014,54103,0,1,2015,IHS,
5411015,54103,0,1,2015,IHS,
5411016,54103,0,1,2015,IHS,
5411017,54103,1,1,2015,IHS,
5411018,54103,0,1,2015,IHS,
5411019,54103,0,1,2015,IHS,
5411020,54103,0,1,2015,IHS,
5411301,54116,1,1,2015,IHS,
5411302,54116,0,1,2015,IHS,
5411303,54116,0,1,2015,IHS,
5411304,54116,1,1,2015,IHS,
5411305,54116,0,1,2015,IHS,
5411306,54116,1,1,2015,IHS,
5411307,54116,1,1,2015,IHS,
5411308,54116,0,1,2015,IHS,
5411309,54116,0,1,2015,IHS,
5411310,54116,1,1,2015,IHS,
5411311,54116,0,1,2015,IHS,
5411312,54116,0,1,2015,IHS,
5411313,54116,0,1,2015,IHS,
5411314,54116,1,1,2015,IHS,
5411315,54116,1,1,2015,IHS,
5411316,54116,0,1,2015,IHS,
5411317,54116,1,1,2015,IHS,
5411318,54116,1,1,2015,IHS,
5411319,54116,1,1,2015,IHS,
5411320,54116,0,1,2015,IHS,
5411501,54116,0,1,2015,IHS,
5411502,54116,0,1,2015,IHS,
5411503,54116,0,1,2015,IHS,
5411504,54116,0,1,2015,IHS,
5411505,54116,0,1,2015,IHS,
5411506,54116,1,1,2015,IHS,
5411507,54116,0,1,2015,IHS,
5411508,54116,0,1,2015,IHS,
5411509,54116,0,1,2015,IHS,
5411510,54116,1,1,2015,IHS,
5411511,54116,1,1,2015,IHS,
5411512,54116,0,1,2015,IHS,
5411513,54116,0,1,2015,IHS,
5411514,54116,0,1,2015,IHS,
5411515,54116,1,1,2015,IHS,
5411516,54116,1,1,2015,IHS,
5411517,54116,1,1,2015,IHS,
5411518,54116,1,1,2015,IHS,
5411519,54116,1,1,2015,IHS,
5411520,54116,0,1,2015,IHS,
5411701,54116,1,1,2015,IHS,
5411702,54116,1,1,2015,IHS,
5411703,54116,1,1,2015,IHS,
5411704,54116,1,1,2015,IHS,
5411705,54116,0,1,2015,IHS,
5411706,54116,1,1,2015,IHS,
5411707,54116,1,1,2015,IHS,
5411708,54116,0,1,2015,IHS,
5411709,54116,0,1,2015,IHS,
5411710,54116,0,1,2015,IHS,
5411711,54116,0,1,2015,IHS,
5411712,54116,0,1,2015,IHS,
5411713,54116,0,1,2015,IHS,
5411714,54116,1,1,2015,IHS,
5411715,54116,1,1,2015,IHS,
5411716,54116,1,1,2015,IHS,
5411717,54116,0,1,2015,IHS,
5411718,54116,0,1,2015,IHS,
5411719,54116,0,1,2015,IHS,
5411720,54116,0,1,2015,IHS,
5411801,54124,0,1,2015,IHS,
5411802,54124,0,1,2015,IHS,
5411803,54124,0,1,2015,IHS,
5411804,54124,1,1,2015,IHS,
5411805,54124,1,1,2015,IHS,
5411806,54124,0,1,2015,IHS,
5411807,54124,0,1,2015,IHS,
5411808,54125,0,1,2015,IHS,
5411809,54125,0,1,2015,IHS,
5411810,54125,0,1,2015,IHS,
5411811,54125,0,1,2015,IHS,
5411812,54125,0,1,2015,IHS,
5411813,54124,1,1,2015,IHS,
5411814,54124,1,1,2015,IHS,
5411815,54124,1,1,2015,IHS,
5411816,54125,1,1,2015,IHS,
5411817,54125,1,1,2015,IHS,
5411818,54125,1,1,2015,IHS,
5411819,54125,0,1,2015,IHS,
5411820,54125,0,1,2015,IHS,
5412101,54117,1,1,2015,IHS,
5412102,54117,1,1,2015,IHS,
5412103,54117,1,1,2015,IHS,
5412104,54117,1,1,2015,IHS,
5412105,54117,1,1,2015,IHS,
5412106,54117,1,1,2015,IHS,
5412107,54117,1,1,2015,IHS,
5412108,54117,1,1,2015,IHS,
5412109,54117,0,1,2015,IHS,
5412110,54117,1,1,2015,IHS,
5412111,54117,1,1,2015,IHS,
5412112,54117,0,1,2015,IHS,
5412113,54117,0,1,2015,IHS,
5412114,54117,1,1,2015,IHS,
5412115,54117,1,1,2015,IHS,
5412116,54117,1,1,2015,IHS,
5412117,54117,0,1,2015,IHS,
5412118,54117,1,1,2015,IHS,
5412119,54117,0,1,2015,IHS,
5412120,54117,1,1,2015,IHS,
5420101,54205,1,1,2015,IHS,
5420102,54205,0,1,2015,IHS,
5420103,54205,0,1,2015,IHS,
5420104,54205,1,1,2015,IHS,
5420105,54205,1,1,2015,IHS,
5420106,54205,1,1,2015,IHS,
5420107,54205,0,1,2015,IHS,
5420108,54205,0,1,2015,IHS,
5420109,54205,0,1,2015,IHS,
5420110,54205,0,1,2015,IHS,
5420111,54205,1,1,2015,IHS,
5420112,54205,1,1,2015,IHS,
5420113,54205,0,1,2015,IHS,
5420114,54205,0,1,2015,IHS,
5420115,54205,0,1,2015,IHS,
5420116,54205,1,1,2015,IHS,
5420117,54205,1,1,2015,IHS,
5420118,54205,1,1,2015,IHS,
5420119,54205,1,1,2015,IHS,
5420120,54205,1,1,2015,IHS,
5420501,54201,0,1,2015,IHS,
5420502,54201,0,1,2015,IHS,
5420503,54201,0,1,2015,IHS,
5420504,54201,0,1,2015,IHS,
5420505,54201,1,1,2015,IHS,
5420506,54201,0,1,2015,IHS,
5420507,54201,1,1,2015,IHS,
5420508,54201,1,1,2015,IHS,
5420509,54201,1,1,2015,IHS,
5420510,54201,1,1,2015,IHS,
5420511,54201,0,1,2015,IHS,
5420512,54201,0,1,2015,IHS,
5420513,54201,0,1,2015,IHS,
5420514,54201,1,1,2015,IHS,
5420515,54201,0,1,2015,IHS,
5420516,54201,0,1,2015,IHS,
5420517,54201,0,1,2015,IHS,
5420518,54201,0,1,2015,IHS,
5420519,54201,0,1,2015,IHS,
5420520,54201,0,1,2015,IHS,
5420901,54202,0,1,2015,IHS,
5420902,54202,1,1,2015,IHS,
5420903,54202,0,1,2015,IHS,
5420904,54202,0,1,2015,IHS,
5420905,54202,0,1,2015,IHS,
5420906,54202,0,1,2015,IHS,
5420907,54202,0,1,2015,IHS,
5420908,54202,0,1,2015,IHS,
5420909,54202,0,1,2015,IHS,
5420910,54202,1,1,2015,IHS,
5420911,54202,1,1,2015,IHS,
5420912,54202,1,1,2015,IHS,
5420913,54202,0,1,2015,IHS,
5420914,54202,0,1,2015,IHS,
5420915,54202,0,1,2015,IHS,
5420916,54202,0,1,2015,IHS,
5420917,54202,0,1,2015,IHS,
5420918,54202,1,1,2015,IHS,
5420919,54202,1,1,2015,IHS,
5420920,54202,0,1,2015,IHS,
5421201,54206,0,1,2015,IHS,
5421202,54206,0,1,2015,IHS,
5421203,54206,0,1,2015,IHS,
5421204,54206,0,1,2015,IHS,
5421205,54206,0,1,2015,IHS,
5421206,54206,1,1,2015,IHS,
5421207,54206,0,1,2015,IHS,
5421208,54206,1,1,2015,IHS,
5421209,54206,1,1,2015,IHS,
5421210,54206,0,1,2015,IHS,
5421211,54206,0,1,2015,IHS,
5421212,54206,1,1,2015,IHS,
5421213,54206,0,1,2015,IHS,
5421214,54206,0,1,2015,IHS,
5421215,54206,0,1,2015,IHS,
5421216,54206,0,1,2015,IHS,
5421217,54206,1,1,2015,IHS,
5421218,54206,0,1,2015,IHS,
5421219,54206,1,1,2015,IHS,
5421220,54206,0,1,2015,IHS,
5421401,54207,0,1,2015,IHS,
5421402,54207,0,1,2015,IHS,
5421403,54207,1,1,2015,IHS,
5421404,54207,0,1,2015,IHS,
5421405,54207,1,1,2015,IHS,
5421406,54207,1,1,2015,IHS,
5421407,54207,1,1,2015,IHS,
5421408,54207,1,1,2015,IHS,
5421409,54207,1,1,2015,IHS,
5421410,54207,0,1,2015,IHS,
5421411,54207,1,1,2015,IHS,
5421412,54207,1,1,2015,IHS,
5421413,54207,0,1,2015,IHS,
5421414,54207,0,1,2015,IHS,
5421415,54207,0,1,2015,IHS,
5421416,54207,1,1,2015,IHS,
5421417,54207,0,1,2015,IHS,
5421418,54207,1,1,2015,IHS,
5421419,54207,1,1,2015,IHS,
5421420,54207,1,1,2015,IHS,
5421501,54207,0,1,2015,IHS,
5421502,54207,1,1,2015,IHS,
5421503,54207,1,1,2015,IHS,
5421504,54207,1,1,2015,IHS,
5421505,54207,0,1,2015,IHS,
5421506,54207,1,1,2015,IHS,
5421507,54207,0,1,2015,IHS,
5421508,54207,1,1,2015,IHS,
5421509,54207,1,1,2015,IHS,
5421510,54207,0,1,2015,IHS,
5421511,54207,1,1,2015,IHS,
5421512,54207,1,1,2015,IHS,
5421513,54207,1,1,2015,IHS,
5421514,54207,1,1,2015,IHS,
5421515,54207,1,1,2015,IHS,
5421516,54207,1,1,2015,IHS,
5421517,54207,0,1,2015,IHS,
5421518,54207,1,1,2015,IHS,
5421519,54207,0,1,2015,IHS,
5421520,54207,0,1,2015,IHS,
5421801,54207,0,1,2015,IHS,
5421802,54207,1,1,2015,IHS,
5421803,54207,1,1,2015,IHS,
5421804,54207,1,1,2015,IHS,
5421805,54207,0,1,2015,IHS,
5421806,54207,1,1,2015,IHS,
5421807,54207,1,1,2015,IHS,
5421808,54207,0,1,2015,IHS,
5421809,54207,1,1,2015,IHS,
5421810,54207,1,1,2015,IHS,
5421811,54207,1,1,2015,IHS,
5421812,54207,1,1,2015,IHS,
5421813,54207,1,1,2015,IHS,
5421814,54207,1,1,2015,IHS,
5421815,54207,1,1,2015,IHS,
5421816,54207,1,1,2015,IHS,
5421817,54207,1,1,2015,IHS,
5421818,54207,0,1,2015,IHS,
5421819,54207,1,1,2015,IHS,
5421820,54207,1,1,2015,IHS,
5421901,54207,0,1,2015,IHS,
5421902,54207,0,1,2015,IHS,
5421903,54207,1,1,2015,IHS,
5421904,54207,1,1,2015,IHS,
5421905,54207,1,1,2015,IHS,
5421906,54207,1,1,2015,IHS,
5421907,54207,0,1,2015,IHS,
5421908,54207,0,1,2015,IHS,
5421909,54207,0,1,2015,IHS,
5421910,54207,0,1,2015,IHS,
5421911,54207,0,1,2015,IHS,
5421912,54207,0,1,2015,IHS,
5421913,54207,1,1,2015,IHS,
5421914,54207,1,1,2015,IHS,
5421915,54207,1,1,2015,IHS,
5421916,54207,0,1,2015,IHS,
5421917,54207,0,1,2015,IHS,
5421918,54207,0,1,2015,IHS,
5421919,54207,1,1,2015,IHS,
5421920,54207,1,1,2015,IHS,
5510901,55118,0,1,2015,IHS,
5510902,55118,0,1,2015,IHS,
5510903,55118,0,1,2015,IHS,
5510904,55118,1,1,2015,IHS,
5510905,55118,1,1,2015,IHS,
5510906,55118,1,1,2015,IHS,
5510907,55118,1,1,2015,IHS,
5510908,55118,1,1,2015,IHS,
5510909,55118,0,1,2015,IHS,
5510910,55118,0,1,2015,IHS,
5510911,55118,0,1,2015,IHS,
5510912,55118,0,1,2015,IHS,
5510913,55118,1,1,2015,IHS,
5510914,55118,1,1,2015,IHS,
5510915,55118,1,1,2015,IHS,
5510916,55118,0,1,2015,IHS,
5510917,55118,1,1,2015,IHS,
5510918,55118,1,1,2015,IHS,
5510919,55118,1,1,2015,IHS,
5510920,55118,1,1,2015,IHS,
5511601,55111,0,1,2015,IHS,
5511602,55111,1,1,2015,IHS,
5511603,55111,0,1,2015,IHS,
5511604,55111,0,1,2015,IHS,
5511605,55111,0,1,2015,IHS,
5511606,55111,0,1,2015,IHS,
5511607,55111,1,1,2015,IHS,
5511608,55111,0,1,2015,IHS,
5511609,55111,0,1,2015,IHS,
5511610,55111,0,1,2015,IHS,
5511611,55111,1,1,2015,IHS,
5511612,55119,0,1,2015,IHS,
5511613,55119,0,1,2015,IHS,
5511614,55119,0,1,2015,IHS,
5511615,55119,0,1,2015,IHS,
5511616,55119,1,1,2015,IHS,
5511617,55119,0,1,2015,IHS,
5511618,55121,0,1,2015,IHS,
5511619,55121,0,1,2015,IHS,
5511620,55121,0,1,2015,IHS,
5520801,55206,0,1,2015,IHS,
5520802,55206,1,1,2015,IHS,
5520803,55206,1,1,2015,IHS,
5520804,55206,1,1,2015,IHS,
5520805,55206,0,1,2015,IHS,
5520806,55206,1,1,2015,IHS,
5520807,55206,0,1,2015,IHS,
5520808,55206,0,1,2015,IHS,
5520809,55206,0,1,2015,IHS,
5520810,55206,0,1,2015,IHS,
5520811,55206,0,1,2015,IHS,
5520812,55206,0,1,2015,IHS,
5520813,55206,0,1,2015,IHS,
5520814,55206,0,1,2015,IHS,
5520815,55206,1,1,2015,IHS,
5520816,55206,0,1,2015,IHS,
5520817,55206,1,1,2015,IHS,
5520818,55206,0,1,2015,IHS,
5520819,55206,1,1,2015,IHS,
5520820,55206,1,1,2015,IHS,
5521601,55201,1,1,2015,IHS,
5521602,55201,0,1,2015,IHS,
5521603,55201,1,1,2015,IHS,
5521604,55201,1,1,2015,IHS,
5521605,55201,1,1,2015,IHS,
5521606,55201,1,1,2015,IHS,
5521607,55201,0,1,2015,IHS,
5521608,55201,1,1,2015,IHS,
5521609,55201,1,1,2015,IHS,
5521610,55201,1,1,2015,IHS,
5521611,55201,0,1,2015,IHS,
5521612,55201,0,1,2015,IHS,
5521613,55201,1,1,2015,IHS,
5521614,55201,0,1,2015,IHS,
5521615,55201,0,1,2015,IHS,
5521616,55201,1,1,2015,IHS,
5521617,55201,1,1,2015,IHS,
5521618,55201,1,1,2015,IHS,
5521619,55201,0,1,2015,IHS,
5521620,55201,1,1,2015,IHS,
5530301,55301,1,0,2015,IHS,
5530302,55301,1,0,2015,IHS,
5530303,55301,1,0,2015,IHS,
5530304,55301,1,0,2015,IHS,
5530305,55301,1,0,2015,IHS,
5530306,55301,1,0,2015,IHS,
5530307,55301,1,0,2015,IHS,
5530308,55301,0,0,2015,IHS,
5530309,55301,0,0,2015,IHS,
5530310,55301,1,0,2015,IHS,
5530311,55301,0,0,2015,IHS,
5530312,55301,1,0,2015,IHS,
5530313,55301,1,0,2015,IHS,
5530314,55301,0,0,2015,IHS,
5530315,55301,1,0,2015,IHS,
5530316,55301,1,0,2015,IHS,
5530317,55301,1,0,2015,IHS,
5530318,55301,1,0,2015,IHS,
5530319,55301,1,0,2015,IHS,
5530320,55301,0,0,2015,IHS,
5530701,55301,1,0,2015,IHS,
5530702,55301,0,0,2015,IHS,
5530703,55301,0,0,2015,IHS,
5530704,55301,1,0,2015,IHS,
5530705,55301,1,0,2015,IHS,
5530706,55301,1,0,2015,IHS,
5530707,55301,1,0,2015,IHS,
5530708,55301,1,0,2015,IHS,
5530709,55301,1,0,2015,IHS,
5530710,55301,1,0,2015,IHS,
5530711,55301,0,0,2015,IHS,
5530712,55301,0,0,2015,IHS,
5530713,55301,0,0,2015,IHS,
5530714,55301,1,0,2015,IHS,
5530715,55301,0,0,2015,IHS,
5530716,55301,0,0,2015,IHS,
5530717,55301,0,0,2015,IHS,
5530718,55301,1,0,2015,IHS,
5530719,55301,0,0,2015,IHS,
5530720,55301,1,0,2015,IHS,
5531001,55301,0,0,2015,IHS,
5531002,55301,0,0,2015,IHS,
5531003,55301,1,0,2015,IHS,
5531004,55301,1,0,2015,IHS,
5531005,55301,0,0,2015,IHS,
5531006,55301,1,0,2015,IHS,
5531007,55301,0,0,2015,IHS,
5531008,55301,1,0,2015,IHS,
5531009,55301,0,0,2015,IHS,
5531010,55301,1,0,2015,IHS,
5531011,55301,0,0,2015,IHS,
5531012,55301,0,0,2015,IHS,
5531013,55301,1,0,2015,IHS,
5531014,55301,1,0,2015,IHS,
5531015,55301,0,0,2015,IHS,
5531016,55301,0,0,2015,IHS,
5531017,55301,0,0,2015,IHS,
5531018,55301,0,0,2015,IHS,
5531019,55301,1,0,2015,IHS,
5531020,55301,0,0,2015,IHS,
5531501,55301,1,0,2015,IHS,
5531502,55301,1,0,2015,IHS,
5531503,55301,0,0,2015,IHS,
5531504,55301,1,0,2015,IHS,
5531505,55301,1,0,2015,IHS,
5531506,55301,0,0,2015,IHS,
5531507,55301,0,0,2015,IHS,
5531508,55301,0,0,2015,IHS,
5531509,55301,1,0,2015,IHS,
5531510,55301,0,0,2015,IHS,
5531511,55301,1,0,2015,IHS,
5531512,55301,1,0,2015,IHS,
5531513,55301,1,0,2015,IHS,
5531514,55301,1,0,2015,IHS,
5531515,55301,1,0,2015,IHS,
5531516,55301,1,0,2015,IHS,
5531517,55301,0,0,2015,IHS,
5531518,55301,0,0,2015,IHS,
5531519,55301,1,0,2015,IHS,
5531520,55301,1,0,2015,IHS,
5531901,55301,1,0,2015,IHS,
5531902,55301,0,0,2015,IHS,
5531903,55301,0,0,2015,IHS,
5531904,55301,1,0,2015,IHS,
5531905,55301,0,0,2015,IHS,
5531906,55301,0,0,2015,IHS,
5531907,55301,0,0,2015,IHS,
5531908,55301,0,0,2015,IHS,
5531909,55301,1,0,2015,IHS,
5531910,55301,1,0,2015,IHS,
5531911,55301,0,0,2015,IHS,
5531912,55301,1,0,2015,IHS,
5531913,55301,1,0,2015,IHS,
5531914,55301,0,0,2015,IHS,
5531915,55301,1,0,2015,IHS,
5531916,55301,1,0,2015,IHS,
5531917,55301,1,0,2015,IHS,
5531918,55301,1,0,2015,IHS,
5531919,55301,1,0,2015,IHS,
5531920,55301,0,0,2015,IHS,
5532301,55301,1,0,2015,IHS,
5532302,55301,0,0,2015,IHS,
5532303,55301,1,0,2015,IHS,
5532304,55301,1,0,2015,IHS,
5532305,55301,1,0,2015,IHS,
5532306,55301,1,0,2015,IHS,
5532307,55301,0,0,2015,IHS,
5532308,55301,1,0,2015,IHS,
5532309,55301,1,0,2015,IHS,
5532310,55301,1,0,2015,IHS,
5532311,55301,1,0,2015,IHS,
5532312,55301,0,0,2015,IHS,
5532313,55301,0,0,2015,IHS,
5532314,55301,1,0,2015,IHS,
5532315,55301,0,0,2015,IHS,
5532316,55301,1,0,2015,IHS,
5532317,55301,1,0,2015,IHS,
5532318,55301,1,0,2015,IHS,
5532319,55301,1,0,2015,IHS,
5532320,55301,1,0,2015,IHS,
5532601,55301,0,0,2015,IHS,
5532602,55301,0,0,2015,IHS,
5532603,55301,1,0,2015,IHS,
5532604,55301,0,0,2015,IHS,
5532605,55301,0,0,2015,IHS,
5532606,55301,1,0,2015,IHS,
5532607,55301,1,0,2015,IHS,
5532608,55301,0,0,2015,IHS,
5532609,55301,0,0,2015,IHS,
5532610,55301,0,0,2015,IHS,
5532611,55301,0,0,2015,IHS,
5532612,55301,0,0,2015,IHS,
5532614,55301,1,0,2015,IHS,
5532615,55301,1,0,2015,IHS,
5532616,55301,1,0,2015,IHS,
5532617,55301,0,0,2015,IHS,
5532618,55301,0,0,2015,IHS,
5532619,55301,0,0,2015,IHS,
5532620,55301,0,0,2015,IHS,
5532621,55301,0,0,2015,IHS,
5532901,55301,1,0,2015,IHS,
5532902,55301,1,0,2015,IHS,
5532903,55301,1,0,2015,IHS,
5532904,55301,1,0,2015,IHS,
5532905,55301,0,0,2015,IHS,
5532906,55301,0,0,2015,IHS,
5532907,55301,0,0,2015,IHS,
5532908,55301,0,0,2015,IHS,
5532909,55301,1,0,2015,IHS,
5532910,55301,0,0,2015,IHS,
5532911,55301,0,0,2015,IHS,
5532912,55301,1,0,2015,IHS,
5532913,55301,0,0,2015,IHS,
5532914,55301,1,0,2015,IHS,
5532915,55301,0,0,2015,IHS,
5532916,55301,0,0,2015,IHS,
5532917,55301,1,0,2015,IHS,
5532918,55301,0,0,2015,IHS,
5532919,55301,1,0,2015,IHS,
5532920,55301,1,0,2015,IHS,
5533401,55301,0,0,2015,IHS,
5533402,55301,0,0,2015,IHS,
5533403,55301,1,0,2015,IHS,
5533404,55301,0,0,2015,IHS,
5533405,55301,1,0,2015,IHS,
5533406,55301,1,0,2015,IHS,
5533407,55301,1,0,2015,IHS,
5533408,55301,1,0,2015,IHS,
5533409,55301,1,0,2015,IHS,
5533410,55301,1,0,2015,IHS,
5533411,55301,1,0,2015,IHS,
5533412,55301,0,0,2015,IHS,
5533413,55301,1,0,2015,IHS,
5533414,55301,1,0,2015,IHS,
5533415,55301,0,0,2015,IHS,
5533416,55301,0,0,2015,IHS,
5533417,55301,1,0,2015,IHS,
5533418,55301,0,0,2015,IHS,
5533419,55301,1,0,2015,IHS,
5533420,55301,1,0,2015,IHS,
5533801,55301,1,0,2015,IHS,
5533802,55301,1,0,2015,IHS,
5533803,55301,1,0,2015,IHS,
5533804,55301,1,0,2015,IHS,
5533805,55301,1,0,2015,IHS,
5533807,55301,1,0,2015,IHS,
5533808,55301,1,0,2015,IHS,
5533809,55301,1,0,2015,IHS,
5533810,55301,1,0,2015,IHS,
5533811,55301,1,0,2015,IHS,
5533812,55301,0,0,2015,IHS,
5533813,55301,0,0,2015,IHS,
5533814,55301,0,0,2015,IHS,
5533815,55301,0,0,2015,IHS,
5533816,55301,0,0,2015,IHS,
5533817,55301,1,0,2015,IHS,
5533818,55301,1,0,2015,IHS,
5533819,55301,1,0,2015,IHS,
5533820,55301,1,0,2015,IHS,
5534301,55301,1,0,2015,IHS,
5534302,55301,1,0,2015,IHS,
5534303,55301,1,0,2015,IHS,
5534304,55301,1,0,2015,IHS,
5534305,55301,1,0,2015,IHS,
5534306,55301,1,0,2015,IHS,
5534307,55301,1,0,2015,IHS,
5534308,55301,1,0,2015,IHS,
5534309,55301,1,0,2015,IHS,
5534310,55301,1,0,2015,IHS,
5534311,55301,1,0,2015,IHS,
5534312,55301,1,0,2015,IHS,
5534313,55301,0,0,2015,IHS,
5534314,55301,1,0,2015,IHS,
5534315,55301,1,0,2015,IHS,
5534316,55301,1,0,2015,IHS,
5534317,55301,1,0,2015,IHS,
5534318,55301,1,0,2015,IHS,
5534319,55301,0,0,2015,IHS,
5534320,55301,0,0,2015,IHS,
5534701,55301,1,0,2015,IHS,
5534702,55301,1,0,2015,IHS,
5534703,55301,1,0,2015,IHS,
5534704,55301,1,0,2015,IHS,
5534705,55301,1,0,2015,IHS,
5534706,55301,1,0,2015,IHS,
5534707,55301,0,0,2015,IHS,
5534708,55301,1,0,2015,IHS,
5534709,55301,1,0,2015,IHS,
5534710,55301,1,0,2015,IHS,
5534711,55301,0,0,2015,IHS,
5534712,55301,1,0,2015,IHS,
5534713,55301,1,0,2015,IHS,
5534714,55301,1,0,2015,IHS,
5534715,55301,0,0,2015,IHS,
5534716,55301,1,0,2015,IHS,
5534717,55301,1,0,2015,IHS,
5534718,55301,0,0,2015,IHS,
5534719,55301,0,0,2015,IHS,
5534720,55301,0,0,2015,IHS,
5540201,55420,1,1,2015,IHS,
5540202,55420,0,1,2015,IHS,
5540203,55420,1,1,2015,IHS,
5540204,55420,1,1,2015,IHS,
5540205,55420,1,1,2015,IHS,
5540206,55420,1,1,2015,IHS,
5540207,55420,1,1,2015,IHS,
5540208,55420,1,1,2015,IHS,
5540209,55420,1,1,2015,IHS,
5540210,55420,1,1,2015,IHS,
5540211,55420,1,1,2015,IHS,
5540212,55420,1,1,2015,IHS,
5540213,55420,1,1,2015,IHS,
5540214,55420,0,1,2015,IHS,
5540215,55420,1,1,2015,IHS,
5540216,55420,1,1,2015,IHS,
5540217,55420,1,1,2015,IHS,
5540218,55420,1,1,2015,IHS,
5540219,55420,1,1,2015,IHS,
5540220,55420,0,1,2015,IHS,
5541101,55406,1,1,2015,IHS,
5541102,55406,1,1,2015,IHS,
5541103,55406,1,1,2015,IHS,
5541104,55406,1,1,2015,IHS,
5541105,55406,0,1,2015,IHS,
5541106,55406,0,1,2015,IHS,
5541107,55406,0,1,2015,IHS,
5541108,55406,0,1,2015,IHS,
5541109,55406,0,1,2015,IHS,
5541110,55406,0,1,2015,IHS,
5541111,55406,0,1,2015,IHS,
5541112,55406,0,1,2015,IHS,
5541113,55406,0,1,2015,IHS,
5541114,55406,0,1,2015,IHS,
5541115,55406,0,1,2015,IHS,
5541116,55406,0,1,2015,IHS,
5541117,55406,0,1,2015,IHS,
5541118,55406,1,1,2015,IHS,
5541119,55406,0,1,2015,IHS,
5541120,55406,0,1,2015,IHS,
5610301,56112,0,1,2015,IHS,
5610302,56112,1,1,2015,IHS,
5610303,56112,0,1,2015,IHS,
5610304,56112,0,1,2015,IHS,
5610305,56112,0,1,2015,IHS,
5610306,56112,0,1,2015,IHS,
5610307,56112,1,1,2015,IHS,
5610308,56112,1,1,2015,IHS,
5610309,56112,0,1,2015,IHS,
5610310,56112,1,1,2015,IHS,
5610311,56112,1,1,2015,IHS,
5610312,56112,1,1,2015,IHS,
5610313,56112,0,1,2015,IHS,
5610314,56112,0,1,2015,IHS,
5610315,56112,0,1,2015,IHS,
5610316,56112,1,1,2015,IHS,
5610317,56112,1,1,2015,IHS,
5610318,56112,1,1,2015,IHS,
5610319,56112,1,1,2015,IHS,
5610320,56112,0,1,2015,IHS,
5610701,56120,1,1,2015,IHS,
5610702,56120,0,1,2015,IHS,
5610703,56120,1,1,2015,IHS,
5610704,56120,1,1,2015,IHS,
5610705,56120,1,1,2015,IHS,
5610706,56120,0,1,2015,IHS,
5610707,56120,0,1,2015,IHS,
5610708,56120,0,1,2015,IHS,
5610709,56120,0,1,2015,IHS,
5610710,56120,1,1,2015,IHS,
5610711,56120,0,1,2015,IHS,
5610712,56120,0,1,2015,IHS,
5610713,56120,0,1,2015,IHS,
5610714,56120,0,1,2015,IHS,
5610715,56120,0,1,2015,IHS,
5610716,56120,0,1,2015,IHS,
5610717,56120,0,1,2015,IHS,
5610718,56120,0,1,2015,IHS,
5610719,56120,0,1,2015,IHS,
5610720,56120,0,1,2015,IHS,
5611201,56102,0,1,2015,IHS,
5611202,56102,0,1,2015,IHS,
5611203,56102,0,1,2015,IHS,
5611204,56102,0,1,2015,IHS,
5611205,56102,1,1,2015,IHS,
5611206,56102,1,1,2015,IHS,
5611207,56102,0,1,2015,IHS,
5611208,56102,0,1,2015,IHS,
5611209,56102,1,1,2015,IHS,
5611210,56102,0,1,2015,IHS,
5611211,56102,1,1,2015,IHS,
5611212,56102,0,1,2015,IHS,
5611213,56102,1,1,2015,IHS,
5611214,56102,0,1,2015,IHS,
5611215,56102,0,1,2015,IHS,
5611216,56102,1,1,2015,IHS,
5611217,56102,0,1,2015,IHS,
5611218,56102,0,1,2015,IHS,
5611219,56102,0,1,2015,IHS,
5611220,56102,1,1,2015,IHS,
5611401,56115,1,1,2015,IHS,
5611402,56115,0,1,2015,IHS,
5611403,56115,0,1,2015,IHS,
5611404,56115,0,1,2015,IHS,
5611405,56115,0,1,2015,IHS,
5611406,56115,0,1,2015,IHS,
5611407,56115,0,1,2015,IHS,
5611408,56115,0,1,2015,IHS,
5611409,56115,0,1,2015,IHS,
5611410,56115,1,1,2015,IHS,
5611411,56115,0,1,2015,IHS,
5611412,56113,0,1,2015,IHS,
5611413,56113,0,1,2015,IHS,
5611414,56113,0,1,2015,IHS,
5611415,56113,0,1,2015,IHS,
5611416,56113,0,1,2015,IHS,
5611417,56113,0,1,2015,IHS,
5611418,56113,0,1,2015,IHS,
5611419,56113,1,1,2015,IHS,
5611420,56113,0,1,2015,IHS,
5611701,56106,1,1,2015,IHS,
5611702,56106,1,1,2015,IHS,
5611703,56106,1,1,2015,IHS,
5611704,56106,1,1,2015,IHS,
5611705,56106,0,1,2015,IHS,
5611706,56106,0,1,2015,IHS,
5611707,56106,1,1,2015,IHS,
5611708,56106,0,1,2015,IHS,
5611709,56106,1,1,2015,IHS,
5611710,56106,1,1,2015,IHS,
5611711,56106,0,1,2015,IHS,
5611712,56106,0,1,2015,IHS,
5611714,56106,0,1,2015,IHS,
5611715,56106,0,1,2015,IHS,
5611716,56106,1,1,2015,IHS,
5611717,56106,0,1,2015,IHS,
5611718,56106,0,1,2015,IHS,
5611719,56106,0,1,2015,IHS,
5611720,56106,0,1,2015,IHS,
5620101,56214,0,1,2015,IHS,
5620102,56214,0,1,2015,IHS,
5620103,56214,1,1,2015,IHS,
5620104,56214,0,1,2015,IHS,
5620105,56214,0,1,2015,IHS,
5620106,56214,1,1,2015,IHS,
5620107,56214,0,1,2015,IHS,
5620108,56214,0,1,2015,IHS,
5620109,56214,0,1,2015,IHS,
5620110,56214,1,1,2015,IHS,
5620111,56214,1,1,2015,IHS,
5620112,56214,1,1,2015,IHS,
5620113,56214,0,1,2015,IHS,
5620114,56214,0,1,2015,IHS,
5620115,56214,1,1,2015,IHS,
5620116,56214,1,1,2015,IHS,
5620117,56214,0,1,2015,IHS,
5620118,56214,1,1,2015,IHS,
5620119,56214,0,1,2015,IHS,
5620120,56214,0,1,2015,IHS,
5620301,56218,0,1,2015,IHS,
5620302,56218,0,1,2015,IHS,
5620303,56218,0,1,2015,IHS,
5620304,56218,1,1,2015,IHS,
5620305,56218,0,1,2015,IHS,
5620306,56218,0,1,2015,IHS,
5620307,56218,1,1,2015,IHS,
5620308,56218,0,1,2015,IHS,
5620309,56218,0,1,2015,IHS,
5620310,56218,0,1,2015,IHS,
5620311,56218,1,1,2015,IHS,
5620312,56218,0,1,2015,IHS,
5620313,56218,0,1,2015,IHS,
5620314,56218,0,1,2015,IHS,
5620315,56218,1,1,2015,IHS,
5620316,56218,1,1,2015,IHS,
5620317,56218,1,1,2015,IHS,
5620318,56218,0,1,2015,IHS,
5620319,56218,0,1,2015,IHS,
5620320,56218,1,1,2015,IHS,
5620501,56218,0,1,2015,IHS,
5620502,56218,0,1,2015,IHS,
5620503,56218,0,1,2015,IHS,
5620504,56218,0,1,2015,IHS,
5620505,56218,0,1,2015,IHS,
5620506,56218,1,1,2015,IHS,
5620507,56218,1,1,2015,IHS,
5620508,56218,1,1,2015,IHS,
5620509,56218,0,1,2015,IHS,
5620510,56218,0,1,2015,IHS,
5620511,56218,0,1,2015,IHS,
5620512,56218,1,1,2015,IHS,
5620513,56218,0,1,2015,IHS,
5620514,56218,0,1,2015,IHS,
5620515,56218,0,1,2015,IHS,
5620516,56218,1,1,2015,IHS,
5620517,56218,0,1,2015,IHS,
5620518,56218,0,1,2015,IHS,
5620519,56218,0,1,2015,IHS,
5620520,56218,0,1,2015,IHS,
5620801,56222,0,1,2015,IHS,
5620802,56222,1,1,2015,IHS,
5620803,56222,1,1,2015,IHS,
5620804,56223,0,1,2015,IHS,
5620805,56222,0,1,2015,IHS,
5620806,56223,0,1,2015,IHS,
5620807,56223,0,1,2015,IHS,
5620808,56223,0,1,2015,IHS,
5620809,56223,1,1,2015,IHS,
5620810,56223,0,1,2015,IHS,
5620811,56223,1,1,2015,IHS,
5620812,56223,0,1,2015,IHS,
5620813,56223,1,1,2015,IHS,
5620814,56223,0,1,2015,IHS,
5620815,56223,1,1,2015,IHS,
5620816,56223,1,1,2015,IHS,
5620817,56223,0,1,2015,IHS,
5620818,56223,0,1,2015,IHS,
5620819,56223,0,1,2015,IHS,
5620820,56223,0,1,2015,IHS,
5621001,56212,0,1,2015,IHS,
5621002,56212,0,1,2015,IHS,
5621003,56212,0,1,2015,IHS,
5621004,56212,0,1,2015,IHS,
5621005,56212,0,1,2015,IHS,
5621006,56212,0,1,2015,IHS,
5621007,56212,0,1,2015,IHS,
5621008,56212,0,1,2015,IHS,
5621009,56212,0,1,2015,IHS,
5621010,56212,0,1,2015,IHS,
5621011,56212,0,1,2015,IHS,
5621012,56212,0,1,2015,IHS,
5621013,56212,0,1,2015,IHS,
5621014,56212,0,1,2015,IHS,
5621015,56212,0,1,2015,IHS,
5621016,56212,0,1,2015,IHS,
5621017,56212,0,1,2015,IHS,
5621018,56212,0,1,2015,IHS,
5621019,56212,0,1,2015,IHS,
5621020,56212,0,1,2015,IHS,
5621501,56227,0,1,2015,IHS,
5621502,56227,0,1,2015,IHS,
5621503,56227,0,1,2015,IHS,
5621504,56227,0,1,2015,IHS,
5621505,56227,0,1,2015,IHS,
5621506,56227,0,1,2015,IHS,
5621507,56208,0,1,2015,IHS,
5621508,56208,0,1,2015,IHS,
5621509,56208,0,1,2015,IHS,
5621510,56208,0,1,2015,IHS,
5621511,56208,0,1,2015,IHS,
5621512,56208,0,1,2015,IHS,
5621513,56208,0,1,2015,IHS,
5621514,56208,0,1,2015,IHS,
5621515,56208,0,1,2015,IHS,
5621516,56208,0,1,2015,IHS,
5621517,56208,0,1,2015,IHS,
5621518,56208,0,1,2015,IHS,
5621519,56208,1,1,2015,IHS,
5621520,56208,0,1,2015,IHS,
5621801,56221,0,1,2015,IHS,
5621802,56221,0,1,2015,IHS,
5621803,56221,0,1,2015,IHS,
5621804,56221,0,1,2015,IHS,
5621805,56221,0,1,2015,IHS,
5621806,56221,0,1,2015,IHS,
5621807,56221,0,1,2015,IHS,
5621808,56221,0,1,2015,IHS,
5621809,56221,1,1,2015,IHS,
5621810,56221,0,1,2015,IHS,
5621811,56221,1,1,2015,IHS,
5621812,56221,0,1,2015,IHS,
5621813,56221,0,1,2015,IHS,
5621814,56221,0,1,2015,IHS,
5621815,56221,0,1,2015,IHS,
5621816,56221,0,1,2015,IHS,
5621817,56221,0,1,2015,IHS,
5621818,56221,0,1,2015,IHS,
5621819,56221,0,1,2015,IHS,
5621820,56221,0,1,2015,IHS,
5622001,56229,0,1,2015,IHS,
5622002,56229,0,1,2015,IHS,
5622003,56229,0,1,2015,IHS,
5622004,56229,0,1,2015,IHS,
5622005,56229,0,1,2015,IHS,
5622006,56229,0,1,2015,IHS,
5622007,56229,0,1,2015,IHS,
5622008,56229,0,1,2015,IHS,
5622009,56229,0,1,2015,IHS,
5622010,56229,0,1,2015,IHS,
5622011,56229,0,1,2015,IHS,
5622012,56229,0,1,2015,IHS,
5622013,56229,0,1,2015,IHS,
5622014,56229,0,1,2015,IHS,
5622015,56229,0,1,2015,IHS,
5622016,56229,0,1,2015,IHS,
5622017,56229,0,1,2015,IHS,
5622018,56229,0,1,2015,IHS,
5622019,56229,0,1,2015,IHS,
5622020,56204,0,1,2015,IHS,
5622201,56226,0,1,2015,IHS,
5622202,56226,0,1,2015,IHS,
5622203,56226,0,1,2015,IHS,
5622204,56226,0,1,2015,IHS,
5622205,56226,1,1,2015,IHS,
5622206,56226,0,1,2015,IHS,
5622207,56226,0,1,2015,IHS,
5622208,56226,0,1,2015,IHS,
5622209,56226,1,1,2015,IHS,
5622210,56226,1,1,2015,IHS,
5622211,56226,0,1,2015,IHS,
5622212,56226,0,1,2015,IHS,
5622213,56226,0,1,2015,IHS,
5622214,56226,0,1,2015,IHS,
5622215,56226,0,1,2015,IHS,
5622216,56226,1,1,2015,IHS,
5622217,56226,0,1,2015,IHS,
5622218,56226,0,1,2015,IHS,
5622219,56226,0,1,2015,IHS,
5622220,56226,0,1,2015,IHS,
5622701,56209,0,1,2015,IHS,
5622702,56209,0,1,2015,IHS,
5622703,56209,0,1,2015,IHS,
5622704,56209,0,1,2015,IHS,
5622705,56209,0,1,2015,IHS,
5622706,56209,0,1,2015,IHS,
5622707,56209,0,1,2015,IHS,
5622708,56209,0,1,2015,IHS,
5622709,56209,0,1,2015,IHS,
5622710,56209,0,1,2015,IHS,
5622711,56209,0,1,2015,IHS,
5622712,56209,0,1,2015,IHS,
5622713,56209,0,1,2015,IHS,
5622714,56209,1,1,2015,IHS,
5622715,56209,1,1,2015,IHS,
5622716,56209,1,1,2015,IHS,
5622717,56209,1,1,2015,IHS,
5622718,56209,0,1,2015,IHS,
5622719,56209,0,1,2015,IHS,
5622720,56209,0,1,2015,IHS,
5622901,56201,1,1,2015,IHS,
5622902,56201,0,1,2015,IHS,
5622903,56201,1,1,2015,IHS,
5622904,56201,1,1,2015,IHS,
5622905,56201,1,1,2015,IHS,
5622906,56201,0,1,2015,IHS,
5622907,56201,0,1,2015,IHS,
5622908,56201,0,1,2015,IHS,
5622909,56201,0,1,2015,IHS,
5622910,56201,1,1,2015,IHS,
5622911,56201,1,1,2015,IHS,
5622912,56201,1,1,2015,IHS,
5622913,56201,0,1,2015,IHS,
5622914,56201,1,1,2015,IHS,
5622915,56201,1,1,2015,IHS,
5622916,56201,0,1,2015,IHS,
5622917,56201,0,1,2015,IHS,
5622918,56201,1,1,2015,IHS,
5622919,56201,0,1,2015,IHS,
5622920,56201,0,1,2015,IHS,
6010401,60103,0,1,2015,IHS,
6010402,60103,1,1,2015,IHS,
6010403,60103,1,1,2015,IHS,
6010404,60103,1,1,2015,IHS,
6010405,60103,0,1,2015,IHS,
6010406,60103,0,1,2015,IHS,
6010407,60103,0,1,2015,IHS,
6010408,60103,0,1,2015,IHS,
6010409,60103,0,1,2015,IHS,
6010410,60103,0,1,2015,IHS,
6010411,60103,0,1,2015,IHS,
6010412,60103,0,1,2015,IHS,
6010413,60103,0,1,2015,IHS,
6010414,60103,0,1,2015,IHS,
6010415,60103,0,1,2015,IHS,
6010416,60103,0,1,2015,IHS,
6010417,60103,0,1,2015,IHS,
6010418,60103,0,1,2015,IHS,
6010419,60103,0,1,2015,IHS,
6010420,60103,0,1,2015,IHS,
6010601,60103,0,1,2015,IHS,
6010602,60103,0,1,2015,IHS,
6010603,60103,0,1,2015,IHS,
6010604,60103,0,1,2015,IHS,
6010605,60103,0,1,2015,IHS,
6010606,60103,0,1,2015,IHS,
6010607,60103,0,1,2015,IHS,
6010608,60103,1,1,2015,IHS,
6010609,60103,0,1,2015,IHS,
6010610,60103,0,1,2015,IHS,
6010611,60103,0,1,2015,IHS,
6010612,60103,0,1,2015,IHS,
6010613,60103,0,1,2015,IHS,
6010614,60103,0,1,2015,IHS,
6010615,60103,0,1,2015,IHS,
6010616,60103,1,1,2015,IHS,
6010617,60103,1,1,2015,IHS,
6010618,60103,1,1,2015,IHS,
6010619,60103,1,1,2015,IHS,
6010620,60103,0,1,2015,IHS,
6011001,60107,0,1,2015,IHS,
6011002,60107,0,1,2015,IHS,
6011003,60107,0,1,2015,IHS,
6011004,60107,0,1,2015,IHS,
6011005,60107,0,1,2015,IHS,
6011006,60107,0,1,2015,IHS,
6011007,60107,0,1,2015,IHS,
6011008,60107,0,1,2015,IHS,
6011009,60107,0,1,2015,IHS,
6011010,60107,0,1,2015,IHS,
6011011,60107,0,1,2015,IHS,
6011012,60110,0,1,2015,IHS,
6011013,60110,0,1,2015,IHS,
6011014,60110,0,1,2015,IHS,
6011015,60110,0,1,2015,IHS,
6011016,60110,0,1,2015,IHS,
6011017,60107,0,1,2015,IHS,
6011018,60107,0,1,2015,IHS,
6011019,60107,0,1,2015,IHS,
6011020,60110,0,1,2015,IHS,
6020101,60236,0,1,2015,IHS,
6020102,60236,0,1,2015,IHS,
6020103,60236,0,1,2015,IHS,
6020104,60225,0,1,2015,IHS,
6020105,60225,0,1,2015,IHS,
6020106,60228,0,1,2015,IHS,
6020107,60228,0,1,2015,IHS,
6020108,60228,0,1,2015,IHS,
6020109,60228,0,1,2015,IHS,
6020110,60228,0,1,2015,IHS,
6020111,60228,0,1,2015,IHS,
6020112,60245,0,1,2015,IHS,
6020113,60245,0,1,2015,IHS,
6020114,60245,0,1,2015,IHS,
6020115,60245,0,1,2015,IHS,
6020116,60245,0,1,2015,IHS,
6020117,60246,0,1,2015,IHS,
6020118,60246,0,1,2015,IHS,
6020119,60246,0,1,2015,IHS,
6020120,60246,0,1,2015,IHS,
6020201,60224,0,0,2015,IHS,
6020202,60224,1,0,2015,IHS,
6020203,60224,0,0,2015,IHS,
6020204,60224,0,0,2015,IHS,
6020205,60224,0,0,2015,IHS,
6020206,60224,0,0,2015,IHS,
6020207,60224,0,0,2015,IHS,
6020208,60224,0,0,2015,IHS,
6020209,60224,0,0,2015,IHS,
6020210,60224,1,0,2015,IHS,
6020211,60224,0,0,2015,IHS,
6020212,60224,1,0,2015,IHS,
6020213,60224,1,0,2015,IHS,
6020214,60224,1,0,2015,IHS,
6020215,60224,0,0,2015,IHS,
6020216,60224,0,0,2015,IHS,
6020217,60224,0,0,2015,IHS,
6020218,60224,0,0,2015,IHS,
6020219,60224,0,0,2015,IHS,
6020220,60224,0,0,2015,IHS,
6020301,60224,0,0,2015,IHS,
6020302,60224,0,0,2015,IHS,
6020303,60224,0,0,2015,IHS,
6020304,60224,0,0,2015,IHS,
6020305,60224,0,0,2015,IHS,
6020306,60224,0,0,2015,IHS,
6020307,60224,1,0,2015,IHS,
6020308,60224,0,0,2015,IHS,
6020309,60224,0,0,2015,IHS,
6020310,60224,0,0,2015,IHS,
6020311,60224,0,0,2015,IHS,
6020312,60224,0,0,2015,IHS,
6020313,60224,0,0,2015,IHS,
6020314,60224,0,0,2015,IHS,
6020315,60224,0,0,2015,IHS,
6020316,60224,0,0,2015,IHS,
6020317,60224,0,0,2015,IHS,
6020318,60224,0,0,2015,IHS,
6020319,60224,0,0,2015,IHS,
6020320,60224,0,0,2015,IHS,
6020501,60224,0,0,2015,IHS,
6020502,60224,0,0,2015,IHS,
6020503,60224,0,0,2015,IHS,
6020504,60224,0,0,2015,IHS,
6020505,60224,0,0,2015,IHS,
6020506,60224,0,0,2015,IHS,
6020507,60224,0,0,2015,IHS,
6020508,60224,0,0,2015,IHS,
6020509,60224,0,0,2015,IHS,
6020510,60224,0,0,2015,IHS,
6020511,60224,0,0,2015,IHS,
6020512,60224,1,0,2015,IHS,
6020513,60224,0,0,2015,IHS,
6020514,60224,0,0,2015,IHS,
6020515,60224,0,0,2015,IHS,
6020516,60224,0,0,2015,IHS,
6020517,60224,0,0,2015,IHS,
6020518,60224,0,0,2015,IHS,
6020519,60224,0,0,2015,IHS,
6020520,60224,0,0,2015,IHS,
6020601,60223,0,0,2015,IHS,
6020602,60223,1,0,2015,IHS,
6020603,60223,0,0,2015,IHS,
6020604,60223,1,0,2015,IHS,
6020605,60223,1,0,2015,IHS,
6020606,60223,0,0,2015,IHS,
6020607,60223,0,0,2015,IHS,
6020608,60223,0,0,2015,IHS,
6020609,60223,0,0,2015,IHS,
6020610,60223,0,0,2015,IHS,
6020611,60223,1,0,2015,IHS,
6020612,60223,0,0,2015,IHS,
6020613,60223,1,0,2015,IHS,
6020614,60223,0,0,2015,IHS,
6020615,60223,0,0,2015,IHS,
6020616,60223,0,0,2015,IHS,
6020617,60223,0,0,2015,IHS,
6020618,60223,1,0,2015,IHS,
6020619,60223,1,0,2015,IHS,
6020620,60223,1,0,2015,IHS,
6020801,60223,0,0,2015,IHS,
6020802,60223,1,0,2015,IHS,
6020803,60223,0,0,2015,IHS,
6020804,60223,0,0,2015,IHS,
6020805,60223,0,0,2015,IHS,
6020806,60223,0,0,2015,IHS,
6020807,60223,0,0,2015,IHS,
6020808,60223,0,0,2015,IHS,
6020809,60223,0,0,2015,IHS,
6020810,60223,0,0,2015,IHS,
6020811,60223,0,0,2015,IHS,
6020812,60223,0,0,2015,IHS,
6020813,60223,0,0,2015,IHS,
6020814,60223,0,0,2015,IHS,
6020815,60223,0,0,2015,IHS,
6020816,60223,0,0,2015,IHS,
6020817,60223,0,0,2015,IHS,
6020818,60223,1,0,2015,IHS,
6020819,60223,0,0,2015,IHS,
6020820,60223,0,0,2015,IHS,
6020901,60223,0,1,2015,IHS,
6020902,60223,0,1,2015,IHS,
6020903,60223,0,1,2015,IHS,
6020904,60223,1,1,2015,IHS,
6020905,60223,0,1,2015,IHS,
6020906,60223,0,1,2015,IHS,
6020907,60223,1,1,2015,IHS,
6020908,60223,0,1,2015,IHS,
6020909,60223,0,1,2015,IHS,
6020910,60223,0,1,2015,IHS,
6020911,60223,1,1,2015,IHS,
6020912,60223,0,1,2015,IHS,
6020913,60223,1,1,2015,IHS,
6020914,60223,1,1,2015,IHS,
6020915,60223,1,1,2015,IHS,
6020916,60223,0,1,2015,IHS,
6020917,60223,0,1,2015,IHS,
6020918,60223,0,1,2015,IHS,
6020919,60223,0,1,2015,IHS,
6020920,60223,0,1,2015,IHS,
6021401,60241,0,1,2015,IHS,
6021402,60241,1,1,2015,IHS,
6021403,60241,0,1,2015,IHS,
6021404,60241,0,1,2015,IHS,
6021405,60241,0,1,2015,IHS,
6021406,60241,0,1,2015,IHS,
6021407,60241,0,1,2015,IHS,
6021408,60241,0,1,2015,IHS,
6021409,60241,0,1,2015,IHS,
6021410,60241,0,1,2015,IHS,
6021411,60241,0,1,2015,IHS,
6021412,60241,0,1,2015,IHS,
6021413,60244,0,1,2015,IHS,
6021414,60244,0,1,2015,IHS,
6021415,60242,0,1,2015,IHS,
6021416,60242,0,1,2015,IHS,
6021417,60242,0,1,2015,IHS,
6021418,60243,0,1,2015,IHS,
6021419,60243,0,1,2015,IHS,
6021420,60241,0,1,2015,IHS,
6021601,60233,0,1,2015,IHS,
6021602,60233,0,1,2015,IHS,
6021603,60233,0,1,2015,IHS,
6021604,60233,0,1,2015,IHS,
6021605,60233,0,1,2015,IHS,
6021606,60233,0,1,2015,IHS,
6021607,60233,0,1,2015,IHS,
6021608,60233,0,1,2015,IHS,
6021609,60233,0,1,2015,IHS,
6021610,60233,0,1,2015,IHS,
6021611,60233,0,1,2015,IHS,
6021612,60234,0,1,2015,IHS,
6021613,60234,0,1,2015,IHS,
6021614,60234,0,1,2015,IHS,
6021615,60234,0,1,2015,IHS,
6021616,60234,0,1,2015,IHS,
6021617,60235,0,1,2015,IHS,
6021618,60234,0,1,2015,IHS,
6021619,60234,0,1,2015,IHS,
6021620,60234,0,1,2015,IHS,
6021701,60214,0,1,2015,IHS,
6021702,60214,0,1,2015,IHS,
6021703,60214,0,1,2015,IHS,
6021704,60214,0,1,2015,IHS,
6021705,60227,0,1,2015,IHS,
6021706,60227,0,1,2015,IHS,
6021707,60227,0,1,2015,IHS,
6021708,60227,0,1,2015,IHS,
6021709,60227,0,1,2015,IHS,
6021710,60227,0,1,2015,IHS,
6021711,60227,0,1,2015,IHS,
6021712,60226,0,1,2015,IHS,
6021713,60226,0,1,2015,IHS,
6021714,60226,0,1,2015,IHS,
6021715,60226,0,1,2015,IHS,
6021716,60226,0,1,2015,IHS,
6021717,60226,0,1,2015,IHS,
6021718,60226,0,1,2015,IHS,
6021719,60226,0,1,2015,IHS,
6021720,60226,0,1,2015,IHS,
6022001,60204,0,1,2015,IHS,
6022002,60204,0,1,2015,IHS,
6022003,60204,0,1,2015,IHS,
6022004,60204,0,1,2015,IHS,
6022005,60204,0,1,2015,IHS,
6022006,60204,0,1,2015,IHS,
6022007,60204,0,1,2015,IHS,
6022008,60204,0,1,2015,IHS,
6022009,60204,0,1,2015,IHS,
6022010,60204,0,1,2015,IHS,
6022011,60204,0,1,2015,IHS,
6022012,60204,0,1,2015,IHS,
6022013,60204,0,1,2015,IHS,
6022014,60205,0,1,2015,IHS,
6022015,60205,0,1,2015,IHS,
6022016,60205,0,1,2015,IHS,
6022017,60205,0,1,2015,IHS,
6022018,60205,0,1,2015,IHS,
6022019,60205,0,1,2015,IHS,
6022020,60205,0,1,2015,IHS,
6022201,60207,0,1,2015,IHS,
6022202,60207,0,1,2015,IHS,
6022203,60207,0,1,2015,IHS,
6022204,60207,0,1,2015,IHS,
6022205,60207,0,1,2015,IHS,
6022206,60207,0,1,2015,IHS,
6022207,60207,0,1,2015,IHS,
6022208,60207,0,1,2015,IHS,
6022209,60207,0,1,2015,IHS,
6022210,60207,0,1,2015,IHS,
6022211,60207,0,1,2015,IHS,
6022212,60207,0,1,2015,IHS,
6022213,60207,0,1,2015,IHS,
6022214,60207,0,1,2015,IHS,
6022215,60202,1,1,2015,IHS,
6022216,60202,0,1,2015,IHS,
6022217,60202,0,1,2015,IHS,
6022218,60202,1,1,2015,IHS,
6022219,60202,0,1,2015,IHS,
6022220,60206,0,1,2015,IHS,
6022501,60209,0,1,2015,IHS,
6022502,60209,0,1,2015,IHS,
6022503,60209,0,1,2015,IHS,
6022504,60209,0,1,2015,IHS,
6022505,60209,0,1,2015,IHS,
6022506,60209,0,1,2015,IHS,
6022507,60209,0,1,2015,IHS,
6022508,60209,0,1,2015,IHS,
6022509,60209,0,1,2015,IHS,
6022510,60209,0,1,2015,IHS,
6022511,60209,0,1,2015,IHS,
6022512,60209,0,1,2015,IHS,
6022513,60209,0,1,2015,IHS,
6022514,60209,0,1,2015,IHS,
6022515,60209,0,1,2015,IHS,
6022516,60209,0,1,2015,IHS,
6022517,60209,0,1,2015,IHS,
6022518,60209,0,1,2015,IHS,
6022519,60209,0,1,2015,IHS,
6022520,60209,0,1,2015,IHS,
6110301,61130,1,1,2015,IHS,
6110302,61130,0,1,2015,IHS,
6110303,61130,0,1,2015,IHS,
6110304,61130,0,1,2015,IHS,
6110305,61130,0,1,2015,IHS,
6110306,61130,0,1,2015,IHS,
6110307,61130,0,1,2015,IHS,
6110308,61130,0,1,2015,IHS,
6110309,61130,0,1,2015,IHS,
6110310,61130,0,1,2015,IHS,
6110311,61130,0,1,2015,IHS,
6110312,61130,0,1,2015,IHS,
6110313,61115,0,1,2015,IHS,
6110314,61115,0,1,2015,IHS,
6110315,61115,0,1,2015,IHS,
6110316,61115,0,1,2015,IHS,
6110317,61115,0,1,2015,IHS,
6110318,61115,0,1,2015,IHS,
6110319,61115,0,1,2015,IHS,
6110320,61115,0,1,2015,IHS,
6110501,61146,0,1,2015,IHS,
6110502,61146,0,1,2015,IHS,
6110503,61146,0,1,2015,IHS,
6110504,61146,0,1,2015,IHS,
6110505,61146,0,1,2015,IHS,
6110506,61146,0,1,2015,IHS,
6110507,61146,1,1,2015,IHS,
6110508,61146,0,1,2015,IHS,
6110509,61146,0,1,2015,IHS,
6110510,61146,0,1,2015,IHS,
6110511,61146,0,1,2015,IHS,
6110512,61146,0,1,2015,IHS,
6110513,61146,0,1,2015,IHS,
6110514,61146,0,1,2015,IHS,
6110515,61146,0,1,2015,IHS,
6110516,61146,0,1,2015,IHS,
6110517,61146,1,1,2015,IHS,
6110518,61146,1,1,2015,IHS,
6110519,61146,1,1,2015,IHS,
6110520,61146,0,1,2015,IHS,
6110801,61117,0,1,2015,IHS,
6110802,61117,0,1,2015,IHS,
6110803,61117,0,1,2015,IHS,
6110804,61117,0,1,2015,IHS,
6110805,61117,0,1,2015,IHS,
6110806,61117,0,1,2015,IHS,
6110807,61117,0,1,2015,IHS,
6110808,61117,0,1,2015,IHS,
6110809,61117,0,1,2015,IHS,
6110810,61117,0,1,2015,IHS,
6110811,61117,1,1,2015,IHS,
6110812,61117,0,1,2015,IHS,
6110813,61117,0,1,2015,IHS,
6110814,61117,0,1,2015,IHS,
6110815,61117,0,1,2015,IHS,
6110816,61117,0,1,2015,IHS,
6110817,61117,0,1,2015,IHS,
6110818,61117,0,1,2015,IHS,
6110819,61117,0,1,2015,IHS,
6110820,61117,0,1,2015,IHS,
6111101,61113,0,1,2015,IHS,
6111102,61113,0,1,2015,IHS,
6111103,61113,0,1,2015,IHS,
6111104,61113,0,1,2015,IHS,
6111105,61113,0,1,2015,IHS,
6111106,61113,0,1,2015,IHS,
6111107,61113,0,1,2015,IHS,
6111108,61113,0,1,2015,IHS,
6111109,61113,1,1,2015,IHS,
6111110,61113,0,1,2015,IHS,
6111111,61113,0,1,2015,IHS,
6111112,61113,0,1,2015,IHS,
6111113,61113,0,1,2015,IHS,
6111114,61113,1,1,2015,IHS,
6111115,61113,1,1,2015,IHS,
6111116,61113,1,1,2015,IHS,
6111117,61113,1,1,2015,IHS,
6111118,61113,0,1,2015,IHS,
6111119,61113,0,1,2015,IHS,
6111120,61113,0,1,2015,IHS,
6111601,61110,0,1,2015,IHS,
6111602,61110,0,1,2015,IHS,
6111603,61110,0,1,2015,IHS,
6111604,61110,0,1,2015,IHS,
6111605,61110,0,1,2015,IHS,
6111606,61110,0,1,2015,IHS,
6111607,61110,0,1,2015,IHS,
6111608,61110,0,1,2015,IHS,
6111609,61110,0,1,2015,IHS,
6111610,61110,0,1,2015,IHS,
6111611,61110,0,1,2015,IHS,
6111612,61110,0,1,2015,IHS,
6111613,61110,0,1,2015,IHS,
6111614,61110,0,1,2015,IHS,
6111615,61110,0,1,2015,IHS,
6111616,61110,0,1,2015,IHS,
6111617,61110,0,1,2015,IHS,
6111618,61110,0,1,2015,IHS,
6111619,61110,0,1,2015,IHS,
6111620,61110,0,1,2015,IHS,
6111901,61102,0,1,2015,IHS,
6111902,61102,0,1,2015,IHS,
6111903,61102,0,1,2015,IHS,
6111904,61102,1,1,2015,IHS,
6111905,61102,0,1,2015,IHS,
6111906,61102,0,1,2015,IHS,
6111907,61102,0,1,2015,IHS,
6111908,61102,1,1,2015,IHS,
6111909,61102,0,1,2015,IHS,
6111910,61102,0,1,2015,IHS,
6111911,61102,0,1,2015,IHS,
6111912,61102,0,1,2015,IHS,
6111913,61102,0,1,2015,IHS,
6111914,61102,0,1,2015,IHS,
6111915,61102,0,1,2015,IHS,
6111916,61102,0,1,2015,IHS,
6111917,61102,0,1,2015,IHS,
6111918,61102,0,1,2015,IHS,
6111919,61102,0,1,2015,IHS,
6111920,61102,0,1,2015,IHS,
6112101,61150,0,1,2015,IHS,
6112102,61150,0,1,2015,IHS,
6112103,61150,0,1,2015,IHS,
6112104,61150,0,1,2015,IHS,
6112105,61150,0,1,2015,IHS,
6112106,61150,0,1,2015,IHS,
6112107,61139,0,1,2015,IHS,
6112108,61139,0,1,2015,IHS,
6112109,61139,0,1,2015,IHS,
6112110,61139,0,1,2015,IHS,
6112111,61139,0,1,2015,IHS,
6112112,61125,0,1,2015,IHS,
6112113,61125,0,1,2015,IHS,
6112114,61140,0,1,2015,IHS,
6112115,61140,0,1,2015,IHS,
6112116,61140,0,1,2015,IHS,
6112117,61140,0,1,2015,IHS,
6112118,61140,0,1,2015,IHS,
6112119,61140,0,1,2015,IHS,
6112120,61140,0,1,2015,IHS,
6112301,61123,0,1,2015,IHS,
6112302,61123,0,1,2015,IHS,
6112303,61123,0,1,2015,IHS,
6112304,61123,0,1,2015,IHS,
6112305,61123,0,1,2015,IHS,
6112306,61123,0,1,2015,IHS,
6112307,61123,0,1,2015,IHS,
6112308,61123,0,1,2015,IHS,
6112309,61123,1,1,2015,IHS,
6112310,61123,0,1,2015,IHS,
6112311,61141,0,1,2015,IHS,
6112312,61141,0,1,2015,IHS,
6112313,61123,0,1,2015,IHS,
6112314,61101,0,1,2015,IHS,
6112315,61101,0,1,2015,IHS,
6112316,61101,0,1,2015,IHS,
6112317,61101,0,1,2015,IHS,
6112318,61101,0,1,2015,IHS,
6112319,61101,0,1,2015,IHS,
6112320,61101,0,1,2015,IHS,
6112701,61138,0,1,2015,IHS,
6112702,61138,0,1,2015,IHS,
6112703,61138,0,1,2015,IHS,
6112704,61138,0,1,2015,IHS,
6112705,61138,0,1,2015,IHS,
6112706,61138,0,1,2015,IHS,
6112707,61138,0,1,2015,IHS,
6112708,61138,0,1,2015,IHS,
6112709,61138,0,1,2015,IHS,
6112710,61138,0,1,2015,IHS,
6112711,61138,0,1,2015,IHS,
6112712,61138,0,1,2015,IHS,
6112713,61138,0,1,2015,IHS,
6112714,61138,0,1,2015,IHS,
6112715,61138,0,1,2015,IHS,
6112716,61138,0,1,2015,IHS,
6112717,61138,0,1,2015,IHS,
6112718,61138,0,1,2015,IHS,
6112719,61138,0,1,2015,IHS,
6112720,61138,0,1,2015,IHS,
6112801,61118,0,1,2015,IHS,
6112802,61118,0,1,2015,IHS,
6112803,61118,0,1,2015,IHS,
6112804,61118,0,1,2015,IHS,
6112805,61118,0,1,2015,IHS,
6112806,61118,0,1,2015,IHS,
6112807,61118,0,1,2015,IHS,
6112808,61142,1,1,2015,IHS,
6112809,61142,0,1,2015,IHS,
6112810,61142,0,1,2015,IHS,
6112811,61142,0,1,2015,IHS,
6112812,61142,0,1,2015,IHS,
6112813,61147,0,1,2015,IHS,
6112815,61141,0,1,2015,IHS,
6112816,61128,0,1,2015,IHS,
6112817,61128,0,1,2015,IHS,
6112818,61128,0,1,2015,IHS,
6112819,61128,0,1,2015,IHS,
6112820,61128,0,1,2015,IHS,
6120301,61225,0,1,2015,IHS,
6120302,61225,0,1,2015,IHS,
6120303,61225,1,1,2015,IHS,
6120304,61225,0,1,2015,IHS,
6120305,61225,0,1,2015,IHS,
6120306,61225,0,1,2015,IHS,
6120307,61225,0,1,2015,IHS,
6120308,61225,0,1,2015,IHS,
6120309,61225,0,1,2015,IHS,
6120310,61225,0,1,2015,IHS,
6120311,61225,0,1,2015,IHS,
6120312,61225,0,1,2015,IHS,
6120313,61225,0,1,2015,IHS,
6120314,61225,0,1,2015,IHS,
6120315,61225,0,1,2015,IHS,
6120316,61225,0,1,2015,IHS,
6120317,61225,0,1,2015,IHS,
6120318,61225,0,1,2015,IHS,
6120319,61225,0,1,2015,IHS,
6120320,61225,0,1,2015,IHS,
6120501,61228,0,1,2015,IHS,
6120502,61227,0,1,2015,IHS,
6120503,61226,1,1,2015,IHS,
6120504,61226,1,1,2015,IHS,
6120505,61226,0,1,2015,IHS,
6120506,61226,0,1,2015,IHS,
6120507,61226,0,1,2015,IHS,
6120508,61226,0,1,2015,IHS,
6120509,61226,0,1,2015,IHS,
6120510,61226,0,1,2015,IHS,
6120511,61228,1,1,2015,IHS,
6120512,61228,0,1,2015,IHS,
6120513,61228,0,1,2015,IHS,
6120514,61228,0,1,2015,IHS,
6120515,61228,0,1,2015,IHS,
6120516,61228,0,1,2015,IHS,
6120517,61228,0,1,2015,IHS,
6120518,61228,0,1,2015,IHS,
6120519,61228,0,1,2015,IHS,
6120520,61228,0,1,2015,IHS,
6120701,61233,0,1,2015,IHS,
6120702,61233,0,1,2015,IHS,
6120703,61233,0,1,2015,IHS,
6120704,61233,0,1,2015,IHS,
6120705,61233,0,1,2015,IHS,
6120706,61233,0,1,2015,IHS,
6120707,61233,0,1,2015,IHS,
6120708,61233,0,1,2015,IHS,
6120709,61233,0,1,2015,IHS,
6120710,61201,0,1,2015,IHS,
6120711,61201,0,1,2015,IHS,
6120712,61201,0,1,2015,IHS,
6120713,61233,0,1,2015,IHS,
6120714,61233,0,1,2015,IHS,
6120715,61233,0,1,2015,IHS,
6120716,61233,0,1,2015,IHS,
6120717,61235,0,1,2015,IHS,
6120718,61235,0,1,2015,IHS,
6120719,61233,0,1,2015,IHS,
6120720,61233,0,1,2015,IHS,
6120901,61214,0,1,2015,IHS,
6120902,61214,0,1,2015,IHS,
6120903,61214,0,1,2015,IHS,
6120904,61214,0,1,2015,IHS,
6120905,61214,0,1,2015,IHS,
6120906,61214,0,1,2015,IHS,
6120907,61214,0,1,2015,IHS,
6120908,61214,0,1,2015,IHS,
6120909,61214,0,1,2015,IHS,
6120910,61214,0,1,2015,IHS,
6120911,61230,0,1,2015,IHS,
6120912,61230,0,1,2015,IHS,
6120913,61207,0,1,2015,IHS,
6120914,61207,0,1,2015,IHS,
6120915,61207,0,1,2015,IHS,
6120916,61207,0,1,2015,IHS,
6120917,61208,0,1,2015,IHS,
6120918,61208,0,1,2015,IHS,
6120919,61208,0,1,2015,IHS,
6120920,61208,0,1,2015,IHS,
6121101,61202,0,1,2015,IHS,
6121102,61202,0,1,2015,IHS,
6121103,61202,0,1,2015,IHS,
6121104,61202,0,1,2015,IHS,
6121105,61202,0,1,2015,IHS,
6121106,61202,0,1,2015,IHS,
6121107,61202,0,1,2015,IHS,
6121108,61202,0,1,2015,IHS,
6121109,61202,1,1,2015,IHS,
6121110,61202,0,1,2015,IHS,
6121111,61202,0,1,2015,IHS,
6121112,61202,0,1,2015,IHS,
6121113,61202,0,1,2015,IHS,
6121114,61202,0,1,2015,IHS,
6121115,61202,0,1,2015,IHS,
6121116,61202,0,1,2015,IHS,
6121117,61202,0,1,2015,IHS,
6121118,61202,0,1,2015,IHS,
6121119,61202,0,1,2015,IHS,
6121120,61202,0,1,2015,IHS,
6121601,61213,0,1,2015,IHS,
6121602,61213,0,1,2015,IHS,
6121603,61213,0,1,2015,IHS,
6121604,61213,0,1,2015,IHS,
6121605,61213,0,1,2015,IHS,
6121606,61213,0,1,2015,IHS,
6121607,61213,0,1,2015,IHS,
6121608,61213,0,1,2015,IHS,
6121609,61213,0,1,2015,IHS,
6121610,61213,0,1,2015,IHS,
6121611,61213,0,1,2015,IHS,
6121612,61213,0,1,2015,IHS,
6121613,61213,0,1,2015,IHS,
6121614,61213,0,1,2015,IHS,
6121615,61213,0,1,2015,IHS,
6121616,61213,0,1,2015,IHS,
6121617,61213,0,1,2015,IHS,
6121618,61213,0,1,2015,IHS,
6121619,61213,0,1,2015,IHS,
6121620,61213,0,1,2015,IHS,
6210201,62106,0,1,2015,IHS,
6210202,62106,0,1,2015,IHS,
6210203,62106,0,1,2015,IHS,
6210204,62106,0,1,2015,IHS,
6210205,62106,1,1,2015,IHS,
6210206,62106,0,1,2015,IHS,
6210207,62106,0,1,2015,IHS,
6210208,62106,1,1,2015,IHS,
6210209,62106,0,1,2015,IHS,
6210210,62106,0,1,2015,IHS,
6210211,62106,0,1,2015,IHS,
6210212,62106,0,1,2015,IHS,
6210213,62106,0,1,2015,IHS,
6210214,62106,1,1,2015,IHS,
6210215,62106,0,1,2015,IHS,
6210216,62106,0,1,2015,IHS,
6210217,62106,0,1,2015,IHS,
6210218,62106,0,1,2015,IHS,
6210219,62106,0,1,2015,IHS,
6210220,62106,0,1,2015,IHS,
6210401,62106,0,1,2015,IHS,
6210402,62106,1,1,2015,IHS,
6210403,62106,0,1,2015,IHS,
6210404,62106,0,1,2015,IHS,
6210405,62106,0,1,2015,IHS,
6210406,62106,0,1,2015,IHS,
6210407,62106,0,1,2015,IHS,
6210408,62106,1,1,2015,IHS,
6210409,62106,0,1,2015,IHS,
6210410,62106,0,1,2015,IHS,
6210411,62106,0,1,2015,IHS,
6210412,62106,0,1,2015,IHS,
6210413,62106,0,1,2015,IHS,
6210414,62106,0,1,2015,IHS,
6210415,62106,0,1,2015,IHS,
6210416,62106,1,1,2015,IHS,
6210417,62106,0,1,2015,IHS,
6210418,62106,1,1,2015,IHS,
6210419,62106,1,1,2015,IHS,
6210420,62106,0,1,2015,IHS,
6210601,62119,0,1,2015,IHS,
6210602,62119,0,1,2015,IHS,
6210603,62119,0,1,2015,IHS,
6210604,62119,0,1,2015,IHS,
6210605,62119,0,1,2015,IHS,
6210606,62119,0,1,2015,IHS,
6210607,62119,0,1,2015,IHS,
6210608,62119,0,1,2015,IHS,
6210609,62119,0,1,2015,IHS,
6210610,62119,0,1,2015,IHS,
6210611,62119,0,1,2015,IHS,
6210612,62119,0,1,2015,IHS,
6210613,62119,0,1,2015,IHS,
6210614,62119,0,1,2015,IHS,
6210615,62119,0,1,2015,IHS,
6210616,62119,0,1,2015,IHS,
6210617,62119,0,1,2015,IHS,
6210618,62119,0,1,2015,IHS,
6210619,62119,0,1,2015,IHS,
6210620,62119,0,1,2015,IHS,
6210701,62119,1,1,2015,IHS,
6210702,62119,1,1,2015,IHS,
6210703,62119,0,1,2015,IHS,
6210704,62119,0,1,2015,IHS,
6210705,62119,0,1,2015,IHS,
6210706,62119,0,1,2015,IHS,
6210707,62119,0,1,2015,IHS,
6210708,62119,0,1,2015,IHS,
6210709,62119,0,1,2015,IHS,
6210710,62119,0,1,2015,IHS,
6210711,62119,0,1,2015,IHS,
6210712,62119,0,1,2015,IHS,
6210713,62119,0,1,2015,IHS,
6210714,62119,0,1,2015,IHS,
6210715,62119,0,1,2015,IHS,
6210716,62119,0,1,2015,IHS,
6210717,62119,0,1,2015,IHS,
6210718,62119,0,1,2015,IHS,
6210719,62119,0,1,2015,IHS,
6210720,62119,0,1,2015,IHS,
6211001,62126,0,1,2015,IHS,
6211002,62126,0,1,2015,IHS,
6211003,62126,0,1,2015,IHS,
6211004,62126,0,1,2015,IHS,
6211005,62126,0,1,2015,IHS,
6211006,62126,0,1,2015,IHS,
6211007,62126,0,1,2015,IHS,
6211008,62126,0,1,2015,IHS,
6211009,62126,0,1,2015,IHS,
6211010,62126,0,1,2015,IHS,
6211011,62126,0,1,2015,IHS,
6211012,62126,0,1,2015,IHS,
6211013,62126,0,1,2015,IHS,
6211014,62126,0,1,2015,IHS,
6211015,62126,1,1,2015,IHS,
6211016,62126,0,1,2015,IHS,
6211017,62105,0,1,2015,IHS,
6211018,62105,0,1,2015,IHS,
6211019,62105,0,1,2015,IHS,
6211020,62105,0,1,2015,IHS,
6211101,62113,0,1,2015,IHS,
6211102,62113,0,1,2015,IHS,
6211103,62113,0,1,2015,IHS,
6211104,62113,0,1,2015,IHS,
6211105,62113,0,1,2015,IHS,
6211106,62107,0,1,2015,IHS,
6211107,62113,0,1,2015,IHS,
6211108,62113,0,1,2015,IHS,
6211109,62113,0,1,2015,IHS,
6211110,62113,0,1,2015,IHS,
6211111,62107,0,1,2015,IHS,
6211112,62107,0,1,2015,IHS,
6211113,62107,0,1,2015,IHS,
6211114,62107,0,1,2015,IHS,
6211115,62107,0,1,2015,IHS,
6211116,62107,0,1,2015,IHS,
6211117,62107,0,1,2015,IHS,
6211118,62107,0,1,2015,IHS,
6211119,62107,0,1,2015,IHS,
6211120,62107,0,1,2015,IHS,
6211201,62134,0,1,2015,IHS,
6211202,62134,0,1,2015,IHS,
6211203,62134,0,1,2015,IHS,
6211204,62134,0,1,2015,IHS,
6211205,62134,0,1,2015,IHS,
6211206,62134,0,1,2015,IHS,
6211207,62134,0,1,2015,IHS,
6211208,62124,0,1,2015,IHS,
6211209,62124,0,1,2015,IHS,
6211210,62124,0,1,2015,IHS,
6211211,62124,0,1,2015,IHS,
6211212,62124,0,1,2015,IHS,
6211213,62124,0,1,2015,IHS,
6211214,62124,0,1,2015,IHS,
6211215,62124,0,1,2015,IHS,
6211216,62124,0,1,2015,IHS,
6211217,62111,0,1,2015,IHS,
6211218,62111,0,1,2015,IHS,
6211219,62111,0,1,2015,IHS,
6211220,62111,0,1,2015,IHS,
6211501,62132,0,1,2015,IHS,
6211502,62132,0,1,2015,IHS,
6211503,62132,0,1,2015,IHS,
6211504,62132,0,1,2015,IHS,
6211505,62132,0,1,2015,IHS,
6211506,62132,0,1,2015,IHS,
6211507,62132,0,1,2015,IHS,
6211508,62132,0,1,2015,IHS,
6211509,62132,0,1,2015,IHS,
6211510,62132,0,1,2015,IHS,
6211511,62132,0,1,2015,IHS,
6211512,62132,0,1,2015,IHS,
6211513,62132,0,1,2015,IHS,
6211514,62132,0,1,2015,IHS,
6211515,62132,0,1,2015,IHS,
6211516,62132,0,1,2015,IHS,
6211517,62132,0,1,2015,IHS,
6211518,62132,0,1,2015,IHS,
6211519,62132,0,1,2015,IHS,
6211520,62132,0,1,2015,IHS,
6211601,62118,0,1,2015,IHS,
6211602,62118,0,1,2015,IHS,
6211603,62118,0,1,2015,IHS,
6211604,62118,0,1,2015,IHS,
6211605,62118,0,1,2015,IHS,
6211606,62118,0,1,2015,IHS,
6211607,62118,0,1,2015,IHS,
6211608,62118,0,1,2015,IHS,
6211609,62118,0,1,2015,IHS,
6211610,62118,0,1,2015,IHS,
6211611,62118,0,1,2015,IHS,
6211612,62118,0,1,2015,IHS,
6211613,62118,0,1,2015,IHS,
6211614,62118,0,1,2015,IHS,
6211615,62118,0,1,2015,IHS,
6211616,62118,0,1,2015,IHS,
6211617,62118,0,1,2015,IHS,
6211618,62118,0,1,2015,IHS,
6211619,62118,0,1,2015,IHS,
6211620,62118,0,1,2015,IHS,
6211701,62117,0,1,2015,IHS,
6211702,62117,0,1,2015,IHS,
6211703,62117,0,1,2015,IHS,
6211704,62117,0,1,2015,IHS,
6211705,62117,0,1,2015,IHS,
6211706,62117,0,1,2015,IHS,
6211707,62117,0,1,2015,IHS,
6211708,62117,0,1,2015,IHS,
6211709,62117,0,1,2015,IHS,
6211710,62117,0,1,2015,IHS,
6211711,62117,0,1,2015,IHS,
6211712,62117,0,1,2015,IHS,
6211713,62117,0,1,2015,IHS,
6211714,62117,0,1,2015,IHS,
6211715,62117,0,1,2015,IHS,
6211716,62117,0,1,2015,IHS,
6211717,62117,0,1,2015,IHS,
6211718,62117,0,1,2015,IHS,
6211719,62117,0,1,2015,IHS,
6211720,62117,0,1,2015,IHS,
6211801,62103,0,1,2015,IHS,
6211802,62103,0,1,2015,IHS,
6211803,62103,0,1,2015,IHS,
6211804,62103,0,1,2015,IHS,
6211805,62103,0,1,2015,IHS,
6211806,62103,0,1,2015,IHS,
6211807,62103,0,1,2015,IHS,
6211808,62103,0,1,2015,IHS,
6211809,62103,0,1,2015,IHS,
6211810,62103,0,1,2015,IHS,
6211811,62103,0,1,2015,IHS,
6211812,62103,0,1,2015,IHS,
6211813,62103,0,1,2015,IHS,
6211814,62103,0,1,2015,IHS,
6211815,62103,0,1,2015,IHS,
6211816,62103,0,1,2015,IHS,
6211817,62103,0,1,2015,IHS,
6211818,62103,0,1,2015,IHS,
6211819,62103,0,1,2015,IHS,
6211820,62103,0,1,2015,IHS,
6212001,62116,0,1,2015,IHS,
6212002,62116,0,1,2015,IHS,
6212003,62116,0,1,2015,IHS,
6212004,62116,0,1,2015,IHS,
6212005,62116,1,1,2015,IHS,
6212006,62116,0,1,2015,IHS,
6212007,62116,0,1,2015,IHS,
6212008,62116,0,1,2015,IHS,
6212009,62116,0,1,2015,IHS,
6212010,62130,0,1,2015,IHS,
6212011,62130,0,1,2015,IHS,
6212012,62130,0,1,2015,IHS,
6212013,62130,0,1,2015,IHS,
6212014,62121,0,1,2015,IHS,
6212015,62121,1,1,2015,IHS,
6212016,62121,1,1,2015,IHS,
6212017,62121,0,1,2015,IHS,
6212018,62121,0,1,2015,IHS,
6212019,62121,0,1,2015,IHS,
6212020,62121,0,1,2015,IHS,
6212201,62101,0,1,2015,IHS,
6212202,62101,0,1,2015,IHS,
6212203,62101,0,1,2015,IHS,
6212204,62101,0,1,2015,IHS,
6212205,62101,0,1,2015,IHS,
6212206,62101,0,1,2015,IHS,
6212207,62101,0,1,2015,IHS,
6212208,62101,0,1,2015,IHS,
6212209,62101,0,1,2015,IHS,
6212210,62101,0,1,2015,IHS,
6212211,62101,0,1,2015,IHS,
6212212,62101,0,1,2015,IHS,
6212213,62101,0,1,2015,IHS,
6212214,62101,0,1,2015,IHS,
6212215,62101,0,1,2015,IHS,
6212216,62101,0,1,2015,IHS,
6212217,62101,0,1,2015,IHS,
6212218,62101,0,1,2015,IHS,
6212219,62101,0,1,2015,IHS,
6212220,62101,0,1,2015,IHS,
6212401,62108,0,1,2015,IHS,
6212402,62108,0,1,2015,IHS,
6212403,62108,0,1,2015,IHS,
6212404,62108,0,1,2015,IHS,
6212405,62108,0,1,2015,IHS,
6212406,62108,0,1,2015,IHS,
6212407,62108,0,1,2015,IHS,
6212408,62108,1,1,2015,IHS,
6212409,62108,0,1,2015,IHS,
6212410,62108,0,1,2015,IHS,
6212411,62108,0,1,2015,IHS,
6212412,62108,0,1,2015,IHS,
6212413,62108,0,1,2015,IHS,
6212414,62108,0,1,2015,IHS,
6212415,62108,1,1,2015,IHS,
6212416,62108,0,1,2015,IHS,
6212417,62108,0,1,2015,IHS,
6212418,62108,0,1,2015,IHS,
6212419,62108,0,1,2015,IHS,
6212420,62108,0,1,2015,IHS,
6310801,63140,1,1,2015,IHS,
6310802,63140,0,1,2015,IHS,
6310803,63140,0,1,2015,IHS,
6310804,63140,0,1,2015,IHS,
6310805,63140,0,1,2015,IHS,
6310806,63140,0,1,2015,IHS,
6310807,63140,1,1,2015,IHS,
6310808,63140,0,1,2015,IHS,
6310809,63140,0,1,2015,IHS,
6310810,63140,0,1,2015,IHS,
6310811,63140,0,1,2015,IHS,
6310812,63140,0,1,2015,IHS,
6310813,63140,0,1,2015,IHS,
6310814,63140,0,1,2015,IHS,
6310815,63140,0,1,2015,IHS,
6310816,63140,0,1,2015,IHS,
6310817,63140,0,1,2015,IHS,
6310818,63140,0,1,2015,IHS,
6310819,63140,0,1,2015,IHS,
6310820,63140,0,1,2015,IHS,
6311201,63112,1,1,2015,IHS,
6311202,63112,0,1,2015,IHS,
6311203,63112,1,1,2015,IHS,
6311204,63112,0,1,2015,IHS,
6311205,63112,0,1,2015,IHS,
6311206,63112,0,1,2015,IHS,
6311207,63112,0,1,2015,IHS,
6311208,63112,0,1,2015,IHS,
6311209,63112,0,1,2015,IHS,
6311210,63112,0,1,2015,IHS,
6311211,63112,0,1,2015,IHS,
6311212,63112,0,1,2015,IHS,
6311213,63112,0,1,2015,IHS,
6311214,63112,0,1,2015,IHS,
6311215,63112,0,1,2015,IHS,
6311216,63112,0,1,2015,IHS,
6311217,63112,0,1,2015,IHS,
6311218,63112,0,1,2015,IHS,
6311219,63112,0,1,2015,IHS,
6311220,63112,0,1,2015,IHS,
6311601,63118,0,1,2015,IHS,
6311602,63118,1,1,2015,IHS,
6311603,63118,0,1,2015,IHS,
6311604,63118,0,1,2015,IHS,
6311605,63118,0,1,2015,IHS,
6311606,63118,0,1,2015,IHS,
6311607,63118,1,1,2015,IHS,
6311608,63118,0,1,2015,IHS,
6311609,63118,0,1,2015,IHS,
6311610,63118,0,1,2015,IHS,
6311611,63118,1,1,2015,IHS,
6311612,63118,0,1,2015,IHS,
6311613,63118,0,1,2015,IHS,
6311614,63118,0,1,2015,IHS,
6311615,63118,0,1,2015,IHS,
6311616,63118,0,1,2015,IHS,
6311617,63118,0,1,2015,IHS,
6311618,63118,0,1,2015,IHS,
6311619,63118,1,1,2015,IHS,
6311620,63118,0,1,2015,IHS,
6312001,63111,0,1,2015,IHS,
6312002,63111,0,1,2015,IHS,
6312003,63138,0,1,2015,IHS,
6312004,63138,0,1,2015,IHS,
6312005,63138,0,1,2015,IHS,
6312006,63138,0,1,2015,IHS,
6312007,63138,0,1,2015,IHS,
6312008,63138,0,1,2015,IHS,
6312009,63138,0,1,2015,IHS,
6312010,63138,0,1,2015,IHS,
6312011,63133,0,1,2015,IHS,
6312012,63133,0,1,2015,IHS,
6312013,63133,0,1,2015,IHS,
6312014,63133,0,1,2015,IHS,
6312015,63133,0,1,2015,IHS,
6312016,63133,0,1,2015,IHS,
6312017,63133,0,1,2015,IHS,
6312018,63133,0,1,2015,IHS,
6312019,63133,0,1,2015,IHS,
6312020,63133,0,1,2015,IHS,
6312401,63108,0,1,2015,IHS,
6312402,63108,0,1,2015,IHS,
6312403,63108,0,1,2015,IHS,
6312404,63143,0,1,2015,IHS,
6312405,63143,0,1,2015,IHS,
6312406,63143,0,1,2015,IHS,
6312407,63143,0,1,2015,IHS,
6312408,63114,0,1,2015,IHS,
6312409,63114,0,1,2015,IHS,
6312410,63114,0,1,2015,IHS,
6312411,63114,0,1,2015,IHS,
6312412,63114,0,1,2015,IHS,
6312413,63114,0,1,2015,IHS,
6312414,63114,0,1,2015,IHS,
6312415,63114,0,1,2015,IHS,
6312416,63114,0,1,2015,IHS,
6312417,63114,0,1,2015,IHS,
6312418,63114,0,1,2015,IHS,
6312419,63114,0,1,2015,IHS,
6312420,63114,0,1,2015,IHS,
6312801,63119,0,1,2015,IHS,
6312802,63119,0,1,2015,IHS,
6312803,63119,1,1,2015,IHS,
6312804,63119,1,1,2015,IHS,
6312805,63119,0,1,2015,IHS,
6312806,63119,1,1,2015,IHS,
6312807,63119,1,1,2015,IHS,
6312808,63119,0,1,2015,IHS,
6312809,63119,0,1,2015,IHS,
6312810,63119,1,1,2015,IHS,
6312811,63119,0,1,2015,IHS,
6312812,63119,0,1,2015,IHS,
6312813,63119,1,1,2015,IHS,
6312814,63119,1,1,2015,IHS,
6312815,63119,1,1,2015,IHS,
6312816,63119,1,1,2015,IHS,
6312817,63119,0,1,2015,IHS,
6312818,63119,0,1,2015,IHS,
6312819,63119,0,1,2015,IHS,
6312820,63119,0,1,2015,IHS,
6312901,63119,0,1,2015,IHS,
6312902,63119,1,1,2015,IHS,
6312903,63119,1,1,2015,IHS,
6312904,63119,1,1,2015,IHS,
6312905,63119,1,1,2015,IHS,
6312906,63119,0,1,2015,IHS,
6312907,63119,1,1,2015,IHS,
6312908,63119,1,1,2015,IHS,
6312909,63119,0,1,2015,IHS,
6312910,63119,1,1,2015,IHS,
6312911,63119,0,1,2015,IHS,
6312912,63119,0,1,2015,IHS,
6312913,63119,0,1,2015,IHS,
6312914,63119,0,1,2015,IHS,
6312915,63119,1,1,2015,IHS,
6312916,63119,0,1,2015,IHS,
6312917,63119,1,1,2015,IHS,
6312918,63119,1,1,2015,IHS,
6312919,63119,0,1,2015,IHS,
6312920,63119,1,1,2015,IHS,
6313101,63142,0,0,2015,IHS,
6313102,63142,0,0,2015,IHS,
6313103,63142,1,0,2015,IHS,
6313104,63142,0,0,2015,IHS,
6313105,63142,0,0,2015,IHS,
6313106,63142,1,0,2015,IHS,
6313107,63142,0,0,2015,IHS,
6313108,63142,0,0,2015,IHS,
6313109,63142,1,0,2015,IHS,
6313110,63142,1,0,2015,IHS,
6313111,63142,0,0,2015,IHS,
6313112,63142,0,0,2015,IHS,
6313113,63142,0,0,2015,IHS,
6313114,63142,0,0,2015,IHS,
6313115,63142,0,0,2015,IHS,
6313116,63142,1,0,2015,IHS,
6313117,63142,0,0,2015,IHS,
6313118,63142,1,0,2015,IHS,
6313119,63142,1,0,2015,IHS,
6313120,63142,0,0,2015,IHS,
6313401,63142,1,1,2015,IHS,
6313402,63142,1,1,2015,IHS,
6313403,63142,0,1,2015,IHS,
6313404,63142,0,1,2015,IHS,
6313405,63142,0,1,2015,IHS,
6313406,63142,0,1,2015,IHS,
6313407,63142,1,1,2015,IHS,
6313408,63142,0,1,2015,IHS,
6313409,63142,0,1,2015,IHS,
6313410,63142,0,1,2015,IHS,
6313411,63142,0,1,2015,IHS,
6313412,63142,0,1,2015,IHS,
6313413,63142,1,1,2015,IHS,
6313414,63142,0,1,2015,IHS,
6313415,63142,0,1,2015,IHS,
6313416,63142,0,1,2015,IHS,
6313417,63142,0,1,2015,IHS,
6313418,63142,0,1,2015,IHS,
6313419,63142,0,1,2015,IHS,
6313420,63142,0,1,2015,IHS,
6313601,63122,0,1,2015,IHS,
6313602,63122,1,1,2015,IHS,
6313603,63122,0,1,2015,IHS,
6313604,63122,0,1,2015,IHS,
6313605,63122,0,1,2015,IHS,
6313606,63122,0,1,2015,IHS,
6313607,63122,0,1,2015,IHS,
6313608,63122,0,1,2015,IHS,
6313609,63122,0,1,2015,IHS,
6313610,63122,1,1,2015,IHS,
6313611,63122,0,1,2015,IHS,
6313612,63122,1,1,2015,IHS,
6313613,63122,0,1,2015,IHS,
6313614,63122,0,1,2015,IHS,
6313615,63122,0,1,2015,IHS,
6313616,63122,1,1,2015,IHS,
6313617,63122,0,1,2015,IHS,
6313618,63122,0,1,2015,IHS,
6313901,63106,0,1,2015,IHS,
6313902,63106,0,1,2015,IHS,
6313903,63106,0,1,2015,IHS,
6313904,63106,1,1,2015,IHS,
6313905,63106,0,1,2015,IHS,
6313906,63106,0,1,2015,IHS,
6313907,63106,0,1,2015,IHS,
6313908,63106,0,1,2015,IHS,
6313909,63106,0,1,2015,IHS,
6313910,63106,0,1,2015,IHS,
6313911,63106,0,1,2015,IHS,
6313912,63106,0,1,2015,IHS,
6313913,63106,0,1,2015,IHS,
6313914,63106,0,1,2015,IHS,
6313915,63106,1,1,2015,IHS,
6313916,63105,1,1,2015,IHS,
6313917,63105,0,1,2015,IHS,
6313918,63105,1,1,2015,IHS,
6313919,63105,0,1,2015,IHS,
6313920,63105,1,1,2015,IHS,
6320201,63239,0,1,2015,IHS,
6320202,63239,0,1,2015,IHS,
6320203,63239,0,1,2015,IHS,
6320204,63239,0,1,2015,IHS,
6320205,63239,0,1,2015,IHS,
6320206,63239,0,1,2015,IHS,
6320207,63239,0,1,2015,IHS,
6320208,63239,0,1,2015,IHS,
6320209,63239,0,1,2015,IHS,
6320211,63239,0,1,2015,IHS,
6320212,63239,0,1,2015,IHS,
6320213,63239,0,1,2015,IHS,
6320214,63239,1,1,2015,IHS,
6320215,63239,0,1,2015,IHS,
6320216,63239,1,1,2015,IHS,
6320217,63239,0,1,2015,IHS,
6320218,63239,0,1,2015,IHS,
6320219,63239,0,1,2015,IHS,
6320220,63239,0,1,2015,IHS,
6320801,63210,1,1,2015,IHS,
6320802,63210,0,1,2015,IHS,
6320803,63210,0,1,2015,IHS,
6320804,63210,0,1,2015,IHS,
6320805,63210,0,1,2015,IHS,
6320806,63210,0,1,2015,IHS,
6320807,63210,0,1,2015,IHS,
6320808,63210,0,1,2015,IHS,
6320809,63210,0,1,2015,IHS,
6320810,63210,0,1,2015,IHS,
6320811,63210,0,1,2015,IHS,
6320812,63210,0,1,2015,IHS,
6320813,63210,0,1,2015,IHS,
6320814,63210,0,1,2015,IHS,
6320815,63210,0,1,2015,IHS,
6320816,63210,0,1,2015,IHS,
6320817,63210,0,1,2015,IHS,
6320818,63210,0,1,2015,IHS,
6320819,63210,0,1,2015,IHS,
6320820,63210,0,1,2015,IHS,
6321301,63236,0,1,2015,IHS,
6321302,63236,0,1,2015,IHS,
6321303,63236,0,1,2015,IHS,
6321304,63236,0,1,2015,IHS,
6321305,63236,0,1,2015,IHS,
6321306,63236,0,1,2015,IHS,
6321307,63236,0,1,2015,IHS,
6321308,63236,0,1,2015,IHS,
6321309,63236,0,1,2015,IHS,
6321310,63236,0,1,2015,IHS,
6321311,63236,0,1,2015,IHS,
6321312,63236,0,1,2015,IHS,
6321313,63236,0,1,2015,IHS,
6321314,63236,0,1,2015,IHS,
6321315,63236,0,1,2015,IHS,
6321316,63236,0,1,2015,IHS,
6321317,63236,0,1,2015,IHS,
6321318,63236,0,1,2015,IHS,
6321319,63236,0,1,2015,IHS,
6321320,63236,0,1,2015,IHS,
6321701,63248,0,1,2015,IHS,
6321702,63248,0,1,2015,IHS,
6321703,63248,0,1,2015,IHS,
6321704,63248,0,1,2015,IHS,
6321705,63248,0,1,2015,IHS,
6321706,63248,0,1,2015,IHS,
6321707,63248,0,1,2015,IHS,
6321708,63248,0,1,2015,IHS,
6321709,63230,0,1,2015,IHS,
6321710,63230,0,1,2015,IHS,
6321711,63230,0,1,2015,IHS,
6321712,63230,0,1,2015,IHS,
6321713,63230,0,1,2015,IHS,
6321714,63230,0,1,2015,IHS,
6321715,63230,0,1,2015,IHS,
6321716,63230,0,1,2015,IHS,
6321717,63230,0,1,2015,IHS,
6321718,63230,0,1,2015,IHS,
6321719,63230,0,1,2015,IHS,
6321720,63230,0,1,2015,IHS,
6322201,63221,0,1,2015,IHS,
6322202,63221,0,1,2015,IHS,
6322203,63221,0,1,2015,IHS,
6322204,63221,0,1,2015,IHS,
6322205,63221,0,1,2015,IHS,
6322206,63221,0,1,2015,IHS,
6322207,63221,0,1,2015,IHS,
6322208,63221,0,1,2015,IHS,
6322209,63221,0,1,2015,IHS,
6322210,63231,0,1,2015,IHS,
6322211,63251,0,1,2015,IHS,
6322212,63251,0,1,2015,IHS,
6322213,63251,0,1,2015,IHS,
6322214,63231,0,1,2015,IHS,
6322215,63231,1,1,2015,IHS,
6322216,63231,0,1,2015,IHS,
6322217,63231,0,1,2015,IHS,
6322218,63231,0,1,2015,IHS,
6322219,63231,0,1,2015,IHS,
6322220,63231,0,1,2015,IHS,
6323101,63220,0,1,2015,IHS,
6323102,63220,0,1,2015,IHS,
6323103,63220,0,1,2015,IHS,
6323104,63220,0,1,2015,IHS,
6323105,63220,0,1,2015,IHS,
6323106,63220,0,1,2015,IHS,
6323107,63220,0,1,2015,IHS,
6323108,63220,0,1,2015,IHS,
6323109,63220,0,1,2015,IHS,
6323110,63220,0,1,2015,IHS,
6323111,63220,0,1,2015,IHS,
6323112,63220,0,1,2015,IHS,
6323113,63220,0,1,2015,IHS,
6323114,63220,0,1,2015,IHS,
6323115,63220,0,1,2015,IHS,
6323116,63220,0,1,2015,IHS,
6323117,63220,0,1,2015,IHS,
6323118,63220,0,1,2015,IHS,
6323119,63220,0,1,2015,IHS,
6323120,63220,0,1,2015,IHS,
6410801,64117,0,1,2015,IHS,
6410802,64117,0,1,2015,IHS,
6410803,64117,0,1,2015,IHS,
6410804,64117,0,1,2015,IHS,
6410805,64117,0,1,2015,IHS,
6410806,64117,0,1,2015,IHS,
6410807,64117,1,1,2015,IHS,
6410808,64117,0,1,2015,IHS,
6410809,64117,1,1,2015,IHS,
6410810,64117,0,1,2015,IHS,
6410811,64117,0,1,2015,IHS,
6410812,64117,0,1,2015,IHS,
6410813,64117,0,1,2015,IHS,
6410814,64117,0,1,2015,IHS,
6410815,64117,0,1,2015,IHS,
6410816,64117,0,1,2015,IHS,
6410817,64117,0,1,2015,IHS,
6410818,64117,0,1,2015,IHS,
6410819,64117,0,1,2015,IHS,
6410820,64117,0,1,2015,IHS,
6411101,64127,0,1,2015,IHS,
6411102,64127,0,1,2015,IHS,
6411103,64127,0,1,2015,IHS,
6411104,64127,0,1,2015,IHS,
6411105,64127,0,1,2015,IHS,
6411106,64127,0,1,2015,IHS,
6411107,64127,0,1,2015,IHS,
6411108,64127,0,1,2015,IHS,
6411109,64127,0,1,2015,IHS,
6411110,64127,0,1,2015,IHS,
6411111,64127,0,1,2015,IHS,
6411112,64127,0,1,2015,IHS,
6411113,64127,0,1,2015,IHS,
6411114,64127,0,1,2015,IHS,
6411115,64127,0,1,2015,IHS,
6411116,64127,0,1,2015,IHS,
6411117,64127,0,1,2015,IHS,
6411118,64127,0,1,2015,IHS,
6411119,64127,0,1,2015,IHS,
6411120,64127,0,1,2015,IHS,
6411501,64121,0,1,2015,IHS,
6411502,64121,0,1,2015,IHS,
6411503,64121,0,1,2015,IHS,
6411504,64121,0,1,2015,IHS,
6411505,64108,0,1,2015,IHS,
6411506,64108,0,1,2015,IHS,
6411507,64108,0,1,2015,IHS,
6411508,64108,0,1,2015,IHS,
6411509,64108,0,1,2015,IHS,
6411510,64108,0,1,2015,IHS,
6411511,64108,0,1,2015,IHS,
6411512,64108,0,1,2015,IHS,
6411513,64108,0,1,2015,IHS,
6411514,64108,0,1,2015,IHS,
6411515,64108,0,1,2015,IHS,
6411516,64108,0,1,2015,IHS,
6411517,64108,0,1,2015,IHS,
6411518,64108,0,1,2015,IHS,
6411519,64108,0,1,2015,IHS,
6411520,64108,0,1,2015,IHS,
6411901,64113,0,1,2015,IHS,
6411902,64113,0,1,2015,IHS,
6411903,64113,0,1,2015,IHS,
6411904,64113,0,1,2015,IHS,
6411905,64113,0,1,2015,IHS,
6411906,64113,0,1,2015,IHS,
6411907,64113,0,1,2015,IHS,
6411908,64113,0,1,2015,IHS,
6411909,64113,0,1,2015,IHS,
6411910,64113,1,1,2015,IHS,
6411911,64113,0,1,2015,IHS,
6411912,64113,0,1,2015,IHS,
6411913,64113,0,1,2015,IHS,
6411914,64113,0,1,2015,IHS,
6411915,64113,0,1,2015,IHS,
6411916,64113,0,1,2015,IHS,
6411917,64113,0,1,2015,IHS,
6411918,64113,0,1,2015,IHS,
6411919,64113,0,1,2015,IHS,
6411920,64113,0,1,2015,IHS,
6412201,64111,0,1,2015,IHS,
6412202,64111,0,1,2015,IHS,
6412203,64111,0,1,2015,IHS,
6412204,64111,0,1,2015,IHS,
6412205,64111,0,1,2015,IHS,
6412206,64111,0,1,2015,IHS,
6412207,64111,0,1,2015,IHS,
6412208,64111,0,1,2015,IHS,
6412209,64111,0,1,2015,IHS,
6412210,64111,0,1,2015,IHS,
6412211,64111,0,1,2015,IHS,
6412212,64111,0,1,2015,IHS,
6412213,64111,0,1,2015,IHS,
6412214,64111,0,1,2015,IHS,
6412215,64111,0,1,2015,IHS,
6412216,64111,0,1,2015,IHS,
6412217,64111,0,1,2015,IHS,
6412218,64111,0,1,2015,IHS,
6412219,64111,0,1,2015,IHS,
6412220,64111,0,1,2015,IHS,
6412401,64111,1,1,2015,IHS,
6412402,64111,0,1,2015,IHS,
6412403,64111,1,1,2015,IHS,
6412404,64111,1,1,2015,IHS,
6412405,64111,1,1,2015,IHS,
6412406,64111,0,1,2015,IHS,
6412407,64111,0,1,2015,IHS,
6412408,64111,0,1,2015,IHS,
6412409,64111,0,1,2015,IHS,
6412410,64111,0,1,2015,IHS,
6412411,64111,0,1,2015,IHS,
6412412,64111,1,1,2015,IHS,
6412413,64111,0,1,2015,IHS,
6412414,64111,1,1,2015,IHS,
6412415,64111,1,1,2015,IHS,
6412416,64111,1,1,2015,IHS,
6412417,64111,1,1,2015,IHS,
6412418,64111,0,1,2015,IHS,
6412419,64111,0,1,2015,IHS,
6412420,64111,0,1,2015,IHS,
6420201,64202,0,1,2015,IHS,
6420202,64202,0,1,2015,IHS,
6420203,64202,0,1,2015,IHS,
6420204,64202,0,1,2015,IHS,
6420205,64202,0,1,2015,IHS,
6420206,64202,0,1,2015,IHS,
6420207,64202,0,1,2015,IHS,
6420208,64202,0,1,2015,IHS,
6420209,64202,0,1,2015,IHS,
6420210,64202,0,1,2015,IHS,
6420211,64202,0,1,2015,IHS,
6420212,64202,0,1,2015,IHS,
6420213,64202,0,1,2015,IHS,
6420214,64202,0,1,2015,IHS,
6420215,64202,0,1,2015,IHS,
6420216,64202,0,1,2015,IHS,
6420217,64202,0,1,2015,IHS,
6420218,64202,1,1,2015,IHS,
6420219,64202,0,1,2015,IHS,
6420220,64202,0,1,2015,IHS,
6420601,64206,0,1,2015,IHS,
6420602,64210,0,1,2015,IHS,
6420603,64206,0,1,2015,IHS,
6420604,64205,0,1,2015,IHS,
6420605,64205,0,1,2015,IHS,
6420606,64205,0,1,2015,IHS,
6420607,64205,0,1,2015,IHS,
6420608,64205,0,1,2015,IHS,
6420609,64205,0,1,2015,IHS,
6420610,64210,0,1,2015,IHS,
6420611,64210,0,1,2015,IHS,
6420612,64210,0,1,2015,IHS,
6420613,64210,0,1,2015,IHS,
6420614,64210,0,1,2015,IHS,
6420615,64210,0,1,2015,IHS,
6420616,64210,0,1,2015,IHS,
6420617,64210,0,1,2015,IHS,
6420618,64210,0,1,2015,IHS,
6420619,64210,0,1,2015,IHS,
6420620,64210,0,1,2015,IHS,
6421101,64223,0,1,2015,IHS,
6421102,64223,0,1,2015,IHS,
6421103,64223,0,1,2015,IHS,
6421104,64223,0,1,2015,IHS,
6421105,64223,0,1,2015,IHS,
6421106,64223,0,1,2015,IHS,
6421107,64223,0,1,2015,IHS,
6421108,64223,0,1,2015,IHS,
6421109,64223,0,1,2015,IHS,
6421110,64223,0,1,2015,IHS,
6421111,64223,0,1,2015,IHS,
6421112,64223,0,1,2015,IHS,
6421113,64223,1,1,2015,IHS,
6421114,64223,0,1,2015,IHS,
6421115,64223,0,1,2015,IHS,
6421116,64223,0,1,2015,IHS,
6421117,64223,0,1,2015,IHS,
6421118,64223,0,1,2015,IHS,
6421119,64223,0,1,2015,IHS,
6421120,64223,0,1,2015,IHS,
6421401,64214,0,1,2015,IHS,
6421402,64214,0,1,2015,IHS,
6421403,64214,0,1,2015,IHS,
6421404,64214,0,1,2015,IHS,
6421405,64214,0,1,2015,IHS,
6421406,64214,1,1,2015,IHS,
6421407,64214,0,1,2015,IHS,
6421408,64214,0,1,2015,IHS,
6421409,64214,0,1,2015,IHS,
6421410,64214,0,1,2015,IHS,
6421411,64214,0,1,2015,IHS,
6421412,64214,0,1,2015,IHS,
6421413,64214,0,1,2015,IHS,
6421414,64214,0,1,2015,IHS,
6421415,64214,0,1,2015,IHS,
6421416,64214,0,1,2015,IHS,
6421417,64214,1,1,2015,IHS,
6421418,64214,1,1,2015,IHS,
6421419,64214,0,1,2015,IHS,
6421420,64214,0,1,2015,IHS,
6421601,64217,0,1,2015,IHS,
6421602,64217,0,1,2015,IHS,
6421603,64217,0,1,2015,IHS,
6421604,64217,0,1,2015,IHS,
6421605,64217,0,1,2015,IHS,
6421606,64217,0,1,2015,IHS,
6421607,64217,0,1,2015,IHS,
6421608,64217,0,1,2015,IHS,
6421609,64217,0,1,2015,IHS,
6421610,64217,0,1,2015,IHS,
6421611,64217,0,1,2015,IHS,
6421612,64217,0,1,2015,IHS,
6421613,64217,0,1,2015,IHS,
6421614,64217,1,1,2015,IHS,
6421615,64217,0,1,2015,IHS,
6421616,64217,0,1,2015,IHS,
6421617,64217,1,1,2015,IHS,
6421618,64217,0,1,2015,IHS,
6421619,64213,0,1,2015,IHS,
6421620,64213,0,1,2015,IHS,
6430301,64307,0,1,2015,IHS,
6430302,64307,0,1,2015,IHS,
6430303,64307,0,1,2015,IHS,
6430304,64307,0,1,2015,IHS,
6430305,64307,0,1,2015,IHS,
6430306,64307,0,1,2015,IHS,
6430307,64307,0,1,2015,IHS,
6430308,64307,0,1,2015,IHS,
6430309,64307,0,1,2015,IHS,
6430310,64307,0,1,2015,IHS,
6430311,64307,0,1,2015,IHS,
6430312,64307,0,1,2015,IHS,
6430313,64307,0,1,2015,IHS,
6430314,64307,0,1,2015,IHS,
6430315,64307,0,1,2015,IHS,
6430316,64307,0,1,2015,IHS,
6430317,64307,0,1,2015,IHS,
6430318,64307,0,1,2015,IHS,
6430319,64307,0,1,2015,IHS,
6430320,64307,0,1,2015,IHS,
6430601,64307,0,1,2015,IHS,
6430602,64307,0,1,2015,IHS,
6430603,64307,0,1,2015,IHS,
6430604,64307,0,1,2015,IHS,
6430605,64307,0,1,2015,IHS,
6430606,64307,0,1,2015,IHS,
6430607,64307,0,1,2015,IHS,
6430608,64307,0,1,2015,IHS,
6430609,64307,0,1,2015,IHS,
6430610,64307,0,1,2015,IHS,
6430611,64307,0,1,2015,IHS,
6430612,64307,0,1,2015,IHS,
6430613,64307,0,1,2015,IHS,
6430614,64307,0,1,2015,IHS,
6430615,64307,0,1,2015,IHS,
6430616,64307,0,1,2015,IHS,
6430617,64307,0,1,2015,IHS,
6430618,64307,0,1,2015,IHS,
6430619,64307,0,1,2015,IHS,
6430620,64307,0,1,2015,IHS,
6430901,64308,0,1,2015,IHS,
6430902,64308,0,1,2015,IHS,
6430903,64308,1,1,2015,IHS,
6430904,64308,1,1,2015,IHS,
6430905,64308,1,1,2015,IHS,
6430906,64308,0,1,2015,IHS,
6430907,64308,0,1,2015,IHS,
6430908,64308,0,1,2015,IHS,
6430909,64308,1,1,2015,IHS,
6430910,64308,0,1,2015,IHS,
6430911,64308,0,1,2015,IHS,
6430912,64308,0,1,2015,IHS,
6430913,64308,1,1,2015,IHS,
6430914,64308,1,1,2015,IHS,
6430915,64308,1,1,2015,IHS,
6430916,64308,0,1,2015,IHS,
6430917,64308,0,1,2015,IHS,
6430918,64308,0,1,2015,IHS,
6430919,64308,1,1,2015,IHS,
6430920,64308,0,1,2015,IHS,
6431201,64305,0,1,2015,IHS,
6431202,64305,0,1,2015,IHS,
6431203,64305,0,1,2015,IHS,
6431204,64305,1,1,2015,IHS,
6431205,64305,0,1,2015,IHS,
6431206,64305,0,1,2015,IHS,
6431207,64305,0,1,2015,IHS,
6431208,64305,0,1,2015,IHS,
6431209,64305,0,1,2015,IHS,
6431210,64305,0,1,2015,IHS,
6431211,64305,0,1,2015,IHS,
6431212,64305,0,1,2015,IHS,
6431213,64305,0,1,2015,IHS,
6431214,64305,0,1,2015,IHS,
6431215,64305,0,1,2015,IHS,
6431216,64305,0,1,2015,IHS,
6431217,64305,0,1,2015,IHS,
6431218,64305,1,1,2015,IHS,
6431219,64305,0,1,2015,IHS,
6431220,64305,0,1,2015,IHS,
6431501,64312,0,1,2015,IHS,
6431502,64312,0,1,2015,IHS,
6431503,64312,0,1,2015,IHS,
6431504,64312,0,1,2015,IHS,
6431505,64312,0,1,2015,IHS,
6431506,64312,0,1,2015,IHS,
6431507,64312,0,1,2015,IHS,
6431508,64312,0,1,2015,IHS,
6431509,64317,0,1,2015,IHS,
6431510,64317,0,1,2015,IHS,
6431511,64317,0,1,2015,IHS,
6431512,64317,0,1,2015,IHS,
6431513,64301,0,1,2015,IHS,
6431514,64301,0,1,2015,IHS,
6431515,64301,0,1,2015,IHS,
6431516,64301,0,1,2015,IHS,
6431517,64301,0,1,2015,IHS,
6431518,64301,0,1,2015,IHS,
6431519,64301,0,1,2015,IHS,
6431520,64306,0,1,2015,IHS,
7010101,70112,0,1,2015,IHS,
7010102,70119,0,1,2015,IHS,
7010103,70119,1,1,2015,IHS,
7010104,70119,1,1,2015,IHS,
7010105,70112,0,1,2015,IHS,
7010106,70112,0,1,2015,IHS,
7010107,70106,0,1,2015,IHS,
7010108,70106,0,1,2015,IHS,
7010109,70112,0,1,2015,IHS,
7010110,70112,1,1,2015,IHS,
7010111,70112,1,1,2015,IHS,
7010112,70119,1,1,2015,IHS,
7010113,70119,1,1,2015,IHS,
7010114,70112,0,1,2015,IHS,
7010115,70112,0,1,2015,IHS,
7010116,70119,0,1,2015,IHS,
7010117,70112,0,1,2015,IHS,
7010118,70112,0,1,2015,IHS,
7010119,70119,0,1,2015,IHS,
7010120,70119,0,1,2015,IHS,
7010201,70123,0,1,2015,IHS,
7010202,70114,1,1,2015,IHS,
7010203,70114,1,1,2015,IHS,
7010204,70114,0,1,2015,IHS,
7010205,70115,0,1,2015,IHS,
7010206,70123,0,1,2015,IHS,
7010207,70123,0,1,2015,IHS,
7010208,70123,1,1,2015,IHS,
7010209,70123,1,1,2015,IHS,
7010210,70123,1,1,2015,IHS,
7010211,70123,1,1,2015,IHS,
7010212,70114,0,1,2015,IHS,
7010213,70123,0,1,2015,IHS,
7010214,70114,1,1,2015,IHS,
7010215,70115,0,1,2015,IHS,
7010216,70115,0,1,2015,IHS,
7010217,70123,0,1,2015,IHS,
7010218,70114,0,1,2015,IHS,
7010219,70114,0,1,2015,IHS,
7010220,70110,0,1,2015,IHS,
7010301,70122,0,1,2015,IHS,
7010302,70122,0,1,2015,IHS,
7010303,70122,0,1,2015,IHS,
7010304,70113,0,1,2015,IHS,
7010305,70122,0,1,2015,IHS,
7010306,70113,0,1,2015,IHS,
7010307,70113,0,1,2015,IHS,
7010308,70113,0,1,2015,IHS,
7010309,70122,0,1,2015,IHS,
7010310,70113,0,1,2015,IHS,
7010311,70113,0,1,2015,IHS,
7010312,70113,0,1,2015,IHS,
7010313,70113,0,1,2015,IHS,
7010314,70113,0,1,2015,IHS,
7010315,70113,0,1,2015,IHS,
7010316,70122,0,1,2015,IHS,
7010317,70113,0,1,2015,IHS,
7010318,70113,0,1,2015,IHS,
7010319,70113,0,1,2015,IHS,
7010320,70113,0,1,2015,IHS,
7010401,70105,0,1,2015,IHS,
7010402,70105,0,1,2015,IHS,
7010403,70105,0,1,2015,IHS,
7010404,70105,0,1,2015,IHS,
7010405,70105,1,1,2015,IHS,
7010406,70105,1,1,2015,IHS,
7010407,70105,0,1,2015,IHS,
7010408,70105,0,1,2015,IHS,
7010409,70105,0,1,2015,IHS,
7010410,70105,0,1,2015,IHS,
7010411,70105,0,1,2015,IHS,
7010412,70105,0,1,2015,IHS,
7010413,70105,0,1,2015,IHS,
7010414,70105,0,1,2015,IHS,
7010415,70105,0,1,2015,IHS,
7010416,70105,1,1,2015,IHS,
7010417,70105,0,1,2015,IHS,
7010418,70105,0,1,2015,IHS,
7010419,70105,0,1,2015,IHS,
7010420,70105,1,1,2015,IHS,
7010501,70105,1,1,2015,IHS,
7010502,70105,0,1,2015,IHS,
7010503,70105,0,1,2015,IHS,
7010504,70105,0,1,2015,IHS,
7010505,70105,0,1,2015,IHS,
7010506,70105,0,1,2015,IHS,
7010507,70105,0,1,2015,IHS,
7010508,70105,0,1,2015,IHS,
7010509,70105,0,1,2015,IHS,
7010510,70105,0,1,2015,IHS,
7010511,70105,0,1,2015,IHS,
7010512,70105,0,1,2015,IHS,
7010513,70105,0,1,2015,IHS,
7010514,70105,0,1,2015,IHS,
7010515,70105,0,1,2015,IHS,
7010516,70105,0,1,2015,IHS,
7010517,70105,1,1,2015,IHS,
7010518,70105,0,1,2015,IHS,
7010519,70105,0,1,2015,IHS,
7010520,70105,0,1,2015,IHS,
7010601,70103,0,1,2015,IHS,
7010602,70104,0,1,2015,IHS,
7010603,70104,0,1,2015,IHS,
7010604,70124,0,1,2015,IHS,
7010605,70124,0,1,2015,IHS,
7010606,70124,0,1,2015,IHS,
7010607,70124,0,1,2015,IHS,
7010608,70124,0,1,2015,IHS,
7010609,70103,0,1,2015,IHS,
7010610,70104,0,1,2015,IHS,
7010611,70104,0,1,2015,IHS,
7010612,70124,1,1,2015,IHS,
7010613,70103,1,1,2015,IHS,
7010614,70104,0,1,2015,IHS,
7010615,70104,0,1,2015,IHS,
7010616,70124,0,1,2015,IHS,
7010617,70103,0,1,2015,IHS,
7010618,70104,0,1,2015,IHS,
7010619,70124,0,1,2015,IHS,
7010620,70124,0,1,2015,IHS,
7010701,70111,0,1,2015,IHS,
7010702,70111,0,1,2015,IHS,
7010703,70111,0,1,2015,IHS,
7010704,70111,0,1,2015,IHS,
7010705,70111,0,1,2015,IHS,
7010706,70111,0,1,2015,IHS,
7010707,70111,0,1,2015,IHS,
7010708,70111,0,1,2015,IHS,
7010709,70111,0,1,2015,IHS,
7010710,70111,0,1,2015,IHS,
7010711,70111,0,1,2015,IHS,
7010712,70111,0,1,2015,IHS,
7010713,70111,0,1,2015,IHS,
7010714,70111,0,1,2015,IHS,
7010715,70111,0,1,2015,IHS,
7010716,70111,0,1,2015,IHS,
7010717,70111,0,1,2015,IHS,
7010718,70111,0,1,2015,IHS,
7010719,70111,0,1,2015,IHS,
7010720,70111,0,1,2015,IHS,
7010801,70117,0,1,2015,IHS,
7010802,70117,0,1,2015,IHS,
7010803,70126,0,1,2015,IHS,
7010804,70126,0,1,2015,IHS,
7010805,70126,0,1,2015,IHS,
7010806,70126,0,1,2015,IHS,
7010807,70126,0,1,2015,IHS,
7010808,70126,0,1,2015,IHS,
7010809,70117,0,1,2015,IHS,
7010810,70117,0,1,2015,IHS,
7010811,70117,0,1,2015,IHS,
7010812,70117,0,1,2015,IHS,
7010813,70117,0,1,2015,IHS,
7010814,70126,0,1,2015,IHS,
7010815,70126,0,1,2015,IHS,
7010816,70126,0,1,2015,IHS,
7010817,70126,0,1,2015,IHS,
7010818,70126,0,1,2015,IHS,
7010819,70116,0,1,2015,IHS,
7010820,70116,0,1,2015,IHS,
7010901,70125,0,1,2015,IHS,
7010902,70125,0,1,2015,IHS,
7010903,70125,0,1,2015,IHS,
7010904,70125,0,1,2015,IHS,
7010905,70125,0,1,2015,IHS,
7010906,70125,0,1,2015,IHS,
7010907,70125,0,1,2015,IHS,
7010908,70125,0,1,2015,IHS,
7010909,70125,0,1,2015,IHS,
7010910,70125,0,1,2015,IHS,
7010911,70125,0,1,2015,IHS,
7010912,70125,0,1,2015,IHS,
7010913,70125,0,1,2015,IHS,
7010914,70125,0,1,2015,IHS,
7010915,70125,0,1,2015,IHS,
7010916,70125,1,1,2015,IHS,
7010917,70125,1,1,2015,IHS,
7010918,70125,0,1,2015,IHS,
7010919,70125,0,1,2015,IHS,
7010920,70125,0,1,2015,IHS,
7011001,70125,0,1,2015,IHS,
7011002,70125,0,1,2015,IHS,
7011003,70125,0,1,2015,IHS,
7011004,70125,0,1,2015,IHS,
7011005,70125,0,1,2015,IHS,
7011006,70125,0,1,2015,IHS,
7011007,70125,0,1,2015,IHS,
7011008,70125,1,1,2015,IHS,
7011009,70125,1,1,2015,IHS,
7011010,70125,1,1,2015,IHS,
7011011,70125,0,1,2015,IHS,
7011012,70125,0,1,2015,IHS,
7011013,70125,0,1,2015,IHS,
7011014,70125,0,1,2015,IHS,
7011015,70125,1,1,2015,IHS,
7011016,70125,1,1,2015,IHS,
7011017,70125,0,1,2015,IHS,
7011018,70125,0,1,2015,IHS,
7011019,70125,0,1,2015,IHS,
7011020,70125,0,1,2015,IHS,
7011101,70101,1,1,2015,IHS,
7011102,70101,0,1,2015,IHS,
7011103,70101,0,1,2015,IHS,
7011104,70101,0,1,2015,IHS,
7011105,70101,0,1,2015,IHS,
7011106,70101,0,1,2015,IHS,
7011107,70101,0,1,2015,IHS,
7011108,70101,0,1,2015,IHS,
7011109,70101,0,1,2015,IHS,
7011110,70101,0,1,2015,IHS,
7011111,70101,0,1,2015,IHS,
7011112,70101,0,1,2015,IHS,
7011113,70101,0,1,2015,IHS,
7011114,70101,0,1,2015,IHS,
7011115,70101,0,1,2015,IHS,
7011116,70101,0,1,2015,IHS,
7011117,70101,0,1,2015,IHS,
7011118,70101,0,1,2015,IHS,
7011119,70101,0,1,2015,IHS,
7011120,70101,0,1,2015,IHS,
7011201,70109,1,1,2015,IHS,
7011202,70109,0,1,2015,IHS,
7011203,70109,1,1,2015,IHS,
7011204,70109,0,1,2015,IHS,
7011205,70109,0,1,2015,IHS,
7011206,70109,0,1,2015,IHS,
7011207,70109,0,1,2015,IHS,
7011208,70109,1,1,2015,IHS,
7011209,70109,0,1,2015,IHS,
7011210,70109,0,1,2015,IHS,
7011211,70109,0,1,2015,IHS,
7011212,70109,0,1,2015,IHS,
7011213,70109,0,1,2015,IHS,
7011214,70109,1,1,2015,IHS,
7011215,70109,1,1,2015,IHS,
7011216,70109,0,1,2015,IHS,
7011217,70109,0,1,2015,IHS,
7011218,70109,0,1,2015,IHS,
7011219,70109,0,1,2015,IHS,
7011220,70109,0,1,2015,IHS,
7110101,71125,1,1,2015,IHS,
7110102,71125,0,1,2015,IHS,
7110103,71125,1,1,2015,IHS,
7110104,71125,1,1,2015,IHS,
7110105,71125,1,1,2015,IHS,
7110106,71125,1,1,2015,IHS,
7110107,71125,0,1,2015,IHS,
7110108,71125,1,1,2015,IHS,
7110109,71125,1,1,2015,IHS,
7110110,71125,0,1,2015,IHS,
7110111,71125,1,1,2015,IHS,
7110112,71125,0,1,2015,IHS,
7110113,71125,0,1,2015,IHS,
7110114,71125,0,1,2015,IHS,
7110115,71125,0,1,2015,IHS,
7110116,71125,1,1,2015,IHS,
7110117,71125,0,1,2015,IHS,
7110118,71125,1,1,2015,IHS,
7110119,71125,1,1,2015,IHS,
7110120,71125,0,1,2015,IHS,
7110301,71132,0,1,2015,IHS,
7110302,71132,0,1,2015,IHS,
7110303,71132,0,1,2015,IHS,
7110304,71132,0,1,2015,IHS,
7110305,71132,0,1,2015,IHS,
7110306,71132,1,1,2015,IHS,
7110307,71132,1,1,2015,IHS,
7110308,71107,1,1,2015,IHS,
7110309,71107,1,1,2015,IHS,
7110310,71107,1,1,2015,IHS,
7110311,71107,1,1,2015,IHS,
7110312,71107,1,1,2015,IHS,
7110313,71107,1,1,2015,IHS,
7110314,71104,0,1,2015,IHS,
7110315,71104,1,1,2015,IHS,
7110316,71107,0,1,2015,IHS,
7110317,71104,0,1,2015,IHS,
7110318,71104,1,1,2015,IHS,
7110319,71104,0,1,2015,IHS,
7110320,71104,0,1,2015,IHS,
7110401,71117,0,1,2015,IHS,
7110402,71117,0,1,2015,IHS,
7110403,71117,0,1,2015,IHS,
7110404,71117,0,1,2015,IHS,
7110405,71117,0,1,2015,IHS,
7110406,71117,0,1,2015,IHS,
7110407,71117,0,1,2015,IHS,
7110408,71117,0,1,2015,IHS,
7110409,71117,0,1,2015,IHS,
7110410,71117,0,1,2015,IHS,
7110411,71117,0,1,2015,IHS,
7110412,71117,0,1,2015,IHS,
7110413,71117,0,1,2015,IHS,
7110414,71117,0,1,2015,IHS,
7110415,71117,0,1,2015,IHS,
7110416,71117,0,1,2015,IHS,
7110417,71117,0,1,2015,IHS,
7110418,71117,0,1,2015,IHS,
7110419,71117,0,1,2015,IHS,
7110420,71117,0,1,2015,IHS,
7110501,71110,0,1,2015,IHS,
7110502,71110,0,1,2015,IHS,
7110503,71110,1,1,2015,IHS,
7110504,71110,1,1,2015,IHS,
7110505,71110,0,1,2015,IHS,
7110506,71110,0,1,2015,IHS,
7110507,71110,0,1,2015,IHS,
7110508,71110,0,1,2015,IHS,
7110509,71110,0,1,2015,IHS,
7110510,71110,0,1,2015,IHS,
7110511,71110,1,1,2015,IHS,
7110512,71110,0,1,2015,IHS,
7110513,71110,0,1,2015,IHS,
7110514,71110,0,1,2015,IHS,
7110515,71110,0,1,2015,IHS,
7110516,71110,0,1,2015,IHS,
7110517,71110,0,1,2015,IHS,
7110518,71110,1,1,2015,IHS,
7110519,71110,0,1,2015,IHS,
7110520,71110,0,1,2015,IHS,
7110601,71110,0,1,2015,IHS,
7110602,71110,1,1,2015,IHS,
7110603,71110,1,1,2015,IHS,
7110604,71110,1,1,2015,IHS,
7110605,71110,1,1,2015,IHS,
7110606,71110,0,1,2015,IHS,
7110607,71110,1,1,2015,IHS,
7110608,71110,1,1,2015,IHS,
7110609,71110,1,1,2015,IHS,
7110610,71110,0,1,2015,IHS,
7110611,71110,0,1,2015,IHS,
7110612,71110,1,1,2015,IHS,
7110613,71110,1,1,2015,IHS,
7110614,71110,1,1,2015,IHS,
7110615,71110,1,1,2015,IHS,
7110616,71110,0,1,2015,IHS,
7110617,71110,0,1,2015,IHS,
7110618,71110,1,1,2015,IHS,
7110619,71110,1,1,2015,IHS,
7110620,71110,0,1,2015,IHS,
7111001,71119,0,1,2015,IHS,
7111002,71119,1,1,2015,IHS,
7111003,71119,0,1,2015,IHS,
7111004,71119,1,1,2015,IHS,
7111005,71119,1,1,2015,IHS,
7111006,71119,0,1,2015,IHS,
7111007,71119,0,1,2015,IHS,
7111008,71119,1,1,2015,IHS,
7111009,71119,0,1,2015,IHS,
7111010,71119,0,1,2015,IHS,
7111011,71119,0,1,2015,IHS,
7111012,71119,0,1,2015,IHS,
7111013,71119,0,1,2015,IHS,
7111014,71119,0,1,2015,IHS,
7111015,71119,1,1,2015,IHS,
7111016,71119,0,1,2015,IHS,
7111017,71119,0,1,2015,IHS,
7111018,71119,0,1,2015,IHS,
7111019,71119,0,1,2015,IHS,
7111020,71119,1,1,2015,IHS,
7111101,71121,0,1,2015,IHS,
7111102,71121,0,1,2015,IHS,
7111103,71121,0,1,2015,IHS,
7111104,71121,1,1,2015,IHS,
7111105,71121,0,1,2015,IHS,
7111106,71121,0,1,2015,IHS,
7111107,71121,0,1,2015,IHS,
7111108,71121,0,1,2015,IHS,
7111109,71121,0,1,2015,IHS,
7111110,71121,0,1,2015,IHS,
7111111,71120,0,1,2015,IHS,
7111112,71120,0,1,2015,IHS,
7111113,71120,0,1,2015,IHS,
7111114,71120,0,1,2015,IHS,
7111115,71120,0,1,2015,IHS,
7111116,71131,0,1,2015,IHS,
7111117,71131,0,1,2015,IHS,
7111118,71131,0,1,2015,IHS,
7111119,71131,0,1,2015,IHS,
7111120,71131,1,1,2015,IHS,
7111301,71111,0,1,2015,IHS,
7111302,71111,0,1,2015,IHS,
7111303,71111,0,1,2015,IHS,
7111304,71111,0,1,2015,IHS,
7111305,71111,0,1,2015,IHS,
7111306,71111,0,1,2015,IHS,
7111307,71111,0,1,2015,IHS,
7111308,71111,1,1,2015,IHS,
7111309,71111,1,1,2015,IHS,
7111310,71111,0,1,2015,IHS,
7111311,71111,0,1,2015,IHS,
7111312,71111,0,1,2015,IHS,
7111313,71111,0,1,2015,IHS,
7111314,71111,1,1,2015,IHS,
7111315,71111,0,1,2015,IHS,
7111316,71111,0,1,2015,IHS,
7111317,71111,0,1,2015,IHS,
7111318,71111,0,1,2015,IHS,
7111319,71111,0,1,2015,IHS,
7111320,71111,0,1,2015,IHS,
7111401,71112,0,1,2015,IHS,
7111402,71112,0,1,2015,IHS,
7111403,71112,0,1,2015,IHS,
7111404,71112,0,1,2015,IHS,
7111405,71112,0,1,2015,IHS,
7111406,71112,0,1,2015,IHS,
7111407,71112,0,1,2015,IHS,
7111408,71112,0,1,2015,IHS,
7111409,71112,0,1,2015,IHS,
7111410,71112,1,1,2015,IHS,
7111411,71112,0,1,2015,IHS,
7111412,71112,0,1,2015,IHS,
7111413,71112,0,1,2015,IHS,
7111414,71112,0,1,2015,IHS,
7111415,71112,0,1,2015,IHS,
7111416,71112,0,1,2015,IHS,
7111417,71112,0,1,2015,IHS,
7111418,71112,0,1,2015,IHS,
7111419,71112,0,1,2015,IHS,
7111420,71112,0,1,2015,IHS,
7111601,71114,0,1,2015,IHS,
7111602,71114,0,1,2015,IHS,
7111603,71114,0,1,2015,IHS,
7111604,71114,0,1,2015,IHS,
7111605,71114,0,1,2015,IHS,
7111606,71114,0,1,2015,IHS,
7111607,71114,0,1,2015,IHS,
7111608,71114,0,1,2015,IHS,
7111609,71114,1,1,2015,IHS,
7111610,71115,0,1,2015,IHS,
7111611,71115,0,1,2015,IHS,
7111612,71115,0,1,2015,IHS,
7111613,71115,0,1,2015,IHS,
7111614,71115,0,1,2015,IHS,
7111615,71115,0,1,2015,IHS,
7111616,71115,0,1,2015,IHS,
7111617,71115,1,1,2015,IHS,
7111618,71115,0,1,2015,IHS,
7111619,71115,0,1,2015,IHS,
7111620,71114,0,1,2015,IHS,
7111701,71105,0,1,2015,IHS,
7111702,71105,0,1,2015,IHS,
7111703,71105,0,1,2015,IHS,
7111704,71105,0,1,2015,IHS,
7111705,71105,0,1,2015,IHS,
7111706,71105,0,1,2015,IHS,
7111707,71105,0,1,2015,IHS,
7111708,71106,0,1,2015,IHS,
7111709,71106,0,1,2015,IHS,
7111710,71106,0,1,2015,IHS,
7111711,71106,0,1,2015,IHS,
7111712,71106,0,1,2015,IHS,
7111713,71106,0,1,2015,IHS,
7111714,71105,0,1,2015,IHS,
7111715,71105,0,1,2015,IHS,
7111716,71105,0,1,2015,IHS,
7111717,71105,0,1,2015,IHS,
7111718,71105,0,1,2015,IHS,
7111719,71105,0,1,2015,IHS,
7111720,71105,0,1,2015,IHS,
7111901,71122,1,1,2015,IHS,
7111902,71122,0,1,2015,IHS,
7111903,71122,1,1,2015,IHS,
7111904,71122,0,1,2015,IHS,
7111905,71122,0,1,2015,IHS,
7111906,71122,0,1,2015,IHS,
7111907,71122,0,1,2015,IHS,
7111909,71122,0,1,2015,IHS,
7111910,71122,0,1,2015,IHS,
7111911,71122,0,1,2015,IHS,
7111912,71122,0,1,2015,IHS,
7111913,71122,0,1,2015,IHS,
7111914,71122,0,1,2015,IHS,
7111915,71122,0,1,2015,IHS,
7111916,71109,1,1,2015,IHS,
7111917,71109,0,1,2015,IHS,
7111918,71109,0,1,2015,IHS,
7111919,71109,1,1,2015,IHS,
7111920,71109,0,1,2015,IHS,
7111921,71122,0,1,2015,IHS,
7112001,71108,0,1,2015,IHS,
7112002,71108,0,1,2015,IHS,
7112003,71108,0,1,2015,IHS,
7112004,71108,0,1,2015,IHS,
7112005,71108,0,1,2015,IHS,
7112006,71108,0,1,2015,IHS,
7112007,71108,0,1,2015,IHS,
7112008,71108,0,1,2015,IHS,
7112009,71108,0,1,2015,IHS,
7112010,71108,0,1,2015,IHS,
7112011,71108,0,1,2015,IHS,
7112012,71108,0,1,2015,IHS,
7112013,71108,0,1,2015,IHS,
7112014,71108,0,1,2015,IHS,
7112015,71108,0,1,2015,IHS,
7112016,71108,0,1,2015,IHS,
7112017,71108,0,1,2015,IHS,
7112018,71108,0,1,2015,IHS,
7112019,71108,0,1,2015,IHS,
7112020,71108,0,1,2015,IHS,
7210301,72101,0,1,2015,IHS,
7210302,72101,0,1,2015,IHS,
7210303,72101,0,1,2015,IHS,
7210304,72101,1,1,2015,IHS,
7210305,72101,1,1,2015,IHS,
7210306,72101,1,1,2015,IHS,
7210307,72101,0,1,2015,IHS,
7210308,72101,0,1,2015,IHS,
7210309,72101,0,1,2015,IHS,
7210310,72101,0,1,2015,IHS,
7210311,72101,0,1,2015,IHS,
7210312,72101,0,1,2015,IHS,
7210313,72101,0,1,2015,IHS,
7210314,72101,0,1,2015,IHS,
7210315,72101,1,1,2015,IHS,
7210316,72101,1,1,2015,IHS,
7210317,72101,0,1,2015,IHS,
7210318,72101,1,1,2015,IHS,
7210319,72101,0,1,2015,IHS,
7210320,72101,1,1,2015,IHS,
7210501,72101,0,1,2015,IHS,
7210502,72101,0,1,2015,IHS,
7210503,72101,1,1,2015,IHS,
7210504,72101,0,1,2015,IHS,
7210505,72101,1,1,2015,IHS,
7210506,72101,0,1,2015,IHS,
7210507,72101,1,1,2015,IHS,
7210508,72101,0,1,2015,IHS,
7210509,72101,0,1,2015,IHS,
7210510,72101,0,1,2015,IHS,
7210511,72101,1,1,2015,IHS,
7210512,72101,1,1,2015,IHS,
7210513,72101,1,1,2015,IHS,
7210514,72101,0,1,2015,IHS,
7210515,72101,0,1,2015,IHS,
7210516,72101,0,1,2015,IHS,
7210517,72101,0,1,2015,IHS,
7210518,72101,1,1,2015,IHS,
7210519,72101,0,1,2015,IHS,
7210520,72101,0,1,2015,IHS,
7210801,72115,0,1,2015,IHS,
7210802,72115,0,1,2015,IHS,
7210803,72115,0,1,2015,IHS,
7210804,72115,1,1,2015,IHS,
7210805,72115,0,1,2015,IHS,
7210806,72115,0,1,2015,IHS,
7210807,72115,1,1,2015,IHS,
7210808,72115,0,1,2015,IHS,
7210809,72115,1,1,2015,IHS,
7210810,72115,0,1,2015,IHS,
7210811,72115,1,1,2015,IHS,
7210812,72115,0,1,2015,IHS,
7210813,72115,0,1,2015,IHS,
7210814,72115,0,1,2015,IHS,
7210815,72115,0,1,2015,IHS,
7210816,72115,0,1,2015,IHS,
7210817,72115,0,1,2015,IHS,
7210818,72115,0,1,2015,IHS,
7210819,72115,0,1,2015,IHS,
7210820,72115,0,1,2015,IHS,
7211101,72108,0,1,2015,IHS,
7211102,72108,1,1,2015,IHS,
7211103,72108,1,1,2015,IHS,
7211104,72108,0,1,2015,IHS,
7211105,72108,0,1,2015,IHS,
7211106,72108,0,1,2015,IHS,
7211107,72108,0,1,2015,IHS,
7211108,72108,0,1,2015,IHS,
7211109,72109,0,1,2015,IHS,
7211110,72109,0,1,2015,IHS,
7211111,72109,0,1,2015,IHS,
7211112,72109,0,1,2015,IHS,
7211113,72109,0,1,2015,IHS,
7211114,72109,0,1,2015,IHS,
7211115,72109,0,1,2015,IHS,
7211116,72109,1,1,2015,IHS,
7211117,72109,0,1,2015,IHS,
7211118,72109,0,1,2015,IHS,
7211119,72112,0,1,2015,IHS,
7211120,72112,0,1,2015,IHS,
7211401,72102,1,1,2015,IHS,
7211402,72102,0,1,2015,IHS,
7211403,72102,0,1,2015,IHS,
7211404,72102,1,1,2015,IHS,
7211405,72102,0,1,2015,IHS,
7211406,72102,0,1,2015,IHS,
7211407,72102,0,1,2015,IHS,
7211408,72102,0,1,2015,IHS,
7211409,72102,1,1,2015,IHS,
7211410,72102,0,1,2015,IHS,
7211411,72102,1,1,2015,IHS,
7211412,72102,0,1,2015,IHS,
7211413,72102,0,1,2015,IHS,
7211414,72102,0,1,2015,IHS,
7211415,72102,1,1,2015,IHS,
7211416,72102,1,1,2015,IHS,
7211417,72102,0,1,2015,IHS,
7211418,72102,1,1,2015,IHS,
7211419,72102,0,1,2015,IHS,
7211420,72102,1,1,2015,IHS,
7211701,72103,0,1,2015,IHS,
7211702,72103,0,1,2015,IHS,
7211703,72103,0,1,2015,IHS,
7211704,72103,0,1,2015,IHS,
7211705,72103,0,1,2015,IHS,
7211706,72103,0,1,2015,IHS,
7211707,72103,0,1,2015,IHS,
7211708,72103,0,1,2015,IHS,
7211709,72103,1,1,2015,IHS,
7211710,72103,1,1,2015,IHS,
7211711,72103,1,1,2015,IHS,
7211712,72103,1,1,2015,IHS,
7211713,72103,0,1,2015,IHS,
7211714,72103,1,1,2015,IHS,
7211715,72103,1,1,2015,IHS,
7211716,72103,1,1,2015,IHS,
7211717,72103,0,1,2015,IHS,
7211718,72103,1,1,2015,IHS,
7211719,72103,1,1,2015,IHS,
7211720,72103,0,1,2015,IHS,
7212101,72104,0,1,2015,IHS,
7212102,72104,0,1,2015,IHS,
7212103,72104,0,1,2015,IHS,
7212104,72104,0,1,2015,IHS,
7212105,72104,0,1,2015,IHS,
7212106,72104,0,1,2015,IHS,
7212107,72104,0,1,2015,IHS,
7212108,72104,0,1,2015,IHS,
7212109,72104,0,1,2015,IHS,
7212110,72104,1,1,2015,IHS,
7212111,72104,0,1,2015,IHS,
7212112,72104,0,1,2015,IHS,
7212113,72104,0,1,2015,IHS,
7212114,72104,0,1,2015,IHS,
7212115,72104,0,1,2015,IHS,
7212116,72104,1,1,2015,IHS,
7212117,72104,0,1,2015,IHS,
7212118,72104,0,1,2015,IHS,
7212119,72104,0,1,2015,IHS,
7212120,72104,0,1,2015,IHS,
7220201,72211,0,1,2015,IHS,
7220202,72211,0,1,2015,IHS,
7220203,72211,0,1,2015,IHS,
7220204,72211,0,1,2015,IHS,
7220205,72211,0,1,2015,IHS,
7220206,72211,0,1,2015,IHS,
7220207,72211,0,1,2015,IHS,
7220208,72211,1,1,2015,IHS,
7220209,72211,0,1,2015,IHS,
7220210,72211,0,1,2015,IHS,
7220211,72211,0,1,2015,IHS,
7220212,72211,0,1,2015,IHS,
7220213,72211,0,1,2015,IHS,
7220214,72211,0,1,2015,IHS,
7220215,72211,0,1,2015,IHS,
7220216,72218,0,1,2015,IHS,
7220217,72218,0,1,2015,IHS,
7220218,72218,0,1,2015,IHS,
7220219,72218,0,1,2015,IHS,
7220220,72218,0,1,2015,IHS,
7220501,72209,1,1,2015,IHS,
7220502,72209,0,1,2015,IHS,
7220503,72209,1,1,2015,IHS,
7220504,72209,1,1,2015,IHS,
7220505,72209,0,1,2015,IHS,
7220506,72209,0,1,2015,IHS,
7220507,72209,1,1,2015,IHS,
7220508,72209,0,1,2015,IHS,
7220509,72209,0,1,2015,IHS,
7220510,72209,0,1,2015,IHS,
7220511,72209,0,1,2015,IHS,
7220512,72209,0,1,2015,IHS,
7220513,72209,0,1,2015,IHS,
7220514,72209,0,1,2015,IHS,
7220515,72209,0,1,2015,IHS,
7220516,72209,0,1,2015,IHS,
7220517,72209,0,1,2015,IHS,
7220518,72209,0,1,2015,IHS,
7220519,72209,0,1,2015,IHS,
7220520,72209,0,1,2015,IHS,
7220801,72219,0,1,2015,IHS,
7220802,72219,0,1,2015,IHS,
7220803,72219,0,1,2015,IHS,
7220804,72219,0,1,2015,IHS,
7220805,72219,1,1,2015,IHS,
7220806,72219,0,1,2015,IHS,
7220807,72219,0,1,2015,IHS,
7220808,72219,0,1,2015,IHS,
7220809,72219,0,1,2015,IHS,
7220810,72219,0,1,2015,IHS,
7220811,72219,0,1,2015,IHS,
7220812,72219,0,1,2015,IHS,
7220813,72219,0,1,2015,IHS,
7220814,72219,0,1,2015,IHS,
7220815,72219,0,1,2015,IHS,
7220816,72219,0,1,2015,IHS,
7220817,72219,0,1,2015,IHS,
7220818,72219,0,1,2015,IHS,
7220819,72219,0,1,2015,IHS,
7220820,72219,0,1,2015,IHS,
7221201,72221,1,1,2015,IHS,
7221202,72221,0,1,2015,IHS,
7221203,72221,0,1,2015,IHS,
7221204,72221,0,1,2015,IHS,
7221205,72221,0,1,2015,IHS,
7221206,72221,0,1,2015,IHS,
7221207,72221,1,1,2015,IHS,
7221208,72221,0,1,2015,IHS,
7221209,72221,0,1,2015,IHS,
7221210,72221,0,1,2015,IHS,
7221211,72221,0,1,2015,IHS,
7221212,72221,0,1,2015,IHS,
7221213,72221,1,1,2015,IHS,
7221214,72221,1,1,2015,IHS,
7221215,72221,0,1,2015,IHS,
7221216,72221,1,1,2015,IHS,
7221217,72221,1,1,2015,IHS,
7221218,72221,1,1,2015,IHS,
7221219,72221,1,1,2015,IHS,
7221220,72221,0,1,2015,IHS,
7221501,72208,1,1,2015,IHS,
7221502,72208,0,1,2015,IHS,
7221503,72208,0,1,2015,IHS,
7221504,72208,0,1,2015,IHS,
7221505,72208,0,1,2015,IHS,
7221506,72208,0,1,2015,IHS,
7221507,72208,0,1,2015,IHS,
7221508,72208,0,1,2015,IHS,
7221509,72208,0,1,2015,IHS,
7221510,72208,0,1,2015,IHS,
7221511,72208,0,1,2015,IHS,
7221512,72208,0,1,2015,IHS,
7221513,72208,0,1,2015,IHS,
7221514,72208,0,1,2015,IHS,
7221515,72208,0,1,2015,IHS,
7221516,72208,0,1,2015,IHS,
7221517,72208,0,1,2015,IHS,
7221518,72208,0,1,2015,IHS,
7221519,72208,0,1,2015,IHS,
7221520,72208,0,1,2015,IHS,
7221901,72229,0,1,2015,IHS,
7221902,72229,0,1,2015,IHS,
7221903,72229,0,1,2015,IHS,
7221904,72229,0,1,2015,IHS,
7221905,72229,0,1,2015,IHS,
7221906,72229,0,1,2015,IHS,
7221907,72229,0,1,2015,IHS,
7221908,72229,0,1,2015,IHS,
7221909,72229,0,1,2015,IHS,
7221910,72229,0,1,2015,IHS,
7221911,72229,0,1,2015,IHS,
7221912,72229,0,1,2015,IHS,
7221913,72229,1,1,2015,IHS,
7221914,72229,0,1,2015,IHS,
7221915,72229,0,1,2015,IHS,
7221916,72229,0,1,2015,IHS,
7221917,72229,0,1,2015,IHS,
7221918,72229,0,1,2015,IHS,
7221919,72229,1,1,2015,IHS,
7221920,72229,0,1,2015,IHS,
7222201,72228,1,1,2015,IHS,
7222202,72228,1,1,2015,IHS,
7222203,72228,1,1,2015,IHS,
7222204,72228,1,1,2015,IHS,
7222205,72228,1,1,2015,IHS,
7222206,72228,1,1,2015,IHS,
7222207,72228,0,1,2015,IHS,
7222208,72228,1,1,2015,IHS,
7222209,72228,1,1,2015,IHS,
7222210,72228,1,1,2015,IHS,
7222211,72228,1,1,2015,IHS,
7222212,72228,1,1,2015,IHS,
7222213,72228,0,1,2015,IHS,
7222214,72228,1,1,2015,IHS,
7222215,72228,1,1,2015,IHS,
7222216,72228,1,1,2015,IHS,
7222217,72228,1,1,2015,IHS,
7222218,72228,1,1,2015,IHS,
7222219,72228,1,1,2015,IHS,
7222220,72228,1,1,2015,IHS,
7222701,72217,1,1,2015,IHS,
7222702,72217,1,1,2015,IHS,
7222703,72217,0,1,2015,IHS,
7222704,72217,0,1,2015,IHS,
7222705,72217,0,1,2015,IHS,
7222706,72217,0,1,2015,IHS,
7222707,72217,1,1,2015,IHS,
7222708,72217,1,1,2015,IHS,
7222709,72217,0,1,2015,IHS,
7222710,72217,0,1,2015,IHS,
7222711,72223,0,1,2015,IHS,
7222712,72223,0,1,2015,IHS,
7222713,72223,0,1,2015,IHS,
7222714,72223,0,1,2015,IHS,
7222715,72223,1,1,2015,IHS,
7222716,72223,0,1,2015,IHS,
7222717,72223,0,1,2015,IHS,
7222718,72223,0,1,2015,IHS,
7222719,72223,0,1,2015,IHS,
7222720,72223,0,1,2015,IHS,
7222901,72204,1,1,2015,IHS,
7222902,72204,1,1,2015,IHS,
7222903,72204,1,1,2015,IHS,
7222904,72204,0,1,2015,IHS,
7222905,72204,0,1,2015,IHS,
7222906,72204,0,1,2015,IHS,
7222907,72204,0,1,2015,IHS,
7222908,72204,1,1,2015,IHS,
7222909,72204,0,1,2015,IHS,
7222910,72204,0,1,2015,IHS,
7222911,72204,0,1,2015,IHS,
7222912,72204,0,1,2015,IHS,
7222913,72204,1,1,2015,IHS,
7222914,72204,0,1,2015,IHS,
7222915,72204,0,1,2015,IHS,
7222916,72204,1,1,2015,IHS,
7222917,72204,0,1,2015,IHS,
7222918,72204,0,1,2015,IHS,
7222919,72204,1,1,2015,IHS,
7222920,72204,1,1,2015,IHS,
7223201,72204,0,1,2015,IHS,
7223202,72204,1,1,2015,IHS,
7223203,72204,0,1,2015,IHS,
7223204,72204,0,1,2015,IHS,
7223205,72204,1,1,2015,IHS,
7223206,72204,0,1,2015,IHS,
7223207,72204,0,1,2015,IHS,
7223208,72204,0,1,2015,IHS,
7223209,72204,0,1,2015,IHS,
7223210,72204,0,1,2015,IHS,
7223211,72204,0,1,2015,IHS,
7223212,72204,1,1,2015,IHS,
7223213,72204,0,1,2015,IHS,
7223214,72204,0,1,2015,IHS,
7223215,72204,0,1,2015,IHS,
7223216,72204,1,1,2015,IHS,
7223217,72204,1,1,2015,IHS,
7223218,72204,1,1,2015,IHS,
7223219,72204,0,1,2015,IHS,
7223220,72204,1,1,2015,IHS,
7310401,73101,0,0,2015,IHS,
7310402,73101,0,0,2015,IHS,
7310403,73101,0,0,2015,IHS,
7310404,73101,0,0,2015,IHS,
7310405,73101,0,0,2015,IHS,
7310406,73101,0,0,2015,IHS,
7310407,73101,0,0,2015,IHS,
7310408,73101,0,0,2015,IHS,
7310409,73101,0,0,2015,IHS,
7310410,73101,1,0,2015,IHS,
7310411,73101,0,0,2015,IHS,
7310412,73101,0,0,2015,IHS,
7310413,73101,1,0,2015,IHS,
7310414,73101,0,0,2015,IHS,
7310415,73101,0,0,2015,IHS,
7310416,73101,1,0,2015,IHS,
7310417,73101,1,0,2015,IHS,
7310418,73101,1,0,2015,IHS,
7310419,73101,0,0,2015,IHS,
7310420,73101,0,0,2015,IHS,
7310601,73101,1,0,2015,IHS,
7310602,73101,0,0,2015,IHS,
7310603,73101,0,0,2015,IHS,
7310604,73101,0,0,2015,IHS,
7310605,73101,0,0,2015,IHS,
7310606,73101,0,0,2015,IHS,
7310607,73101,0,0,2015,IHS,
7310608,73101,0,0,2015,IHS,
7310609,73101,0,0,2015,IHS,
7310610,73101,0,0,2015,IHS,
7310611,73101,0,0,2015,IHS,
7310612,73101,0,0,2015,IHS,
7310613,73101,0,0,2015,IHS,
7310614,73101,0,0,2015,IHS,
7310615,73101,0,0,2015,IHS,
7310616,73101,0,0,2015,IHS,
7310617,73101,0,0,2015,IHS,
7310618,73101,0,0,2015,IHS,
7310619,73101,1,0,2015,IHS,
7310620,73101,0,0,2015,IHS,
7310901,73101,0,0,2015,IHS,
7310902,73101,1,0,2015,IHS,
7310903,73101,1,0,2015,IHS,
7310904,73101,1,0,2015,IHS,
7310905,73101,0,0,2015,IHS,
7310906,73101,1,0,2015,IHS,
7310907,73101,1,0,2015,IHS,
7310908,73101,0,0,2015,IHS,
7310909,73101,0,0,2015,IHS,
7310910,73101,1,0,2015,IHS,
7310911,73101,0,0,2015,IHS,
7310912,73101,1,0,2015,IHS,
7310913,73101,0,0,2015,IHS,
7310914,73101,0,0,2015,IHS,
7310915,73101,0,0,2015,IHS,
7310916,73101,1,0,2015,IHS,
7310917,73101,1,0,2015,IHS,
7310918,73101,0,0,2015,IHS,
7310919,73101,0,0,2015,IHS,
7310920,73101,0,0,2015,IHS,
7311101,73101,0,0,2015,IHS,
7311102,73101,1,0,2015,IHS,
7311103,73101,1,0,2015,IHS,
7311104,73101,0,0,2015,IHS,
7311105,73101,1,0,2015,IHS,
7311106,73101,1,0,2015,IHS,
7311107,73101,1,0,2015,IHS,
7311108,73101,1,0,2015,IHS,
7311109,73101,0,0,2015,IHS,
7311110,73101,0,0,2015,IHS,
7311111,73101,0,0,2015,IHS,
7311112,73101,1,0,2015,IHS,
7311113,73101,0,0,2015,IHS,
7311114,73101,1,0,2015,IHS,
7311115,73101,0,0,2015,IHS,
7311116,73101,0,0,2015,IHS,
7311117,73101,1,0,2015,IHS,
7311118,73101,0,0,2015,IHS,
7311119,73101,1,0,2015,IHS,
7311120,73101,1,0,2015,IHS,
7311401,73103,1,0,2015,IHS,
7311402,73103,0,0,2015,IHS,
7311403,73103,0,0,2015,IHS,
7311404,73103,0,0,2015,IHS,
7311405,73103,1,0,2015,IHS,
7311406,73103,0,0,2015,IHS,
7311407,73103,0,0,2015,IHS,
7311408,73103,1,0,2015,IHS,
7311409,73103,0,0,2015,IHS,
7311410,73103,0,0,2015,IHS,
7311411,73103,0,0,2015,IHS,
7311412,73103,0,0,2015,IHS,
7311413,73103,0,0,2015,IHS,
7311414,73103,0,0,2015,IHS,
7311415,73103,1,0,2015,IHS,
7311416,73103,0,0,2015,IHS,
7311417,73103,0,0,2015,IHS,
7311418,73103,0,0,2015,IHS,
7311419,73103,0,0,2015,IHS,
7311420,73103,1,0,2015,IHS,
7311701,73102,0,0,2015,IHS,
7311702,73102,0,0,2015,IHS,
7311703,73102,0,0,2015,IHS,
7311704,73102,0,0,2015,IHS,
7311705,73102,1,0,2015,IHS,
7311706,73102,1,0,2015,IHS,
7311707,73102,1,0,2015,IHS,
7311708,73102,0,0,2015,IHS,
7311709,73102,0,0,2015,IHS,
7311710,73102,0,0,2015,IHS,
7311711,73102,1,0,2015,IHS,
7311712,73102,0,0,2015,IHS,
7311713,73102,0,0,2015,IHS,
7311714,73102,0,0,2015,IHS,
7311715,73102,0,0,2015,IHS,
7311716,73102,0,0,2015,IHS,
7311717,73102,0,0,2015,IHS,
7311718,73102,0,0,2015,IHS,
7311719,73102,0,0,2015,IHS,
7311720,73102,1,0,2015,IHS,
7312401,73111,0,1,2015,IHS,
7312402,73111,0,1,2015,IHS,
7312403,73111,1,1,2015,IHS,
7312404,73111,0,1,2015,IHS,
7312405,73111,1,1,2015,IHS,
7312406,73111,0,1,2015,IHS,
7312407,73111,0,1,2015,IHS,
7312408,73111,0,1,2015,IHS,
7312409,73111,0,1,2015,IHS,
7312410,73111,0,1,2015,IHS,
7312411,73111,0,1,2015,IHS,
7312412,73111,0,1,2015,IHS,
7312413,73111,0,1,2015,IHS,
7312414,73111,0,1,2015,IHS,
7320201,73222,0,1,2015,IHS,
7320202,73222,1,1,2015,IHS,
7320203,73222,1,1,2015,IHS,
7320204,73222,0,1,2015,IHS,
7320205,73222,1,1,2015,IHS,
7320206,73222,0,1,2015,IHS,
7320207,73222,1,1,2015,IHS,
7320208,73222,1,1,2015,IHS,
7320209,73222,0,1,2015,IHS,
7320210,73222,0,1,2015,IHS,
7320211,73222,0,1,2015,IHS,
7320212,73222,1,1,2015,IHS,
7320213,73222,0,1,2015,IHS,
7320214,73222,0,1,2015,IHS,
7320215,73222,1,1,2015,IHS,
7320216,73222,0,1,2015,IHS,
7320217,73222,1,1,2015,IHS,
7320218,73222,1,1,2015,IHS,
7320219,73222,1,1,2015,IHS,
7320220,73222,1,1,2015,IHS,
7320501,73213,1,1,2015,IHS,
7320502,73213,0,1,2015,IHS,
7320503,73213,0,1,2015,IHS,
7320504,73213,0,1,2015,IHS,
7320505,73213,0,1,2015,IHS,
7320506,73213,1,1,2015,IHS,
7320507,73213,0,1,2015,IHS,
7320508,73213,0,1,2015,IHS,
7320509,73213,1,1,2015,IHS,
7320510,73213,1,1,2015,IHS,
7320511,73213,0,1,2015,IHS,
7320512,73213,0,1,2015,IHS,
7320513,73213,1,1,2015,IHS,
7320514,73213,1,1,2015,IHS,
7320515,73213,0,1,2015,IHS,
7320516,73213,0,1,2015,IHS,
7320517,73213,1,1,2015,IHS,
7320518,73213,0,1,2015,IHS,
7320519,73213,1,1,2015,IHS,
7320520,73213,1,1,2015,IHS,
7320901,73206,0,1,2015,IHS,
7320902,73206,0,1,2015,IHS,
7320903,73206,0,1,2015,IHS,
7320904,73206,0,1,2015,IHS,
7320905,73206,1,1,2015,IHS,
7320906,73206,0,1,2015,IHS,
7320907,73206,0,1,2015,IHS,
7320908,73206,0,1,2015,IHS,
7320909,73206,1,1,2015,IHS,
7320910,73206,1,1,2015,IHS,
7320911,73206,0,1,2015,IHS,
7320912,73206,1,1,2015,IHS,
7320913,73206,0,1,2015,IHS,
7320914,73206,0,1,2015,IHS,
7320915,73206,1,1,2015,IHS,
7320916,73206,0,1,2015,IHS,
7320917,73206,0,1,2015,IHS,
7320918,73206,1,1,2015,IHS,
7320919,73206,1,1,2015,IHS,
7320920,73206,1,1,2015,IHS,
7322001,73202,0,1,2015,IHS,
7322002,73202,0,1,2015,IHS,
7322003,73202,0,1,2015,IHS,
7322004,73202,1,1,2015,IHS,
7322005,73202,1,1,2015,IHS,
7322006,73202,1,1,2015,IHS,
7322007,73202,1,1,2015,IHS,
7322008,73202,1,1,2015,IHS,
7322009,73202,0,1,2015,IHS,
7322010,73202,0,1,2015,IHS,
7322011,73202,0,1,2015,IHS,
7322012,73202,1,1,2015,IHS,
7322013,73202,1,1,2015,IHS,
7322014,73202,1,1,2015,IHS,
7322015,73202,0,1,2015,IHS,
7322016,73202,0,1,2015,IHS,
7322017,73202,1,1,2015,IHS,
7322018,73202,0,1,2015,IHS,
7322019,73202,1,1,2015,IHS,
7322020,73202,0,1,2015,IHS,
7322701,73209,0,1,2015,IHS,
7322702,73209,0,1,2015,IHS,
7322703,73209,0,1,2015,IHS,
7322704,73209,0,1,2015,IHS,
7322705,73209,0,1,2015,IHS,
7322706,73209,0,1,2015,IHS,
7322707,73209,0,1,2015,IHS,
7322708,73209,0,1,2015,IHS,
7322709,73209,0,1,2015,IHS,
7322710,73209,0,1,2015,IHS,
7322711,73209,0,1,2015,IHS,
7322712,73209,0,1,2015,IHS,
7322713,73209,0,1,2015,IHS,
7322714,73209,0,1,2015,IHS,
7322715,73209,0,1,2015,IHS,
7322716,73209,1,1,2015,IHS,
7322717,73209,0,1,2015,IHS,
7322718,73209,1,1,2015,IHS,
7322719,73209,0,1,2015,IHS,
7322720,73209,1,1,2015,IHS,
7323401,73201,0,1,2015,IHS,
7323402,73201,0,1,2015,IHS,
7323404,73201,0,1,2015,IHS,
7323405,73201,0,1,2015,IHS,
7323406,73201,1,1,2015,IHS,
7323407,73201,0,1,2015,IHS,
7323408,73201,0,1,2015,IHS,
7323409,73201,0,1,2015,IHS,
7323410,73201,0,1,2015,IHS,
7323411,73201,0,1,2015,IHS,
7323412,73201,0,1,2015,IHS,
7323413,73201,0,1,2015,IHS,
7323414,73201,0,1,2015,IHS,
7323415,73201,0,1,2015,IHS,
7323416,73201,0,1,2015,IHS,
7323417,73201,0,1,2015,IHS,
7323418,73201,0,1,2015,IHS,
7323419,73201,0,1,2015,IHS,
7323420,73201,0,1,2015,IHS,
7330401,73332,0,1,2015,IHS,
7330402,73332,0,1,2015,IHS,
7330403,73332,0,1,2015,IHS,
7330404,73332,0,1,2015,IHS,
7330405,73332,0,1,2015,IHS,
7330406,73332,0,1,2015,IHS,
7330407,73332,0,1,2015,IHS,
7330408,73332,0,1,2015,IHS,
7330409,73332,1,1,2015,IHS,
7330410,73332,1,1,2015,IHS,
7330411,73332,0,1,2015,IHS,
7330412,73332,0,1,2015,IHS,
7330413,73332,0,1,2015,IHS,
7330414,73332,0,1,2015,IHS,
7330415,73332,0,1,2015,IHS,
7330416,73332,0,1,2015,IHS,
7330417,73332,0,1,2015,IHS,
7330418,73332,0,1,2015,IHS,
7330419,73332,0,1,2015,IHS,
7330420,73332,0,1,2015,IHS,
7330801,73331,0,1,2015,IHS,
7330802,73331,0,1,2015,IHS,
7330803,73331,0,1,2015,IHS,
7330804,73331,1,1,2015,IHS,
7330805,73312,0,1,2015,IHS,
7330806,73312,0,1,2015,IHS,
7330807,73312,0,1,2015,IHS,
7330808,73312,0,1,2015,IHS,
7330809,73312,0,1,2015,IHS,
7330810,73312,0,1,2015,IHS,
7330811,73312,0,1,2015,IHS,
7330812,73312,0,1,2015,IHS,
7330813,73312,0,1,2015,IHS,
7330814,73312,0,1,2015,IHS,
7330815,73312,0,1,2015,IHS,
7330816,73312,0,1,2015,IHS,
7330817,73312,0,1,2015,IHS,
7330818,73312,0,1,2015,IHS,
7330819,73312,0,1,2015,IHS,
7330820,73312,0,1,2015,IHS,
7331301,73309,0,1,2015,IHS,
7331302,73309,0,1,2015,IHS,
7331303,73309,0,1,2015,IHS,
7331304,73309,0,1,2015,IHS,
7331305,73309,0,1,2015,IHS,
7331306,73309,1,1,2015,IHS,
7331307,73309,0,1,2015,IHS,
7331308,73309,0,1,2015,IHS,
7331309,73309,1,1,2015,IHS,
7331310,73309,0,1,2015,IHS,
7331311,73309,0,1,2015,IHS,
7331312,73309,0,1,2015,IHS,
7331313,73309,0,1,2015,IHS,
7331314,73309,0,1,2015,IHS,
7331315,73309,0,1,2015,IHS,
7331316,73309,0,1,2015,IHS,
7331317,73309,0,1,2015,IHS,
7331318,73309,0,1,2015,IHS,
7331319,73309,0,1,2015,IHS,
7331320,73309,0,1,2015,IHS,
7332101,73314,0,1,2015,IHS,
7332102,73314,0,1,2015,IHS,
7332103,73314,0,1,2015,IHS,
7332104,73314,0,1,2015,IHS,
7332105,73314,1,1,2015,IHS,
7332106,73314,1,1,2015,IHS,
7332107,73326,0,1,2015,IHS,
7332108,73326,1,1,2015,IHS,
7332109,73326,0,1,2015,IHS,
7332110,73326,1,1,2015,IHS,
7332111,73326,1,1,2015,IHS,
7332112,73326,0,1,2015,IHS,
7332113,73326,0,1,2015,IHS,
7332114,73326,0,1,2015,IHS,
7332115,73326,0,1,2015,IHS,
7332116,73326,0,1,2015,IHS,
7332117,73326,1,1,2015,IHS,
7332118,73326,0,1,2015,IHS,
7332119,73326,0,1,2015,IHS,
7332120,73326,0,1,2015,IHS,
7410701,74103,1,0,2015,IHS,
7410702,74103,1,0,2015,IHS,
7410703,74103,1,0,2015,IHS,
7410704,74103,1,0,2015,IHS,
7410705,74103,1,0,2015,IHS,
7410706,74103,0,0,2015,IHS,
7410707,74103,0,0,2015,IHS,
7410708,74103,0,0,2015,IHS,
7410709,74103,1,0,2015,IHS,
7410710,74103,0,0,2015,IHS,
7410711,74103,0,0,2015,IHS,
7410712,74103,0,0,2015,IHS,
7410713,74103,0,0,2015,IHS,
7410714,74103,0,0,2015,IHS,
7410715,74103,0,0,2015,IHS,
7410716,74103,0,0,2015,IHS,
7410717,74103,0,0,2015,IHS,
7410718,74103,0,0,2015,IHS,
7410719,74103,1,0,2015,IHS,
7410720,74103,0,0,2015,IHS,
7411001,74103,0,0,2015,IHS,
7411002,74103,1,0,2015,IHS,
7411003,74103,0,0,2015,IHS,
7411004,74103,1,0,2015,IHS,
7411005,74103,0,0,2015,IHS,
7411006,74103,0,0,2015,IHS,
7411007,74103,0,0,2015,IHS,
7411008,74103,0,0,2015,IHS,
7411009,74103,0,0,2015,IHS,
7411010,74103,0,0,2015,IHS,
7411011,74103,1,0,2015,IHS,
7411012,74103,0,0,2015,IHS,
7411013,74103,0,0,2015,IHS,
7411014,74103,0,0,2015,IHS,
7411015,74103,0,0,2015,IHS,
7411016,74103,0,0,2015,IHS,
7411017,74103,0,0,2015,IHS,
7411018,74103,0,0,2015,IHS,
7411019,74103,0,0,2015,IHS,
7411020,74103,0,0,2015,IHS,
7411301,74103,1,0,2015,IHS,
7411302,74103,1,0,2015,IHS,
7411303,74103,0,0,2015,IHS,
7411304,74103,1,0,2015,IHS,
7411305,74103,1,0,2015,IHS,
7411306,74103,1,0,2015,IHS,
7411307,74103,1,0,2015,IHS,
7411308,74103,1,0,2015,IHS,
7411309,74103,1,0,2015,IHS,
7411310,74103,1,0,2015,IHS,
7411311,74103,0,0,2015,IHS,
7411312,74103,0,0,2015,IHS,
7411313,74103,1,0,2015,IHS,
7411314,74103,0,0,2015,IHS,
7411315,74103,0,0,2015,IHS,
7411316,74103,1,0,2015,IHS,
7411317,74103,0,0,2015,IHS,
7411318,74103,1,0,2015,IHS,
7411319,74103,1,0,2015,IHS,
7411320,74103,1,0,2015,IHS,
7411601,74103,0,0,2015,IHS,
7411602,74103,0,0,2015,IHS,
7411603,74103,0,0,2015,IHS,
7411604,74103,0,0,2015,IHS,
7411605,74103,0,0,2015,IHS,
7411606,74103,0,0,2015,IHS,
7411607,74103,0,0,2015,IHS,
7411608,74103,0,0,2015,IHS,
7411609,74103,0,0,2015,IHS,
7411610,74103,0,0,2015,IHS,
7411611,74103,1,0,2015,IHS,
7411612,74103,0,0,2015,IHS,
7411613,74103,1,0,2015,IHS,
7411614,74103,0,0,2015,IHS,
7411615,74103,0,0,2015,IHS,
7411616,74103,1,0,2015,IHS,
7411617,74103,1,0,2015,IHS,
7411618,74103,0,0,2015,IHS,
7411619,74103,1,0,2015,IHS,
7411620,74103,1,0,2015,IHS,
7411801,74103,0,0,2015,IHS,
7411802,74103,0,0,2015,IHS,
7411803,74103,0,0,2015,IHS,
7411804,74103,1,0,2015,IHS,
7411805,74103,0,0,2015,IHS,
7411806,74103,0,0,2015,IHS,
7411807,74103,1,0,2015,IHS,
7411808,74103,0,0,2015,IHS,
7411809,74103,0,0,2015,IHS,
7411810,74103,0,0,2015,IHS,
7411811,74103,0,0,2015,IHS,
7411812,74103,0,0,2015,IHS,
7411813,74103,0,0,2015,IHS,
7411814,74103,0,0,2015,IHS,
7411815,74103,0,0,2015,IHS,
7411816,74103,0,0,2015,IHS,
7411817,74103,1,0,2015,IHS,
7411818,74103,0,0,2015,IHS,
7411819,74103,0,0,2015,IHS,
7411820,74103,0,0,2015,IHS,
7412101,74103,1,0,2015,IHS,
7412102,74103,1,0,2015,IHS,
7412103,74103,1,0,2015,IHS,
7412104,74103,1,0,2015,IHS,
7412105,74103,1,0,2015,IHS,
7412106,74103,1,0,2015,IHS,
7412107,74103,1,0,2015,IHS,
7412108,74103,1,0,2015,IHS,
7412109,74103,1,0,2015,IHS,
7412110,74103,1,0,2015,IHS,
7412111,74103,1,0,2015,IHS,
7412112,74103,1,0,2015,IHS,
7412113,74103,0,0,2015,IHS,
7412114,74103,0,0,2015,IHS,
7412115,74103,0,0,2015,IHS,
7412116,74103,1,0,2015,IHS,
7412117,74103,1,0,2015,IHS,
7412118,74103,1,0,2015,IHS,
7412119,74103,0,0,2015,IHS,
7412120,74103,1,0,2015,IHS,
7412501,74118,1,1,2015,IHS,
7412502,74118,1,1,2015,IHS,
7412503,74118,1,1,2015,IHS,
7412504,74118,1,1,2015,IHS,
7412505,74118,1,1,2015,IHS,
7412506,74118,0,1,2015,IHS,
7412507,74118,0,1,2015,IHS,
7412508,74118,0,1,2015,IHS,
7412509,74118,1,1,2015,IHS,
7412510,74118,0,1,2015,IHS,
7412511,74118,0,1,2015,IHS,
7412512,74118,0,1,2015,IHS,
7412513,74118,1,1,2015,IHS,
7412514,74118,0,1,2015,IHS,
7412515,74118,0,1,2015,IHS,
7412516,74118,0,1,2015,IHS,
7412517,74118,0,1,2015,IHS,
7412518,74118,0,1,2015,IHS,
7412519,74118,1,1,2015,IHS,
7412520,74118,1,1,2015,IHS,
7413101,74116,0,1,2015,IHS,
7413102,74108,1,1,2015,IHS,
7413103,74108,0,1,2015,IHS,
7413104,74108,0,1,2015,IHS,
7413105,74108,0,1,2015,IHS,
7413106,74108,0,1,2015,IHS,
7413107,74108,0,1,2015,IHS,
7413108,74108,0,1,2015,IHS,
7413109,74108,1,1,2015,IHS,
7413110,74108,0,1,2015,IHS,
7413111,74108,0,1,2015,IHS,
7413112,74116,0,1,2015,IHS,
7413113,74116,0,1,2015,IHS,
7413114,74116,0,1,2015,IHS,
7413115,74116,0,1,2015,IHS,
7413116,74116,0,1,2015,IHS,
7413117,74116,0,1,2015,IHS,
7413118,74116,0,1,2015,IHS,
7413119,74116,0,1,2015,IHS,
7413120,74116,0,1,2015,IHS,
7420201,74218,0,1,2015,IHS,
7420202,74218,0,1,2015,IHS,
7420203,74218,0,1,2015,IHS,
7420204,74218,0,1,2015,IHS,
7420205,74218,0,1,2015,IHS,
7420206,74218,0,1,2015,IHS,
7420207,74218,1,1,2015,IHS,
7420208,74218,0,1,2015,IHS,
7420209,74218,0,1,2015,IHS,
7420210,74218,0,1,2015,IHS,
7420211,74218,0,1,2015,IHS,
7420212,74218,0,1,2015,IHS,
7420213,74208,1,1,2015,IHS,
7420214,74208,0,1,2015,IHS,
7420215,74208,0,1,2015,IHS,
7420216,74208,0,1,2015,IHS,
7420217,74208,0,1,2015,IHS,
7420218,74208,0,1,2015,IHS,
7420219,74208,0,1,2015,IHS,
7420220,74208,0,1,2015,IHS,
7421001,74207,0,1,2015,IHS,
7421002,74207,0,1,2015,IHS,
7421003,74207,0,1,2015,IHS,
7421004,74207,0,1,2015,IHS,
7421005,74207,0,1,2015,IHS,
7421006,74207,0,1,2015,IHS,
7421007,74207,0,1,2015,IHS,
7421008,74207,0,1,2015,IHS,
7421009,74207,0,1,2015,IHS,
7421010,74207,0,1,2015,IHS,
7421011,74207,0,1,2015,IHS,
7421012,74207,0,1,2015,IHS,
7421013,74207,0,1,2015,IHS,
7421014,74207,1,1,2015,IHS,
7421015,74207,0,1,2015,IHS,
7421016,74207,0,1,2015,IHS,
7421017,74207,0,1,2015,IHS,
7421018,74207,0,1,2015,IHS,
7421019,74207,0,1,2015,IHS,
7421020,74207,0,1,2015,IHS,
7421901,74203,0,1,2015,IHS,
7421902,74203,0,1,2015,IHS,
7421903,74203,0,1,2015,IHS,
7421904,74203,0,1,2015,IHS,
7421905,74203,0,1,2015,IHS,
7421906,74203,0,1,2015,IHS,
7421907,74203,0,1,2015,IHS,
7421908,74203,0,1,2015,IHS,
7421909,74203,0,1,2015,IHS,
7421910,74203,0,1,2015,IHS,
7421911,74203,1,1,2015,IHS,
7421912,74203,0,1,2015,IHS,
7421913,74203,0,1,2015,IHS,
7421914,74203,0,1,2015,IHS,
7421915,74203,0,1,2015,IHS,
7421916,74203,0,1,2015,IHS,
7421917,74203,0,1,2015,IHS,
7421918,74203,1,1,2015,IHS,
7421919,74203,1,1,2015,IHS,
7421920,74203,0,1,2015,IHS,
7430401,74308,0,1,2015,IHS,
7430402,74308,0,1,2015,IHS,
7430403,74308,0,1,2015,IHS,
7430404,74308,0,1,2015,IHS,
7430405,74330,0,1,2015,IHS,
7430406,74330,0,1,2015,IHS,
7430407,74330,1,1,2015,IHS,
7430408,74330,0,1,2015,IHS,
7430409,74330,0,1,2015,IHS,
7430410,74330,0,1,2015,IHS,
7430411,74330,0,1,2015,IHS,
7430412,74330,0,1,2015,IHS,
7430413,74330,0,1,2015,IHS,
7430414,74330,0,1,2015,IHS,
7430415,74330,0,1,2015,IHS,
7430416,74330,0,1,2015,IHS,
7430417,74330,0,1,2015,IHS,
7430418,74330,1,1,2015,IHS,
7430419,74330,0,1,2015,IHS,
7430420,74330,0,1,2015,IHS,
7431001,74321,0,1,2015,IHS,
7431002,74321,0,1,2015,IHS,
7431003,74321,0,1,2015,IHS,
7431004,74321,0,1,2015,IHS,
7431005,74321,0,1,2015,IHS,
7431006,74321,0,1,2015,IHS,
7431007,74321,0,1,2015,IHS,
7431008,74321,0,1,2015,IHS,
7431009,74321,0,1,2015,IHS,
7431010,74321,0,1,2015,IHS,
7431011,74321,0,1,2015,IHS,
7431012,74321,0,1,2015,IHS,
7431013,74321,0,1,2015,IHS,
7431014,74321,1,1,2015,IHS,
7431015,74321,0,1,2015,IHS,
7431016,74321,0,1,2015,IHS,
7431017,74321,0,1,2015,IHS,
7431018,74321,0,1,2015,IHS,
7431019,74321,0,1,2015,IHS,
7431020,74321,0,1,2015,IHS,
7440101,74418,0,1,2015,IHS,
7440102,74418,0,1,2015,IHS,
7440103,74418,0,1,2015,IHS,
7440104,74418,0,1,2015,IHS,
7440105,74418,0,1,2015,IHS,
7440106,74418,0,1,2015,IHS,
7440107,74418,0,1,2015,IHS,
7440108,74418,0,1,2015,IHS,
7440109,74418,0,1,2015,IHS,
7440110,74418,0,1,2015,IHS,
7440111,74418,0,1,2015,IHS,
7440112,74418,0,1,2015,IHS,
7440113,74418,0,1,2015,IHS,
7440114,74418,0,1,2015,IHS,
7440115,74418,0,1,2015,IHS,
7440116,74418,0,1,2015,IHS,
7440117,74418,0,1,2015,IHS,
7440118,74418,0,1,2015,IHS,
7440119,74418,0,1,2015,IHS,
7440120,74418,0,1,2015,IHS,
7440601,74429,0,1,2015,IHS,
7440602,74429,0,1,2015,IHS,
7440603,74429,1,1,2015,IHS,
7440604,74446,0,1,2015,IHS,
7440605,74446,0,1,2015,IHS,
7440606,74446,0,1,2015,IHS,
7440607,74446,0,1,2015,IHS,
7440608,74429,0,1,2015,IHS,
7440609,74429,0,1,2015,IHS,
7440610,74429,0,1,2015,IHS,
7440611,74429,0,1,2015,IHS,
7440612,74429,0,1,2015,IHS,
7440613,74407,0,1,2015,IHS,
7440614,74407,1,1,2015,IHS,
7440615,74407,0,1,2015,IHS,
7440616,74407,0,1,2015,IHS,
7440617,74407,0,1,2015,IHS,
7440618,74407,0,1,2015,IHS,
7440619,74407,0,1,2015,IHS,
7440620,74407,0,1,2015,IHS,
7441201,74413,0,1,2015,IHS,
7441202,74413,0,1,2015,IHS,
7441203,74413,0,1,2015,IHS,
7441204,74413,0,1,2015,IHS,
7441205,74413,0,1,2015,IHS,
7441206,74413,0,1,2015,IHS,
7441207,74413,0,1,2015,IHS,
7441208,74413,0,1,2015,IHS,
7441209,74413,0,1,2015,IHS,
7441210,74413,1,1,2015,IHS,
7441211,74413,0,1,2015,IHS,
7441212,74413,1,1,2015,IHS,
7441213,74413,0,1,2015,IHS,
7441214,74413,0,1,2015,IHS,
7441215,74413,0,1,2015,IHS,
7441216,74430,0,1,2015,IHS,
7441217,74430,0,1,2015,IHS,
7441218,74430,0,1,2015,IHS,
7441219,74430,0,1,2015,IHS,
7441220,74425,1,1,2015,IHS,
7442001,74443,0,1,2015,IHS,
7442002,74443,0,1,2015,IHS,
7442003,74443,0,1,2015,IHS,
7442004,74443,0,1,2015,IHS,
7442005,74443,0,1,2015,IHS,
7442006,74443,0,1,2015,IHS,
7442007,74443,0,1,2015,IHS,
7442008,74443,0,1,2015,IHS,
7442009,74443,0,1,2015,IHS,
7442010,74443,0,1,2015,IHS,
7442011,74443,0,1,2015,IHS,
7442012,74443,0,1,2015,IHS,
7442013,74443,0,1,2015,IHS,
7442014,74443,0,1,2015,IHS,
7442015,74443,0,1,2015,IHS,
7442016,74443,0,1,2015,IHS,
7442017,74443,0,1,2015,IHS,
7442018,74443,0,1,2015,IHS,
7442019,74443,0,1,2015,IHS,
7442020,74443,0,1,2015,IHS,
7442601,74434,0,1,2015,IHS,
7442602,74434,0,1,2015,IHS,
7442603,74434,0,1,2015,IHS,
7442604,74434,0,1,2015,IHS,
7442605,74434,0,1,2015,IHS,
7442606,74434,0,1,2015,IHS,
7442607,74432,0,1,2015,IHS,
7442608,74432,0,1,2015,IHS,
7442609,74432,0,1,2015,IHS,
7442610,74432,0,1,2015,IHS,
7442611,74432,0,1,2015,IHS,
7442612,74432,0,1,2015,IHS,
7442613,74432,0,1,2015,IHS,
7442614,74432,0,1,2015,IHS,
7442615,74432,0,1,2015,IHS,
7442616,74432,0,1,2015,IHS,
7442617,74432,0,1,2015,IHS,
7442618,74432,0,1,2015,IHS,
7442619,74432,0,1,2015,IHS,
7442620,74432,0,1,2015,IHS,
7510101,75101,0,0,2015,IHS,
7510102,75101,1,0,2015,IHS,
7510103,75101,1,0,2015,IHS,
7510104,75101,0,0,2015,IHS,
7510105,75101,1,0,2015,IHS,
7510106,75101,0,0,2015,IHS,
7510107,75101,1,0,2015,IHS,
7510108,75101,0,0,2015,IHS,
7510109,75101,1,0,2015,IHS,
7510110,75101,0,0,2015,IHS,
7510111,75101,1,0,2015,IHS,
7510112,75101,0,0,2015,IHS,
7510113,75101,0,0,2015,IHS,
7510114,75101,1,0,2015,IHS,
7510115,75101,1,0,2015,IHS,
7510116,75101,1,0,2015,IHS,
7510117,75101,1,0,2015,IHS,
7510118,75101,1,0,2015,IHS,
7510119,75101,1,0,2015,IHS,
7510120,75101,1,0,2015,IHS,
7510201,75101,0,0,2015,IHS,
7510202,75101,0,0,2015,IHS,
7510203,75101,1,0,2015,IHS,
7510204,75101,1,0,2015,IHS,
7510205,75101,0,0,2015,IHS,
7510206,75101,1,0,2015,IHS,
7510207,75101,1,0,2015,IHS,
7510208,75101,1,0,2015,IHS,
7510209,75101,0,0,2015,IHS,
7510210,75101,0,0,2015,IHS,
7510211,75101,1,0,2015,IHS,
7510212,75101,1,0,2015,IHS,
7510213,75101,1,0,2015,IHS,
7510214,75101,0,0,2015,IHS,
7510215,75101,0,0,2015,IHS,
7510216,75101,1,0,2015,IHS,
7510217,75101,1,0,2015,IHS,
7510218,75101,0,0,2015,IHS,
7510219,75101,1,0,2015,IHS,
7510220,75101,1,0,2015,IHS,
7510301,75101,1,0,2015,IHS,
7510302,75101,0,0,2015,IHS,
7510303,75101,1,0,2015,IHS,
7510304,75101,0,0,2015,IHS,
7510305,75101,1,0,2015,IHS,
7510306,75101,0,0,2015,IHS,
7510307,75101,1,0,2015,IHS,
7510308,75101,1,0,2015,IHS,
7510309,75101,1,0,2015,IHS,
7510310,75101,0,0,2015,IHS,
7510311,75101,1,0,2015,IHS,
7510312,75101,0,0,2015,IHS,
7510313,75101,0,0,2015,IHS,
7510314,75101,0,0,2015,IHS,
7510315,75101,0,0,2015,IHS,
7510316,75101,1,0,2015,IHS,
7510317,75101,0,0,2015,IHS,
7510318,75101,1,0,2015,IHS,
7510319,75101,1,0,2015,IHS,
7510320,75101,0,0,2015,IHS,
7510401,75101,1,0,2015,IHS,
7510402,75101,0,0,2015,IHS,
7510403,75101,1,0,2015,IHS,
7510404,75101,0,0,2015,IHS,
7510405,75101,1,0,2015,IHS,
7510406,75101,0,0,2015,IHS,
7510407,75101,0,0,2015,IHS,
7510408,75101,0,0,2015,IHS,
7510409,75101,1,0,2015,IHS,
7510410,75101,0,0,2015,IHS,
7510411,75101,0,0,2015,IHS,
7510412,75101,0,0,2015,IHS,
7510413,75101,0,0,2015,IHS,
7510414,75101,0,0,2015,IHS,
7510415,75101,1,0,2015,IHS,
7510416,75101,0,0,2015,IHS,
7510417,75101,0,0,2015,IHS,
7510418,75101,0,0,2015,IHS,
7510419,75101,0,0,2015,IHS,
7510420,75101,0,0,2015,IHS,
7510501,75101,0,0,2015,IHS,
7510502,75101,0,0,2015,IHS,
7510503,75101,1,0,2015,IHS,
7510504,75101,0,0,2015,IHS,
7510505,75101,0,0,2015,IHS,
7510506,75101,0,0,2015,IHS,
7510507,75101,0,0,2015,IHS,
7510508,75101,0,0,2015,IHS,
7510509,75101,0,0,2015,IHS,
7510510,75101,0,0,2015,IHS,
7510511,75101,0,0,2015,IHS,
7510512,75101,1,0,2015,IHS,
7510513,75101,0,0,2015,IHS,
7510514,75101,0,0,2015,IHS,
7510515,75101,0,0,2015,IHS,
7510516,75101,1,0,2015,IHS,
7510517,75101,1,0,2015,IHS,
7510518,75101,0,0,2015,IHS,
7510519,75101,0,0,2015,IHS,
7510520,75101,1,0,2015,IHS,
7510601,75101,0,0,2015,IHS,
7510602,75101,1,0,2015,IHS,
7510603,75101,1,0,2015,IHS,
7510604,75101,0,0,2015,IHS,
7510605,75101,1,0,2015,IHS,
7510606,75101,1,0,2015,IHS,
7510607,75101,0,0,2015,IHS,
7510608,75101,0,0,2015,IHS,
7510609,75101,1,0,2015,IHS,
7510610,75101,1,0,2015,IHS,
7510611,75101,0,0,2015,IHS,
7510612,75101,1,0,2015,IHS,
7510613,75101,0,0,2015,IHS,
7510614,75101,0,0,2015,IHS,
7510615,75101,0,0,2015,IHS,
7510616,75101,1,0,2015,IHS,
7510617,75101,0,0,2015,IHS,
7510618,75101,0,0,2015,IHS,
7510619,75101,0,0,2015,IHS,
7510620,75101,0,0,2015,IHS,
7510701,75101,1,0,2015,IHS,
7510702,75101,1,0,2015,IHS,
7510703,75101,0,0,2015,IHS,
7510704,75101,0,0,2015,IHS,
7510705,75101,0,0,2015,IHS,
7510706,75101,0,0,2015,IHS,
7510707,75101,1,0,2015,IHS,
7510708,75101,0,0,2015,IHS,
7510709,75101,0,0,2015,IHS,
7510710,75101,0,0,2015,IHS,
7510711,75101,0,0,2015,IHS,
7510712,75101,0,0,2015,IHS,
7510713,75101,1,0,2015,IHS,
7510714,75101,0,0,2015,IHS,
7510715,75101,0,0,2015,IHS,
7510716,75101,0,0,2015,IHS,
7510717,75101,1,0,2015,IHS,
7510718,75101,0,0,2015,IHS,
7510719,75101,1,0,2015,IHS,
7510720,75101,1,0,2015,IHS,
8010801,80112,0,1,2015,IHS,
8010802,80112,0,1,2015,IHS,
8010803,80112,0,1,2015,IHS,
8010804,80112,0,1,2015,IHS,
8010805,80112,0,1,2015,IHS,
8010806,80112,0,1,2015,IHS,
8010807,80166,0,1,2015,IHS,
8010808,80166,0,1,2015,IHS,
8010809,80166,0,1,2015,IHS,
8010810,80166,0,1,2015,IHS,
8010811,80166,0,1,2015,IHS,
8010812,80166,0,1,2015,IHS,
8010813,80166,0,1,2015,IHS,
8010814,80122,0,1,2015,IHS,
8010815,80122,0,1,2015,IHS,
8010816,80122,0,1,2015,IHS,
8010817,80122,0,1,2015,IHS,
8010818,80158,0,1,2015,IHS,
8010819,80158,0,1,2015,IHS,
8010820,80158,0,1,2015,IHS,
8011301,80133,0,1,2015,IHS,
8011302,80133,0,1,2015,IHS,
8011303,80133,1,1,2015,IHS,
8011304,80133,0,1,2015,IHS,
8011305,80133,0,1,2015,IHS,
8011306,80133,0,1,2015,IHS,
8011307,80133,0,1,2015,IHS,
8011308,80133,0,1,2015,IHS,
8011309,80133,0,1,2015,IHS,
8011310,80133,0,1,2015,IHS,
8011311,80133,1,1,2015,IHS,
8011312,80133,0,1,2015,IHS,
8011313,80133,0,1,2015,IHS,
8011314,80133,0,1,2015,IHS,
8011315,80133,0,1,2015,IHS,
8011316,80133,0,1,2015,IHS,
8011317,80133,0,1,2015,IHS,
8011318,80133,0,1,2015,IHS,
8011319,80133,0,1,2015,IHS,
8011320,80133,0,1,2015,IHS,
8011701,80129,0,1,2015,IHS,
8011702,80129,0,1,2015,IHS,
8011703,80129,0,1,2015,IHS,
8011704,80129,1,1,2015,IHS,
8011705,80129,1,1,2015,IHS,
8011706,80129,0,1,2015,IHS,
8011707,80129,0,1,2015,IHS,
8011708,80129,0,1,2015,IHS,
8011709,80129,0,1,2015,IHS,
8011710,80129,1,1,2015,IHS,
8011711,80144,0,1,2015,IHS,
8011712,80144,0,1,2015,IHS,
8011713,80144,0,1,2015,IHS,
8011714,80144,0,1,2015,IHS,
8011715,80144,0,1,2015,IHS,
8011716,80144,0,1,2015,IHS,
8011717,80150,0,1,2015,IHS,
8011718,80150,1,1,2015,IHS,
8011719,80150,0,1,2015,IHS,
8011720,80150,0,1,2015,IHS,
8012001,80136,0,1,2015,IHS,
8012002,80136,0,1,2015,IHS,
8012003,80136,1,1,2015,IHS,
8012004,80136,1,1,2015,IHS,
8012005,80136,0,1,2015,IHS,
8012006,80136,0,1,2015,IHS,
8012007,80136,0,1,2015,IHS,
8012008,80136,1,1,2015,IHS,
8012009,80136,1,1,2015,IHS,
8012010,80136,1,1,2015,IHS,
8012011,80136,0,1,2015,IHS,
8012012,80136,0,1,2015,IHS,
8012013,80136,0,1,2015,IHS,
8012014,80136,1,1,2015,IHS,
8012015,80136,0,1,2015,IHS,
8012016,80136,1,1,2015,IHS,
8012017,80136,1,1,2015,IHS,
8012018,80136,0,1,2015,IHS,
8012019,80136,0,1,2015,IHS,
8012020,80136,0,1,2015,IHS,
8012401,80127,0,1,2015,IHS,
8012402,80127,0,1,2015,IHS,
8012403,80127,0,1,2015,IHS,
8012404,80127,0,1,2015,IHS,
8012405,80127,0,1,2015,IHS,
8012406,80127,0,1,2015,IHS,
8012407,80106,0,1,2015,IHS,
8012408,80106,0,1,2015,IHS,
8012409,80116,0,1,2015,IHS,
8012410,80116,0,1,2015,IHS,
8012411,80116,0,1,2015,IHS,
8012412,80116,0,1,2015,IHS,
8012413,80116,0,1,2015,IHS,
8012414,80116,0,1,2015,IHS,
8012415,80116,0,1,2015,IHS,
8012416,80116,0,1,2015,IHS,
8012417,80116,1,1,2015,IHS,
8012418,80116,0,1,2015,IHS,
8012419,80116,1,1,2015,IHS,
8012420,80116,0,1,2015,IHS,
8012901,80114,0,1,2015,IHS,
8012902,80114,0,1,2015,IHS,
8012903,80114,1,1,2015,IHS,
8012905,80114,0,1,2015,IHS,
8012906,80114,0,1,2015,IHS,
8012907,80114,0,1,2015,IHS,
8012908,80114,0,1,2015,IHS,
8012909,80114,1,1,2015,IHS,
8012910,80114,1,1,2015,IHS,
8012911,80114,1,1,2015,IHS,
8012912,80114,0,1,2015,IHS,
8012913,80114,0,1,2015,IHS,
8012914,80114,0,1,2015,IHS,
8012915,80114,0,1,2015,IHS,
8012916,80114,1,1,2015,IHS,
8012917,80114,0,1,2015,IHS,
8012918,80114,0,1,2015,IHS,
8012919,80114,0,1,2015,IHS,
8012920,80114,0,1,2015,IHS,
8012921,80114,0,1,2015,IHS,
8013601,80119,0,1,2015,IHS,
8013602,80119,0,1,2015,IHS,
8013603,80119,0,1,2015,IHS,
8013604,80119,0,1,2015,IHS,
8013605,80119,0,1,2015,IHS,
8013606,80119,0,1,2015,IHS,
8013607,80119,0,1,2015,IHS,
8013608,80119,0,1,2015,IHS,
8013609,80119,0,1,2015,IHS,
8013610,80119,0,1,2015,IHS,
8013611,80119,0,1,2015,IHS,
8013612,80119,0,1,2015,IHS,
8013613,80119,0,1,2015,IHS,
8013614,80119,0,1,2015,IHS,
8013615,80119,0,1,2015,IHS,
8013616,80119,0,1,2015,IHS,
8013617,80119,0,1,2015,IHS,
8013618,80119,0,1,2015,IHS,
8013619,80119,0,1,2015,IHS,
8013620,80119,0,1,2015,IHS,
8014001,80101,1,1,2015,IHS,
8014002,80101,1,1,2015,IHS,
8014003,80101,1,1,2015,IHS,
8014004,80101,1,1,2015,IHS,
8014005,80101,1,1,2015,IHS,
8014006,80101,1,1,2015,IHS,
8014007,80101,0,1,2015,IHS,
8014008,80101,0,1,2015,IHS,
8014009,80101,0,1,2015,IHS,
8014010,80101,1,1,2015,IHS,
8014011,80101,0,1,2015,IHS,
8014012,80101,0,1,2015,IHS,
8014013,80101,0,1,2015,IHS,
8014014,80101,0,1,2015,IHS,
8014015,80101,0,1,2015,IHS,
8014016,80101,0,1,2015,IHS,
8014017,80101,0,1,2015,IHS,
8014018,80101,0,1,2015,IHS,
8014019,80101,0,1,2015,IHS,
8014020,80101,1,1,2015,IHS,
8020201,80204,0,1,2015,IHS,
8020202,80204,0,1,2015,IHS,
8020203,80204,0,1,2015,IHS,
8020204,80204,0,1,2015,IHS,
8020205,80204,0,1,2015,IHS,
8020206,80204,0,1,2015,IHS,
8020207,80204,0,1,2015,IHS,
8020208,80204,0,1,2015,IHS,
8020209,80204,0,1,2015,IHS,
8020210,80204,0,1,2015,IHS,
8020211,80204,0,1,2015,IHS,
8020212,80204,0,1,2015,IHS,
8020213,80204,0,1,2015,IHS,
8020214,80204,0,1,2015,IHS,
8020215,80204,0,1,2015,IHS,
8020216,80204,0,1,2015,IHS,
8020217,80204,0,1,2015,IHS,
8020218,80204,0,1,2015,IHS,
8020219,80204,0,1,2015,IHS,
8020220,80204,0,1,2015,IHS,
8020901,80204,0,1,2015,IHS,
8020902,80204,1,1,2015,IHS,
8020903,80204,1,1,2015,IHS,
8020904,80204,0,1,2015,IHS,
8020905,80204,0,1,2015,IHS,
8020906,80204,0,1,2015,IHS,
8020907,80204,0,1,2015,IHS,
8020908,80204,0,1,2015,IHS,
8020909,80204,1,1,2015,IHS,
8020910,80204,0,1,2015,IHS,
8020911,80204,0,1,2015,IHS,
8020912,80204,0,1,2015,IHS,
8020913,80204,0,1,2015,IHS,
8020914,80204,0,1,2015,IHS,
8020915,80204,1,1,2015,IHS,
8020916,80204,0,1,2015,IHS,
8020917,80204,0,1,2015,IHS,
8020918,80204,0,1,2015,IHS,
8020919,80204,0,1,2015,IHS,
8020920,80204,0,1,2015,IHS,
8021401,80204,0,0,2015,IHS,
8021402,80204,1,0,2015,IHS,
8021403,80204,0,0,2015,IHS,
8021404,80204,0,0,2015,IHS,
8021405,80204,0,0,2015,IHS,
8021406,80204,0,0,2015,IHS,
8021407,80204,1,0,2015,IHS,
8021408,80204,1,0,2015,IHS,
8021409,80204,1,0,2015,IHS,
8021410,80204,1,0,2015,IHS,
8021411,80204,0,0,2015,IHS,
8021412,80204,0,0,2015,IHS,
8021413,80204,0,0,2015,IHS,
8021414,80204,0,0,2015,IHS,
8021415,80204,0,0,2015,IHS,
8021416,80204,0,0,2015,IHS,
8021417,80204,0,0,2015,IHS,
8021418,80204,0,0,2015,IHS,
8021419,80204,0,0,2015,IHS,
8021420,80204,0,0,2015,IHS,
8022201,80204,0,1,2015,IHS,
8022202,80204,0,1,2015,IHS,
8022203,80204,0,1,2015,IHS,
8022204,80204,0,1,2015,IHS,
8022205,80204,1,1,2015,IHS,
8022206,80204,0,1,2015,IHS,
8022207,80204,1,1,2015,IHS,
8022208,80204,0,1,2015,IHS,
8022209,80204,0,1,2015,IHS,
8022210,80204,0,1,2015,IHS,
8022211,80204,0,1,2015,IHS,
8022212,80204,0,1,2015,IHS,
8022213,80204,0,1,2015,IHS,
8022214,80204,0,1,2015,IHS,
8022215,80204,0,1,2015,IHS,
8022216,80204,1,1,2015,IHS,
8022217,80204,1,1,2015,IHS,
8022218,80204,0,1,2015,IHS,
8022219,80204,1,1,2015,IHS,
8022220,80204,0,1,2015,IHS,
8022801,80202,0,1,2015,IHS,
8022802,80202,0,1,2015,IHS,
8022803,80202,0,1,2015,IHS,
8022804,80202,0,1,2015,IHS,
8022805,80202,0,1,2015,IHS,
8022806,80202,1,1,2015,IHS,
8022807,80202,0,1,2015,IHS,
8022808,80202,0,1,2015,IHS,
8022809,80202,1,1,2015,IHS,
8022810,80202,0,1,2015,IHS,
8022811,80202,0,1,2015,IHS,
8022812,80202,1,1,2015,IHS,
8022813,80202,0,1,2015,IHS,
8022814,80202,0,1,2015,IHS,
8022815,80202,0,1,2015,IHS,
8022816,80202,0,1,2015,IHS,
8022817,80202,0,1,2015,IHS,
8022818,80202,0,1,2015,IHS,
8022819,80202,0,1,2015,IHS,
8022820,80202,0,1,2015,IHS,
8023401,80202,1,1,2015,IHS,
8023402,80202,0,1,2015,IHS,
8023403,80202,0,1,2015,IHS,
8023404,80202,0,1,2015,IHS,
8023405,80202,0,1,2015,IHS,
8023406,80202,0,1,2015,IHS,
8023407,80202,0,1,2015,IHS,
8023408,80202,0,1,2015,IHS,
8023409,80202,0,1,2015,IHS,
8023410,80202,0,1,2015,IHS,
8023411,80202,0,1,2015,IHS,
8023412,80202,0,1,2015,IHS,
8023413,80202,0,1,2015,IHS,
8023414,80202,0,1,2015,IHS,
8023415,80202,0,1,2015,IHS,
8023416,80202,0,1,2015,IHS,
8023417,80202,1,1,2015,IHS,
8023418,80202,0,1,2015,IHS,
8023419,80202,1,1,2015,IHS,
8023420,80202,0,1,2015,IHS,
8024101,80205,0,1,2015,IHS,
8024102,80205,0,1,2015,IHS,
8024103,80205,0,1,2015,IHS,
8024104,80205,1,1,2015,IHS,
8024105,80205,1,1,2015,IHS,
8024106,80205,1,1,2015,IHS,
8024107,80205,1,1,2015,IHS,
8024108,80205,0,1,2015,IHS,
8024109,80205,0,1,2015,IHS,
8024110,80205,0,1,2015,IHS,
8024111,80205,0,1,2015,IHS,
8024112,80205,0,1,2015,IHS,
8024113,80205,0,1,2015,IHS,
8024114,80205,0,1,2015,IHS,
8024115,80205,0,1,2015,IHS,
8024116,80205,0,1,2015,IHS,
8024117,80205,0,1,2015,IHS,
8024118,80205,0,1,2015,IHS,
8024119,80205,0,1,2015,IHS,
8024120,80205,0,1,2015,IHS,
8024601,80205,0,1,2015,IHS,
8024602,80205,1,1,2015,IHS,
8024603,80205,0,1,2015,IHS,
8024604,80205,0,1,2015,IHS,
8024605,80205,0,1,2015,IHS,
8024606,80205,0,1,2015,IHS,
8024607,80205,0,1,2015,IHS,
8024608,80205,0,1,2015,IHS,
8024609,80205,0,1,2015,IHS,
8024610,80205,0,1,2015,IHS,
8024611,80205,1,1,2015,IHS,
8024612,80205,0,1,2015,IHS,
8024613,80205,0,1,2015,IHS,
8024614,80205,0,1,2015,IHS,
8024615,80205,0,1,2015,IHS,
8024616,80205,1,1,2015,IHS,
8024617,80205,1,1,2015,IHS,
8024618,80205,0,1,2015,IHS,
8024619,80205,0,1,2015,IHS,
8024620,80205,0,1,2015,IHS,
8025101,80216,1,1,2015,IHS,
8025102,80216,1,1,2015,IHS,
8025103,80216,1,1,2015,IHS,
8025104,80216,0,1,2015,IHS,
8025105,80216,1,1,2015,IHS,
8025106,80216,1,1,2015,IHS,
8025107,80216,1,1,2015,IHS,
8025108,80216,0,1,2015,IHS,
8025109,80216,0,1,2015,IHS,
8025110,80216,0,1,2015,IHS,
8025111,80216,0,1,2015,IHS,
8025112,80216,0,1,2015,IHS,
8025113,80216,0,1,2015,IHS,
8025114,80216,0,1,2015,IHS,
8025115,80216,1,1,2015,IHS,
8025116,80216,0,1,2015,IHS,
8025117,80216,0,1,2015,IHS,
8025118,80216,0,1,2015,IHS,
8025119,80216,0,1,2015,IHS,
8025120,80216,0,1,2015,IHS,
8110301,81106,1,0,2015,IHS,
8110302,81106,1,0,2015,IHS,
8110303,81106,1,0,2015,IHS,
8110304,81106,1,0,2015,IHS,
8110305,81106,0,0,2015,IHS,
8110306,81106,1,0,2015,IHS,
8110307,81106,1,0,2015,IHS,
8110308,81106,0,0,2015,IHS,
8110309,81106,1,0,2015,IHS,
8110310,81106,1,0,2015,IHS,
8110311,81106,1,0,2015,IHS,
8110312,81106,0,0,2015,IHS,
8110313,81106,0,0,2015,IHS,
8110314,81106,0,0,2015,IHS,
8110315,81106,0,0,2015,IHS,
8110316,81106,0,0,2015,IHS,
8110317,81106,0,0,2015,IHS,
8110318,81106,0,0,2015,IHS,
8110319,81106,0,0,2015,IHS,
8110320,81106,0,0,2015,IHS,
8110801,81111,1,0,2015,IHS,
8110802,81111,0,0,2015,IHS,
8110803,81111,1,0,2015,IHS,
8110804,81111,0,0,2015,IHS,
8110805,81111,1,0,2015,IHS,
8110806,81111,1,0,2015,IHS,
8110807,81111,0,0,2015,IHS,
8110808,81111,1,0,2015,IHS,
8110809,81111,1,0,2015,IHS,
8110810,81111,0,0,2015,IHS,
8110811,81111,1,0,2015,IHS,
8110812,81111,0,0,2015,IHS,
8110813,81111,0,0,2015,IHS,
8110814,81111,0,0,2015,IHS,
8110815,81111,0,0,2015,IHS,
8110816,81111,0,0,2015,IHS,
8110817,81111,1,0,2015,IHS,
8110818,81111,0,0,2015,IHS,
8110819,81111,1,0,2015,IHS,
8110820,81111,0,0,2015,IHS,
8111301,81107,0,0,2015,IHS,
8111302,81107,1,0,2015,IHS,
8111303,81107,0,0,2015,IHS,
8111304,81107,1,0,2015,IHS,
8111305,81107,0,0,2015,IHS,
8111306,81107,0,0,2015,IHS,
8111307,81107,1,0,2015,IHS,
8111308,81107,1,0,2015,IHS,
8111309,81107,0,0,2015,IHS,
8111310,81107,1,0,2015,IHS,
8111311,81107,1,0,2015,IHS,
8111312,81107,0,0,2015,IHS,
8111313,81107,1,0,2015,IHS,
8111314,81107,0,0,2015,IHS,
8111315,81107,1,0,2015,IHS,
8111316,81107,0,0,2015,IHS,
8111317,81107,0,0,2015,IHS,
8111318,81107,0,0,2015,IHS,
8111319,81107,0,0,2015,IHS,
8111320,81107,0,0,2015,IHS,
8111701,81107,0,0,2015,IHS,
8111702,81107,0,0,2015,IHS,
8111703,81107,0,0,2015,IHS,
8111704,81107,0,0,2015,IHS,
8111705,81107,0,0,2015,IHS,
8111706,81107,0,0,2015,IHS,
8111707,81107,1,0,2015,IHS,
8111708,81107,1,0,2015,IHS,
8111709,81107,0,0,2015,IHS,
8111710,81107,0,0,2015,IHS,
8111711,81107,1,0,2015,IHS,
8111712,81107,0,0,2015,IHS,
8111713,81107,1,0,2015,IHS,
8111714,81107,0,0,2015,IHS,
8111715,81107,0,0,2015,IHS,
8111716,81107,1,0,2015,IHS,
8111717,81107,0,0,2015,IHS,
8111718,81107,0,0,2015,IHS,
8111719,81107,0,0,2015,IHS,
8111720,81107,0,0,2015,IHS,
8112101,81102,1,0,2015,IHS,
8112102,81102,0,0,2015,IHS,
8112103,81102,1,0,2015,IHS,
8112104,81102,0,0,2015,IHS,
8112105,81102,1,0,2015,IHS,
8112106,81102,1,0,2015,IHS,
8112107,81102,1,0,2015,IHS,
8112108,81102,1,0,2015,IHS,
8112109,81102,0,0,2015,IHS,
8112110,81102,0,0,2015,IHS,
8112111,81102,0,0,2015,IHS,
8112112,81102,0,0,2015,IHS,
8112113,81102,1,0,2015,IHS,
8112114,81102,0,0,2015,IHS,
8112115,81102,0,0,2015,IHS,
8112116,81102,0,0,2015,IHS,
8112117,81102,0,0,2015,IHS,
8112118,81102,0,0,2015,IHS,
8112119,81102,0,0,2015,IHS,
8112120,81102,0,0,2015,IHS,
8112401,81102,0,0,2015,IHS,
8112402,81102,0,0,2015,IHS,
8112403,81102,0,0,2015,IHS,
8112404,81102,0,0,2015,IHS,
8112405,81102,0,0,2015,IHS,
8112406,81102,0,0,2015,IHS,
8112407,81102,0,0,2015,IHS,
8112408,81102,1,0,2015,IHS,
8112409,81102,0,0,2015,IHS,
8112410,81102,0,0,2015,IHS,
8112411,81102,1,0,2015,IHS,
8112412,81102,1,0,2015,IHS,
8112413,81102,1,0,2015,IHS,
8112414,81102,1,0,2015,IHS,
8112415,81102,0,0,2015,IHS,
8112416,81102,1,0,2015,IHS,
8112417,81102,1,0,2015,IHS,
8112418,81102,0,0,2015,IHS,
8112419,81102,0,0,2015,IHS,
8112420,81102,0,0,2015,IHS,
8112801,81102,0,0,2015,IHS,
8112802,81102,0,0,2015,IHS,
8112803,81102,0,0,2015,IHS,
8112804,81102,0,0,2015,IHS,
8112805,81102,1,0,2015,IHS,
8112806,81102,1,0,2015,IHS,
8112807,81102,0,0,2015,IHS,
8112808,81102,0,0,2015,IHS,
8112809,81102,1,0,2015,IHS,
8112810,81102,1,0,2015,IHS,
8112811,81102,0,0,2015,IHS,
8112812,81102,0,0,2015,IHS,
8112813,81102,0,0,2015,IHS,
8112814,81102,0,0,2015,IHS,
8112815,81102,0,0,2015,IHS,
8112816,81102,0,0,2015,IHS,
8112817,81102,0,0,2015,IHS,
8112818,81102,0,0,2015,IHS,
8112819,81102,0,0,2015,IHS,
8112820,81102,1,0,2015,IHS,
8113101,81102,0,0,2015,IHS,
8113102,81102,1,0,2015,IHS,
8113103,81102,1,0,2015,IHS,
8113104,81102,1,0,2015,IHS,
8113105,81102,1,0,2015,IHS,
8113106,81102,1,0,2015,IHS,
8113107,81102,1,0,2015,IHS,
8113108,81102,1,0,2015,IHS,
8113109,81102,1,0,2015,IHS,
8113110,81102,1,0,2015,IHS,
8113111,81102,1,0,2015,IHS,
8113112,81102,0,0,2015,IHS,
8113113,81102,0,0,2015,IHS,
8113114,81102,0,0,2015,IHS,
8113115,81102,0,0,2015,IHS,
8113116,81102,0,0,2015,IHS,
8113117,81102,0,0,2015,IHS,
8113118,81102,1,0,2015,IHS,
8113119,81102,0,0,2015,IHS,
8113120,81102,0,0,2015,IHS,
8113801,81102,1,0,2015,IHS,
8113802,81102,0,0,2015,IHS,
8113803,81102,0,0,2015,IHS,
8113804,81102,1,0,2015,IHS,
8113805,81102,0,0,2015,IHS,
8113806,81102,0,0,2015,IHS,
8113807,81102,0,0,2015,IHS,
8113808,81102,0,0,2015,IHS,
8113809,81102,0,0,2015,IHS,
8113810,81102,0,0,2015,IHS,
8113811,81102,0,0,2015,IHS,
8113812,81102,0,0,2015,IHS,
8113813,81102,0,0,2015,IHS,
8113814,81102,1,0,2015,IHS,
8113815,81102,0,0,2015,IHS,
8113816,81102,1,0,2015,IHS,
8113817,81102,0,0,2015,IHS,
8113818,81102,0,0,2015,IHS,
8113819,81102,0,0,2015,IHS,
8113820,81102,0,0,2015,IHS,
8114001,81102,0,0,2015,IHS,
8114002,81102,1,0,2015,IHS,
8114003,81102,0,0,2015,IHS,
8114004,81102,0,0,2015,IHS,
8114005,81102,1,0,2015,IHS,
8114006,81102,0,0,2015,IHS,
8114007,81102,0,0,2015,IHS,
8114008,81102,0,0,2015,IHS,
8114009,81102,1,0,2015,IHS,
8114010,81102,1,0,2015,IHS,
8114011,81102,1,0,2015,IHS,
8114012,81102,1,0,2015,IHS,
8114013,81102,0,0,2015,IHS,
8114014,81102,1,0,2015,IHS,
8114015,81102,1,0,2015,IHS,
8114016,81102,1,0,2015,IHS,
8114017,81102,0,0,2015,IHS,
8114018,81102,0,0,2015,IHS,
8114019,81102,0,0,2015,IHS,
8114020,81102,0,0,2015,IHS,
8114301,81102,1,0,2015,IHS,
8114302,81102,0,0,2015,IHS,
8114303,81102,0,0,2015,IHS,
8114304,81102,1,0,2015,IHS,
8114305,81102,0,0,2015,IHS,
8114306,81102,0,0,2015,IHS,
8114307,81102,0,0,2015,IHS,
8114308,81102,0,0,2015,IHS,
8114309,81102,0,0,2015,IHS,
8114310,81102,0,0,2015,IHS,
8114311,81102,0,0,2015,IHS,
8114312,81102,0,0,2015,IHS,
8114313,81102,1,0,2015,IHS,
8114314,81102,1,0,2015,IHS,
8114315,81102,0,0,2015,IHS,
8114316,81102,1,0,2015,IHS,
8114317,81102,1,0,2015,IHS,
8114318,81102,0,0,2015,IHS,
8114319,81102,0,0,2015,IHS,
8114320,81102,1,0,2015,IHS,
8114601,81102,1,0,2015,IHS,
8114602,81102,0,0,2015,IHS,
8114603,81102,1,0,2015,IHS,
8114604,81102,1,0,2015,IHS,
8114605,81102,0,0,2015,IHS,
8114606,81102,1,0,2015,IHS,
8114607,81102,1,0,2015,IHS,
8114608,81102,0,0,2015,IHS,
8114609,81102,0,0,2015,IHS,
8114610,81102,0,0,2015,IHS,
8114611,81102,0,0,2015,IHS,
8114612,81102,1,0,2015,IHS,
8114613,81102,1,0,2015,IHS,
8114614,81102,0,0,2015,IHS,
8114615,81102,1,0,2015,IHS,
8114616,81102,0,0,2015,IHS,
8114617,81102,0,0,2015,IHS,
8114618,81102,0,0,2015,IHS,
8114619,81102,0,0,2015,IHS,
8114620,81102,0,0,2015,IHS,
8115101,81109,1,0,2015,IHS,
8115102,81109,0,0,2015,IHS,
8115103,81109,1,0,2015,IHS,
8115104,81109,0,0,2015,IHS,
8115105,81109,0,0,2015,IHS,
8115106,81109,0,0,2015,IHS,
8115107,81109,0,0,2015,IHS,
8115108,81109,0,0,2015,IHS,
8115109,81109,1,0,2015,IHS,
8115110,81109,0,0,2015,IHS,
8115111,81109,1,0,2015,IHS,
8115112,81109,1,0,2015,IHS,
8115113,81109,1,0,2015,IHS,
8115114,81109,0,0,2015,IHS,
8115115,81109,1,0,2015,IHS,
8115116,81109,0,0,2015,IHS,
8115117,81109,0,0,2015,IHS,
8115118,81109,0,0,2015,IHS,
8115119,81109,0,0,2015,IHS,
8115120,81109,0,0,2015,IHS,
8115801,81109,0,0,2015,IHS,
8115802,81109,0,0,2015,IHS,
8115803,81109,0,0,2015,IHS,
8115804,81109,0,0,2015,IHS,
8115805,81109,0,0,2015,IHS,
8115806,81109,1,0,2015,IHS,
8115807,81109,1,0,2015,IHS,
8115808,81109,0,0,2015,IHS,
8115809,81109,0,0,2015,IHS,
8115810,81109,0,0,2015,IHS,
8115811,81109,0,0,2015,IHS,
8115812,81109,0,0,2015,IHS,
8115813,81109,0,0,2015,IHS,
8115814,81109,0,0,2015,IHS,
8115815,81109,0,0,2015,IHS,
8115816,81109,0,0,2015,IHS,
8115817,81109,1,0,2015,IHS,
8115818,81109,0,0,2015,IHS,
8115819,81109,1,0,2015,IHS,
8115820,81109,0,0,2015,IHS,
8116601,81109,0,0,2015,IHS,
8116602,81109,0,0,2015,IHS,
8116603,81109,1,0,2015,IHS,
8116604,81109,0,0,2015,IHS,
8116605,81109,0,0,2015,IHS,
8116606,81109,1,0,2015,IHS,
8116607,81109,1,0,2015,IHS,
8116608,81109,0,0,2015,IHS,
8116609,81109,1,0,2015,IHS,
8116610,81109,1,0,2015,IHS,
8116611,81109,0,0,2015,IHS,
8116612,81109,0,0,2015,IHS,
8116613,81109,0,0,2015,IHS,
8116614,81109,0,0,2015,IHS,
8116615,81109,0,0,2015,IHS,
8116616,81109,1,0,2015,IHS,
8116617,81109,1,0,2015,IHS,
8116618,81109,1,0,2015,IHS,
8116619,81109,0,0,2015,IHS,
8116620,81109,0,0,2015,IHS,
8118101,81114,1,1,2015,IHS,
8118102,81114,0,1,2015,IHS,
8118103,81114,0,1,2015,IHS,
8118104,81114,0,1,2015,IHS,
8118105,81114,0,1,2015,IHS,
8118106,81112,0,1,2015,IHS,
8118107,81112,0,1,2015,IHS,
8118108,81112,0,1,2015,IHS,
8118109,81118,0,1,2015,IHS,
8118110,81118,0,1,2015,IHS,
8118111,81118,0,1,2015,IHS,
8118112,81118,0,1,2015,IHS,
8118113,81118,0,1,2015,IHS,
8118114,81118,0,1,2015,IHS,
8118115,81118,0,1,2015,IHS,
8118116,81118,0,1,2015,IHS,
8118117,81118,1,1,2015,IHS,
8118118,81118,0,1,2015,IHS,
8118119,81118,0,1,2015,IHS,
8118120,81118,0,1,2015,IHS,
8120901,81202,0,1,2015,IHS,
8120902,81202,0,1,2015,IHS,
8120903,81202,0,1,2015,IHS,
8120904,81202,0,1,2015,IHS,
8120905,81202,0,1,2015,IHS,
8120906,81202,1,1,2015,IHS,
8120907,81202,0,1,2015,IHS,
8120908,81202,0,1,2015,IHS,
8120909,81202,0,1,2015,IHS,
8120910,81202,0,1,2015,IHS,
8120911,81202,0,1,2015,IHS,
8120912,81202,0,1,2015,IHS,
8120913,81214,1,1,2015,IHS,
8120914,81214,0,1,2015,IHS,
8120915,81214,1,1,2015,IHS,
8120916,81214,0,1,2015,IHS,
8120917,81214,0,1,2015,IHS,
8120918,81214,0,1,2015,IHS,
8120919,81214,0,1,2015,IHS,
8120920,81214,0,1,2015,IHS,
8122501,81211,0,0,2015,IHS,
8122502,81211,0,0,2015,IHS,
8122503,81211,0,0,2015,IHS,
8122504,81211,0,0,2015,IHS,
8122505,81211,0,0,2015,IHS,
8122506,81211,0,0,2015,IHS,
8122507,81211,0,0,2015,IHS,
8122508,81211,0,0,2015,IHS,
8122509,81211,0,0,2015,IHS,
8122510,81211,0,0,2015,IHS,
8122511,81211,0,0,2015,IHS,
8122512,81211,0,0,2015,IHS,
8122513,81211,0,0,2015,IHS,
8122514,81211,1,0,2015,IHS,
8122515,81211,0,0,2015,IHS,
8122516,81211,0,0,2015,IHS,
8122517,81211,0,0,2015,IHS,
8122518,81211,0,0,2015,IHS,
8122519,81211,0,0,2015,IHS,
8122520,81211,0,0,2015,IHS,
8210501,82103,1,1,2015,IHS,
8210502,82103,0,1,2015,IHS,
8210503,82103,0,1,2015,IHS,
8210504,82103,0,1,2015,IHS,
8210505,82103,0,1,2015,IHS,
8210506,82103,1,1,2015,IHS,
8210507,82103,0,1,2015,IHS,
8210508,82103,1,1,2015,IHS,
8210509,82103,0,1,2015,IHS,
8210510,82103,0,1,2015,IHS,
8210511,82103,0,1,2015,IHS,
8210512,82103,1,1,2015,IHS,
8210513,82103,0,1,2015,IHS,
8210514,82103,0,1,2015,IHS,
8210515,82103,1,1,2015,IHS,
8210516,82103,0,1,2015,IHS,
8210517,82103,0,1,2015,IHS,
8210518,82103,0,1,2015,IHS,
8210519,82103,0,1,2015,IHS,
8210520,82103,0,1,2015,IHS,
8210901,82103,1,1,2015,IHS,
8210902,82103,1,1,2015,IHS,
8210903,82103,0,1,2015,IHS,
8210904,82103,0,1,2015,IHS,
8210905,82103,0,1,2015,IHS,
8210906,82103,0,1,2015,IHS,
8210907,82103,0,1,2015,IHS,
8210908,82103,0,1,2015,IHS,
8210909,82103,0,1,2015,IHS,
8210910,82103,0,1,2015,IHS,
8210911,82103,1,1,2015,IHS,
8210912,82103,0,1,2015,IHS,
8210913,82103,0,1,2015,IHS,
8210914,82103,0,1,2015,IHS,
8210915,82103,0,1,2015,IHS,
8210916,82103,0,1,2015,IHS,
8210917,82103,1,1,2015,IHS,
8210918,82103,1,1,2015,IHS,
8210919,82103,0,1,2015,IHS,
8210920,82103,0,1,2015,IHS,
8211301,82103,0,1,2015,IHS,
8211302,82103,1,1,2015,IHS,
8211303,82103,1,1,2015,IHS,
8211304,82103,1,1,2015,IHS,
8211305,82103,0,1,2015,IHS,
8211306,82103,0,1,2015,IHS,
8211307,82103,0,1,2015,IHS,
8211308,82103,0,1,2015,IHS,
8211309,82103,0,1,2015,IHS,
8211310,82103,0,1,2015,IHS,
8211311,82103,1,1,2015,IHS,
8211312,82103,0,1,2015,IHS,
8211313,82103,0,1,2015,IHS,
8211314,82103,0,1,2015,IHS,
8211315,82103,0,1,2015,IHS,
8211316,82103,0,1,2015,IHS,
8211317,82103,0,1,2015,IHS,
8211318,82103,0,1,2015,IHS,
8211319,82103,0,1,2015,IHS,
8211320,82103,0,1,2015,IHS,
8211801,82109,0,1,2015,IHS,
8211802,82109,1,1,2015,IHS,
8211803,82109,0,1,2015,IHS,
8211804,82109,0,1,2015,IHS,
8211805,82109,0,1,2015,IHS,
8211806,82109,0,1,2015,IHS,
8211807,82109,0,1,2015,IHS,
8211808,82109,0,1,2015,IHS,
8211809,82109,1,1,2015,IHS,
8211810,82109,0,1,2015,IHS,
8211811,82109,0,1,2015,IHS,
8211812,82109,0,1,2015,IHS,
8211813,82109,0,1,2015,IHS,
8211814,82109,0,1,2015,IHS,
8211815,82109,0,1,2015,IHS,
8211816,82109,0,1,2015,IHS,
8211817,82109,0,1,2015,IHS,
8211818,82109,0,1,2015,IHS,
8211819,82109,0,1,2015,IHS,
8211820,82109,0,1,2015,IHS,
8212701,82123,0,1,2015,IHS,
8212702,82123,1,1,2015,IHS,
8212703,82123,0,1,2015,IHS,
8212704,82123,1,1,2015,IHS,
8212705,82123,0,1,2015,IHS,
8212706,82123,0,1,2015,IHS,
8212707,82123,0,1,2015,IHS,
8212708,82123,0,1,2015,IHS,
8212709,82123,0,1,2015,IHS,
8212710,82123,0,1,2015,IHS,
8212711,82123,0,1,2015,IHS,
8212712,82123,0,1,2015,IHS,
8212713,82123,0,1,2015,IHS,
8212714,82123,0,1,2015,IHS,
8212715,82123,1,1,2015,IHS,
8212716,82123,0,1,2015,IHS,
8212717,82123,1,1,2015,IHS,
8212718,82123,0,1,2015,IHS,
8212719,82123,0,1,2015,IHS,
8212720,82123,0,1,2015,IHS,
8213001,82106,1,1,2015,IHS,
8213002,82106,0,1,2015,IHS,
8213003,82106,1,1,2015,IHS,
8213004,82106,0,1,2015,IHS,
8213005,82106,0,1,2015,IHS,
8213006,82106,0,1,2015,IHS,
8213007,82106,0,1,2015,IHS,
8213008,82106,0,1,2015,IHS,
8213009,82106,0,1,2015,IHS,
8213010,82106,0,1,2015,IHS,
8213011,82106,0,1,2015,IHS,
8213012,82106,0,1,2015,IHS,
8213013,82106,1,1,2015,IHS,
8213014,82106,0,1,2015,IHS,
8213015,82106,0,1,2015,IHS,
8213016,82106,1,1,2015,IHS,
8213017,82106,0,1,2015,IHS,
8213018,82106,0,1,2015,IHS,
8213019,82106,0,1,2015,IHS,
8213020,82106,0,1,2015,IHS,
8213801,82122,0,1,2015,IHS,
8213802,82122,0,1,2015,IHS,
8213803,82122,0,1,2015,IHS,
8213804,82122,0,1,2015,IHS,
8213805,82122,0,1,2015,IHS,
8213806,82122,0,1,2015,IHS,
8213807,82122,1,1,2015,IHS,
8213808,82122,0,1,2015,IHS,
8213809,82122,0,1,2015,IHS,
8213810,82122,0,1,2015,IHS,
8213811,82122,0,1,2015,IHS,
8213812,82122,1,1,2015,IHS,
8213813,82122,0,1,2015,IHS,
8213814,82122,0,1,2015,IHS,
8213815,82122,0,1,2015,IHS,
8213816,82122,0,1,2015,IHS,
8213817,82118,0,1,2015,IHS,
8213818,82118,0,1,2015,IHS,
8213819,82118,0,1,2015,IHS,
8213820,82118,1,1,2015,IHS,
8214601,82130,0,1,2015,IHS,
8214602,82130,0,1,2015,IHS,
8214603,82130,1,1,2015,IHS,
8214604,82130,0,1,2015,IHS,
8214605,82130,0,1,2015,IHS,
8214606,82130,0,1,2015,IHS,
8214607,82130,0,1,2015,IHS,
8214608,82130,0,1,2015,IHS,
8214609,82130,0,1,2015,IHS,
8214610,82130,0,1,2015,IHS,
8214611,82130,0,1,2015,IHS,
8214612,82130,0,1,2015,IHS,
8214613,82130,0,1,2015,IHS,
8214614,82130,0,1,2015,IHS,
8214615,82130,0,1,2015,IHS,
8214616,82130,0,1,2015,IHS,
8214617,82130,0,1,2015,IHS,
8214618,82130,0,1,2015,IHS,
8214619,82130,0,1,2015,IHS,
8214620,82130,0,1,2015,IHS,
8220501,82214,0,1,2015,IHS,
8220502,82214,0,1,2015,IHS,
8220503,82214,0,1,2015,IHS,
8220504,82214,0,1,2015,IHS,
8220505,82214,0,1,2015,IHS,
8220506,82214,1,1,2015,IHS,
8220507,82214,0,1,2015,IHS,
8220508,82214,1,1,2015,IHS,
8220509,82214,0,1,2015,IHS,
8220510,82214,1,1,2015,IHS,
8220511,82214,0,1,2015,IHS,
8220512,82214,1,1,2015,IHS,
8220513,82214,0,1,2015,IHS,
8220514,82214,0,1,2015,IHS,
8220515,82214,0,1,2015,IHS,
8220516,82214,0,1,2015,IHS,
8220517,82214,0,1,2015,IHS,
8220518,82214,0,1,2015,IHS,
8220519,82214,1,1,2015,IHS,
8220520,82214,0,1,2015,IHS,
8221001,82214,1,1,2015,IHS,
8221002,82214,1,1,2015,IHS,
8221003,82214,1,1,2015,IHS,
8221004,82214,0,1,2015,IHS,
8221005,82214,0,1,2015,IHS,
8221006,82214,0,1,2015,IHS,
8221007,82214,0,1,2015,IHS,
8221008,82214,0,1,2015,IHS,
8221009,82214,1,1,2015,IHS,
8221010,82214,0,1,2015,IHS,
8221011,82214,0,1,2015,IHS,
8221012,82214,1,1,2015,IHS,
8221013,82214,0,1,2015,IHS,
8221014,82214,0,1,2015,IHS,
8221015,82214,0,1,2015,IHS,
8221016,82214,0,1,2015,IHS,
8221017,82214,0,1,2015,IHS,
8221018,82214,0,1,2015,IHS,
8221019,82214,0,1,2015,IHS,
8221020,82214,0,1,2015,IHS,
8221501,82210,0,1,2015,IHS,
8221502,82210,0,1,2015,IHS,
8221503,82210,0,1,2015,IHS,
8221504,82210,0,1,2015,IHS,
8221505,82210,1,1,2015,IHS,
8221506,82210,1,1,2015,IHS,
8221507,82210,0,1,2015,IHS,
8221508,82210,1,1,2015,IHS,
8221509,82210,0,1,2015,IHS,
8221510,82210,0,1,2015,IHS,
8221511,82210,0,1,2015,IHS,
8221512,82210,0,1,2015,IHS,
8221513,82210,0,1,2015,IHS,
8221514,82210,1,1,2015,IHS,
8221515,82210,0,1,2015,IHS,
8221516,82210,0,1,2015,IHS,
8221517,82210,1,1,2015,IHS,
8221518,82210,1,1,2015,IHS,
8221519,82210,0,1,2015,IHS,
8221520,82210,0,1,2015,IHS,
8221901,82202,0,1,2015,IHS,
8221902,82202,0,1,2015,IHS,
8221903,82202,0,1,2015,IHS,
8221904,82202,0,1,2015,IHS,
8221905,82202,0,1,2015,IHS,
8221906,82202,0,1,2015,IHS,
8221907,82202,0,1,2015,IHS,
8221908,82202,1,1,2015,IHS,
8221909,82202,1,1,2015,IHS,
8221910,82202,1,1,2015,IHS,
8221911,82202,1,1,2015,IHS,
8221912,82202,1,1,2015,IHS,
8221913,82202,1,1,2015,IHS,
8221914,82202,0,1,2015,IHS,
8221915,82202,1,1,2015,IHS,
8221916,82202,1,1,2015,IHS,
8221917,82202,1,1,2015,IHS,
8221918,82202,0,1,2015,IHS,
8221919,82202,1,1,2015,IHS,
8221920,82202,1,1,2015,IHS,
8222501,82202,0,1,2015,IHS,
8222502,82202,1,1,2015,IHS,
8222503,82202,1,1,2015,IHS,
8222504,82202,0,1,2015,IHS,
8222505,82202,1,1,2015,IHS,
8222506,82202,0,1,2015,IHS,
8222507,82202,0,1,2015,IHS,
8222508,82202,1,1,2015,IHS,
8222509,82202,0,1,2015,IHS,
8222510,82202,0,1,2015,IHS,
8222511,82202,0,1,2015,IHS,
8222512,82202,1,1,2015,IHS,
8222513,82202,1,1,2015,IHS,
8222514,82202,0,1,2015,IHS,
8222515,82202,0,1,2015,IHS,
8222516,82202,0,1,2015,IHS,
8222517,82202,0,1,2015,IHS,
8222518,82202,0,1,2015,IHS,
8222519,82202,0,1,2015,IHS,
8222520,82202,0,1,2015,IHS,
8223001,82202,0,1,2015,IHS,
8223002,82202,0,1,2015,IHS,
8223003,82202,0,1,2015,IHS,
8223004,82202,0,1,2015,IHS,
8223005,82202,0,1,2015,IHS,
8223006,82202,0,1,2015,IHS,
8223007,82202,0,1,2015,IHS,
8223008,82202,0,1,2015,IHS,
8223009,82202,0,1,2015,IHS,
8223010,82202,0,1,2015,IHS,
8223011,82202,1,1,2015,IHS,
8223012,82202,0,1,2015,IHS,
8223013,82202,0,1,2015,IHS,
8223014,82202,0,1,2015,IHS,
8223015,82202,0,1,2015,IHS,
8223016,82202,0,1,2015,IHS,
8223017,82202,1,1,2015,IHS,
8223018,82202,0,1,2015,IHS,
8223019,82202,0,1,2015,IHS,
8223020,82202,0,1,2015,IHS,
8223401,82201,0,1,2015,IHS,
8223402,82201,0,1,2015,IHS,
8223403,82201,0,1,2015,IHS,
8223404,82201,0,1,2015,IHS,
8223405,82201,1,1,2015,IHS,
8223406,82201,0,1,2015,IHS,
8223407,82201,1,1,2015,IHS,
8223408,82201,1,1,2015,IHS,
8223409,82201,0,1,2015,IHS,
8223410,82201,1,1,2015,IHS,
8223411,82201,0,1,2015,IHS,
8223412,82201,0,1,2015,IHS,
8223413,82201,0,1,2015,IHS,
8223414,82201,0,1,2015,IHS,
8223415,82201,0,1,2015,IHS,
8223416,82201,0,1,2015,IHS,
8223417,82201,0,1,2015,IHS,
8223418,82201,0,1,2015,IHS,
8223419,82201,0,1,2015,IHS,
8223420,82201,0,1,2015,IHS,
8223701,82218,0,1,2015,IHS,
8223702,82218,0,1,2015,IHS,
8223703,82218,1,1,2015,IHS,
8223704,82218,0,1,2015,IHS,
8223705,82218,1,1,2015,IHS,
8223706,82218,0,1,2015,IHS,
8223707,82218,0,1,2015,IHS,
8223708,82218,1,1,2015,IHS,
8223709,82218,1,1,2015,IHS,
8223710,82218,0,1,2015,IHS,
8223711,82218,0,1,2015,IHS,
8223712,82218,0,1,2015,IHS,
8223713,82218,0,1,2015,IHS,
8223714,82218,0,1,2015,IHS,
8223715,82218,0,1,2015,IHS,
8223716,82218,0,1,2015,IHS,
8223717,82218,0,1,2015,IHS,
8223718,82218,0,1,2015,IHS,
8223719,82218,0,1,2015,IHS,
8223720,82218,0,1,2015,IHS,
8310901,83102,0,1,2015,IHS,
8310902,83102,1,1,2015,IHS,
8310903,83102,0,1,2015,IHS,
8310904,83102,0,1,2015,IHS,
8310905,83102,1,1,2015,IHS,
8310906,83102,0,1,2015,IHS,
8310907,83102,0,1,2015,IHS,
8310908,83102,0,1,2015,IHS,
8310909,83102,1,1,2015,IHS,
8310910,83102,0,1,2015,IHS,
8310911,83102,0,1,2015,IHS,
8310912,83102,1,1,2015,IHS,
8310913,83102,0,1,2015,IHS,
8310914,83102,0,1,2015,IHS,
8310915,83102,0,1,2015,IHS,
8310916,83102,0,1,2015,IHS,
8310917,83102,0,1,2015,IHS,
8310918,83102,1,1,2015,IHS,
8310919,83102,0,1,2015,IHS,
8310920,83102,0,1,2015,IHS,
8311301,83102,1,1,2015,IHS,
8311302,83102,0,1,2015,IHS,
8311303,83102,1,1,2015,IHS,
8311304,83102,1,1,2015,IHS,
8311305,83102,0,1,2015,IHS,
8311306,83102,0,1,2015,IHS,
8311307,83102,0,1,2015,IHS,
8311308,83102,0,1,2015,IHS,
8311309,83102,0,1,2015,IHS,
8311310,83102,0,1,2015,IHS,
8311311,83102,0,1,2015,IHS,
8311312,83102,0,1,2015,IHS,
8311313,83102,0,1,2015,IHS,
8311314,83102,0,1,2015,IHS,
8311315,83102,0,1,2015,IHS,
8311316,83102,0,1,2015,IHS,
8311317,83102,0,1,2015,IHS,
8311318,83102,1,1,2015,IHS,
8311319,83102,0,1,2015,IHS,
8311320,83102,1,1,2015,IHS,
8311901,83102,1,1,2015,IHS,
8311902,83102,0,1,2015,IHS,
8311903,83102,1,1,2015,IHS,
8311904,83102,1,1,2015,IHS,
8311905,83102,0,1,2015,IHS,
8311906,83102,0,1,2015,IHS,
8311907,83102,0,1,2015,IHS,
8311908,83102,0,1,2015,IHS,
8311909,83102,0,1,2015,IHS,
8311910,83102,0,1,2015,IHS,
8311911,83102,0,1,2015,IHS,
8311912,83102,0,1,2015,IHS,
8311913,83102,0,1,2015,IHS,
8311914,83102,0,1,2015,IHS,
8311915,83102,0,1,2015,IHS,
8311916,83102,0,1,2015,IHS,
8311917,83102,0,1,2015,IHS,
8311918,83102,0,1,2015,IHS,
8311919,83102,0,1,2015,IHS,
8311920,83102,0,1,2015,IHS,
8312301,83101,1,1,2015,IHS,
8312302,83101,0,1,2015,IHS,
8312303,83101,1,1,2015,IHS,
8312304,83101,1,1,2015,IHS,
8312305,83101,0,1,2015,IHS,
8312306,83101,0,1,2015,IHS,
8312307,83101,1,1,2015,IHS,
8312308,83101,0,1,2015,IHS,
8312309,83101,0,1,2015,IHS,
8312310,83101,0,1,2015,IHS,
8312311,83101,0,1,2015,IHS,
8312312,83101,0,1,2015,IHS,
8312313,83101,0,1,2015,IHS,
8312314,83101,0,1,2015,IHS,
8312315,83101,0,1,2015,IHS,
8312316,83101,0,1,2015,IHS,
8312317,83101,1,1,2015,IHS,
8312318,83101,1,1,2015,IHS,
8312319,83101,1,1,2015,IHS,
8312320,83113,0,1,2015,IHS,
8312801,83115,0,1,2015,IHS,
8312802,83115,0,1,2015,IHS,
8312803,83115,0,1,2015,IHS,
8312804,83115,0,1,2015,IHS,
8312805,83115,0,1,2015,IHS,
8312806,83115,0,1,2015,IHS,
8312807,83115,0,1,2015,IHS,
8312808,83115,0,1,2015,IHS,
8312809,83115,1,1,2015,IHS,
8312810,83115,1,1,2015,IHS,
8312811,83115,0,1,2015,IHS,
8312812,83115,0,1,2015,IHS,
8312813,83115,1,1,2015,IHS,
8312814,83115,0,1,2015,IHS,
8312815,83115,0,1,2015,IHS,
8312816,83115,1,1,2015,IHS,
8312817,83115,0,1,2015,IHS,
8312818,83115,1,1,2015,IHS,
8312819,83115,0,1,2015,IHS,
8312820,83115,0,1,2015,IHS,
8313301,83110,0,1,2015,IHS,
8313302,83110,0,1,2015,IHS,
8313303,83110,0,1,2015,IHS,
8313304,83110,0,1,2015,IHS,
8313305,83110,0,1,2015,IHS,
8313306,83110,0,1,2015,IHS,
8313307,83110,0,1,2015,IHS,
8313308,83110,0,1,2015,IHS,
8313309,83110,0,1,2015,IHS,
8313310,83110,0,1,2015,IHS,
8313311,83110,0,1,2015,IHS,
8313312,83110,0,1,2015,IHS,
8313313,83110,1,1,2015,IHS,
8313314,83110,0,1,2015,IHS,
8313315,83110,0,1,2015,IHS,
8313316,83110,0,1,2015,IHS,
8313317,83110,0,1,2015,IHS,
8313318,83110,0,1,2015,IHS,
8313319,83110,0,1,2015,IHS,
8313320,83110,1,1,2015,IHS,
8314001,83110,0,1,2015,IHS,
8314002,83110,1,1,2015,IHS,
8314003,83110,0,1,2015,IHS,
8314004,83110,1,1,2015,IHS,
8314005,83110,0,1,2015,IHS,
8314006,83110,0,1,2015,IHS,
8314007,83110,0,1,2015,IHS,
8314008,83110,0,1,2015,IHS,
8314009,83110,0,1,2015,IHS,
8314010,83110,0,1,2015,IHS,
8314011,83110,0,1,2015,IHS,
8314012,83110,0,1,2015,IHS,
8314013,83110,0,1,2015,IHS,
8314014,83110,0,1,2015,IHS,
8314015,83110,0,1,2015,IHS,
8314016,83110,0,1,2015,IHS,
8314017,83110,0,1,2015,IHS,
8314018,83110,0,1,2015,IHS,
8314019,83110,1,1,2015,IHS,
8314020,83110,0,1,2015,IHS,
8320101,83217,0,1,2015,IHS,
8320102,83217,0,1,2015,IHS,
8320103,83217,0,1,2015,IHS,
8320104,83217,0,1,2015,IHS,
8320105,83217,0,1,2015,IHS,
8320106,83217,0,1,2015,IHS,
8320107,83217,0,1,2015,IHS,
8320108,83217,0,1,2015,IHS,
8320109,83217,0,1,2015,IHS,
8320110,83217,0,1,2015,IHS,
8320111,83217,0,1,2015,IHS,
8320112,83217,0,1,2015,IHS,
8320113,83217,0,1,2015,IHS,
8320114,83217,0,1,2015,IHS,
8320115,83217,0,1,2015,IHS,
8320116,83217,0,1,2015,IHS,
8320117,83217,0,1,2015,IHS,
8320118,83217,0,1,2015,IHS,
8320119,83217,0,1,2015,IHS,
8320120,83217,0,1,2015,IHS,
8320701,83217,0,1,2015,IHS,
8320702,83217,0,1,2015,IHS,
8320703,83217,0,1,2015,IHS,
8320704,83217,0,1,2015,IHS,
8320705,83217,0,1,2015,IHS,
8320706,83217,0,1,2015,IHS,
8320707,83217,1,1,2015,IHS,
8320708,83217,0,1,2015,IHS,
8320709,83217,0,1,2015,IHS,
8320710,83217,0,1,2015,IHS,
8320711,83217,0,1,2015,IHS,
8320712,83217,1,1,2015,IHS,
8320713,83217,0,1,2015,IHS,
8320714,83217,0,1,2015,IHS,
8320715,83217,0,1,2015,IHS,
8320716,83217,0,1,2015,IHS,
8320717,83217,0,1,2015,IHS,
8320718,83217,0,1,2015,IHS,
8320719,83217,0,1,2015,IHS,
8320720,83217,0,1,2015,IHS,
8321301,83217,0,1,2015,IHS,
8321302,83217,0,1,2015,IHS,
8321303,83217,0,1,2015,IHS,
8321304,83217,0,1,2015,IHS,
8321305,83217,0,1,2015,IHS,
8321306,83217,0,1,2015,IHS,
8321307,83217,0,1,2015,IHS,
8321308,83217,0,1,2015,IHS,
8321309,83217,0,1,2015,IHS,
8321310,83217,0,1,2015,IHS,
8321311,83217,0,1,2015,IHS,
8321312,83217,0,1,2015,IHS,
8321313,83217,0,1,2015,IHS,
8321314,83217,0,1,2015,IHS,
8321315,83217,0,1,2015,IHS,
8321316,83217,0,1,2015,IHS,
8321317,83217,0,1,2015,IHS,
8321318,83217,0,1,2015,IHS,
8321319,83217,0,1,2015,IHS,
8321320,83217,0,1,2015,IHS,
8321901,83211,0,1,2015,IHS,
8321902,83211,0,1,2015,IHS,
8321903,83211,0,1,2015,IHS,
8321904,83211,0,1,2015,IHS,
8321905,83211,0,1,2015,IHS,
8321906,83211,0,1,2015,IHS,
8321907,83211,0,1,2015,IHS,
8321909,83211,0,1,2015,IHS,
8321910,83211,0,1,2015,IHS,
8321911,83211,0,1,2015,IHS,
8321912,83211,0,1,2015,IHS,
8321913,83211,0,1,2015,IHS,
8321914,83211,0,1,2015,IHS,
8321915,83211,0,1,2015,IHS,
8321916,83211,1,1,2015,IHS,
8321917,83211,0,1,2015,IHS,
8321918,83211,0,1,2015,IHS,
8321919,83211,0,1,2015,IHS,
8321920,83211,0,1,2015,IHS,
8321921,83211,0,1,2015,IHS,
8322301,83213,0,1,2015,IHS,
8322302,83213,0,1,2015,IHS,
8322303,83213,0,1,2015,IHS,
8322304,83213,0,1,2015,IHS,
8322305,83213,0,1,2015,IHS,
8322306,83213,0,1,2015,IHS,
8322307,83213,0,1,2015,IHS,
8322308,83213,1,1,2015,IHS,
8322309,83213,0,1,2015,IHS,
8322310,83213,0,1,2015,IHS,
8322311,83213,0,1,2015,IHS,
8322312,83213,0,1,2015,IHS,
8322313,83213,0,1,2015,IHS,
8322314,83213,0,1,2015,IHS,
8322315,83213,0,1,2015,IHS,
8322316,83213,0,1,2015,IHS,
8322317,83213,0,1,2015,IHS,
8322318,83213,0,1,2015,IHS,
8322319,83213,0,1,2015,IHS,
8322320,83213,0,1,2015,IHS,
8322701,83207,0,1,2015,IHS,
8322702,83207,0,1,2015,IHS,
8322703,83207,0,1,2015,IHS,
8322704,83207,0,1,2015,IHS,
8322705,83207,0,1,2015,IHS,
8322706,83207,0,1,2015,IHS,
8322707,83207,0,1,2015,IHS,
8322708,83207,0,1,2015,IHS,
8322709,83207,0,1,2015,IHS,
8322710,83207,0,1,2015,IHS,
8322711,83207,0,1,2015,IHS,
8322712,83207,1,1,2015,IHS,
8322713,83207,0,1,2015,IHS,
8322714,83207,0,1,2015,IHS,
8322715,83207,0,1,2015,IHS,
8322716,83207,0,1,2015,IHS,
8322717,83207,0,1,2015,IHS,
8322718,83207,0,1,2015,IHS,
8322719,83207,0,1,2015,IHS,
8322720,83207,0,1,2015,IHS,
8323001,83227,0,1,2015,IHS,
8323002,83227,0,1,2015,IHS,
8323003,83227,0,1,2015,IHS,
8323004,83227,0,1,2015,IHS,
8323005,83227,0,1,2015,IHS,
8323006,83227,0,1,2015,IHS,
8323007,83227,0,1,2015,IHS,
8323008,83227,0,1,2015,IHS,
8323009,83227,0,1,2015,IHS,
8323010,83227,0,1,2015,IHS,
8323011,83227,0,1,2015,IHS,
8323012,83227,0,1,2015,IHS,
8323013,83227,0,1,2015,IHS,
8323014,83227,0,1,2015,IHS,
8323015,83227,0,1,2015,IHS,
8323016,83227,0,1,2015,IHS,
8323017,83227,0,1,2015,IHS,
8323018,83227,0,1,2015,IHS,
8323019,83227,0,1,2015,IHS,
8323020,83227,0,1,2015,IHS,
8323301,83223,0,1,2015,IHS,
8323302,83223,0,1,2015,IHS,
8323303,83223,0,1,2015,IHS,
8323304,83223,0,1,2015,IHS,
8323305,83223,0,1,2015,IHS,
8323306,83223,0,1,2015,IHS,
8323307,83223,0,1,2015,IHS,
8323308,83223,0,1,2015,IHS,
8323309,83223,0,1,2015,IHS,
8323310,83223,0,1,2015,IHS,
8323311,83223,0,1,2015,IHS,
8323312,83223,0,1,2015,IHS,
8323313,83223,0,1,2015,IHS,
8323314,83223,0,1,2015,IHS,
8323315,83223,0,1,2015,IHS,
8323316,83223,0,1,2015,IHS,
8323317,83223,0,1,2015,IHS,
8323318,83223,1,1,2015,IHS,
8323319,83223,0,1,2015,IHS,
8323320,83223,0,1,2015,IHS,
8323501,83223,0,1,2015,IHS,
8323502,83223,0,1,2015,IHS,
8323503,83223,0,1,2015,IHS,
8323504,83223,0,1,2015,IHS,
8323505,83223,0,1,2015,IHS,
8323506,83223,0,1,2015,IHS,
8323507,83223,0,1,2015,IHS,
8323508,83223,0,1,2015,IHS,
8323509,83223,0,1,2015,IHS,
8323510,83223,1,1,2015,IHS,
8323511,83223,0,1,2015,IHS,
8323512,83223,0,1,2015,IHS,
8323513,83223,0,1,2015,IHS,
8323514,83223,0,1,2015,IHS,
8323515,83223,0,1,2015,IHS,
8323516,83223,0,1,2015,IHS,
8323517,83223,0,1,2015,IHS,
8323518,83223,0,1,2015,IHS,
8323519,83223,0,1,2015,IHS,
8323520,83223,0,1,2015,IHS,
8410401,84103,0,1,2015,IHS,
8410402,84103,0,1,2015,IHS,
8410403,84103,0,1,2015,IHS,
8410404,84103,0,1,2015,IHS,
8410405,84103,0,1,2015,IHS,
8410406,84103,0,1,2015,IHS,
8410407,84103,0,1,2015,IHS,
8410408,84103,0,1,2015,IHS,
8410409,84103,0,1,2015,IHS,
8410410,84103,0,1,2015,IHS,
8410411,84103,0,1,2015,IHS,
8410412,84109,1,1,2015,IHS,
8410413,84109,0,1,2015,IHS,
8410414,84109,0,1,2015,IHS,
8410415,84103,0,1,2015,IHS,
8410416,84109,0,1,2015,IHS,
8410417,84109,0,1,2015,IHS,
8410418,84109,0,1,2015,IHS,
8410419,84109,0,1,2015,IHS,
8410420,84109,0,1,2015,IHS,
8410701,84101,0,1,2015,IHS,
8410702,84101,0,1,2015,IHS,
8410703,84101,0,1,2015,IHS,
8410704,84101,0,1,2015,IHS,
8410705,84101,0,1,2015,IHS,
8410706,84101,0,1,2015,IHS,
8410707,84101,0,1,2015,IHS,
8410708,84101,0,1,2015,IHS,
8410709,84101,0,1,2015,IHS,
8410710,84101,0,1,2015,IHS,
8410711,84101,0,1,2015,IHS,
8410712,84101,0,1,2015,IHS,
8410713,84101,0,1,2015,IHS,
8410714,84101,0,1,2015,IHS,
8410715,84101,0,1,2015,IHS,
8410716,84101,0,1,2015,IHS,
8410717,84101,0,1,2015,IHS,
8410718,84101,0,1,2015,IHS,
8410719,84101,0,1,2015,IHS,
8410720,84101,0,1,2015,IHS,
8411101,84110,0,1,2015,IHS,
8411102,84110,0,1,2015,IHS,
8411103,84110,0,1,2015,IHS,
8411104,84110,0,1,2015,IHS,
8411105,84110,0,1,2015,IHS,
8411106,84110,0,1,2015,IHS,
8411107,84110,0,1,2015,IHS,
8411108,84110,0,1,2015,IHS,
8411109,84110,0,1,2015,IHS,
8411110,84110,0,1,2015,IHS,
8411111,84110,0,1,2015,IHS,
8411112,84110,0,1,2015,IHS,
8411113,84110,0,1,2015,IHS,
8411114,84110,0,1,2015,IHS,
8411115,84110,0,1,2015,IHS,
8411116,84110,0,1,2015,IHS,
8411117,84110,0,1,2015,IHS,
8411118,84110,0,1,2015,IHS,
8411119,84110,0,1,2015,IHS,
8411120,84110,0,1,2015,IHS,
8411401,84107,0,1,2015,IHS,
8411402,84107,0,1,2015,IHS,
8411403,84107,0,1,2015,IHS,
8411404,84107,0,1,2015,IHS,
8411405,84107,0,1,2015,IHS,
8411406,84107,0,1,2015,IHS,
8411407,84107,0,1,2015,IHS,
8411408,84107,0,1,2015,IHS,
8411409,84107,0,1,2015,IHS,
8411410,84107,0,1,2015,IHS,
8411411,84107,0,1,2015,IHS,
8411412,84107,0,1,2015,IHS,
8411413,84107,0,1,2015,IHS,
8411414,84107,0,1,2015,IHS,
8411415,84107,0,1,2015,IHS,
8411416,84107,0,1,2015,IHS,
8411417,84107,0,1,2015,IHS,
8411418,84107,0,1,2015,IHS,
8411419,84107,0,1,2015,IHS,
8411420,84107,0,1,2015,IHS,
8411601,84111,0,1,2015,IHS,
8411602,84111,0,1,2015,IHS,
8411603,84111,0,1,2015,IHS,
8411604,84111,0,1,2015,IHS,
8411605,84111,0,1,2015,IHS,
8411606,84111,1,1,2015,IHS,
8411607,84111,0,1,2015,IHS,
8411608,84111,0,1,2015,IHS,
8411609,84111,0,1,2015,IHS,
8411610,84111,0,1,2015,IHS,
8411611,84111,0,1,2015,IHS,
8411612,84111,0,1,2015,IHS,
8411613,84111,0,1,2015,IHS,
8411614,84111,0,1,2015,IHS,
8411615,84111,0,1,2015,IHS,
8411616,84111,0,1,2015,IHS,
8411618,84111,0,1,2015,IHS,
8411619,84111,0,1,2015,IHS,
8411620,84111,0,1,2015,IHS,
8411621,84111,0,1,2015,IHS,
8411801,84111,0,1,2015,IHS,
8411802,84111,0,1,2015,IHS,
8411803,84111,0,1,2015,IHS,
8411804,84111,0,1,2015,IHS,
8411805,84111,0,1,2015,IHS,
8411806,84111,0,1,2015,IHS,
8411807,84111,0,1,2015,IHS,
8411808,84111,0,1,2015,IHS,
8411809,84111,0,1,2015,IHS,
8411810,84111,0,1,2015,IHS,
8411811,84111,0,1,2015,IHS,
8411812,84111,0,1,2015,IHS,
8411813,84111,0,1,2015,IHS,
8411814,84111,0,1,2015,IHS,
8411815,84111,1,1,2015,IHS,
8411816,84111,0,1,2015,IHS,
8411817,84111,1,1,2015,IHS,
8411818,84111,0,1,2015,IHS,
8411819,84111,0,1,2015,IHS,
8411820,84111,0,1,2015,IHS,
8420101,84206,0,1,2015,IHS,
8420102,84206,0,1,2015,IHS,
8420103,84206,0,1,2015,IHS,
8420104,84206,0,1,2015,IHS,
8420105,84206,0,1,2015,IHS,
8420106,84206,0,1,2015,IHS,
8420107,84206,0,1,2015,IHS,
8420108,84206,0,1,2015,IHS,
8420109,84206,0,1,2015,IHS,
8420110,84206,0,1,2015,IHS,
8420111,84206,0,1,2015,IHS,
8420112,84206,0,1,2015,IHS,
8420113,84206,0,1,2015,IHS,
8420114,84206,0,1,2015,IHS,
8420115,84206,0,1,2015,IHS,
8420116,84206,0,1,2015,IHS,
8420117,84206,0,1,2015,IHS,
8420118,84206,0,1,2015,IHS,
8420119,84206,0,1,2015,IHS,
8420120,84222,0,1,2015,IHS,
8420401,84207,0,1,2015,IHS,
8420402,84207,1,1,2015,IHS,
8420403,84207,0,1,2015,IHS,
8420404,84207,0,1,2015,IHS,
8420405,84207,0,1,2015,IHS,
8420406,84207,0,1,2015,IHS,
8420407,84207,0,1,2015,IHS,
8420408,84207,0,1,2015,IHS,
8420409,84207,0,1,2015,IHS,
8420410,84207,0,1,2015,IHS,
8420411,84207,0,1,2015,IHS,
8420412,84207,0,1,2015,IHS,
8420413,84207,0,1,2015,IHS,
8420414,84207,0,1,2015,IHS,
8420415,84207,0,1,2015,IHS,
8420416,84207,0,1,2015,IHS,
8420417,84207,0,1,2015,IHS,
8420418,84207,0,1,2015,IHS,
8420419,84207,0,1,2015,IHS,
8420420,84207,0,1,2015,IHS,
8420701,84201,0,1,2015,IHS,
8420702,84201,1,1,2015,IHS,
8420703,84201,0,1,2015,IHS,
8420704,84201,0,1,2015,IHS,
8420705,84201,0,1,2015,IHS,
8420706,84201,0,1,2015,IHS,
8420707,84201,0,1,2015,IHS,
8420708,84201,0,1,2015,IHS,
8420709,84201,0,1,2015,IHS,
8420710,84201,0,1,2015,IHS,
8420711,84201,0,1,2015,IHS,
8420712,84201,0,1,2015,IHS,
8420713,84201,0,1,2015,IHS,
8420714,84201,0,1,2015,IHS,
8420715,84201,0,1,2015,IHS,
8420716,84201,0,1,2015,IHS,
8420717,84201,0,1,2015,IHS,
8420718,84201,0,1,2015,IHS,
8420719,84201,0,1,2015,IHS,
8420720,84201,0,1,2015,IHS,
8421101,84202,0,1,2015,IHS,
8421102,84202,0,1,2015,IHS,
8421103,84202,0,1,2015,IHS,
8421104,84202,0,1,2015,IHS,
8421105,84202,0,1,2015,IHS,
8421106,84202,0,1,2015,IHS,
8421107,84202,0,1,2015,IHS,
8421108,84202,0,1,2015,IHS,
8421109,84202,0,1,2015,IHS,
8421110,84202,0,1,2015,IHS,
8421111,84202,0,1,2015,IHS,
8421112,84202,0,1,2015,IHS,
8421113,84202,0,1,2015,IHS,
8421114,84202,0,1,2015,IHS,
8421115,84202,0,1,2015,IHS,
8421116,84202,0,1,2015,IHS,
8421117,84202,0,1,2015,IHS,
8421118,84202,0,1,2015,IHS,
8421119,84202,0,1,2015,IHS,
8421120,84202,0,1,2015,IHS,
8421401,84213,0,1,2015,IHS,
8421402,84213,0,1,2015,IHS,
8421403,84213,0,1,2015,IHS,
8421404,84213,0,1,2015,IHS,
8421405,84213,0,1,2015,IHS,
8421406,84213,0,1,2015,IHS,
8421407,84213,0,1,2015,IHS,
8421409,84213,0,1,2015,IHS,
8421410,84203,0,1,2015,IHS,
8421411,84209,0,1,2015,IHS,
8421412,84209,1,1,2015,IHS,
8421413,84209,0,1,2015,IHS,
8421414,84204,0,1,2015,IHS,
8421416,84204,0,1,2015,IHS,
8421417,84204,0,1,2015,IHS,
8421418,84204,0,1,2015,IHS,
8421419,84204,0,1,2015,IHS,
8421420,84204,0,1,2015,IHS,
8421421,84209,0,1,2015,IHS,
8422101,84208,0,1,2015,IHS,
8422102,84208,0,1,2015,IHS,
8422103,84208,0,1,2015,IHS,
8422104,84208,0,1,2015,IHS,
8422105,84208,0,1,2015,IHS,
8422106,84208,0,1,2015,IHS,
8422107,84208,1,1,2015,IHS,
8422108,84208,0,1,2015,IHS,
8422109,84208,0,1,2015,IHS,
8422110,84208,0,1,2015,IHS,
8422111,84208,0,1,2015,IHS,
8422112,84208,0,1,2015,IHS,
8422113,84208,0,1,2015,IHS,
8422114,84208,0,1,2015,IHS,
8422115,84208,0,1,2015,IHS,
8422116,84208,0,1,2015,IHS,
8422117,84208,0,1,2015,IHS,
8422118,84208,0,1,2015,IHS,
8422120,84208,0,1,2015,IHS,
8422301,84205,0,1,2015,IHS,
8422302,84205,0,1,2015,IHS,
8422303,84205,1,1,2015,IHS,
8422304,84205,0,1,2015,IHS,
8422305,84205,0,1,2015,IHS,
8422306,84205,0,1,2015,IHS,
8422307,84205,0,1,2015,IHS,
8422308,84205,0,1,2015,IHS,
8422309,84205,0,1,2015,IHS,
8422310,84205,0,1,2015,IHS,
8422311,84205,0,1,2015,IHS,
8422312,84205,0,1,2015,IHS,
8422313,84205,1,1,2015,IHS,
8422314,84205,0,1,2015,IHS,
8422315,84205,0,1,2015,IHS,
8422316,84205,0,1,2015,IHS,
8422317,84205,0,1,2015,IHS,
8422318,84205,0,1,2015,IHS,
8422319,84205,0,1,2015,IHS,
8422320,84205,0,1,2015,IHS,
8422501,84226,0,1,2015,IHS,
8422502,84226,0,1,2015,IHS,
8422503,84226,0,1,2015,IHS,
8422504,84226,1,1,2015,IHS,
8422505,84226,0,1,2015,IHS,
8422506,84226,0,1,2015,IHS,
8422507,84226,0,1,2015,IHS,
8422508,84226,0,1,2015,IHS,
8422509,84226,0,1,2015,IHS,
8422510,84226,0,1,2015,IHS,
8422511,84226,0,1,2015,IHS,
8422512,84226,0,1,2015,IHS,
8422513,84226,0,1,2015,IHS,
8422514,84226,0,1,2015,IHS,
8422515,84226,0,1,2015,IHS,
8422516,84226,0,1,2015,IHS,
8422517,84226,0,1,2015,IHS,
8422518,84226,0,1,2015,IHS,
8422519,84226,0,1,2015,IHS,
8422520,84226,0,1,2015,IHS,
8422801,84230,0,1,2015,IHS,
8422802,84230,0,1,2015,IHS,
8422803,84230,0,1,2015,IHS,
8422804,84230,0,1,2015,IHS,
8422805,84230,0,1,2015,IHS,
8422806,84230,0,1,2015,IHS,
8422807,84230,0,1,2015,IHS,
8422808,84230,0,1,2015,IHS,
8422809,84230,0,1,2015,IHS,
8422810,84230,0,1,2015,IHS,
8422811,84230,0,1,2015,IHS,
8422812,84230,0,1,2015,IHS,
8422813,84230,0,1,2015,IHS,
8422814,84230,0,1,2015,IHS,
8422815,84230,0,1,2015,IHS,
8422816,84231,1,1,2015,IHS,
8422817,84231,0,1,2015,IHS,
8422818,84231,0,1,2015,IHS,
8422819,84231,0,1,2015,IHS,
8422820,84231,0,1,2015,IHS,
8510501,85102,0,1,2015,IHS,
8510502,85102,0,1,2015,IHS,
8510503,85102,0,1,2015,IHS,
8510504,85102,0,1,2015,IHS,
8510505,85102,0,1,2015,IHS,
8510506,85102,0,1,2015,IHS,
8510507,85102,0,1,2015,IHS,
8510508,85102,0,1,2015,IHS,
8510509,85102,0,1,2015,IHS,
8510510,85102,0,1,2015,IHS,
8510511,85102,0,1,2015,IHS,
8510512,85102,0,1,2015,IHS,
8510513,85102,0,1,2015,IHS,
8510514,85102,0,1,2015,IHS,
8510515,85102,0,1,2015,IHS,
8510516,85102,0,1,2015,IHS,
8510517,85102,0,1,2015,IHS,
8510518,85102,0,1,2015,IHS,
8510519,85102,0,1,2015,IHS,
8510520,85102,0,1,2015,IHS,
8511101,85101,0,1,2015,IHS,
8511102,85101,0,1,2015,IHS,
8511103,85101,0,1,2015,IHS,
8511104,85101,0,1,2015,IHS,
8511105,85101,0,1,2015,IHS,
8511106,85101,0,1,2015,IHS,
8511107,85101,0,1,2015,IHS,
8511108,85101,0,1,2015,IHS,
8511109,85101,0,1,2015,IHS,
8511110,85101,0,1,2015,IHS,
8511111,85101,0,1,2015,IHS,
8511112,85101,0,1,2015,IHS,
8511113,85101,0,1,2015,IHS,
8511114,85101,0,1,2015,IHS,
8511115,85101,0,1,2015,IHS,
8511116,85101,0,1,2015,IHS,
8511117,85101,0,1,2015,IHS,
8511118,85101,1,1,2015,IHS,
8511119,85101,0,1,2015,IHS,
8511120,85101,1,1,2015,IHS,
8511401,85101,1,1,2015,IHS,
8511402,85101,0,1,2015,IHS,
8511403,85101,0,1,2015,IHS,
8511404,85101,0,1,2015,IHS,
8511405,85101,0,1,2015,IHS,
8511406,85101,0,1,2015,IHS,
8511407,85101,0,1,2015,IHS,
8511408,85101,0,1,2015,IHS,
8511409,85101,1,1,2015,IHS,
8511410,85101,0,1,2015,IHS,
8511411,85101,0,1,2015,IHS,
8511412,85101,0,1,2015,IHS,
8511413,85101,0,1,2015,IHS,
8511414,85101,0,1,2015,IHS,
8511415,85101,0,1,2015,IHS,
8511416,85101,0,1,2015,IHS,
8511417,85101,0,1,2015,IHS,
8511418,85101,0,1,2015,IHS,
8511419,85101,0,1,2015,IHS,
8511420,85101,0,1,2015,IHS,
8511901,85101,0,1,2015,IHS,
8511902,85101,1,1,2015,IHS,
8511903,85101,0,1,2015,IHS,
8511904,85101,1,1,2015,IHS,
8511905,85101,0,1,2015,IHS,
8511906,85101,0,1,2015,IHS,
8511907,85101,0,1,2015,IHS,
8511908,85101,0,1,2015,IHS,
8511909,85101,0,1,2015,IHS,
8511910,85101,0,1,2015,IHS,
8511911,85101,0,1,2015,IHS,
8511912,85101,0,1,2015,IHS,
8511913,85101,0,1,2015,IHS,
8511914,85101,0,1,2015,IHS,
8511915,85101,0,1,2015,IHS,
8511916,85101,0,1,2015,IHS,
8512601,85112,0,1,2015,IHS,
8512602,85112,0,1,2015,IHS,
8512603,85112,0,1,2015,IHS,
8512604,85112,0,1,2015,IHS,
8512605,85112,0,1,2015,IHS,
8512606,85112,0,1,2015,IHS,
8512607,85112,0,1,2015,IHS,
8512608,85112,1,1,2015,IHS,
8512609,85112,0,1,2015,IHS,
8512610,85112,0,1,2015,IHS,
8512611,85112,0,1,2015,IHS,
8512612,85112,0,1,2015,IHS,
8512613,85112,0,1,2015,IHS,
8512614,85112,0,1,2015,IHS,
8512615,85112,0,1,2015,IHS,
8512616,85112,0,1,2015,IHS,
8512617,85112,0,1,2015,IHS,
8512618,85112,0,1,2015,IHS,
8512619,85112,0,1,2015,IHS,
8512620,85112,0,1,2015,IHS,
8512901,85105,1,1,2015,IHS,
8512902,85105,0,1,2015,IHS,
8512903,85105,0,1,2015,IHS,
8512904,85105,0,1,2015,IHS,
8512905,85105,0,1,2015,IHS,
8512906,85105,0,1,2015,IHS,
8512907,85105,0,1,2015,IHS,
8512908,85105,0,1,2015,IHS,
8512909,85105,0,1,2015,IHS,
8512910,85105,0,1,2015,IHS,
8512911,85105,0,1,2015,IHS,
8512912,85105,0,1,2015,IHS,
8512913,85105,1,1,2015,IHS,
8512914,85105,0,1,2015,IHS,
8512915,85105,0,1,2015,IHS,
8512916,85105,0,1,2015,IHS,
8512917,85105,0,1,2015,IHS,
8512918,85105,0,1,2015,IHS,
8512919,85105,0,1,2015,IHS,
8512920,85105,0,1,2015,IHS,
8520101,85224,0,1,2015,IHS,
8520102,85224,0,1,2015,IHS,
8520103,85224,0,1,2015,IHS,
8520104,85224,0,1,2015,IHS,
8520105,85224,0,1,2015,IHS,
8520106,85224,0,1,2015,IHS,
8520107,85224,0,1,2015,IHS,
8520108,85224,0,1,2015,IHS,
8520109,85224,0,1,2015,IHS,
8520110,85224,0,1,2015,IHS,
8520111,85224,0,1,2015,IHS,
8520112,85224,0,1,2015,IHS,
8520113,85224,0,1,2015,IHS,
8520114,85224,0,1,2015,IHS,
8520115,85224,0,1,2015,IHS,
8520116,85224,0,1,2015,IHS,
8520117,85224,0,1,2015,IHS,
8520118,85224,0,1,2015,IHS,
8520119,85222,0,1,2015,IHS,
8520120,85222,0,1,2015,IHS,
8520501,85228,0,1,2015,IHS,
8520502,85228,0,1,2015,IHS,
8520503,85228,0,1,2015,IHS,
8520504,85228,0,1,2015,IHS,
8520505,85228,0,1,2015,IHS,
8520506,85228,0,1,2015,IHS,
8520507,85228,0,1,2015,IHS,
8520508,85228,0,1,2015,IHS,
8520509,85228,0,1,2015,IHS,
8520510,85228,0,1,2015,IHS,
8520511,85228,0,1,2015,IHS,
8520512,85228,0,1,2015,IHS,
8520513,85228,0,1,2015,IHS,
8520514,85228,0,1,2015,IHS,
8520515,85228,0,1,2015,IHS,
8520516,85228,0,1,2015,IHS,
8520517,85228,0,1,2015,IHS,
8520518,85228,1,1,2015,IHS,
8520519,85228,0,1,2015,IHS,
8520520,85228,0,1,2015,IHS,
8520801,85211,0,1,2015,IHS,
8520802,85211,0,1,2015,IHS,
8520803,85211,0,1,2015,IHS,
8520804,85211,0,1,2015,IHS,
8520805,85211,0,1,2015,IHS,
8520806,85211,0,1,2015,IHS,
8520807,85211,0,1,2015,IHS,
8520808,85211,0,1,2015,IHS,
8520809,85211,0,1,2015,IHS,
8520810,85211,0,1,2015,IHS,
8520811,85211,0,1,2015,IHS,
8520812,85211,0,1,2015,IHS,
8520813,85211,1,1,2015,IHS,
8520814,85211,0,1,2015,IHS,
8520815,85211,0,1,2015,IHS,
8520816,85211,0,1,2015,IHS,
8520817,85211,0,1,2015,IHS,
8520818,85211,0,1,2015,IHS,
8520819,85211,0,1,2015,IHS,
8520820,85211,0,1,2015,IHS,
8521101,85202,0,1,2015,IHS,
8521102,85202,0,1,2015,IHS,
8521103,85202,0,1,2015,IHS,
8521104,85202,0,1,2015,IHS,
8521105,85202,0,1,2015,IHS,
8521106,85202,0,1,2015,IHS,
8521107,85202,1,1,2015,IHS,
8521108,85202,0,1,2015,IHS,
8521109,85202,0,1,2015,IHS,
8521110,85202,0,1,2015,IHS,
8521111,85202,0,1,2015,IHS,
8521112,85202,0,1,2015,IHS,
8521113,85202,0,1,2015,IHS,
8521114,85202,0,1,2015,IHS,
8521115,85202,0,1,2015,IHS,
8521116,85202,0,1,2015,IHS,
8521117,85202,0,1,2015,IHS,
8521118,85202,0,1,2015,IHS,
8521119,85202,0,1,2015,IHS,
8521120,85202,0,1,2015,IHS,
8521301,85205,0,1,2015,IHS,
8521302,85205,0,1,2015,IHS,
8521303,85205,0,1,2015,IHS,
8521304,85205,0,1,2015,IHS,
8521305,85205,0,1,2015,IHS,
8521306,85205,0,1,2015,IHS,
8521307,85205,0,1,2015,IHS,
8521308,85205,0,1,2015,IHS,
8521309,85205,0,1,2015,IHS,
8521310,85205,0,1,2015,IHS,
8521311,85205,0,1,2015,IHS,
8521312,85205,0,1,2015,IHS,
8521313,85205,0,1,2015,IHS,
8521314,85214,0,1,2015,IHS,
8521315,85214,0,1,2015,IHS,
8521316,85214,0,1,2015,IHS,
8521317,85205,0,1,2015,IHS,
8521318,85205,0,1,2015,IHS,
8521319,85205,0,1,2015,IHS,
8521320,85214,0,1,2015,IHS,
8521501,85209,0,1,2015,IHS,
8521502,85209,0,1,2015,IHS,
8521503,85209,0,1,2015,IHS,
8521504,85209,0,1,2015,IHS,
8521505,85209,0,1,2015,IHS,
8521506,85209,0,1,2015,IHS,
8521507,85209,0,1,2015,IHS,
8521508,85227,0,1,2015,IHS,
8521509,85227,0,1,2015,IHS,
8521510,85227,0,1,2015,IHS,
8521511,85227,0,1,2015,IHS,
8521512,85227,0,1,2015,IHS,
8521513,85227,0,1,2015,IHS,
8521514,85204,0,1,2015,IHS,
8521515,85204,0,1,2015,IHS,
8521516,85204,0,1,2015,IHS,
8521517,85204,0,1,2015,IHS,
8521518,85204,0,1,2015,IHS,
8521519,85204,0,1,2015,IHS,
8521520,85204,0,1,2015,IHS,
8521801,85203,0,1,2015,IHS,
8521802,85203,0,1,2015,IHS,
8521803,85203,0,1,2015,IHS,
8521804,85203,0,1,2015,IHS,
8521805,85203,0,1,2015,IHS,
8521806,85203,0,1,2015,IHS,
8521807,85203,0,1,2015,IHS,
8521808,85203,0,1,2015,IHS,
8521809,85203,0,1,2015,IHS,
8521810,85203,0,1,2015,IHS,
8521811,85203,0,1,2015,IHS,
8521812,85203,0,1,2015,IHS,
8521813,85203,0,1,2015,IHS,
8521814,85203,0,1,2015,IHS,
8521815,85203,0,1,2015,IHS,
8521816,85203,0,1,2015,IHS,
8521817,85203,0,1,2015,IHS,
8521818,85203,0,1,2015,IHS,
8521819,85203,0,1,2015,IHS,
8521820,85203,0,1,2015,IHS,
8522001,85206,1,1,2015,IHS,
8522002,85206,0,1,2015,IHS,
8522003,85206,1,1,2015,IHS,
8522004,85206,0,1,2015,IHS,
8522005,85206,0,1,2015,IHS,
8522006,85206,0,1,2015,IHS,
8522007,85206,0,1,2015,IHS,
8522008,85206,0,1,2015,IHS,
8522009,85206,0,1,2015,IHS,
8522010,85206,0,1,2015,IHS,
8522011,85206,0,1,2015,IHS,
8522012,85206,1,1,2015,IHS,
8522013,85206,0,1,2015,IHS,
8522014,85206,0,1,2015,IHS,
8522015,85206,0,1,2015,IHS,
8522016,85206,0,1,2015,IHS,
8522017,85206,0,1,2015,IHS,
8522018,85206,0,1,2015,IHS,
8522019,85206,0,1,2015,IHS,
8522020,85206,1,1,2015,IHS,
8522301,85219,0,1,2015,IHS,
8522302,85219,0,1,2015,IHS,
8522303,85219,0,1,2015,IHS,
8522304,85219,0,1,2015,IHS,
8522305,85219,0,1,2015,IHS,
8522306,85219,0,1,2015,IHS,
8522307,85219,1,1,2015,IHS,
8522308,85219,0,1,2015,IHS,
8522309,85219,0,1,2015,IHS,
8522310,85219,0,1,2015,IHS,
8522311,85219,0,1,2015,IHS,
8522312,85219,0,1,2015,IHS,
8522313,85219,0,1,2015,IHS,
8522314,85219,0,1,2015,IHS,
8522315,85219,1,1,2015,IHS,
8522316,85219,0,1,2015,IHS,
8522317,85219,0,1,2015,IHS,
8522318,85219,0,1,2015,IHS,
8522319,85219,0,1,2015,IHS,
8522320,85219,0,1,2015,IHS,
8610301,86108,0,1,2015,IHS,
8610302,86108,0,1,2015,IHS,
8610303,86108,0,1,2015,IHS,
8610304,86108,0,1,2015,IHS,
8610305,86108,0,1,2015,IHS,
8610306,86108,0,1,2015,IHS,
8610307,86108,0,1,2015,IHS,
8610308,86103,0,1,2015,IHS,
8610309,86103,0,1,2015,IHS,
8610310,86103,0,1,2015,IHS,
8610311,86103,0,1,2015,IHS,
8610312,86103,0,1,2015,IHS,
8610313,86103,0,1,2015,IHS,
8610314,86103,0,1,2015,IHS,
8610315,86103,0,1,2015,IHS,
8610316,86103,0,1,2015,IHS,
8610317,86101,0,1,2015,IHS,
8610318,86101,0,1,2015,IHS,
8610319,86101,0,1,2015,IHS,
8610320,86101,0,1,2015,IHS,
8610501,86124,0,0,2015,IHS,
8610502,86124,0,0,2015,IHS,
8610503,86124,0,0,2015,IHS,
8610504,86124,0,0,2015,IHS,
8610505,86124,0,0,2015,IHS,
8610506,86124,0,0,2015,IHS,
8610507,86124,0,0,2015,IHS,
8610508,86124,0,0,2015,IHS,
8610509,86102,0,0,2015,IHS,
8610510,86102,0,0,2015,IHS,
8610511,86102,0,0,2015,IHS,
8610512,86102,0,0,2015,IHS,
8610513,86102,0,0,2015,IHS,
8610514,86127,0,0,2015,IHS,
8610515,86127,0,0,2015,IHS,
8610516,86127,0,0,2015,IHS,
8610517,86127,0,0,2015,IHS,
8610518,86127,0,0,2015,IHS,
8610519,86127,0,0,2015,IHS,
8610520,86127,0,0,2015,IHS,
8610701,86118,0,1,2015,IHS,
8610702,86118,0,1,2015,IHS,
8610703,86118,0,1,2015,IHS,
8610704,86118,0,1,2015,IHS,
8610705,86118,0,1,2015,IHS,
8610706,86118,0,1,2015,IHS,
8610707,86118,0,1,2015,IHS,
8610708,86118,0,1,2015,IHS,
8610709,86118,0,1,2015,IHS,
8610710,86118,0,1,2015,IHS,
8610711,86118,0,1,2015,IHS,
8610712,86118,0,1,2015,IHS,
8610713,86118,0,1,2015,IHS,
8610714,86118,0,1,2015,IHS,
8610715,86118,0,1,2015,IHS,
8610716,86118,0,1,2015,IHS,
8610717,86118,0,1,2015,IHS,
8610718,86118,0,1,2015,IHS,
8610719,86118,0,1,2015,IHS,
8610720,86118,0,1,2015,IHS,
8611001,86105,0,1,2015,IHS,
8611002,86105,0,1,2015,IHS,
8611003,86105,0,1,2015,IHS,
8611004,86105,0,1,2015,IHS,
8611005,86105,0,1,2015,IHS,
8611006,86105,0,1,2015,IHS,
8611007,86105,0,1,2015,IHS,
8611008,86105,0,1,2015,IHS,
8611009,86105,0,1,2015,IHS,
8611010,86105,0,1,2015,IHS,
8611011,86105,0,1,2015,IHS,
8611012,86105,0,1,2015,IHS,
8611013,86105,0,1,2015,IHS,
8611014,86105,0,1,2015,IHS,
8611015,86105,0,1,2015,IHS,
8611016,86105,0,1,2015,IHS,
8611017,86105,0,1,2015,IHS,
8611018,86105,0,1,2015,IHS,
8611019,86105,0,1,2015,IHS,
8611020,86105,0,1,2015,IHS,
8611401,86105,0,1,2015,IHS,
8611402,86105,0,1,2015,IHS,
8611403,86105,0,1,2015,IHS,
8611404,86105,0,1,2015,IHS,
8611405,86105,0,1,2015,IHS,
8611406,86105,0,1,2015,IHS,
8611407,86105,1,1,2015,IHS,
8611408,86105,0,1,2015,IHS,
8611409,86105,0,1,2015,IHS,
8611410,86105,0,1,2015,IHS,
8611411,86105,0,1,2015,IHS,
8611412,86105,0,1,2015,IHS,
8611413,86105,0,1,2015,IHS,
8611414,86105,0,1,2015,IHS,
8611415,86105,0,1,2015,IHS,
8611416,86105,0,1,2015,IHS,
8611417,86105,0,1,2015,IHS,
8611418,86105,0,1,2015,IHS,
8611419,86105,0,1,2015,IHS,
8611420,86105,0,1,2015,IHS,
8611801,86105,0,0,2015,IHS,
8611802,86105,0,0,2015,IHS,
8611803,86105,0,0,2015,IHS,
8611804,86105,0,0,2015,IHS,
8611805,86105,0,0,2015,IHS,
8611806,86105,0,0,2015,IHS,
8611807,86105,0,0,2015,IHS,
8611808,86105,0,0,2015,IHS,
8611809,86105,0,0,2015,IHS,
8611810,86105,0,0,2015,IHS,
8611811,86105,0,0,2015,IHS,
8611812,86105,0,0,2015,IHS,
8611813,86105,0,0,2015,IHS,
8611814,86105,1,0,2015,IHS,
8611815,86105,0,0,2015,IHS,
8611816,86105,0,0,2015,IHS,
8611817,86105,0,0,2015,IHS,
8611818,86105,0,0,2015,IHS,
8611819,86105,0,0,2015,IHS,
8611820,86105,0,0,2015,IHS,
8612001,86110,0,1,2015,IHS,
8612002,86110,0,1,2015,IHS,
8612003,86110,0,1,2015,IHS,
8612004,86110,0,1,2015,IHS,
8612005,86110,0,1,2015,IHS,
8612006,86110,0,1,2015,IHS,
8612007,86110,0,1,2015,IHS,
8612008,86110,0,1,2015,IHS,
8612009,86110,0,1,2015,IHS,
8612010,86110,0,1,2015,IHS,
8612011,86110,0,1,2015,IHS,
8612012,86110,0,1,2015,IHS,
8612013,86110,0,1,2015,IHS,
8612014,86110,0,1,2015,IHS,
8612015,86110,0,1,2015,IHS,
8612016,86110,0,1,2015,IHS,
8612017,86110,0,1,2015,IHS,
8612018,86110,1,1,2015,IHS,
8612019,86110,0,1,2015,IHS,
8612020,86110,0,1,2015,IHS,
8612301,86126,0,1,2015,IHS,
8612302,86126,0,1,2015,IHS,
8612303,86125,0,1,2015,IHS,
8612304,86125,0,1,2015,IHS,
8612305,86125,0,1,2015,IHS,
8612306,86125,0,1,2015,IHS,
8612307,86125,0,1,2015,IHS,
8612308,86120,0,1,2015,IHS,
8612309,86125,0,1,2015,IHS,
8612310,86125,0,1,2015,IHS,
8612311,86120,0,1,2015,IHS,
8612312,86120,0,1,2015,IHS,
8612313,86120,0,1,2015,IHS,
8612314,86120,0,1,2015,IHS,
8612315,86120,0,1,2015,IHS,
8612316,86120,0,1,2015,IHS,
8612317,86120,0,1,2015,IHS,
8612318,86120,0,1,2015,IHS,
8612319,86120,0,1,2015,IHS,
8612320,86120,0,1,2015,IHS,
8612401,86112,0,1,2015,IHS,
8612402,86112,0,1,2015,IHS,
8612403,86112,0,1,2015,IHS,
8612404,86112,0,1,2015,IHS,
8612405,86112,0,1,2015,IHS,
8612406,86112,0,1,2015,IHS,
8612407,86112,1,1,2015,IHS,
8612408,86112,0,1,2015,IHS,
8612409,86112,0,1,2015,IHS,
8612410,86112,0,1,2015,IHS,
8612411,86112,0,1,2015,IHS,
8612412,86112,0,1,2015,IHS,
8612413,86112,0,1,2015,IHS,
8612414,86112,0,1,2015,IHS,
8612415,86112,0,1,2015,IHS,
8612416,86112,0,1,2015,IHS,
8612417,86112,0,1,2015,IHS,
8612418,86112,0,1,2015,IHS,
8612419,86112,0,1,2015,IHS,
8612420,86112,0,1,2015,IHS,
8620201,86223,0,1,2015,IHS,
8620202,86223,0,1,2015,IHS,
8620203,86223,0,1,2015,IHS,
8620204,86223,0,1,2015,IHS,
8620205,86223,0,1,2015,IHS,
8620206,86223,0,1,2015,IHS,
8620207,86223,0,1,2015,IHS,
8620208,86223,0,1,2015,IHS,
8620209,86223,1,1,2015,IHS,
8620210,86223,0,1,2015,IHS,
8620211,86223,0,1,2015,IHS,
8620212,86223,0,1,2015,IHS,
8620213,86223,0,1,2015,IHS,
8620214,86223,0,1,2015,IHS,
8620215,86223,0,1,2015,IHS,
8620216,86223,0,1,2015,IHS,
8620217,86223,0,1,2015,IHS,
8620218,86223,0,1,2015,IHS,
8620219,86223,0,1,2015,IHS,
8620220,86223,0,1,2015,IHS,
8620501,86228,1,1,2015,IHS,
8620502,86228,0,1,2015,IHS,
8620503,86228,0,1,2015,IHS,
8620504,86228,0,1,2015,IHS,
8620505,86228,0,1,2015,IHS,
8620506,86222,0,1,2015,IHS,
8620507,86222,0,1,2015,IHS,
8620508,86222,0,1,2015,IHS,
8620509,86222,0,1,2015,IHS,
8620510,86222,0,1,2015,IHS,
8620511,86229,0,1,2015,IHS,
8620512,86229,0,1,2015,IHS,
8620513,86229,0,1,2015,IHS,
8620514,86229,0,1,2015,IHS,
8620515,86229,0,1,2015,IHS,
8620516,86229,0,1,2015,IHS,
8620517,86229,0,1,2015,IHS,
8620518,86229,0,1,2015,IHS,
8620519,86229,0,1,2015,IHS,
8620520,86229,0,1,2015,IHS,
8621001,86205,0,1,2015,IHS,
8621002,86205,0,1,2015,IHS,
8621003,86205,0,1,2015,IHS,
8621004,86205,0,1,2015,IHS,
8621005,86205,0,1,2015,IHS,
8621006,86205,0,1,2015,IHS,
8621007,86205,0,1,2015,IHS,
8621008,86205,0,1,2015,IHS,
8621009,86205,0,1,2015,IHS,
8621010,86205,0,1,2015,IHS,
8621011,86205,0,1,2015,IHS,
8621012,86205,0,1,2015,IHS,
8621013,86205,0,1,2015,IHS,
8621014,86205,0,1,2015,IHS,
8621015,86205,0,1,2015,IHS,
8621016,86205,0,1,2015,IHS,
8621017,86205,0,1,2015,IHS,
8621018,86205,0,1,2015,IHS,
8621019,86205,0,1,2015,IHS,
8621020,86205,0,1,2015,IHS,
8621601,86203,0,1,2015,IHS,
8621602,86203,1,1,2015,IHS,
8621603,86203,0,1,2015,IHS,
8621604,86203,0,1,2015,IHS,
8621605,86203,0,1,2015,IHS,
8621606,86203,0,1,2015,IHS,
8621607,86203,0,1,2015,IHS,
8622201,86218,0,1,2015,IHS,
8622202,86218,0,1,2015,IHS,
8622203,86218,0,1,2015,IHS,
8622204,86218,0,1,2015,IHS,
8622205,86218,0,1,2015,IHS,
8622206,86218,0,1,2015,IHS,
8622207,86224,0,1,2015,IHS,
8622208,86224,0,1,2015,IHS,
8622209,86224,0,1,2015,IHS,
8622210,86224,0,1,2015,IHS,
8622211,86231,0,1,2015,IHS,
8622212,86231,0,1,2015,IHS,
8622213,86231,0,1,2015,IHS,
8622214,86231,0,1,2015,IHS,
8622215,86231,0,1,2015,IHS,
8622216,86231,0,1,2015,IHS,
8622217,86231,0,1,2015,IHS,
8622218,86231,0,1,2015,IHS,
8622219,86231,0,1,2015,IHS,
8622220,86231,0,1,2015,IHS,
1,10201,0,0,2019,Finscope,
26,10201,1,0,2019,Finscope,
55,10201,0,0,2019,Finscope,
77,10201,1,0,2019,Finscope,
102,10201,1,0,2019,Finscope,
127,10201,0,0,2019,Finscope,
153,10201,1,0,2019,Finscope,
176,10201,0,0,2019,Finscope,
201,11301,1,0,2019,Finscope,
226,11301,0,0,2019,Finscope,
252,11301,0,0,2019,Finscope,
277,11301,1,0,2019,Finscope,
302,11301,0,0,2019,Finscope,
326,11301,1,0,2019,Finscope,
351,11301,0,0,2019,Finscope,
376,11301,0,0,2019,Finscope,
401,12201,0,0,2019,Finscope,
427,12201,0,0,2019,Finscope,
452,12201,1,0,2019,Finscope,
477,12201,0,0,2019,Finscope,
513,12201,0,0,2019,Finscope,
526,12201,0,0,2019,Finscope,
551,12201,1,0,2019,Finscope,
576,12201,0,0,2019,Finscope,
607,20101,1,0,2019,Finscope,
628,20101,1,0,2019,Finscope,
653,20101,0,0,2019,Finscope,
679,20101,1,0,2019,Finscope,
702,20101,0,0,2019,Finscope,
729,20101,0,0,2019,Finscope,
752,20101,0,0,2019,Finscope,
776,20101,0,0,2019,Finscope,
809,21202,0,0,2019,Finscope,
836,21202,1,0,2019,Finscope,
852,21202,0,0,2019,Finscope,
882,21202,0,0,2019,Finscope,
902,21202,0,0,2019,Finscope,
926,21202,1,0,2019,Finscope,
952,21202,0,0,2019,Finscope,
976,21202,0,0,2019,Finscope,
1001,21301,0,0,2019,Finscope,
1026,21301,1,0,2019,Finscope,
1056,21301,0,0,2019,Finscope,
1084,21301,1,0,2019,Finscope,
1102,21301,1,0,2019,Finscope,
1132,21301,1,0,2019,Finscope,
1152,21301,1,0,2019,Finscope,
1176,21301,1,0,2019,Finscope,
1202,22101,1,0,2019,Finscope,
1235,22101,0,0,2019,Finscope,
1259,22101,0,0,2019,Finscope,
1280,22101,0,0,2019,Finscope,
1303,22101,1,0,2019,Finscope,
1326,22101,0,0,2019,Finscope,
1354,22101,1,0,2019,Finscope,
1377,22101,0,0,2019,Finscope,
1401,22101,0,0,2019,Finscope,
1426,22101,0,0,2019,Finscope,
1451,22101,0,0,2019,Finscope,
1476,22101,1,0,2019,Finscope,
1501,22101,1,0,2019,Finscope,
1530,22101,0,0,2019,Finscope,
1551,22101,0,0,2019,Finscope,
1552,22101,1,0,2019,Finscope,
1579,22101,1,0,2019,Finscope,
1603,22201,1,0,2019,Finscope,
1632,22201,1,0,2019,Finscope,
1656,22201,0,0,2019,Finscope,
1683,22201,1,0,2019,Finscope,
1704,22201,0,0,2019,Finscope,
1728,22201,0,0,2019,Finscope,
1753,22201,1,0,2019,Finscope,
1778,22201,0,0,2019,Finscope,
1813,22301,1,0,2019,Finscope,
1828,22301,1,0,2019,Finscope,
1857,22301,1,0,2019,Finscope,
1878,22301,0,0,2019,Finscope,
1911,22301,1,0,2019,Finscope,
1927,22301,0,0,2019,Finscope,
1952,22301,0,0,2019,Finscope,
1978,22301,0,0,2019,Finscope,
2012,22301,1,0,2019,Finscope,
2037,22301,0,0,2019,Finscope,
2053,22301,0,0,2019,Finscope,
2084,22301,0,0,2019,Finscope,
2102,22301,1,0,2019,Finscope,
2130,22301,1,0,2019,Finscope,
2153,22301,1,0,2019,Finscope,
2177,22301,0,0,2019,Finscope,
2202,22101,0,0,2019,Finscope,
2227,23101,0,0,2019,Finscope,
2253,23101,1,0,2019,Finscope,
2278,23101,0,0,2019,Finscope,
2306,23101,0,0,2019,Finscope,
2336,23101,0,0,2019,Finscope,
2352,23101,0,0,2019,Finscope,
2378,23101,0,0,2019,Finscope,
2408,23101,0,0,2019,Finscope,
2437,23101,1,0,2019,Finscope,
2453,23101,0,0,2019,Finscope,
2483,23101,0,0,2019,Finscope,
2506,23101,0,0,2019,Finscope,
2533,23101,0,0,2019,Finscope,
2552,23101,1,0,2019,Finscope,
2577,23101,0,0,2019,Finscope,
2602,23101,0,0,2019,Finscope,
2629,23101,0,0,2019,Finscope,
2654,23101,1,0,2019,Finscope,
2679,23101,0,0,2019,Finscope,
2703,23201,1,0,2019,Finscope,
2729,23201,0,0,2019,Finscope,
2757,23201,0,0,2019,Finscope,
2786,23201,0,0,2019,Finscope,
2803,23201,0,0,2019,Finscope,
2833,23201,1,0,2019,Finscope,
2857,23201,1,0,2019,Finscope,
2882,23201,0,0,2019,Finscope,
2909,23201,0,0,2019,Finscope,
2934,23201,0,0,2019,Finscope,
2959,23201,0,0,2019,Finscope,
2983,23201,0,0,2019,Finscope,
3008,23201,0,0,2019,Finscope,
3033,23201,1,0,2019,Finscope,
3057,23201,0,0,2019,Finscope,
3083,23201,0,0,2019,Finscope,
3108,23201,0,0,2019,Finscope,
3132,23201,1,0,2019,Finscope,
3157,23201,1,0,2019,Finscope,
3186,23201,1,0,2019,Finscope,
3209,23201,0,1,2019,Finscope,
3232,23301,0,0,2019,Finscope,
3237,23301,0,0,2019,Finscope,
3260,23301,0,0,2019,Finscope,
3287,23301,0,0,2019,Finscope,
3309,23301,1,0,2019,Finscope,
3343,23301,1,0,2019,Finscope,
3369,23301,0,0,2019,Finscope,
3393,23301,1,0,2019,Finscope,
3417,23301,0,0,2019,Finscope,
3443,23301,0,0,2019,Finscope,
3472,23301,0,0,2019,Finscope,
3493,23301,1,0,2019,Finscope,
3520,23301,0,0,2019,Finscope,
3545,23301,0,0,2019,Finscope,
3573,23301,0,0,2019,Finscope,
3592,23301,1,0,2019,Finscope,
3619,23401,1,0,2019,Finscope,
3642,23401,1,0,2019,Finscope,
3671,23401,0,0,2019,Finscope,
3699,23401,0,0,2019,Finscope,
3721,23401,1,0,2019,Finscope,
3753,23401,0,0,2019,Finscope,
3774,23401,0,0,2019,Finscope,
3798,23401,0,0,2019,Finscope,
3828,23401,0,0,2019,Finscope,
3852,23401,0,0,2019,Finscope,
3877,23401,0,0,2019,Finscope,
3912,23401,1,0,2019,Finscope,
3923,23401,0,0,2019,Finscope,
3952,23401,1,0,2019,Finscope,
3975,23401,1,0,2019,Finscope,
4002,23401,1,0,2019,Finscope,
4025,23401,0,0,2019,Finscope,
4050,23401,1,0,2019,Finscope,
4078,23401,0,0,2019,Finscope,
4100,23401,0,0,2019,Finscope,
4124,23401,1,0,2019,Finscope,
4149,23401,1,0,2019,Finscope,
4173,23401,0,0,2019,Finscope,
4203,23401,0,0,2019,Finscope,
4227,23401,0,0,2019,Finscope,
4254,23401,0,0,2019,Finscope,
4274,23401,0,0,2019,Finscope,
4304,23401,0,0,2019,Finscope,
4323,23401,0,0,2019,Finscope,
4359,23401,1,0,2019,Finscope,
4375,23401,0,0,2019,Finscope,
4402,23401,1,0,2019,Finscope,
4427,23401,0,0,2019,Finscope,
4448,23401,0,0,2019,Finscope,
4454,23401,0,0,2019,Finscope,
4478,23401,0,0,2019,Finscope,
4503,23401,0,0,2019,Finscope,
4525,23401,1,0,2019,Finscope,
4549,23401,1,0,2019,Finscope,
4574,23401,0,0,2019,Finscope,
4600,24101,0,0,2019,Finscope,
4625,24101,0,0,2019,Finscope,
4654,24101,0,0,2019,Finscope,
4678,24101,0,0,2019,Finscope,
4716,24101,0,0,2019,Finscope,
4725,24101,1,0,2019,Finscope,
4749,24101,1,0,2019,Finscope,
4775,24101,1,0,2019,Finscope,
4799,24101,0,0,2019,Finscope,
4828,24101,1,0,2019,Finscope,
4854,24101,1,0,2019,Finscope,
4877,24101,0,0,2019,Finscope,
4899,24101,0,0,2019,Finscope,
4925,24101,0,0,2019,Finscope,
4949,24101,1,0,2019,Finscope,
4975,24101,0,0,2019,Finscope,
5002,24101,0,0,2019,Finscope,
5028,24101,0,0,2019,Finscope,
5053,24101,0,0,2019,Finscope,
5075,24101,1,0,2019,Finscope,
5106,24101,0,0,2019,Finscope,
5124,24101,0,0,2019,Finscope,
5149,24101,0,0,2019,Finscope,
5180,24101,0,1,2019,Finscope,
5199,24201,0,0,2019,Finscope,
5225,24201,0,0,2019,Finscope,
5249,24201,1,0,2019,Finscope,
5276,24201,0,0,2019,Finscope,
5300,24201,0,0,2019,Finscope,
5324,24201,0,0,2019,Finscope,
5350,24201,0,0,2019,Finscope,
5374,24201,1,0,2019,Finscope,
5405,24201,1,0,2019,Finscope,
5426,24201,0,0,2019,Finscope,
5450,24201,0,0,2019,Finscope,
5479,24201,1,0,2019,Finscope,
5509,24201,1,0,2019,Finscope,
5527,24201,1,0,2019,Finscope,
5549,24201,1,0,2019,Finscope,
5574,24201,0,0,2019,Finscope,
5600,24202,0,0,2019,Finscope,
5626,24202,1,0,2019,Finscope,
5650,24202,1,0,2019,Finscope,
5676,24202,1,0,2019,Finscope,
5706,24202,0,0,2019,Finscope,
5724,24202,1,0,2019,Finscope,
5749,24202,0,0,2019,Finscope,
5777,24202,1,0,2019,Finscope,
5803,24301,0,0,2019,Finscope,
5824,24301,0,0,2019,Finscope,
5851,24301,0,0,2019,Finscope,
5878,24301,0,0,2019,Finscope,
5919,24301,0,0,2019,Finscope,
5924,24301,0,0,2019,Finscope,
5950,24301,1,0,2019,Finscope,
5975,24301,1,0,2019,Finscope,
6000,24302,1,0,2019,Finscope,
6027,24302,1,0,2019,Finscope,
6056,24302,0,0,2019,Finscope,
6076,24302,0,0,2019,Finscope,
6099,24302,1,0,2019,Finscope,
6124,24302,0,0,2019,Finscope,
6149,24302,0,0,2019,Finscope,
6176,24302,1,0,2019,Finscope,
6201,24401,1,0,2019,Finscope,
6231,24401,1,0,2019,Finscope,
6249,24401,1,0,2019,Finscope,
6275,24401,1,0,2019,Finscope,
6308,24401,1,0,2019,Finscope,
6324,24401,1,0,2019,Finscope,
6352,24401,1,0,2019,Finscope,
6374,24401,0,0,2019,Finscope,
6401,24401,0,0,2019,Finscope,
6424,24401,1,0,2019,Finscope,
6452,24401,1,0,2019,Finscope,
6475,24401,1,0,2019,Finscope,
6501,24401,0,0,2019,Finscope,
6524,24401,0,0,2019,Finscope,
6527,24401,1,0,2019,Finscope,
6550,24401,1,0,2019,Finscope,
6575,24401,1,0,2019,Finscope,
6608,24401,0,0,2019,Finscope,
6626,24501,0,0,2019,Finscope,
6651,24501,1,0,2019,Finscope,
6676,24501,1,0,2019,Finscope,
6700,24501,1,0,2019,Finscope,
6730,24501,0,0,2019,Finscope,
6751,24501,0,0,2019,Finscope,
6775,24501,1,0,2019,Finscope,
6803,24501,0,0,2019,Finscope,
6826,24501,1,0,2019,Finscope,
6866,24501,0,0,2019,Finscope,
6875,24501,1,0,2019,Finscope,
6906,24501,0,0,2019,Finscope,
6926,24501,0,0,2019,Finscope,
6953,24501,1,0,2019,Finscope,
6975,24501,1,0,2019,Finscope,
7000,24501,0,0,2019,Finscope,
7026,24502,0,0,2019,Finscope,
7054,24502,1,0,2019,Finscope,
7076,24502,0,0,2019,Finscope,
7109,24502,0,0,2019,Finscope,
7125,24502,0,0,2019,Finscope,
7151,24502,0,0,2019,Finscope,
7175,24502,0,0,2019,Finscope,
7200,24502,0,0,2019,Finscope,
7226,24502,0,0,2019,Finscope,
7251,24502,0,0,2019,Finscope,
7275,24502,1,0,2019,Finscope,
7301,24502,0,0,2019,Finscope,
7326,24502,1,0,2019,Finscope,
7350,24502,0,0,2019,Finscope,
7351,24502,1,0,2019,Finscope,
7378,24502,0,0,2019,Finscope,
7403,24502,0,0,2019,Finscope,
7429,24502,0,0,2019,Finscope,
7452,24502,0,0,2019,Finscope,
7477,24502,0,0,2019,Finscope,
7520,24502,1,0,2019,Finscope,
7527,24502,0,0,2019,Finscope,
7551,24502,0,0,2019,Finscope,
7576,24502,0,0,2019,Finscope,
7602,30202,0,0,2019,Finscope,
7627,30202,0,0,2019,Finscope,
7654,30202,0,0,2019,Finscope,
7677,30202,1,0,2019,Finscope,
7704,30202,0,0,2019,Finscope,
7727,30202,0,0,2019,Finscope,
7753,30202,0,0,2019,Finscope,
7777,30202,1,0,2019,Finscope,
7801,30301,1,0,2019,Finscope,
7832,30301,1,0,2019,Finscope,
7856,30301,1,0,2019,Finscope,
7881,30301,0,0,2019,Finscope,
7905,30301,0,0,2019,Finscope,
7935,30301,1,0,2019,Finscope,
7951,30301,0,0,2019,Finscope,
7976,30301,0,0,2019,Finscope,
8002,30307,1,0,2019,Finscope,
8026,30307,1,0,2019,Finscope,
8059,30307,0,0,2019,Finscope,
8078,30307,0,0,2019,Finscope,
8119,30307,0,0,2019,Finscope,
8126,30307,1,0,2019,Finscope,
8167,30307,0,0,2019,Finscope,
8177,30307,1,0,2019,Finscope,
8206,30401,0,0,2019,Finscope,
8234,30401,1,0,2019,Finscope,
8254,30401,0,0,2019,Finscope,
8281,30401,0,0,2019,Finscope,
8307,30401,0,0,2019,Finscope,
8326,30401,1,0,2019,Finscope,
8351,30401,0,0,2019,Finscope,
8387,30401,1,0,2019,Finscope,
8401,30401,1,0,2019,Finscope,
8427,30401,0,0,2019,Finscope,
8451,30401,1,0,2019,Finscope,
8483,30401,1,0,2019,Finscope,
8509,30401,1,0,2019,Finscope,
8528,30401,0,0,2019,Finscope,
8552,30401,1,0,2019,Finscope,
8577,30401,0,0,2019,Finscope,
8603,30502,0,0,2019,Finscope,
8628,30502,0,0,2019,Finscope,
8652,30502,0,0,2019,Finscope,
8677,30502,1,0,2019,Finscope,
8703,30502,1,0,2019,Finscope,
8726,30502,0,0,2019,Finscope,
8751,30502,0,0,2019,Finscope,
8776,30502,0,0,2019,Finscope,
8801,30503,0,0,2019,Finscope,
8826,30503,1,0,2019,Finscope,
8854,30503,0,0,2019,Finscope,
8877,30503,0,0,2019,Finscope,
8901,30503,1,0,2019,Finscope,
8929,30503,1,0,2019,Finscope,
8951,30503,1,0,2019,Finscope,
8976,30503,0,0,2019,Finscope,
9003,30605,0,0,2019,Finscope,
9037,30605,0,0,2019,Finscope,
9054,30605,0,0,2019,Finscope,
9077,30605,1,0,2019,Finscope,
9102,30605,0,0,2019,Finscope,
9138,30605,1,0,2019,Finscope,
9151,30605,0,0,2019,Finscope,
9176,30605,1,0,2019,Finscope,
9201,30607,0,0,2019,Finscope,
9228,30607,1,0,2019,Finscope,
9252,30607,0,0,2019,Finscope,
9276,30607,0,0,2019,Finscope,
9303,30607,1,0,2019,Finscope,
9327,30607,0,0,2019,Finscope,
9359,30607,0,0,2019,Finscope,
9377,30607,0,0,2019,Finscope,
9404,30712,1,1,2019,Finscope,
9429,30712,0,1,2019,Finscope,
9460,30712,0,1,2019,Finscope,
9478,30712,0,1,2019,Finscope,
9505,30712,0,1,2019,Finscope,
9526,30712,1,1,2019,Finscope,
9552,30712,0,1,2019,Finscope,
9577,30712,1,1,2019,Finscope,
9601,30807,0,0,2019,Finscope,
9629,30807,0,0,2019,Finscope,
9652,30807,0,0,2019,Finscope,
9678,30807,0,0,2019,Finscope,
9702,30807,0,0,2019,Finscope,
9726,30807,1,0,2019,Finscope,
9751,30807,1,0,2019,Finscope,
9778,30807,0,0,2019,Finscope,
9805,30807,0,0,2019,Finscope,
9839,30807,1,0,2019,Finscope,
9854,30807,0,0,2019,Finscope,
9877,30807,0,0,2019,Finscope,
9904,30807,0,0,2019,Finscope,
9929,30807,1,0,2019,Finscope,
9952,30807,0,0,2019,Finscope,
9976,30807,1,0,2019,Finscope,
10002,30817,0,0,2019,Finscope,
10027,30817,0,0,2019,Finscope,
10052,30817,0,0,2019,Finscope,
10080,30817,1,0,2019,Finscope,
10117,30817,0,0,2019,Finscope,
10126,30817,1,0,2019,Finscope,
10152,30817,0,0,2019,Finscope,
10178,30817,1,0,2019,Finscope,
10203,30818,0,0,2019,Finscope,
10232,30818,0,0,2019,Finscope,
10258,30818,1,0,2019,Finscope,
10277,30818,1,0,2019,Finscope,
10309,30818,1,0,2019,Finscope,
10327,30818,0,0,2019,Finscope,
10351,30818,0,0,2019,Finscope,
10381,30818,1,0,2019,Finscope,
10402,30902,0,0,2019,Finscope,
10426,30902,0,0,2019,Finscope,
10451,30902,0,0,2019,Finscope,
10477,30902,0,0,2019,Finscope,
10507,30902,0,0,2019,Finscope,
10528,30902,1,0,2019,Finscope,
10551,30902,0,0,2019,Finscope,
10577,30902,0,0,2019,Finscope,
10601,30902,0,0,2019,Finscope,
10629,30902,1,0,2019,Finscope,
10651,30902,1,0,2019,Finscope,
10677,30902,0,0,2019,Finscope,
10708,30902,0,0,2019,Finscope,
10726,30902,0,0,2019,Finscope,
10751,30902,0,0,2019,Finscope,
10776,30902,0,0,2019,Finscope,
10806,30905,0,0,2019,Finscope,
10826,30905,1,0,2019,Finscope,
10852,30905,0,0,2019,Finscope,
10876,30905,0,0,2019,Finscope,
10908,30905,0,0,2019,Finscope,
10926,30905,0,0,2019,Finscope,
10951,30905,0,0,2019,Finscope,
10977,30905,1,0,2019,Finscope,
11006,31103,0,0,2019,Finscope,
11027,31103,1,0,2019,Finscope,
11060,31103,0,0,2019,Finscope,
11077,31103,0,0,2019,Finscope,
11107,31103,0,0,2019,Finscope,
11126,31103,0,0,2019,Finscope,
11151,31103,0,0,2019,Finscope,
11176,31103,0,0,2019,Finscope,
11207,31103,1,0,2019,Finscope,
11227,31103,0,0,2019,Finscope,
11255,31103,1,0,2019,Finscope,
11280,31103,0,0,2019,Finscope,
11304,31103,0,0,2019,Finscope,
11326,31103,1,0,2019,Finscope,
11352,31103,0,0,2019,Finscope,
11384,31103,0,0,2019,Finscope,
11402,31207,1,1,2019,Finscope,
11427,31207,0,1,2019,Finscope,
11451,31207,1,1,2019,Finscope,
11477,31207,0,1,2019,Finscope,
11505,31207,1,1,2019,Finscope,
11530,31207,0,1,2019,Finscope,
11557,31207,0,1,2019,Finscope,
11576,31207,1,1,2019,Finscope,
11601,31210,1,1,2019,Finscope,
11627,31210,0,1,2019,Finscope,
11660,31210,0,1,2019,Finscope,
11680,31210,1,1,2019,Finscope,
11705,31210,0,1,2019,Finscope,
11729,31210,1,1,2019,Finscope,
11751,31210,1,1,2019,Finscope,
11777,31210,0,1,2019,Finscope,
11803,31211,1,1,2019,Finscope,
11829,31211,0,1,2019,Finscope,
11853,31211,0,1,2019,Finscope,
11878,31211,1,1,2019,Finscope,
11903,31211,0,1,2019,Finscope,
11926,31211,0,1,2019,Finscope,
11952,31211,0,1,2019,Finscope,
11981,31211,1,1,2019,Finscope,
12001,31325,0,1,2019,Finscope,
12034,31325,0,1,2019,Finscope,
12053,31325,0,1,2019,Finscope,
12078,31325,0,1,2019,Finscope,
12103,31325,0,1,2019,Finscope,
12126,31325,1,1,2019,Finscope,
12152,31325,0,1,2019,Finscope,
12181,31325,0,1,2019,Finscope,
12201,31336,0,0,2019,Finscope,
12204,31336,0,0,2019,Finscope,
12229,31336,0,0,2019,Finscope,
12256,31336,0,0,2019,Finscope,
12278,31336,0,0,2019,Finscope,
12306,31336,0,0,2019,Finscope,
12330,31336,0,0,2019,Finscope,
12357,31336,0,0,2019,Finscope,
12377,31336,1,0,2019,Finscope,
12402,31339,1,0,2019,Finscope,
12434,31339,1,0,2019,Finscope,
12453,31339,1,0,2019,Finscope,
12482,31339,0,0,2019,Finscope,
12504,31339,0,0,2019,Finscope,
12532,31339,1,0,2019,Finscope,
12554,31339,0,0,2019,Finscope,
12578,31339,0,0,2019,Finscope,
12603,31420,0,1,2019,Finscope,
12627,31420,1,1,2019,Finscope,
12654,31420,0,1,2019,Finscope,
12678,31420,0,1,2019,Finscope,
12708,31420,0,1,2019,Finscope,
12728,31420,0,1,2019,Finscope,
12753,31420,0,1,2019,Finscope,
12777,31420,1,1,2019,Finscope,
12802,31435,0,0,2019,Finscope,
12828,31435,0,0,2019,Finscope,
12852,31435,0,0,2019,Finscope,
12912,31435,0,0,2019,Finscope,
12921,31435,1,0,2019,Finscope,
12940,31435,0,0,2019,Finscope,
12967,31435,1,0,2019,Finscope,
12989,31435,1,0,2019,Finscope,
13018,31435,0,0,2019,Finscope,
13041,31435,0,0,2019,Finscope,
13064,31435,0,0,2019,Finscope,
13090,31435,1,0,2019,Finscope,
13122,31435,0,0,2019,Finscope,
13139,31435,0,0,2019,Finscope,
13163,31435,1,0,2019,Finscope,
13189,31435,0,0,2019,Finscope,
13214,31441,0,0,2019,Finscope,
13252,31441,0,0,2019,Finscope,
13264,31441,0,0,2019,Finscope,
13291,31441,0,0,2019,Finscope,
13318,31441,0,0,2019,Finscope,
13338,31441,1,0,2019,Finscope,
13369,31441,0,0,2019,Finscope,
13396,31441,0,0,2019,Finscope,
13415,31441,1,0,2019,Finscope,
13439,31441,0,0,2019,Finscope,
13463,31441,1,0,2019,Finscope,
13488,31441,1,0,2019,Finscope,
13514,31441,0,0,2019,Finscope,
13540,31441,0,0,2019,Finscope,
13571,31441,0,0,2019,Finscope,
13591,31441,0,0,2019,Finscope,
13620,32101,0,1,2019,Finscope,
13639,32101,0,1,2019,Finscope,
13664,32101,1,1,2019,Finscope,
13692,32101,0,1,2019,Finscope,
13720,32101,0,1,2019,Finscope,
13738,32101,1,1,2019,Finscope,
13763,32101,0,1,2019,Finscope,
13788,32101,0,1,2019,Finscope,
13815,32102,0,0,2019,Finscope,
13838,32102,0,0,2019,Finscope,
13864,32102,0,0,2019,Finscope,
13901,32102,0,0,2019,Finscope,
13921,32102,0,0,2019,Finscope,
13939,32102,1,0,2019,Finscope,
13963,32102,1,0,2019,Finscope,
14009,32102,0,0,2019,Finscope,
14016,32105,1,0,2019,Finscope,
14056,32105,1,0,2019,Finscope,
14068,32105,0,0,2019,Finscope,
14093,32105,1,0,2019,Finscope,
14115,32105,1,0,2019,Finscope,
14149,32105,0,0,2019,Finscope,
14168,32105,1,0,2019,Finscope,
14188,32105,0,0,2019,Finscope,
14222,32107,1,0,2019,Finscope,
14239,32107,0,0,2019,Finscope,
14264,32107,0,0,2019,Finscope,
14289,32107,1,0,2019,Finscope,
14316,32107,0,0,2019,Finscope,
14338,32107,0,0,2019,Finscope,
14371,32107,1,0,2019,Finscope,
14388,32107,1,0,2019,Finscope,
14413,32110,1,0,2019,Finscope,
14439,32110,0,0,2019,Finscope,
14464,32110,0,0,2019,Finscope,
14490,32110,1,0,2019,Finscope,
14515,32110,1,0,2019,Finscope,
14538,32110,1,0,2019,Finscope,
14564,32110,1,0,2019,Finscope,
14589,32110,0,0,2019,Finscope,
14622,32207,0,1,2019,Finscope,
14640,32207,0,1,2019,Finscope,
14665,32207,1,1,2019,Finscope,
14698,32207,0,1,2019,Finscope,
14724,32207,0,1,2019,Finscope,
14738,32207,1,1,2019,Finscope,
14766,32207,1,1,2019,Finscope,
14805,32207,0,1,2019,Finscope,
14814,32221,1,1,2019,Finscope,
14841,32221,0,1,2019,Finscope,
14867,32221,0,1,2019,Finscope,
14891,32221,0,1,2019,Finscope,
14918,32221,0,1,2019,Finscope,
14938,32221,1,1,2019,Finscope,
14963,32221,0,1,2019,Finscope,
14988,32221,0,1,2019,Finscope,
15014,32224,0,1,2019,Finscope,
15040,32224,0,1,2019,Finscope,
15065,32224,0,1,2019,Finscope,
15090,32224,1,1,2019,Finscope,
15120,32224,0,1,2019,Finscope,
15139,32224,0,1,2019,Finscope,
15164,32224,0,1,2019,Finscope,
15189,32224,0,1,2019,Finscope,
15215,32232,0,1,2019,Finscope,
15239,32232,0,1,2019,Finscope,
15265,32232,0,1,2019,Finscope,
15291,32232,0,1,2019,Finscope,
15328,32232,0,1,2019,Finscope,
15339,32232,0,1,2019,Finscope,
15369,32232,0,1,2019,Finscope,
15388,32232,1,1,2019,Finscope,
15415,32301,1,0,2019,Finscope,
15442,32301,0,0,2019,Finscope,
15468,32301,0,0,2019,Finscope,
15494,32301,1,0,2019,Finscope,
15516,32301,1,0,2019,Finscope,
15541,32301,1,0,2019,Finscope,
15566,32301,1,0,2019,Finscope,
15590,32301,0,0,2019,Finscope,
15615,32302,0,0,2019,Finscope,
15645,32302,1,0,2019,Finscope,
15670,32302,0,0,2019,Finscope,
15698,32302,0,0,2019,Finscope,
15720,32302,0,0,2019,Finscope,
15744,32302,0,0,2019,Finscope,
15766,32302,1,0,2019,Finscope,
15791,32302,1,0,2019,Finscope,
15823,32304,0,0,2019,Finscope,
15855,32304,1,0,2019,Finscope,
15866,32304,0,0,2019,Finscope,
15896,32304,0,0,2019,Finscope,
15919,32304,0,0,2019,Finscope,
15940,32304,1,0,2019,Finscope,
15965,32304,0,0,2019,Finscope,
15991,32304,1,0,2019,Finscope,
16016,32306,1,1,2019,Finscope,
16041,32306,0,1,2019,Finscope,
16067,32306,0,1,2019,Finscope,
16095,32306,0,1,2019,Finscope,
16118,32306,0,1,2019,Finscope,
16140,32306,1,1,2019,Finscope,
16165,32306,1,1,2019,Finscope,
16191,32306,0,1,2019,Finscope,
16218,32308,0,0,2019,Finscope,
16242,32308,0,0,2019,Finscope,
16267,32308,0,0,2019,Finscope,
16296,32308,0,0,2019,Finscope,
16317,32308,0,0,2019,Finscope,
16340,32308,0,0,2019,Finscope,
16365,32308,0,0,2019,Finscope,
16390,32308,1,0,2019,Finscope,
16416,32401,0,0,2019,Finscope,
16454,32401,0,0,2019,Finscope,
16469,32401,1,0,2019,Finscope,
16496,32401,0,0,2019,Finscope,
16518,32401,0,0,2019,Finscope,
16541,32401,1,0,2019,Finscope,
16595,32401,0,0,2019,Finscope,
16598,32401,0,0,2019,Finscope,
16628,32402,0,0,2019,Finscope,
16654,32402,1,0,2019,Finscope,
16685,32402,1,0,2019,Finscope,
16697,32402,0,0,2019,Finscope,
16728,32402,1,0,2019,Finscope,
16751,32402,0,0,2019,Finscope,
16772,32402,0,0,2019,Finscope,
16797,32402,1,0,2019,Finscope,
16822,32404,1,0,2019,Finscope,
16847,32404,1,0,2019,Finscope,
16873,32404,0,0,2019,Finscope,
16920,32404,0,0,2019,Finscope,
16927,32404,1,0,2019,Finscope,
16953,32404,0,0,2019,Finscope,
16977,32404,0,0,2019,Finscope,
17002,32404,1,0,2019,Finscope,
17027,32404,0,0,2019,Finscope,
17052,32404,0,0,2019,Finscope,
17079,32404,1,0,2019,Finscope,
17103,32404,0,0,2019,Finscope,
17128,32404,0,0,2019,Finscope,
17154,32404,1,0,2019,Finscope,
17185,32404,1,0,2019,Finscope,
17207,32404,0,0,2019,Finscope,
17238,32409,1,0,2019,Finscope,
17271,32409,0,0,2019,Finscope,
17288,32409,0,0,2019,Finscope,
17311,32409,0,0,2019,Finscope,
17335,32409,0,0,2019,Finscope,
17359,32409,0,0,2019,Finscope,
17384,32409,1,0,2019,Finscope,
17409,32409,1,0,2019,Finscope,
17436,32411,0,0,2019,Finscope,
17462,32411,0,0,2019,Finscope,
17485,32411,0,0,2019,Finscope,
17511,32411,1,0,2019,Finscope,
17536,32411,0,0,2019,Finscope,
17559,32411,1,0,2019,Finscope,
17584,32411,1,0,2019,Finscope,
17610,32411,0,0,2019,Finscope,
17675,33101,1,1,2019,Finscope,
17686,33101,0,1,2019,Finscope,
17715,33101,1,1,2019,Finscope,
17760,33101,1,1,2019,Finscope,
17772,33101,1,1,2019,Finscope,
17800,33101,0,1,2019,Finscope,
17818,33101,1,1,2019,Finscope,
17854,33101,1,1,2019,Finscope,
17894,33105,1,1,2019,Finscope,
17909,33105,1,1,2019,Finscope,
17940,33105,0,1,2019,Finscope,
17960,33105,0,1,2019,Finscope,
17987,33105,0,1,2019,Finscope,
18008,33105,1,1,2019,Finscope,
18034,33105,1,1,2019,Finscope,
18058,33105,0,1,2019,Finscope,
18084,33110,1,0,2019,Finscope,
18110,33110,0,0,2019,Finscope,
18139,33110,0,0,2019,Finscope,
18166,33110,0,0,2019,Finscope,
18193,33110,0,0,2019,Finscope,
18219,33110,0,0,2019,Finscope,
18233,33110,0,0,2019,Finscope,
18258,33110,0,0,2019,Finscope,
18294,33206,0,1,2019,Finscope,
18311,33206,0,1,2019,Finscope,
18339,33206,0,1,2019,Finscope,
18360,33206,0,1,2019,Finscope,
18384,33206,0,1,2019,Finscope,
18414,33206,1,1,2019,Finscope,
18437,33206,0,1,2019,Finscope,
18473,33206,1,1,2019,Finscope,
18491,33210,1,1,2019,Finscope,
18514,33210,0,1,2019,Finscope,
18545,33210,1,1,2019,Finscope,
18568,33210,0,1,2019,Finscope,
18587,33210,1,1,2019,Finscope,
18611,33210,0,1,2019,Finscope,
18637,33210,1,1,2019,Finscope,
18662,33210,0,1,2019,Finscope,
18690,33214,0,0,2019,Finscope,
18717,33214,0,0,2019,Finscope,
18740,33214,1,0,2019,Finscope,
18767,33214,1,0,2019,Finscope,
18788,33214,0,0,2019,Finscope,
18813,33214,1,0,2019,Finscope,
18836,33214,1,0,2019,Finscope,
18862,33214,0,0,2019,Finscope,
18893,33304,0,0,2019,Finscope,
18926,33304,0,0,2019,Finscope,
18938,33304,1,0,2019,Finscope,
18962,33304,0,0,2019,Finscope,
18990,33304,1,0,2019,Finscope,
19011,33304,0,0,2019,Finscope,
19036,33304,1,0,2019,Finscope,
19061,33304,1,0,2019,Finscope,
19087,33305,1,1,2019,Finscope,
19115,33305,0,1,2019,Finscope,
19141,33305,0,1,2019,Finscope,
19165,33305,0,1,2019,Finscope,
19192,33305,1,1,2019,Finscope,
19211,33305,0,1,2019,Finscope,
19236,33305,1,1,2019,Finscope,
19262,33305,1,1,2019,Finscope,
19291,34108,0,1,2019,Finscope,
19316,34108,1,1,2019,Finscope,
19340,34108,0,1,2019,Finscope,
19366,34108,0,1,2019,Finscope,
19393,34108,0,1,2019,Finscope,
19412,34108,1,1,2019,Finscope,
19436,34108,0,1,2019,Finscope,
19462,34108,0,1,2019,Finscope,
19496,35214,1,1,2019,Finscope,
19515,35214,0,1,2019,Finscope,
19540,35214,0,1,2019,Finscope,
19564,35214,1,1,2019,Finscope,
19597,35214,0,1,2019,Finscope,
19612,35214,0,1,2019,Finscope,
19637,35214,1,1,2019,Finscope,
19662,35214,0,1,2019,Finscope,
19687,36104,0,1,2019,Finscope,
19711,36104,1,1,2019,Finscope,
19736,36104,0,1,2019,Finscope,
19765,36104,0,1,2019,Finscope,
19793,36104,0,1,2019,Finscope,
19815,36104,0,1,2019,Finscope,
19837,36104,0,1,2019,Finscope,
19861,36104,0,1,2019,Finscope,
19886,36105,0,0,2019,Finscope,
19914,36105,0,0,2019,Finscope,
19936,36105,0,0,2019,Finscope,
19966,36105,0,0,2019,Finscope,
19987,36105,0,0,2019,Finscope,
20019,36105,0,0,2019,Finscope,
20037,36105,1,0,2019,Finscope,
20061,36105,1,0,2019,Finscope,
20088,37111,0,1,2019,Finscope,
20114,37111,1,1,2019,Finscope,
20137,37111,0,1,2019,Finscope,
20165,37111,0,1,2019,Finscope,
20193,37111,1,1,2019,Finscope,
20211,37111,0,1,2019,Finscope,
20236,37111,0,1,2019,Finscope,
20266,37111,0,1,2019,Finscope,
20290,37214,1,1,2019,Finscope,
20323,37214,1,1,2019,Finscope,
20341,37214,0,1,2019,Finscope,
20364,37214,0,1,2019,Finscope,
20398,37214,1,1,2019,Finscope,
20412,37214,0,1,2019,Finscope,
20436,37214,0,1,2019,Finscope,
20461,37214,1,1,2019,Finscope,
20489,38103,0,1,2019,Finscope,
20520,38103,0,1,2019,Finscope,
20547,38103,0,1,2019,Finscope,
20564,38103,1,1,2019,Finscope,
20593,38103,0,1,2019,Finscope,
20611,38103,0,1,2019,Finscope,
20640,38103,0,1,2019,Finscope,
20671,38103,0,1,2019,Finscope,
20687,40201,0,1,2019,Finscope,
20723,40201,0,1,2019,Finscope,
20738,40201,0,1,2019,Finscope,
20763,40201,0,1,2019,Finscope,
20788,40201,0,1,2019,Finscope,
20814,40201,0,1,2019,Finscope,
20840,40201,0,1,2019,Finscope,
20862,40201,0,1,2019,Finscope,
20896,42103,1,1,2019,Finscope,
20915,42103,0,1,2019,Finscope,
20937,42103,0,1,2019,Finscope,
20980,42103,0,1,2019,Finscope,
21000,42103,0,1,2019,Finscope,
21012,42103,0,1,2019,Finscope,
21037,42103,0,1,2019,Finscope,
21061,42103,0,1,2019,Finscope,
21091,43102,0,1,2019,Finscope,
21115,43102,0,1,2019,Finscope,
21145,43102,0,1,2019,Finscope,
21169,43102,0,1,2019,Finscope,
21193,43102,0,1,2019,Finscope,
21211,43102,0,1,2019,Finscope,
21236,43102,0,1,2019,Finscope,
21261,43102,0,1,2019,Finscope,
21286,43115,1,0,2019,Finscope,
21322,43115,0,0,2019,Finscope,
21337,43115,0,0,2019,Finscope,
21361,43115,0,0,2019,Finscope,
21395,43115,0,0,2019,Finscope,
21411,43115,0,0,2019,Finscope,
21440,43115,1,0,2019,Finscope,
21471,43115,0,0,2019,Finscope,
21490,43115,0,0,2019,Finscope,
21512,43201,0,1,2019,Finscope,
21543,43201,0,1,2019,Finscope,
21572,43201,0,1,2019,Finscope,
21600,43201,0,1,2019,Finscope,
21622,43201,0,1,2019,Finscope,
21642,43201,0,1,2019,Finscope,
21689,43201,1,1,2019,Finscope,
21693,43201,1,1,2019,Finscope,
21723,44206,0,1,2019,Finscope,
21757,44206,0,1,2019,Finscope,
21774,44206,0,1,2019,Finscope,
21805,44206,0,1,2019,Finscope,
21818,44206,0,1,2019,Finscope,
21843,44206,0,1,2019,Finscope,
21877,44206,1,1,2019,Finscope,
21898,44206,1,1,2019,Finscope,
21920,45119,0,1,2019,Finscope,
21970,45119,0,1,2019,Finscope,
21983,45119,0,1,2019,Finscope,
22034,45119,1,1,2019,Finscope,
22054,45119,1,1,2019,Finscope,
22077,45119,0,1,2019,Finscope,
22102,45119,0,1,2019,Finscope,
22135,45119,1,1,2019,Finscope,
22152,45120,1,1,2019,Finscope,
22187,45120,0,1,2019,Finscope,
22209,45120,1,1,2019,Finscope,
22238,45120,0,1,2019,Finscope,
22254,45120,0,1,2019,Finscope,
22285,45120,0,1,2019,Finscope,
22307,45120,0,1,2019,Finscope,
22329,45211,0,1,2019,Finscope,
22355,45211,0,1,2019,Finscope,
22384,45211,0,1,2019,Finscope,
22409,45211,0,1,2019,Finscope,
22429,45211,0,1,2019,Finscope,
22454,45211,0,1,2019,Finscope,
22478,45211,0,1,2019,Finscope,
22506,45211,0,1,2019,Finscope,
22535,50114,0,1,2019,Finscope,
22554,50114,0,1,2019,Finscope,
22587,50114,0,1,2019,Finscope,
22603,50114,0,1,2019,Finscope,
22630,50114,0,1,2019,Finscope,
22652,50114,0,1,2019,Finscope,
22684,50114,0,1,2019,Finscope,
22704,50114,0,1,2019,Finscope,
22727,50130,0,0,2019,Finscope,
22755,50130,0,0,2019,Finscope,
22785,50130,0,0,2019,Finscope,
22803,50130,0,0,2019,Finscope,
22828,50130,0,0,2019,Finscope,
22852,50130,0,0,2019,Finscope,
22878,50130,1,0,2019,Finscope,
22903,50130,1,0,2019,Finscope,
22928,51105,0,1,2019,Finscope,
22956,51105,0,1,2019,Finscope,
22978,51105,0,1,2019,Finscope,
23003,51105,0,1,2019,Finscope,
23028,51105,0,1,2019,Finscope,
23054,51105,0,1,2019,Finscope,
23078,51105,0,1,2019,Finscope,
23103,51105,0,1,2019,Finscope,
23128,51202,1,1,2019,Finscope,
23154,51202,0,1,2019,Finscope,
23179,51202,0,1,2019,Finscope,
23205,51202,0,1,2019,Finscope,
23228,51202,0,1,2019,Finscope,
23254,51202,0,1,2019,Finscope,
23278,51202,0,1,2019,Finscope,
23303,51202,0,1,2019,Finscope,
23328,51227,0,1,2019,Finscope,
23361,51227,0,1,2019,Finscope,
23377,51227,1,1,2019,Finscope,
23413,51227,0,1,2019,Finscope,
23430,51227,0,1,2019,Finscope,
23452,51227,0,1,2019,Finscope,
23477,51227,0,1,2019,Finscope,
23502,51227,1,1,2019,Finscope,
23529,52106,0,1,2019,Finscope,
23557,52106,0,1,2019,Finscope,
23578,52106,0,1,2019,Finscope,
23609,52106,0,1,2019,Finscope,
23633,52106,0,1,2019,Finscope,
23653,52106,0,1,2019,Finscope,
23679,52106,0,1,2019,Finscope,
23705,52106,0,1,2019,Finscope,
23735,52201,0,1,2019,Finscope,
23756,52201,0,1,2019,Finscope,
23798,52201,0,1,2019,Finscope,
23812,52201,0,1,2019,Finscope,
23843,52201,0,1,2019,Finscope,
23860,52201,0,1,2019,Finscope,
23885,52201,0,1,2019,Finscope,
23909,52201,0,1,2019,Finscope,
23940,53209,0,1,2019,Finscope,
23968,53209,0,1,2019,Finscope,
23984,53209,0,1,2019,Finscope,
24011,53209,0,1,2019,Finscope,
24036,53209,1,1,2019,Finscope,
24059,53209,0,1,2019,Finscope,
24084,53209,0,1,2019,Finscope,
24109,53209,0,1,2019,Finscope,
24134,54101,0,1,2019,Finscope,
24178,54101,0,1,2019,Finscope,
24186,54101,0,1,2019,Finscope,
24216,54101,0,1,2019,Finscope,
24239,54101,0,1,2019,Finscope,
24265,54101,0,1,2019,Finscope,
24294,54101,0,1,2019,Finscope,
24309,54101,0,1,2019,Finscope,
24349,54114,0,1,2019,Finscope,
24368,54114,0,1,2019,Finscope,
24389,54114,0,1,2019,Finscope,
24418,54114,0,1,2019,Finscope,
24444,54114,0,1,2019,Finscope,
24474,54114,0,1,2019,Finscope,
24487,54114,0,1,2019,Finscope,
24517,54114,0,1,2019,Finscope,
24535,54207,0,1,2019,Finscope,
24562,54207,0,1,2019,Finscope,
24587,54207,0,1,2019,Finscope,
24611,54207,0,1,2019,Finscope,
24635,54207,0,1,2019,Finscope,
24660,54207,0,1,2019,Finscope,
24685,54207,0,1,2019,Finscope,
24709,54207,0,1,2019,Finscope,
24736,55118,0,1,2019,Finscope,
24761,55118,0,1,2019,Finscope,
24796,55118,0,1,2019,Finscope,
24810,55118,0,1,2019,Finscope,
24856,55118,0,1,2019,Finscope,
24861,55118,0,1,2019,Finscope,
24885,55118,0,1,2019,Finscope,
24910,55118,1,1,2019,Finscope,
24937,55206,0,1,2019,Finscope,
24971,55206,0,1,2019,Finscope,
25002,55206,0,1,2019,Finscope,
25017,55206,0,1,2019,Finscope,
25037,55206,0,1,2019,Finscope,
25075,55206,0,1,2019,Finscope,
25090,55206,0,1,2019,Finscope,
25113,55206,1,1,2019,Finscope,
25137,55301,0,0,2019,Finscope,
25166,55301,0,0,2019,Finscope,
25187,55301,0,0,2019,Finscope,
25233,55301,0,0,2019,Finscope,
25241,55301,0,0,2019,Finscope,
25263,55301,0,0,2019,Finscope,
25288,55301,0,0,2019,Finscope,
25312,55301,1,0,2019,Finscope,
25338,55301,0,0,2019,Finscope,
25363,55301,0,0,2019,Finscope,
25387,55301,1,0,2019,Finscope,
25412,55301,0,0,2019,Finscope,
25442,55301,0,0,2019,Finscope,
25462,55301,0,0,2019,Finscope,
25487,55301,1,0,2019,Finscope,
25513,55301,1,0,2019,Finscope,
25538,55301,0,0,2019,Finscope,
25578,55301,0,0,2019,Finscope,
25590,55301,0,0,2019,Finscope,
25615,55301,0,0,2019,Finscope,
25644,55301,0,0,2019,Finscope,
25662,55301,0,0,2019,Finscope,
25699,55301,0,0,2019,Finscope,
25723,55301,0,0,2019,Finscope,
25759,55301,0,0,2019,Finscope,
25771,55301,1,0,2019,Finscope,
25800,55301,0,0,2019,Finscope,
25823,55301,0,0,2019,Finscope,
25853,55301,0,0,2019,Finscope,
25872,55301,0,0,2019,Finscope,
25896,55301,1,0,2019,Finscope,
25923,55301,0,0,2019,Finscope,
25950,55409,0,1,2019,Finscope,
25976,55409,0,1,2019,Finscope,
26001,55409,0,1,2019,Finscope,
26042,55409,0,1,2019,Finscope,
26053,55409,0,1,2019,Finscope,
26079,55409,0,1,2019,Finscope,
26104,55409,0,1,2019,Finscope,
26131,55409,0,1,2019,Finscope,
26162,55421,0,1,2019,Finscope,
26182,55421,0,1,2019,Finscope,
26204,55421,0,1,2019,Finscope,
26240,55421,0,1,2019,Finscope,
26265,55421,0,1,2019,Finscope,
26282,55421,0,1,2019,Finscope,
26302,55421,0,1,2019,Finscope,
26333,55421,0,1,2019,Finscope,
26353,56107,0,1,2019,Finscope,
26387,56107,0,1,2019,Finscope,
26410,56107,0,1,2019,Finscope,
26429,56107,0,1,2019,Finscope,
26453,56107,1,1,2019,Finscope,
26478,56107,1,1,2019,Finscope,
26503,56107,0,1,2019,Finscope,
26534,56107,0,1,2019,Finscope,
26558,56204,0,1,2019,Finscope,
26586,56204,0,1,2019,Finscope,
26604,56204,0,1,2019,Finscope,
26629,56204,0,1,2019,Finscope,
26654,56204,0,1,2019,Finscope,
26678,56204,0,1,2019,Finscope,
26702,56204,1,1,2019,Finscope,
26734,56204,1,1,2019,Finscope,
26769,56222,0,1,2019,Finscope,
26780,56222,1,1,2019,Finscope,
26804,56222,1,1,2019,Finscope,
26827,56222,0,1,2019,Finscope,
26861,56222,0,1,2019,Finscope,
26887,56222,1,1,2019,Finscope,
26913,56222,0,1,2019,Finscope,
26940,56222,0,1,2019,Finscope,
26956,61202,0,1,2019,Finscope,
26993,61202,0,1,2019,Finscope,
27014,61202,1,1,2019,Finscope,
27029,61202,0,1,2019,Finscope,
27058,61202,0,1,2019,Finscope,
27084,61202,0,1,2019,Finscope,
27103,61202,0,1,2019,Finscope,
27127,61202,0,1,2019,Finscope,
27157,62101,0,1,2019,Finscope,
27180,62101,0,1,2019,Finscope,
27205,62101,0,1,2019,Finscope,
27258,62101,1,1,2019,Finscope,
27266,62101,0,1,2019,Finscope,
27285,62101,1,1,2019,Finscope,
27310,62101,1,1,2019,Finscope,
27335,62101,0,1,2019,Finscope,
27361,63120,0,1,2019,Finscope,
27389,63120,0,1,2019,Finscope,
27437,63120,0,1,2019,Finscope,
27439,63120,1,1,2019,Finscope,
27464,63120,0,1,2019,Finscope,
27489,63120,0,1,2019,Finscope,
27518,63130,0,1,2019,Finscope,
27545,63130,0,1,2019,Finscope,
27563,63142,1,0,2019,Finscope,
27588,63142,1,0,2019,Finscope,
27621,63142,0,0,2019,Finscope,
27643,63142,0,0,2019,Finscope,
27667,63142,1,0,2019,Finscope,
27689,63142,1,0,2019,Finscope,
27714,63210,0,1,2019,Finscope,
27739,63210,1,1,2019,Finscope,
27764,63210,0,1,2019,Finscope,
27790,63210,0,1,2019,Finscope,
27819,63210,0,1,2019,Finscope,
27838,63210,0,1,2019,Finscope,
27873,63210,0,1,2019,Finscope,
27889,63213,0,1,2019,Finscope,
27914,63213,1,1,2019,Finscope,
27949,63213,0,1,2019,Finscope,
27971,63213,0,1,2019,Finscope,
27995,63213,0,1,2019,Finscope,
28019,63213,0,1,2019,Finscope,
28042,63213,0,1,2019,Finscope,
28073,63213,1,1,2019,Finscope,
28114,63213,1,1,2019,Finscope,
28130,63213,0,1,2019,Finscope,
28151,63213,0,1,2019,Finscope,
28195,64106,0,1,2019,Finscope,
28222,64106,0,1,2019,Finscope,
28227,64106,0,1,2019,Finscope,
28252,64106,0,1,2019,Finscope,
28285,64106,1,1,2019,Finscope,
28307,64106,1,1,2019,Finscope,
28326,64114,0,1,2019,Finscope,
28350,64114,1,1,2019,Finscope,
28376,64117,0,1,2019,Finscope,
28401,64117,0,1,2019,Finscope,
28438,64117,0,1,2019,Finscope,
28452,64117,0,1,2019,Finscope,
28480,64117,0,1,2019,Finscope,
28503,64117,1,1,2019,Finscope,
28525,64117,1,1,2019,Finscope,
28551,64117,1,1,2019,Finscope,
28582,64201,0,1,2019,Finscope,
28605,64201,0,1,2019,Finscope,
28630,64201,0,1,2019,Finscope,
28665,64201,0,1,2019,Finscope,
28676,64201,0,1,2019,Finscope,
28704,64201,0,1,2019,Finscope,
28725,64201,1,1,2019,Finscope,
28750,64201,0,1,2019,Finscope,
28787,64303,0,1,2019,Finscope,
28809,64303,0,1,2019,Finscope,
28826,64304,1,1,2019,Finscope,
28851,64304,0,1,2019,Finscope,
28880,64304,0,1,2019,Finscope,
28905,64304,0,1,2019,Finscope,
28925,64304,1,1,2019,Finscope,
28951,64304,0,1,2019,Finscope,
28985,64307,0,1,2019,Finscope,
29006,64307,0,1,2019,Finscope,
29030,64307,0,1,2019,Finscope,
29051,64307,0,1,2019,Finscope,
29077,64307,0,1,2019,Finscope,
29116,64307,0,1,2019,Finscope,
29129,64307,1,1,2019,Finscope,
29157,64307,0,1,2019,Finscope,
29183,72229,0,1,2019,Finscope,
29208,72229,0,1,2019,Finscope,
29245,72229,0,1,2019,Finscope,
29255,72229,0,1,2019,Finscope,
29282,72229,0,1,2019,Finscope,
29316,72229,0,1,2019,Finscope,
29343,72229,0,1,2019,Finscope,
29400,72229,0,1,2019,Finscope,
29416,73108,0,1,2019,Finscope,
29432,73108,0,1,2019,Finscope,
29478,73108,0,1,2019,Finscope,
29498,73108,0,1,2019,Finscope,
29531,73108,0,1,2019,Finscope,
29546,73108,1,1,2019,Finscope,
29584,73108,0,1,2019,Finscope,
29604,73108,0,1,2019,Finscope,
29635,73202,0,1,2019,Finscope,
29669,73202,0,1,2019,Finscope,
29686,73202,0,1,2019,Finscope,
29712,73202,0,1,2019,Finscope,
29739,73202,0,1,2019,Finscope,
29754,73202,1,1,2019,Finscope,
29779,73202,0,1,2019,Finscope,
29804,73202,1,1,2019,Finscope,
29832,73308,0,1,2019,Finscope,
29862,73308,0,1,2019,Finscope,
29880,73308,0,1,2019,Finscope,
29907,73308,0,1,2019,Finscope,
29940,73308,0,1,2019,Finscope,
29955,73308,0,1,2019,Finscope,
29980,73308,0,1,2019,Finscope,
30020,73308,0,1,2019,Finscope,
30032,74103,0,0,2019,Finscope,
30059,74103,1,0,2019,Finscope,
30086,74103,0,0,2019,Finscope,
30111,74103,0,0,2019,Finscope,
30131,74103,0,0,2019,Finscope,
30165,74103,0,0,2019,Finscope,
30179,74103,1,0,2019,Finscope,
30204,74103,1,0,2019,Finscope,
30236,74125,0,1,2019,Finscope,
30265,74125,0,1,2019,Finscope,
30287,74125,1,1,2019,Finscope,
30316,74125,0,1,2019,Finscope,
30334,74125,0,1,2019,Finscope,
30377,74125,0,1,2019,Finscope,
30391,74125,1,1,2019,Finscope,
30410,74125,0,1,2019,Finscope,
30435,74203,0,1,2019,Finscope,
30465,74203,0,1,2019,Finscope,
30484,74203,0,1,2019,Finscope,
30514,74203,0,1,2019,Finscope,
30553,74203,0,1,2019,Finscope,
30558,74203,0,1,2019,Finscope,
30586,74203,0,1,2019,Finscope,
30613,74203,0,1,2019,Finscope,
30646,74208,0,1,2019,Finscope,
30668,74208,0,1,2019,Finscope,
30684,74208,0,1,2019,Finscope,
30714,74208,0,1,2019,Finscope,
30740,74208,0,1,2019,Finscope,
30771,74208,0,1,2019,Finscope,
30793,74208,0,1,2019,Finscope,
30809,74208,0,1,2019,Finscope,
30835,74320,0,1,2019,Finscope,
30863,74320,1,1,2019,Finscope,
30902,74320,0,1,2019,Finscope,
30915,74320,0,1,2019,Finscope,
30938,74320,0,1,2019,Finscope,
30959,74320,0,1,2019,Finscope,
31004,74320,1,1,2019,Finscope,
31012,74320,0,1,2019,Finscope,
31013,74320,0,1,2019,Finscope,
31039,74409,1,1,2019,Finscope,
31088,74409,0,1,2019,Finscope,
31095,74409,0,1,2019,Finscope,
31124,74409,0,1,2019,Finscope,
31149,74409,0,1,2019,Finscope,
31171,74409,0,1,2019,Finscope,
31204,74409,0,1,2019,Finscope,
31229,74409,0,1,2019,Finscope,
31256,74412,0,1,2019,Finscope,
31294,74412,0,1,2019,Finscope,
31323,74412,1,1,2019,Finscope,
31333,74412,0,1,2019,Finscope,
31359,74412,0,1,2019,Finscope,
31380,74412,0,1,2019,Finscope,
31416,74414,0,1,2019,Finscope,
31434,74414,0,1,2019,Finscope,
31456,74414,1,1,2019,Finscope,
31488,74414,0,1,2019,Finscope,
31519,74414,0,1,2019,Finscope,
31538,74414,0,1,2019,Finscope,
31555,74414,0,1,2019,Finscope,
31584,74414,0,1,2019,Finscope,
31605,74414,0,1,2019,Finscope,
31630,74414,0,1,2019,Finscope,
31661,75101,0,0,2019,Finscope,
31681,75101,0,0,2019,Finscope,
31713,75101,1,0,2019,Finscope,
31733,75101,0,0,2019,Finscope,
31759,75101,0,0,2019,Finscope,
31780,75101,1,0,2019,Finscope,
31804,75101,0,0,2019,Finscope,
31837,75101,0,0,2019,Finscope,
31871,84212,0,1,2019,Finscope,
31886,81101,0,0,2019,Finscope,
31913,81101,1,0,2019,Finscope,
31949,81101,0,0,2019,Finscope,
31971,81101,0,0,2019,Finscope,
31995,81101,0,0,2019,Finscope,
32019,81101,0,0,2019,Finscope,
32066,81101,0,0,2019,Finscope,
32081,81101,0,0,2019,Finscope,
32094,81102,0,0,2019,Finscope,
32119,81102,0,0,2019,Finscope,
32144,81102,0,0,2019,Finscope,
32174,81102,0,0,2019,Finscope,
32193,81102,1,0,2019,Finscope,
32219,81102,1,0,2019,Finscope,
32243,81102,1,0,2019,Finscope,
32268,81102,1,0,2019,Finscope,
32300,81109,0,0,2019,Finscope,
32321,81109,0,0,2019,Finscope,
32348,81109,0,0,2019,Finscope,
32369,81109,0,0,2019,Finscope,
32394,81109,0,0,2019,Finscope,
32424,81109,1,0,2019,Finscope,
32443,81109,1,0,2019,Finscope,
32469,81109,0,0,2019,Finscope,
32531,81211,0,0,2019,Finscope,
32540,81211,0,0,2019,Finscope,
32574,81211,0,0,2019,Finscope,
32584,81211,0,0,2019,Finscope,
32616,81211,0,0,2019,Finscope,
32652,81211,0,0,2019,Finscope,
32680,81211,0,0,2019,Finscope,
32704,81211,0,0,2019,Finscope,
32746,81219,1,1,2019,Finscope,
32754,81219,0,1,2019,Finscope,
32788,81219,0,1,2019,Finscope,
32803,81219,0,1,2019,Finscope,
32829,81219,0,1,2019,Finscope,
32853,81219,0,1,2019,Finscope,
32877,81219,0,1,2019,Finscope,
32941,81219,1,1,2019,Finscope,
32948,82104,0,1,2019,Finscope,
32972,82104,0,1,2019,Finscope,
33016,82104,1,1,2019,Finscope,
33035,82104,1,1,2019,Finscope,
33055,82104,0,1,2019,Finscope,
33074,82104,0,1,2019,Finscope,
33100,82104,0,1,2019,Finscope,
33134,82104,0,1,2019,Finscope,
33163,82214,1,1,2019,Finscope,
33176,82214,0,1,2019,Finscope,
33200,82214,0,1,2019,Finscope,
33226,82214,0,1,2019,Finscope,
33274,82214,0,1,2019,Finscope,
33304,82214,0,1,2019,Finscope,
33323,82214,0,1,2019,Finscope,
33348,82214,0,1,2019,Finscope,
33385,83102,0,1,2019,Finscope,
33448,83102,0,1,2019,Finscope,
33495,83102,0,1,2019,Finscope,
33504,83102,1,1,2019,Finscope,
33526,83102,0,1,2019,Finscope,
33559,83102,1,1,2019,Finscope,
33584,83102,0,1,2019,Finscope,
33609,83102,0,1,2019,Finscope,
33636,83102,1,1,2019,Finscope,
33673,83102,0,1,2019,Finscope,
33688,83102,0,1,2019,Finscope,
33708,83115,0,1,2019,Finscope,
33748,83115,0,1,2019,Finscope,
33770,83115,0,1,2019,Finscope,
33794,83115,0,1,2019,Finscope,
33814,83115,0,1,2019,Finscope,
33838,83115,0,1,2019,Finscope,
33858,83115,1,1,2019,Finscope,
33885,83205,0,1,2019,Finscope,
33944,83205,0,0,2019,Finscope,
33952,83205,1,0,2019,Finscope,
33976,83205,1,0,2019,Finscope,
34001,83205,1,0,2019,Finscope,
34025,83205,0,0,2019,Finscope,
34054,83205,0,0,2019,Finscope,
34082,83205,0,0,2019,Finscope,
34103,83217,0,1,2019,Finscope,
34139,83217,0,1,2019,Finscope,
34150,83217,0,1,2019,Finscope,
34176,83217,1,1,2019,Finscope,
34200,83217,0,1,2019,Finscope,
34225,83217,0,1,2019,Finscope,
34250,83217,0,1,2019,Finscope,
34274,83217,0,1,2019,Finscope,
34305,83221,1,1,2019,Finscope,
34334,83221,0,1,2019,Finscope,
34358,83221,0,1,2019,Finscope,
34384,83221,0,1,2019,Finscope,
34399,83221,1,1,2019,Finscope,
34424,83221,1,1,2019,Finscope,
34454,84106,0,1,2019,Finscope,
34475,84106,0,1,2019,Finscope,
34509,84106,0,1,2019,Finscope,
34531,84106,0,1,2019,Finscope,
34551,84106,0,1,2019,Finscope,
34599,84106,0,1,2019,Finscope,
34602,84106,0,1,2019,Finscope,
34628,84106,0,1,2019,Finscope,
34654,84113,0,1,2019,Finscope,
34682,84113,0,1,2019,Finscope,
34706,84113,0,1,2019,Finscope,
34734,84113,0,1,2019,Finscope,
34759,84113,0,1,2019,Finscope,
34784,84113,0,1,2019,Finscope,
34803,84113,1,1,2019,Finscope,
34843,84113,0,1,2019,Finscope,
34879,84203,0,1,2019,Finscope,
34917,84203,0,1,2019,Finscope,
34926,84203,0,1,2019,Finscope,
34951,84203,0,1,2019,Finscope,
34990,84203,0,1,2019,Finscope,
35001,84203,0,1,2019,Finscope,
35023,84203,1,1,2019,Finscope,
35072,84203,1,1,2019,Finscope,
35116,84212,0,1,2019,Finscope,
35141,84212,0,1,2019,Finscope,
35164,84212,0,1,2019,Finscope,
35178,84212,0,1,2019,Finscope,
35205,84212,0,1,2019,Finscope,
35223,84212,0,1,2019,Finscope,
35247,84212,1,1,2019,Finscope,
35281,85101,0,0,2019,Finscope,
35298,85101,0,0,2019,Finscope,
35329,85101,0,0,2019,Finscope,
35361,85101,1,0,2019,Finscope,
35420,85101,0,0,2019,Finscope,
35422,85101,0,0,2019,Finscope,
35453,85101,0,0,2019,Finscope,
35473,85105,0,1,2019,Finscope,
35511,85105,0,1,2019,Finscope,
35530,85105,0,1,2019,Finscope,
35559,85105,0,1,2019,Finscope,
35579,85105,0,1,2019,Finscope,
35608,85105,1,1,2019,Finscope,
35662,85105,0,1,2019,Finscope,
35670,85105,0,1,2019,Finscope,
35699,85201,0,1,2019,Finscope,
35718,85201,0,1,2019,Finscope,
35745,85201,0,1,2019,Finscope,
35792,85201,0,1,2019,Finscope,
35802,85201,0,1,2019,Finscope,
35822,85201,1,1,2019,Finscope,
35856,85201,0,1,2019,Finscope,
35888,85201,0,1,2019,Finscope,
35909,85202,0,1,2019,Finscope,
35930,85202,0,1,2019,Finscope,
35959,85202,0,1,2019,Finscope,
35983,85202,0,1,2019,Finscope,
36005,85202,0,1,2019,Finscope,
36043,85202,0,1,2019,Finscope,
36070,85202,0,1,2019,Finscope,
36111,85202,0,1,2019,Finscope,
36164,85202,0,1,2019,Finscope,
36170,86105,0,0,2019,Finscope,
36229,86105,0,0,2019,Finscope,
36240,86105,0,0,2019,Finscope,
36260,86105,0,0,2019,Finscope,
36292,86105,0,1,2019,Finscope,
36314,86105,0,1,2019,Finscope,
36335,86105,0,1,2019,Finscope,
36368,86105,0,1,2019,Finscope,
36387,86112,0,1,2019,Finscope,
36424,86112,0,1,2019,Finscope,
36443,86112,0,1,2019,Finscope,
36484,86112,0,1,2019,Finscope,
36490,86112,0,1,2019,Finscope,
36513,86112,1,1,2019,Finscope,
36538,86112,0,1,2019,Finscope,
36567,86112,0,1,2019,Finscope,
36601,86210,0,1,2019,Finscope,
36621,86210,0,1,2019,Finscope,
36650,86210,0,1,2019,Finscope,
36663,86210,0,1,2019,Finscope,
36707,86210,1,1,2019,Finscope,
36714,86210,0,1,2019,Finscope,
36747,86210,1,1,2019,Finscope,
36777,86210,1,1,2019,Finscope,
36792,86220,0,1,2019,Finscope,
36822,86220,0,1,2019,Finscope,
36845,86220,0,1,2019,Finscope,
36873,86220,0,1,2019,Finscope,
36899,86220,0,1,2019,Finscope,
36914,86220,0,1,2019,Finscope,
36952,86220,1,1,2019,Finscope,
36971,86220,0,1,2019,Finscope,
36998,86225,0,1,2019,Finscope,
37031,86225,1,1,2019,Finscope,
37048,86225,0,1,2019,Finscope,
37066,86225,0,1,2019,Finscope,
37099,86225,0,1,2019,Finscope,
37121,86225,0,1,2019,Finscope,
37140,86225,1,1,2019,Finscope,
37165,86225,0,1,2019,Finscope,
       1   1,,0,0,2019,DHS,0.172113
       1   6,,0,0,2019,DHS,0.172113
       1  10,,0,0,2019,DHS,0.172113
       1  14,,0,0,2019,DHS,0.172113
       1  18,,0,0,2019,DHS,0.172113
       1  27,,0,0,2019,DHS,0.172113
       1  31,,0,0,2019,DHS,0.172113
       1  35,,0,0,2019,DHS,0.172113
       1  39,,0,0,2019,DHS,0.172113
       1  43,,0,0,2019,DHS,0.172113
       1  52,,0,0,2019,DHS,0.172113
       1  56,,0,0,2019,DHS,0.172113
       1  60,,0,0,2019,DHS,0.172113
       1  69,,0,0,2019,DHS,0.172113
       1  73,,0,0,2019,DHS,0.172113
       1  77,,0,0,2019,DHS,0.172113
       1  81,,0,0,2019,DHS,0.172113
       1  85,,0,0,2019,DHS,0.172113
       1  90,,0,0,2019,DHS,0.172113
       1  94,,0,0,2019,DHS,0.172113
       1  98,,0,0,2019,DHS,0.172113
       1 102,,0,0,2019,DHS,0.172113
       2   5,,0,0,2019,DHS,0.174988
       2  10,,0,0,2019,DHS,0.174988
       2  16,,0,0,2019,DHS,0.174988
       2  21,,0,0,2019,DHS,0.174988
       2  26,,0,0,2019,DHS,0.174988
       2  32,,0,0,2019,DHS,0.174988
       2  37,,0,0,2019,DHS,0.174988
       2  42,,0,0,2019,DHS,0.174988
       2  47,,0,0,2019,DHS,0.174988
       2  52,,0,0,2019,DHS,0.174988
       2  62,,0,0,2019,DHS,0.174988
       2  67,,0,0,2019,DHS,0.174988
       2  72,,0,0,2019,DHS,0.174988
       2  78,,0,0,2019,DHS,0.174988
       2  83,,0,0,2019,DHS,0.174988
       2  93,,0,0,2019,DHS,0.174988
       2  98,,0,0,2019,DHS,0.174988
       2 103,,0,0,2019,DHS,0.174988
       2 108,,0,0,2019,DHS,0.174988
       2 113,,0,0,2019,DHS,0.174988
       2 118,,0,0,2019,DHS,0.174988
       2 123,,0,0,2019,DHS,0.174988
       2 128,,0,0,2019,DHS,0.174988
       3   4,,0,0,2019,DHS,0.168835
       3   9,,0,0,2019,DHS,0.168835
       3  13,,0,0,2019,DHS,0.168835
       3  17,,0,0,2019,DHS,0.168835
       3  21,,0,0,2019,DHS,0.168835
       3  25,,0,0,2019,DHS,0.168835
       3  29,,0,0,2019,DHS,0.168835
       3  37,,0,0,2019,DHS,0.168835
       3  41,,0,0,2019,DHS,0.168835
       3  46,,0,0,2019,DHS,0.168835
       3  50,,0,0,2019,DHS,0.168835
       3  54,,0,0,2019,DHS,0.168835
       3  58,,0,0,2019,DHS,0.168835
       3  66,,0,0,2019,DHS,0.168835
       3  70,,0,0,2019,DHS,0.168835
       3  74,,0,0,2019,DHS,0.168835
       3  79,,0,0,2019,DHS,0.168835
       3  87,,0,0,2019,DHS,0.168835
       3  91,,0,0,2019,DHS,0.168835
       3  95,,0,0,2019,DHS,0.168835
       3  99,,0,0,2019,DHS,0.168835
       4   5,,0,0,2019,DHS,0.19802
       4  12,,0,0,2019,DHS,0.19802
       4  19,,0,0,2019,DHS,0.19802
       4  27,,0,0,2019,DHS,0.19802
       4  34,,0,0,2019,DHS,0.19802
       4  41,,0,0,2019,DHS,0.19802
       4  48,,0,0,2019,DHS,0.19802
       4  55,,0,0,2019,DHS,0.19802
       4  62,,0,0,2019,DHS,0.19802
       4  69,,0,0,2019,DHS,0.19802
       4  76,,0,0,2019,DHS,0.19802
       4  83,,0,0,2019,DHS,0.19802
       4  90,,0,0,2019,DHS,0.19802
       4  97,,0,0,2019,DHS,0.19802
       4 111,,0,0,2019,DHS,0.19802
       4 118,,0,0,2019,DHS,0.19802
       4 125,,0,0,2019,DHS,0.19802
       4 132,,0,0,2019,DHS,0.19802
       4 139,,0,0,2019,DHS,0.19802
       4 146,,0,0,2019,DHS,0.19802
       4 153,,0,0,2019,DHS,0.19802
       4 160,,0,0,2019,DHS,0.19802
       4 174,,0,0,2019,DHS,0.19802
       5   2,,0,0,2019,DHS,0.276247
       5   5,,0,0,2019,DHS,0.276247
       5   9,,0,0,2019,DHS,0.276247
       5  12,,0,0,2019,DHS,0.276247
       5  15,,0,0,2019,DHS,0.276247
       5  18,,0,0,2019,DHS,0.276247
       5  21,,0,0,2019,DHS,0.276247
       5  24,,0,0,2019,DHS,0.276247
       5  27,,0,0,2019,DHS,0.276247
       5  30,,0,0,2019,DHS,0.276247
       5  33,,0,0,2019,DHS,0.276247
       5  39,,0,0,2019,DHS,0.276247
       5  42,,0,0,2019,DHS,0.276247
       5  46,,0,0,2019,DHS,0.276247
       5  49,,0,0,2019,DHS,0.276247
       5  55,,0,0,2019,DHS,0.276247
       5  58,,0,0,2019,DHS,0.276247
       5  61,,0,0,2019,DHS,0.276247
       5  64,,0,0,2019,DHS,0.276247
       5  67,,0,0,2019,DHS,0.276247
       5  70,,0,0,2019,DHS,0.276247
       5  73,,0,0,2019,DHS,0.276247
       5  76,,0,0,2019,DHS,0.276247
       6   2,,0,0,2019,DHS,0.148378
       6   8,,0,0,2019,DHS,0.148378
       6  13,,0,0,2019,DHS,0.148378
       6  19,,0,0,2019,DHS,0.148378
       6  24,,0,0,2019,DHS,0.148378
       6  29,,0,0,2019,DHS,0.148378
       6  35,,0,0,2019,DHS,0.148378
       6  46,,0,0,2019,DHS,0.148378
       6  51,,0,0,2019,DHS,0.148378
       6  56,,0,0,2019,DHS,0.148378
       6  62,,0,0,2019,DHS,0.148378
       6  67,,0,0,2019,DHS,0.148378
       6  73,,0,0,2019,DHS,0.148378
       6  78,,0,0,2019,DHS,0.148378
       6  83,,0,0,2019,DHS,0.148378
       6  89,,0,0,2019,DHS,0.148378
       6  94,,0,0,2019,DHS,0.148378
       6 100,,0,0,2019,DHS,0.148378
       6 105,,0,0,2019,DHS,0.148378
       6 110,,0,0,2019,DHS,0.148378
       6 116,,0,0,2019,DHS,0.148378
       6 127,,0,0,2019,DHS,0.148378
       6 132,,0,0,2019,DHS,0.148378
       7   1,,0,0,2019,DHS,0.134804
       7   5,,0,0,2019,DHS,0.134804
       7   9,,0,0,2019,DHS,0.134804
       7  13,,0,0,2019,DHS,0.134804
       7  17,,0,0,2019,DHS,0.134804
       7  20,,0,0,2019,DHS,0.134804
       7  24,,0,0,2019,DHS,0.134804
       7  28,,0,0,2019,DHS,0.134804
       7  32,,0,0,2019,DHS,0.134804
       7  36,,0,0,2019,DHS,0.134804
       7  39,,0,0,2019,DHS,0.134804
       7  43,,0,0,2019,DHS,0.134804
       7  47,,0,0,2019,DHS,0.134804
       7  51,,0,0,2019,DHS,0.134804
       7  55,,0,0,2019,DHS,0.134804
       7  58,,0,0,2019,DHS,0.134804
       7  70,,0,0,2019,DHS,0.134804
       7  74,,0,0,2019,DHS,0.134804
       7  77,,0,0,2019,DHS,0.134804
       7  81,,0,0,2019,DHS,0.134804
       7  85,,0,0,2019,DHS,0.134804
       7  89,,0,0,2019,DHS,0.134804
       7  93,,0,0,2019,DHS,0.134804
       8   1,,0,0,2019,DHS,0.235327
       8  11,,0,0,2019,DHS,0.235327
       8  16,,0,0,2019,DHS,0.235327
       8  21,,0,0,2019,DHS,0.235327
       8  31,,0,0,2019,DHS,0.235327
       8  36,,0,0,2019,DHS,0.235327
       8  41,,0,0,2019,DHS,0.235327
       8  46,,0,0,2019,DHS,0.235327
       8  51,,0,0,2019,DHS,0.235327
       8  56,,0,0,2019,DHS,0.235327
       8  61,,0,0,2019,DHS,0.235327
       8  66,,0,0,2019,DHS,0.235327
       8  71,,0,0,2019,DHS,0.235327
       8  76,,0,0,2019,DHS,0.235327
       8  91,,0,0,2019,DHS,0.235327
       8 106,,0,0,2019,DHS,0.235327
       8 111,,0,0,2019,DHS,0.235327
       8 116,,0,0,2019,DHS,0.235327
       9   1,,0,0,2019,DHS,0.180541
       9   5,,0,0,2019,DHS,0.180541
       9   9,,0,0,2019,DHS,0.180541
       9  13,,0,0,2019,DHS,0.180541
       9  16,,0,0,2019,DHS,0.180541
       9  24,,0,0,2019,DHS,0.180541
       9  28,,0,0,2019,DHS,0.180541
       9  31,,0,0,2019,DHS,0.180541
       9  35,,0,0,2020,DHS,0.180541
       9  39,,0,0,2019,DHS,0.180541
       9  43,,0,0,2019,DHS,0.180541
       9  47,,0,0,2019,DHS,0.180541
       9  50,,0,0,2019,DHS,0.180541
       9  54,,0,0,2019,DHS,0.180541
       9  58,,0,0,2019,DHS,0.180541
       9  62,,0,0,2019,DHS,0.180541
       9  65,,0,0,2019,DHS,0.180541
       9  69,,0,0,2019,DHS,0.180541
       9  73,,0,0,2019,DHS,0.180541
       9  77,,0,0,2020,DHS,0.180541
       9  80,,0,0,2019,DHS,0.180541
       9  84,,0,0,2020,DHS,0.180541
       9  88,,0,0,2019,DHS,0.180541
       9  92,,0,0,2019,DHS,0.180541
      10  10,,0,0,2019,DHS,0.146716
      10  15,,0,0,2019,DHS,0.146716
      10  20,,0,0,2019,DHS,0.146716
      10  25,,0,0,2019,DHS,0.146716
      10  30,,0,0,2019,DHS,0.146716
      10  35,,0,0,2019,DHS,0.146716
      10  40,,0,0,2019,DHS,0.146716
      10  45,,0,0,2019,DHS,0.146716
      10  50,,0,0,2019,DHS,0.146716
      10  55,,0,0,2019,DHS,0.146716
      10  65,,0,0,2019,DHS,0.146716
      10  70,,0,0,2019,DHS,0.146716
      10  80,,0,0,2019,DHS,0.146716
      10  85,,0,0,2019,DHS,0.146716
      10  90,,0,0,2019,DHS,0.146716
      10 100,,0,0,2019,DHS,0.146716
      10 105,,0,0,2019,DHS,0.146716
      10 110,,0,0,2019,DHS,0.146716
      10 115,,0,0,2019,DHS,0.146716
      10 120,,0,0,2019,DHS,0.146716
      10 125,,0,0,2019,DHS,0.146716
      11   3,,0,0,2019,DHS,0.145825
      11   7,,0,0,2019,DHS,0.145825
      11  12,,0,0,2019,DHS,0.145825
      11  20,,0,0,2019,DHS,0.145825
      11  24,,0,0,2019,DHS,0.145825
      11  36,,0,0,2019,DHS,0.145825
      11  40,,0,0,2019,DHS,0.145825
      11  44,,0,0,2019,DHS,0.145825
      11  48,,0,0,2019,DHS,0.145825
      11  52,,0,0,2019,DHS,0.145825
      11  61,,0,0,2019,DHS,0.145825
      11  69,,0,0,2019,DHS,0.145825
      11  73,,0,0,2019,DHS,0.145825
      11  77,,0,0,2019,DHS,0.145825
      11  81,,0,0,2019,DHS,0.145825
      11  85,,0,0,2019,DHS,0.145825
      11  89,,0,0,2019,DHS,0.145825
      11  93,,0,0,2019,DHS,0.145825
      11  97,,0,0,2019,DHS,0.145825
      11 101,,0,0,2019,DHS,0.145825
      12   2,,0,0,2019,DHS,0.170542
      12   6,,0,0,2019,DHS,0.170542
      12   9,,0,0,2019,DHS,0.170542
      12  13,,0,0,2019,DHS,0.170542
      12  20,,0,0,2019,DHS,0.170542
      12  23,,0,0,2019,DHS,0.170542
      12  27,,0,0,2019,DHS,0.170542
      12  30,,0,0,2019,DHS,0.170542
      12  34,,0,0,2019,DHS,0.170542
      12  37,,0,0,2019,DHS,0.170542
      12  41,,0,0,2019,DHS,0.170542
      12  44,,0,0,2019,DHS,0.170542
      12  48,,0,0,2019,DHS,0.170542
      12  51,,0,0,2019,DHS,0.170542
      12  55,,0,0,2019,DHS,0.170542
      12  58,,0,0,2019,DHS,0.170542
      12  62,,0,0,2019,DHS,0.170542
      12  65,,0,0,2019,DHS,0.170542
      12  69,,0,0,2019,DHS,0.170542
      12  72,,0,0,2019,DHS,0.170542
      12  75,,0,0,2019,DHS,0.170542
      12  79,,0,0,2019,DHS,0.170542
      12  82,,0,0,2019,DHS,0.170542
      12  86,,0,0,2019,DHS,0.170542
      13   3,,0,0,2019,DHS,0.184338
      13   8,,0,0,2019,DHS,0.184338
      13  14,,0,0,2019,DHS,0.184338
      13  19,,0,0,2019,DHS,0.184338
      13  29,,0,0,2019,DHS,0.184338
      13  34,,0,0,2019,DHS,0.184338
      13  39,,0,0,2019,DHS,0.184338
      13  44,,0,0,2019,DHS,0.184338
      13  49,,0,0,2019,DHS,0.184338
      13  54,,0,0,2019,DHS,0.184338
      13  59,,0,0,2019,DHS,0.184338
      13  64,,0,0,2019,DHS,0.184338
      13  69,,0,0,2019,DHS,0.184338
      13  80,,0,0,2019,DHS,0.184338
      13  85,,0,0,2019,DHS,0.184338
      13  90,,0,0,2019,DHS,0.184338
      13  95,,0,0,2019,DHS,0.184338
      13 100,,0,0,2019,DHS,0.184338
      13 105,,0,0,2019,DHS,0.184338
      13 110,,0,0,2019,DHS,0.184338
      13 115,,0,0,2019,DHS,0.184338
      13 120,,0,0,2019,DHS,0.184338
      13 125,,0,0,2019,DHS,0.184338
      14   2,,0,0,2019,DHS,0.225171
      14   6,,0,0,2019,DHS,0.225171
      14  10,,0,0,2019,DHS,0.225171
      14  13,,0,0,2019,DHS,0.225171
      14  17,,0,0,2019,DHS,0.225171
      14  20,,0,0,2019,DHS,0.225171
      14  28,,0,0,2019,DHS,0.225171
      14  31,,0,0,2019,DHS,0.225171
      14  35,,0,0,2019,DHS,0.225171
      14  38,,0,0,2019,DHS,0.225171
      14  42,,0,0,2019,DHS,0.225171
      14  49,,0,0,2019,DHS,0.225171
      14  53,,0,0,2019,DHS,0.225171
      14  60,,0,0,2019,DHS,0.225171
      14  67,,0,0,2019,DHS,0.225171
      14  71,,0,0,2019,DHS,0.225171
      14  74,,0,0,2019,DHS,0.225171
      14  82,,0,0,2019,DHS,0.225171
      14  85,,0,0,2019,DHS,0.225171
      14  89,,0,0,2019,DHS,0.225171
      15   1,,0,0,2019,DHS,0.201553
      15   6,,0,0,2019,DHS,0.201553
      15  10,,0,0,2019,DHS,0.201553
      15  14,,0,0,2019,DHS,0.201553
      15  18,,0,0,2019,DHS,0.201553
      15  23,,0,0,2019,DHS,0.201553
      15  27,,0,0,2019,DHS,0.201553
      15  31,,0,0,2019,DHS,0.201553
      15  35,,0,0,2019,DHS,0.201553
      15  40,,0,0,2019,DHS,0.201553
      15  44,,0,0,2019,DHS,0.201553
      15  48,,0,0,2019,DHS,0.201553
      15  52,,0,0,2019,DHS,0.201553
      15  57,,0,0,2019,DHS,0.201553
      15  61,,0,0,2019,DHS,0.201553
      15  65,,0,0,2019,DHS,0.201553
      15  69,,0,0,2019,DHS,0.201553
      15  73,,0,0,2019,DHS,0.201553
      15  78,,0,0,2019,DHS,0.201553
      15  82,,0,0,2019,DHS,0.201553
      15  86,,0,0,2019,DHS,0.201553
      15  90,,0,0,2019,DHS,0.201553
      15  95,,0,0,2019,DHS,0.201553
      15  99,,0,0,2019,DHS,0.201553
      15 103,,0,0,2019,DHS,0.201553
      16   1,,0,0,2019,DHS,0.172858
      16   5,,0,0,2019,DHS,0.172858
      16  13,,0,0,2019,DHS,0.172858
      16  17,,0,0,2019,DHS,0.172858
      16  21,,0,0,2019,DHS,0.172858
      16  29,,0,0,2019,DHS,0.172858
      16  33,,0,0,2019,DHS,0.172858
      16  37,,0,0,2019,DHS,0.172858
      16  41,,0,0,2019,DHS,0.172858
      16  45,,0,0,2019,DHS,0.172858
      16  49,,0,0,2019,DHS,0.172858
      16  57,,0,0,2019,DHS,0.172858
      16  61,,0,0,2019,DHS,0.172858
      16  65,,0,0,2019,DHS,0.172858
      16  73,,0,0,2019,DHS,0.172858
      16  77,,0,0,2019,DHS,0.172858
      16  81,,0,0,2019,DHS,0.172858
      16  85,,0,0,2019,DHS,0.172858
      16  93,,0,0,2019,DHS,0.172858
      16  97,,0,0,2019,DHS,0.172858
      17   4,,0,0,2019,DHS,0.161295
      17  14,,0,0,2019,DHS,0.161295
      17  19,,0,0,2019,DHS,0.161295
      17  24,,0,0,2019,DHS,0.161295
      17  29,,0,0,2019,DHS,0.161295
      17  34,,0,0,2019,DHS,0.161295
      17  39,,0,0,2019,DHS,0.161295
      17  44,,0,0,2019,DHS,0.161295
      17  54,,0,0,2019,DHS,0.161295
      17  59,,0,0,2019,DHS,0.161295
      17  63,,0,0,2019,DHS,0.161295
      17  68,,0,0,2019,DHS,0.161295
      17  73,,0,0,2019,DHS,0.161295
      17  78,,0,0,2019,DHS,0.161295
      17  83,,0,0,2019,DHS,0.161295
      17  88,,0,0,2019,DHS,0.161295
      17  93,,0,0,2019,DHS,0.161295
      17  98,,0,0,2019,DHS,0.161295
      17 108,,0,0,2019,DHS,0.161295
      17 113,,0,0,2019,DHS,0.161295
      17 118,,0,0,2019,DHS,0.161295
      18   3,,0,0,2019,DHS,0.140969
      18   7,,0,0,2019,DHS,0.140969
      18  10,,0,0,2019,DHS,0.140969
      18  14,,0,0,2019,DHS,0.140969
      18  17,,0,0,2019,DHS,0.140969
      18  21,,0,0,2019,DHS,0.140969
      18  27,,0,0,2019,DHS,0.140969
      18  31,,0,0,2019,DHS,0.140969
      18  34,,0,0,2019,DHS,0.140969
      18  38,,0,0,2019,DHS,0.140969
      18  41,,0,0,2019,DHS,0.140969
      18  45,,0,0,2019,DHS,0.140969
      18  48,,0,0,2019,DHS,0.140969
      18  52,,0,0,2019,DHS,0.140969
      18  55,,0,0,2019,DHS,0.140969
      18  58,,0,0,2019,DHS,0.140969
      18  62,,0,0,2019,DHS,0.140969
      18  65,,0,0,2019,DHS,0.140969
      18  69,,0,0,2019,DHS,0.140969
      18  72,,0,0,2019,DHS,0.140969
      18  76,,0,0,2019,DHS,0.140969
      18  79,,0,0,2019,DHS,0.140969
      18  83,,0,0,2019,DHS,0.140969
      18  86,,0,0,2019,DHS,0.140969
      19   4,,0,0,2019,DHS,0.141802
      19  10,,0,0,2019,DHS,0.141802
      19  15,,0,0,2019,DHS,0.141802
      19  20,,0,0,2019,DHS,0.141802
      19  26,,0,0,2019,DHS,0.141802
      19  31,,0,0,2019,DHS,0.141802
      19  36,,0,0,2019,DHS,0.141802
      19  41,,0,0,2019,DHS,0.141802
      19  47,,0,0,2019,DHS,0.141802
      19  52,,0,0,2019,DHS,0.141802
      19  57,,0,0,2019,DHS,0.141802
      19  62,,0,0,2019,DHS,0.141802
      19  68,,0,0,2019,DHS,0.141802
      19  73,,0,0,2019,DHS,0.141802
      19  78,,0,0,2019,DHS,0.141802
      19  84,,0,0,2019,DHS,0.141802
      19  89,,0,0,2019,DHS,0.141802
      19  94,,0,0,2019,DHS,0.141802
      19  99,,0,0,2019,DHS,0.141802
      19 105,,0,0,2019,DHS,0.141802
      19 110,,0,0,2019,DHS,0.141802
      19 115,,0,0,2019,DHS,0.141802
      19 121,,0,0,2019,DHS,0.141802
      19 126,,0,0,2019,DHS,0.141802
      19 131,,0,0,2019,DHS,0.141802
      20   2,,0,0,2019,DHS,0.143001
      20   6,,0,0,2019,DHS,0.143001
      20  10,,0,0,2019,DHS,0.143001
      20  13,,0,0,2019,DHS,0.143001
      20  17,,0,0,2019,DHS,0.143001
      20  21,,0,0,2019,DHS,0.143001
      20  24,,0,0,2019,DHS,0.143001
      20  28,,0,0,2019,DHS,0.143001
      20  32,,0,0,2019,DHS,0.143001
      20  35,,0,0,2019,DHS,0.143001
      20  39,,0,0,2019,DHS,0.143001
      20  42,,0,0,2019,DHS,0.143001
      20  46,,0,0,2019,DHS,0.143001
      20  50,,0,0,2019,DHS,0.143001
      20  53,,0,0,2019,DHS,0.143001
      20  57,,0,0,2019,DHS,0.143001
      20  61,,0,0,2019,DHS,0.143001
      20  64,,0,0,2019,DHS,0.143001
      20  72,,0,0,2019,DHS,0.143001
      20  75,,0,0,2019,DHS,0.143001
      20  79,,0,0,2019,DHS,0.143001
      20  82,,0,0,2019,DHS,0.143001
      20  86,,0,0,2019,DHS,0.143001
      20  90,,0,0,2019,DHS,0.143001
      21   3,,0,0,2019,DHS,0.155874
      21   9,,0,0,2019,DHS,0.155874
      21  15,,0,0,2019,DHS,0.155874
      21  20,,0,0,2019,DHS,0.155874
      21  26,,0,0,2019,DHS,0.155874
      21  32,,0,0,2019,DHS,0.155874
      21  37,,0,0,2019,DHS,0.155874
      21  43,,0,0,2019,DHS,0.155874
      21  49,,0,0,2019,DHS,0.155874
      21  54,,0,0,2019,DHS,0.155874
      21  60,,0,0,2019,DHS,0.155874
      21  65,,0,0,2019,DHS,0.155874
      21  71,,0,0,2019,DHS,0.155874
      21  77,,0,0,2019,DHS,0.155874
      21  82,,0,0,2019,DHS,0.155874
      21  88,,0,0,2019,DHS,0.155874
      21  94,,0,0,2019,DHS,0.155874
      21 105,,0,0,2019,DHS,0.155874
      21 111,,0,0,2019,DHS,0.155874
      21 116,,0,0,2019,DHS,0.155874
      21 122,,0,0,2019,DHS,0.155874
      21 127,,0,0,2019,DHS,0.155874
      21 133,,0,0,2019,DHS,0.155874
      21 139,,0,0,2019,DHS,0.155874
      22   1,,0,0,2019,DHS,0.175794
      22   5,,0,0,2019,DHS,0.175794
      22   9,,0,0,2019,DHS,0.175794
      22  13,,0,0,2019,DHS,0.175794
      22  17,,0,0,2019,DHS,0.175794
      22  21,,0,0,2019,DHS,0.175794
      22  25,,0,0,2019,DHS,0.175794
      22  29,,0,0,2019,DHS,0.175794
      22  33,,0,0,2019,DHS,0.175794
      22  37,,0,0,2019,DHS,0.175794
      22  41,,0,0,2019,DHS,0.175794
      22  45,,0,0,2019,DHS,0.175794
      22  48,,0,0,2019,DHS,0.175794
      22  52,,0,0,2019,DHS,0.175794
      22  56,,0,0,2019,DHS,0.175794
      22  60,,0,0,2019,DHS,0.175794
      22  64,,0,0,2019,DHS,0.175794
      22  68,,0,0,2019,DHS,0.175794
      22  72,,0,0,2019,DHS,0.175794
      22  76,,0,0,2019,DHS,0.175794
      22  80,,0,0,2019,DHS,0.175794
      22  84,,0,0,2019,DHS,0.175794
      22  88,,0,0,2019,DHS,0.175794
      22  92,,0,0,2019,DHS,0.175794
      22  95,,0,0,2019,DHS,0.175794
      23   2,,0,0,2019,DHS,0.162542
      23   9,,0,0,2019,DHS,0.162542
      23  15,,0,0,2019,DHS,0.162542
      23  21,,0,0,2019,DHS,0.162542
      23  28,,0,0,2019,DHS,0.162542
      23  34,,0,0,2019,DHS,0.162542
      23  41,,0,0,2019,DHS,0.162542
      23  47,,0,0,2019,DHS,0.162542
      23  53,,0,0,2019,DHS,0.162542
      23  60,,0,0,2019,DHS,0.162542
      23  66,,0,0,2019,DHS,0.162542
      23  79,,0,0,2019,DHS,0.162542
      23  85,,0,0,2019,DHS,0.162542
      23  91,,0,0,2019,DHS,0.162542
      23  98,,0,0,2019,DHS,0.162542
      23 104,,0,0,2019,DHS,0.162542
      23 111,,0,0,2019,DHS,0.162542
      23 117,,0,0,2019,DHS,0.162542
      23 123,,0,0,2019,DHS,0.162542
      23 136,,0,0,2019,DHS,0.162542
      23 142,,0,0,2019,DHS,0.162542
      23 149,,0,0,2019,DHS,0.162542
      23 155,,0,0,2019,DHS,0.162542
      24   1,,0,0,2019,DHS,0.178959
      24   5,,0,0,2019,DHS,0.178959
      24   8,,0,0,2019,DHS,0.178959
      24  11,,0,0,2019,DHS,0.178959
      24  14,,0,0,2019,DHS,0.178959
      24  17,,0,0,2019,DHS,0.178959
      24  21,,0,0,2019,DHS,0.178959
      24  24,,0,0,2019,DHS,0.178959
      24  27,,0,0,2019,DHS,0.178959
      24  30,,0,0,2019,DHS,0.178959
      24  33,,0,0,2019,DHS,0.178959
      24  37,,0,0,2019,DHS,0.178959
      24  40,,0,0,2019,DHS,0.178959
      24  46,,0,0,2019,DHS,0.178959
      24  49,,0,0,2019,DHS,0.178959
      24  53,,0,0,2019,DHS,0.178959
      24  56,,0,0,2019,DHS,0.178959
      24  59,,0,0,2019,DHS,0.178959
      24  62,,0,0,2019,DHS,0.178959
      24  65,,0,0,2019,DHS,0.178959
      24  72,,0,0,2019,DHS,0.178959
      24  75,,0,0,2019,DHS,0.178959
      24  78,,0,0,2019,DHS,0.178959
      25   5,,0,0,2019,DHS,0.190144
      25  11,,0,0,2019,DHS,0.190144
      25  16,,0,0,2019,DHS,0.190144
      25  21,,0,0,2019,DHS,0.190144
      25  26,,0,0,2019,DHS,0.190144
      25  32,,0,0,2019,DHS,0.190144
      25  37,,0,0,2019,DHS,0.190144
      25  42,,0,0,2019,DHS,0.190144
      25  53,,0,0,2019,DHS,0.190144
      25  58,,0,0,2019,DHS,0.190144
      25  68,,0,0,2019,DHS,0.190144
      25  74,,0,0,2019,DHS,0.190144
      25  79,,0,0,2019,DHS,0.190144
      25  84,,0,0,2019,DHS,0.190144
      25  89,,0,0,2019,DHS,0.190144
      25  94,,0,0,2019,DHS,0.190144
      25 100,,0,0,2019,DHS,0.190144
      25 105,,0,0,2019,DHS,0.190144
      25 110,,0,0,2019,DHS,0.190144
      25 115,,0,0,2019,DHS,0.190144
      25 121,,0,0,2019,DHS,0.190144
      25 126,,0,0,2019,DHS,0.190144
      25 131,,0,0,2019,DHS,0.190144
      26   4,,0,0,2019,DHS,0.191938
      26   9,,0,0,2019,DHS,0.191938
      26  13,,0,0,2019,DHS,0.191938
      26  17,,0,0,2019,DHS,0.191938
      26  22,,0,0,2019,DHS,0.191938
      26  26,,0,0,2020,DHS,0.191938
      26  34,,0,0,2019,DHS,0.191938
      26  39,,0,0,2019,DHS,0.191938
      26  43,,0,0,2019,DHS,0.191938
      26  47,,0,0,2019,DHS,0.191938
      26  51,,0,0,2019,DHS,0.191938
      26  56,,0,0,2019,DHS,0.191938
      26  64,,0,0,2019,DHS,0.191938
      26  69,,0,0,2019,DHS,0.191938
      26  77,,0,0,2019,DHS,0.191938
      26  81,,0,0,2019,DHS,0.191938
      26  86,,0,0,2019,DHS,0.191938
      26  94,,0,0,2019,DHS,0.191938
      26  99,,0,0,2019,DHS,0.191938
      26 103,,0,0,2019,DHS,0.191938
      26 107,,0,0,2019,DHS,0.191938
      27   5,,0,0,2020,DHS,0.191387
      27  12,,0,0,2020,DHS,0.191387
      27  18,,0,0,2020,DHS,0.191387
      27  24,,0,0,2020,DHS,0.191387
      27  30,,0,0,2020,DHS,0.191387
      27  36,,0,0,2020,DHS,0.191387
      27  42,,0,0,2020,DHS,0.191387
      27  49,,0,0,2020,DHS,0.191387
      27  55,,0,0,2020,DHS,0.191387
      27  61,,0,0,2020,DHS,0.191387
      27  79,,0,0,2020,DHS,0.191387
      27  85,,0,0,2020,DHS,0.191387
      27  92,,0,0,2020,DHS,0.191387
      27  98,,0,0,2020,DHS,0.191387
      27 104,,0,0,2020,DHS,0.191387
      27 110,,0,0,2020,DHS,0.191387
      27 116,,0,0,2020,DHS,0.191387
      27 122,,0,0,2020,DHS,0.191387
      27 129,,0,0,2020,DHS,0.191387
      27 135,,0,0,2020,DHS,0.191387
      27 141,,0,0,2020,DHS,0.191387
      27 147,,0,0,2020,DHS,0.191387
      27 153,,0,0,2020,DHS,0.191387
      28   3,,0,0,2019,DHS,0.143966
      28   8,,0,0,2019,DHS,0.143966
      28  12,,0,0,2019,DHS,0.143966
      28  16,,0,0,2019,DHS,0.143966
      28  20,,0,0,2019,DHS,0.143966
      28  25,,0,0,2019,DHS,0.143966
      28  29,,0,0,2019,DHS,0.143966
      28  33,,0,0,2019,DHS,0.143966
      28  37,,0,0,2019,DHS,0.143966
      28  42,,0,0,2019,DHS,0.143966
      28  46,,0,0,2019,DHS,0.143966
      28  50,,0,0,2019,DHS,0.143966
      28  54,,0,0,2019,DHS,0.143966
      28  59,,0,0,2019,DHS,0.143966
      28  63,,0,0,2019,DHS,0.143966
      28  67,,0,0,2019,DHS,0.143966
      28  71,,0,0,2019,DHS,0.143966
      28  80,,0,0,2019,DHS,0.143966
      28  84,,0,0,2019,DHS,0.143966
      28  88,,0,0,2019,DHS,0.143966
      28  92,,0,0,2019,DHS,0.143966
      28  97,,0,0,2019,DHS,0.143966
      28 101,,0,0,2019,DHS,0.143966
      28 105,,0,0,2019,DHS,0.143966
      29   3,,0,0,2019,DHS,0.135421
      29   9,,0,0,2019,DHS,0.135421
      29  14,,0,0,2019,DHS,0.135421
      29  19,,0,0,2019,DHS,0.135421
      29  24,,0,0,2019,DHS,0.135421
      29  29,,0,0,2019,DHS,0.135421
      29  34,,0,0,2019,DHS,0.135421
      29  40,,0,0,2019,DHS,0.135421
      29  45,,0,0,2019,DHS,0.135421
      29  55,,0,0,2019,DHS,0.135421
      29  60,,0,0,2019,DHS,0.135421
      29  65,,0,0,2019,DHS,0.135421
      29  70,,0,0,2019,DHS,0.135421
      29  76,,0,0,2019,DHS,0.135421
      29  81,,0,0,2019,DHS,0.135421
      29  86,,0,0,2019,DHS,0.135421
      29  91,,0,0,2019,DHS,0.135421
      29  96,,0,0,2019,DHS,0.135421
      29 101,,0,0,2019,DHS,0.135421
      29 107,,0,0,2019,DHS,0.135421
      29 112,,0,0,2019,DHS,0.135421
      29 117,,0,0,2019,DHS,0.135421
      29 122,,0,0,2019,DHS,0.135421
      29 127,,0,0,2019,DHS,0.135421
      30   1,,0,0,2019,DHS,0.111849
      30   5,,0,0,2019,DHS,0.111849
      30   8,,0,0,2019,DHS,0.111849
      30  11,,0,0,2019,DHS,0.111849
      30  14,,0,0,2019,DHS,0.111849
      30  17,,0,0,2019,DHS,0.111849
      30  21,,0,0,2019,DHS,0.111849
      30  24,,0,0,2019,DHS,0.111849
      30  30,,0,0,2019,DHS,0.111849
      30  33,,0,0,2019,DHS,0.111849
      30  37,,0,0,2019,DHS,0.111849
      30  40,,0,0,2019,DHS,0.111849
      30  43,,0,0,2019,DHS,0.111849
      30  46,,0,0,2019,DHS,0.111849
      30  49,,0,0,2019,DHS,0.111849
      30  53,,0,0,2019,DHS,0.111849
      30  56,,0,0,2019,DHS,0.111849
      30  59,,0,0,2019,DHS,0.111849
      30  62,,0,0,2019,DHS,0.111849
      30  65,,0,0,2019,DHS,0.111849
      30  69,,0,0,2019,DHS,0.111849
      30  72,,0,0,2019,DHS,0.111849
      30  75,,0,0,2019,DHS,0.111849
      30  78,,0,0,2019,DHS,0.111849
      31   1,,0,0,2019,DHS,0.203454
      31   6,,0,0,2019,DHS,0.203454
      31  10,,0,0,2019,DHS,0.203454
      31  14,,0,0,2019,DHS,0.203454
      31  19,,0,0,2019,DHS,0.203454
      31  23,,0,0,2019,DHS,0.203454
      31  27,,0,0,2019,DHS,0.203454
      31  31,,0,0,2019,DHS,0.203454
      31  36,,0,0,2019,DHS,0.203454
      31  40,,0,0,2019,DHS,0.203454
      31  44,,0,0,2019,DHS,0.203454
      31  48,,0,0,2019,DHS,0.203454
      31  53,,0,0,2019,DHS,0.203454
      31  57,,0,0,2019,DHS,0.203454
      31  61,,0,0,2019,DHS,0.203454
      31  66,,0,0,2019,DHS,0.203454
      31  70,,0,0,2019,DHS,0.203454
      31  74,,0,0,2019,DHS,0.203454
      31  78,,0,0,2019,DHS,0.203454
      31  83,,0,0,2019,DHS,0.203454
      31  87,,0,0,2019,DHS,0.203454
      31  91,,0,0,2019,DHS,0.203454
      31  96,,0,0,2019,DHS,0.203454
      31 100,,0,0,2019,DHS,0.203454
      31 104,,0,0,2019,DHS,0.203454
      32   1,,0,0,2019,DHS,0.215497
      32   4,,0,0,2019,DHS,0.215497
      32   7,,0,0,2019,DHS,0.215497
      32  10,,0,0,2019,DHS,0.215497
      32  12,,0,0,2019,DHS,0.215497
      32  15,,0,0,2019,DHS,0.215497
      32  23,,0,0,2019,DHS,0.215497
      32  26,,0,0,2019,DHS,0.215497
      32  29,,0,0,2019,DHS,0.215497
      32  31,,0,0,2019,DHS,0.215497
      32  34,,0,0,2019,DHS,0.215497
      32  39,,0,0,2019,DHS,0.215497
      32  45,,0,0,2019,DHS,0.215497
      32  48,,0,0,2019,DHS,0.215497
      32  50,,0,0,2019,DHS,0.215497
      32  53,,0,0,2019,DHS,0.215497
      32  56,,0,0,2019,DHS,0.215497
      32  59,,0,0,2019,DHS,0.215497
      32  64,,0,0,2019,DHS,0.215497
      32  67,,0,0,2019,DHS,0.215497
      33   7,,0,0,2019,DHS,0.170129
      33  10,,0,0,2019,DHS,0.170129
      33  17,,0,0,2019,DHS,0.170129
      33  20,,0,0,2019,DHS,0.170129
      33  24,,0,0,2019,DHS,0.170129
      33  27,,0,0,2019,DHS,0.170129
      33  31,,0,0,2019,DHS,0.170129
      33  34,,0,0,2019,DHS,0.170129
      33  41,,0,0,2019,DHS,0.170129
      33  44,,0,0,2019,DHS,0.170129
      33  48,,0,0,2019,DHS,0.170129
      33  51,,0,0,2019,DHS,0.170129
      33  54,,0,0,2019,DHS,0.170129
      33  58,,0,0,2019,DHS,0.170129
      33  61,,0,0,2019,DHS,0.170129
      33  65,,0,0,2019,DHS,0.170129
      33  68,,0,0,2019,DHS,0.170129
      33  71,,0,0,2019,DHS,0.170129
      33  75,,0,0,2019,DHS,0.170129
      33  78,,0,0,2019,DHS,0.170129
      33  82,,0,0,2019,DHS,0.170129
      33  85,,0,0,2019,DHS,0.170129
      34   4,,0,0,2019,DHS,0.15676
      34   9,,0,0,2019,DHS,0.15676
      34  13,,0,0,2019,DHS,0.15676
      34  17,,0,0,2019,DHS,0.15676
      34  22,,0,0,2019,DHS,0.15676
      34  26,,0,0,2019,DHS,0.15676
      34  30,,0,0,2019,DHS,0.15676
      34  35,,0,0,2019,DHS,0.15676
      34  39,,0,0,2019,DHS,0.15676
      34  43,,0,0,2019,DHS,0.15676
      34  48,,0,0,2019,DHS,0.15676
      34  52,,0,0,2019,DHS,0.15676
      34  61,,0,0,2019,DHS,0.15676
      34  65,,0,0,2019,DHS,0.15676
      34  69,,0,0,2019,DHS,0.15676
      34  74,,0,0,2019,DHS,0.15676
      34  78,,0,0,2019,DHS,0.15676
      34  82,,0,0,2019,DHS,0.15676
      34  86,,0,0,2019,DHS,0.15676
      34  91,,0,0,2019,DHS,0.15676
      34  95,,0,0,2019,DHS,0.15676
      34 104,,0,0,2019,DHS,0.15676
      34 108,,0,0,2019,DHS,0.15676
      35   2,,0,0,2019,DHS,0.179279
      35   8,,0,0,2019,DHS,0.179279
      35  10,,0,0,2019,DHS,0.179279
      35  16,,0,0,2019,DHS,0.179279
      35  18,,0,0,2019,DHS,0.179279
      35  21,,0,0,2019,DHS,0.179279
      35  24,,0,0,2019,DHS,0.179279
      35  26,,0,0,2019,DHS,0.179279
      35  29,,0,0,2019,DHS,0.179279
      35  31,,0,0,2019,DHS,0.179279
      35  34,,0,0,2019,DHS,0.179279
      35  37,,0,0,2019,DHS,0.179279
      35  39,,0,0,2019,DHS,0.179279
      35  42,,0,0,2019,DHS,0.179279
      35  45,,0,0,2019,DHS,0.179279
      35  47,,0,0,2019,DHS,0.179279
      35  50,,0,0,2019,DHS,0.179279
      35  53,,0,0,2019,DHS,0.179279
      35  55,,0,0,2019,DHS,0.179279
      35  58,,0,0,2019,DHS,0.179279
      35  63,,0,0,2019,DHS,0.179279
      35  66,,0,0,2019,DHS,0.179279
      36   8,,0,0,2019,DHS,0.18535
      36  13,,0,0,2019,DHS,0.18535
      36  17,,0,0,2019,DHS,0.18535
      36  22,,0,0,2019,DHS,0.18535
      36  27,,0,0,2019,DHS,0.18535
      36  31,,0,0,2019,DHS,0.18535
      36  41,,0,0,2019,DHS,0.18535
      36  45,,0,0,2019,DHS,0.18535
      36  50,,0,0,2019,DHS,0.18535
      36  59,,0,0,2019,DHS,0.18535
      36  64,,0,0,2019,DHS,0.18535
      36  68,,0,0,2019,DHS,0.18535
      36  73,,0,0,2019,DHS,0.18535
      36  78,,0,0,2019,DHS,0.18535
      36  82,,0,0,2019,DHS,0.18535
      36  87,,0,0,2019,DHS,0.18535
      36  92,,0,0,2019,DHS,0.18535
      36  96,,0,0,2019,DHS,0.18535
      36 105,,0,0,2019,DHS,0.18535
      36 110,,0,0,2019,DHS,0.18535
      37   1,,0,0,2019,DHS,0.204495
      37   4,,0,0,2019,DHS,0.204495
      37   6,,0,0,2019,DHS,0.204495
      37   8,,0,0,2019,DHS,0.204495
      37  11,,0,0,2019,DHS,0.204495
      37  15,,0,0,2019,DHS,0.204495
      37  17,,0,0,2019,DHS,0.204495
      37  20,,0,0,2019,DHS,0.204495
      37  22,,0,0,2019,DHS,0.204495
      37  24,,0,0,2019,DHS,0.204495
      37  26,,0,0,2019,DHS,0.204495
      37  30,,0,0,2019,DHS,0.204495
      37  32,,0,0,2019,DHS,0.204495
      37  34,,0,0,2019,DHS,0.204495
      37  37,,0,0,2019,DHS,0.204495
      37  39,,0,0,2019,DHS,0.204495
      37  41,,0,0,2019,DHS,0.204495
      37  43,,0,0,2019,DHS,0.204495
      37  48,,0,0,2019,DHS,0.204495
      37  50,,0,0,2019,DHS,0.204495
      37  53,,0,0,2019,DHS,0.204495
      37  57,,0,0,2019,DHS,0.204495
      38   1,,0,0,2019,DHS,0.129518
      38   5,,0,0,2019,DHS,0.129518
      38   9,,0,0,2019,DHS,0.129518
      38  13,,0,0,2019,DHS,0.129518
      38  16,,0,0,2019,DHS,0.129518
      38  20,,0,0,2019,DHS,0.129518
      38  24,,0,0,2019,DHS,0.129518
      38  28,,0,0,2019,DHS,0.129518
      38  31,,0,0,2019,DHS,0.129518
      38  35,,0,0,2019,DHS,0.129518
      38  39,,0,0,2019,DHS,0.129518
      38  43,,0,0,2019,DHS,0.129518
      38  47,,0,0,2019,DHS,0.129518
      38  50,,0,0,2019,DHS,0.129518
      38  54,,0,0,2019,DHS,0.129518
      38  58,,0,0,2019,DHS,0.129518
      38  62,,0,0,2019,DHS,0.129518
      38  65,,0,0,2019,DHS,0.129518
      38  69,,0,0,2019,DHS,0.129518
      38  77,,0,0,2019,DHS,0.129518
      38  80,,0,0,2019,DHS,0.129518
      38  84,,0,0,2019,DHS,0.129518
      38  88,,0,0,2019,DHS,0.129518
      38  92,,0,0,2019,DHS,0.129518
      39   7,,0,0,2019,DHS,0.175518
      39  13,,0,0,2019,DHS,0.175518
      39  19,,0,0,2019,DHS,0.175518
      39  24,,0,0,2019,DHS,0.175518
      39  30,,0,0,2019,DHS,0.175518
      39  36,,0,0,2019,DHS,0.175518
      39  42,,0,0,2019,DHS,0.175518
      39  53,,0,0,2019,DHS,0.175518
      39  59,,0,0,2019,DHS,0.175518
      39  65,,0,0,2019,DHS,0.175518
      39  71,,0,0,2019,DHS,0.175518
      39  76,,0,0,2019,DHS,0.175518
      39  82,,0,0,2019,DHS,0.175518
      39  88,,0,0,2019,DHS,0.175518
      39  94,,0,0,2019,DHS,0.175518
      39  99,,0,0,2019,DHS,0.175518
      39 105,,0,0,2019,DHS,0.175518
      39 111,,0,0,2019,DHS,0.175518
      39 117,,0,0,2019,DHS,0.175518
      39 122,,0,0,2019,DHS,0.175518
      39 128,,0,0,2019,DHS,0.175518
      39 134,,0,0,2019,DHS,0.175518
      39 140,,0,0,2019,DHS,0.175518
      40   1,,0,0,2019,DHS,0.112633
      40   9,,0,0,2019,DHS,0.112633
      40  13,,0,0,2019,DHS,0.112633
      40  16,,0,0,2019,DHS,0.112633
      40  20,,0,0,2019,DHS,0.112633
      40  24,,0,0,2019,DHS,0.112633
      40  27,,0,0,2019,DHS,0.112633
      40  31,,0,0,2019,DHS,0.112633
      40  35,,0,0,2019,DHS,0.112633
      40  39,,0,0,2019,DHS,0.112633
      40  42,,0,0,2019,DHS,0.112633
      40  46,,0,0,2019,DHS,0.112633
      40  50,,0,0,2019,DHS,0.112633
      40  53,,0,0,2019,DHS,0.112633
      40  57,,0,0,2019,DHS,0.112633
      40  61,,0,0,2019,DHS,0.112633
      40  65,,0,0,2019,DHS,0.112633
      40  68,,0,0,2019,DHS,0.112633
      40  76,,0,0,2019,DHS,0.112633
      40  80,,0,0,2019,DHS,0.112633
      40  83,,0,0,2019,DHS,0.112633
      40  87,,0,0,2019,DHS,0.112633
      40  91,,0,0,2019,DHS,0.112633
      41   3,,0,0,2019,DHS,1.14212
      41   7,,0,0,2019,DHS,1.14212
      41  11,,0,0,2019,DHS,1.14212
      41  18,,0,0,2019,DHS,1.14212
      41  21,,0,0,2019,DHS,1.14212
      41  25,,0,0,2019,DHS,1.14212
      41  32,,0,0,2019,DHS,1.14212
      41  39,,0,0,2019,DHS,1.14212
      41  43,,0,0,2019,DHS,1.14212
      41  47,,0,0,2019,DHS,1.14212
      41  50,,0,0,2019,DHS,1.14212
      41  54,,0,0,2019,DHS,1.14212
      41  61,,0,0,2019,DHS,1.14212
      41  65,,0,0,2019,DHS,1.14212
      41  68,,0,0,2019,DHS,1.14212
      41  72,,0,0,2019,DHS,1.14212
      41  75,,0,0,2019,DHS,1.14212
      41  79,,0,0,2019,DHS,1.14212
      41  83,,0,0,2019,DHS,1.14212
      41  90,,0,0,2019,DHS,1.14212
      42   3,,0,0,2019,DHS,1.155529
      42   6,,0,0,2019,DHS,1.155529
      42   9,,0,0,2019,DHS,1.155529
      42  13,,0,0,2019,DHS,1.155529
      42  16,,0,0,2019,DHS,1.155529
      42  19,,0,0,2019,DHS,1.155529
      42  22,,0,0,2019,DHS,1.155529
      42  25,,0,0,2019,DHS,1.155529
      42  31,,0,0,2019,DHS,1.155529
      42  34,,0,0,2019,DHS,1.155529
      42  37,,0,0,2019,DHS,1.155529
      42  40,,0,0,2019,DHS,1.155529
      42  49,,0,0,2019,DHS,1.155529
      42  52,,0,0,2019,DHS,1.155529
      42  55,,0,0,2019,DHS,1.155529
      42  58,,0,0,2019,DHS,1.155529
      42  61,,0,0,2019,DHS,1.155529
      42  64,,0,0,2019,DHS,1.155529
      42  67,,0,0,2019,DHS,1.155529
      42  70,,0,0,2019,DHS,1.155529
      42  73,,0,0,2019,DHS,1.155529
      42  76,,0,0,2019,DHS,1.155529
      43   2,,0,0,2019,DHS,1.151185
      43   5,,0,0,2019,DHS,1.151185
      43   8,,0,0,2019,DHS,1.151185
      43  10,,0,0,2019,DHS,1.151185
      43  13,,0,0,2019,DHS,1.151185
      43  15,,0,0,2019,DHS,1.151185
      43  18,,0,0,2019,DHS,1.151185
      43  21,,0,0,2019,DHS,1.151185
      43  23,,0,0,2019,DHS,1.151185
      43  26,,0,0,2019,DHS,1.151185
      43  28,,0,0,2019,DHS,1.151185
      43  31,,0,0,2019,DHS,1.151185
      43  34,,0,0,2019,DHS,1.151185
      43  36,,0,0,2019,DHS,1.151185
      43  39,,0,0,2019,DHS,1.151185
      43  41,,0,0,2019,DHS,1.151185
      43  44,,0,0,2019,DHS,1.151185
      43  47,,0,0,2019,DHS,1.151185
      43  49,,0,0,2019,DHS,1.151185
      43  52,,0,0,2019,DHS,1.151185
      43  54,,0,0,2019,DHS,1.151185
      43  57,,0,0,2019,DHS,1.151185
      43  60,,0,0,2019,DHS,1.151185
      43  62,,0,0,2019,DHS,1.151185
      43  65,,0,0,2019,DHS,1.151185
      44   4,,0,0,2019,DHS,1.255397
      44   7,,0,0,2019,DHS,1.255397
      44  10,,0,0,2019,DHS,1.255397
      44  13,,0,0,2019,DHS,1.255397
      44  16,,0,0,2019,DHS,1.255397
      44  19,,0,0,2019,DHS,1.255397
      44  25,,0,0,2019,DHS,1.255397
      44  28,,0,0,2019,DHS,1.255397
      44  31,,0,0,2019,DHS,1.255397
      44  34,,0,0,2019,DHS,1.255397
      44  37,,0,0,2019,DHS,1.255397
      44  40,,0,0,2019,DHS,1.255397
      44  43,,0,0,2019,DHS,1.255397
      44  46,,0,0,2019,DHS,1.255397
      44  52,,0,0,2019,DHS,1.255397
      44  55,,0,0,2019,DHS,1.255397
      44  58,,0,0,2019,DHS,1.255397
      44  61,,0,0,2019,DHS,1.255397
      44  64,,0,0,2019,DHS,1.255397
      44  67,,0,0,2019,DHS,1.255397
      44  69,,0,0,2019,DHS,1.255397
      44  72,,0,0,2019,DHS,1.255397
      45   2,,0,0,2019,DHS,1.485529
      45   7,,0,0,2019,DHS,1.485529
      45  11,,0,0,2019,DHS,1.485529
      45  15,,0,0,2019,DHS,1.485529
      45  19,,0,0,2019,DHS,1.485529
      45  24,,0,0,2019,DHS,1.485529
      45  28,,0,0,2019,DHS,1.485529
      45  32,,0,0,2019,DHS,1.485529
      45  36,,0,0,2019,DHS,1.485529
      45  41,,0,0,2019,DHS,1.485529
      45  45,,0,0,2019,DHS,1.485529
      45  49,,0,0,2019,DHS,1.485529
      45  62,,0,0,2019,DHS,1.485529
      45  66,,0,0,2019,DHS,1.485529
      45  70,,0,0,2019,DHS,1.485529
      45  74,,0,0,2019,DHS,1.485529
      45  79,,0,0,2019,DHS,1.485529
      45  83,,0,0,2019,DHS,1.485529
      45  87,,0,0,2019,DHS,1.485529
      45  96,,0,0,2019,DHS,1.485529
      45 100,,0,0,2019,DHS,1.485529
      45 104,,0,0,2019,DHS,1.485529
      46   6,,0,0,2019,DHS,1.52532
      46  10,,0,0,2019,DHS,1.52532
      46  14,,0,0,2019,DHS,1.52532
      46  18,,0,0,2019,DHS,1.52532
      46  27,,0,0,2019,DHS,1.52532
      46  31,,0,0,2019,DHS,1.52532
      46  35,,0,0,2019,DHS,1.52532
      46  40,,0,0,2019,DHS,1.52532
      46  44,,0,0,2019,DHS,1.52532
      46  48,,0,0,2019,DHS,1.52532
      46  52,,0,0,2019,DHS,1.52532
      46  57,,0,0,2019,DHS,1.52532
      46  61,,0,0,2019,DHS,1.52532
      46  69,,0,0,2019,DHS,1.52532
      46  78,,0,0,2019,DHS,1.52532
      46  82,,0,0,2019,DHS,1.52532
      46  86,,0,0,2019,DHS,1.52532
      46  90,,0,0,2019,DHS,1.52532
      46  95,,0,0,2019,DHS,1.52532
      46  99,,0,0,2019,DHS,1.52532
      46 103,,0,0,2019,DHS,1.52532
      47   1,,0,0,2019,DHS,1.543799
      47   5,,0,0,2019,DHS,1.543799
      47   9,,0,0,2019,DHS,1.543799
      47  12,,0,0,2019,DHS,1.543799
      47  16,,0,0,2019,DHS,1.543799
      47  23,,0,0,2019,DHS,1.543799
      47  27,,0,0,2019,DHS,1.543799
      47  31,,0,0,2019,DHS,1.543799
      47  34,,0,0,2019,DHS,1.543799
      47  38,,0,0,2019,DHS,1.543799
      47  41,,0,0,2019,DHS,1.543799
      47  45,,0,0,2019,DHS,1.543799
      47  49,,0,0,2019,DHS,1.543799
      47  52,,0,0,2019,DHS,1.543799
      47  56,,0,0,2019,DHS,1.543799
      47  60,,0,0,2019,DHS,1.543799
      47  63,,0,0,2019,DHS,1.543799
      47  67,,0,0,2019,DHS,1.543799
      47  71,,0,0,2019,DHS,1.543799
      47  74,,0,0,2019,DHS,1.543799
      47  78,,0,0,2019,DHS,1.543799
      47  81,,0,0,2019,DHS,1.543799
      47  85,,0,0,2019,DHS,1.543799
      47  89,,0,0,2019,DHS,1.543799
      48   2,,0,0,2019,DHS,1.758173
      48   5,,0,0,2019,DHS,1.758173
      48   8,,0,0,2019,DHS,1.758173
      48  11,,0,0,2019,DHS,1.758173
      48  14,,0,0,2019,DHS,1.758173
      48  17,,0,0,2019,DHS,1.758173
      48  20,,0,0,2019,DHS,1.758173
      48  23,,0,0,2019,DHS,1.758173
      48  25,,0,0,2019,DHS,1.758173
      48  28,,0,0,2019,DHS,1.758173
      48  34,,0,0,2019,DHS,1.758173
      48  37,,0,0,2019,DHS,1.758173
      48  40,,0,0,2019,DHS,1.758173
      48  43,,0,0,2019,DHS,1.758173
      48  46,,0,0,2019,DHS,1.758173
      48  48,,0,0,2019,DHS,1.758173
      48  51,,0,0,2019,DHS,1.758173
      48  54,,0,0,2019,DHS,1.758173
      48  57,,0,0,2019,DHS,1.758173
      48  60,,0,0,2019,DHS,1.758173
      48  63,,0,0,2019,DHS,1.758173
      48  66,,0,0,2019,DHS,1.758173
      48  69,,0,0,2019,DHS,1.758173
      48  72,,0,0,2019,DHS,1.758173
      49   2,,0,0,2019,DHS,1.265065
      49   5,,0,0,2019,DHS,1.265065
      49   8,,0,0,2019,DHS,1.265065
      49  11,,0,0,2019,DHS,1.265065
      49  14,,0,0,2019,DHS,1.265065
      49  17,,0,0,2019,DHS,1.265065
      49  20,,0,0,2019,DHS,1.265065
      49  23,,0,0,2019,DHS,1.265065
      49  26,,0,0,2019,DHS,1.265065
      49  32,,0,0,2019,DHS,1.265065
      49  35,,0,0,2019,DHS,1.265065
      49  37,,0,0,2019,DHS,1.265065
      49  40,,0,0,2019,DHS,1.265065
      49  43,,0,0,2019,DHS,1.265065
      49  46,,0,0,2019,DHS,1.265065
      49  49,,0,0,2019,DHS,1.265065
      49  52,,0,0,2019,DHS,1.265065
      49  55,,0,0,2019,DHS,1.265065
      49  58,,0,0,2019,DHS,1.265065
      49  61,,0,0,2019,DHS,1.265065
      49  64,,0,0,2019,DHS,1.265065
      49  67,,0,0,2019,DHS,1.265065
      49  70,,0,0,2019,DHS,1.265065
      49  72,,0,0,2019,DHS,1.265065
      50   2,,0,0,2019,DHS,1.611659
      50   5,,0,0,2019,DHS,1.611659
      50   8,,0,0,2019,DHS,1.611659
      50  11,,0,0,2019,DHS,1.611659
      50  14,,0,0,2019,DHS,1.611659
      50  20,,0,0,2019,DHS,1.611659
      50  26,,0,0,2019,DHS,1.611659
      50  29,,0,0,2019,DHS,1.611659
      50  32,,0,0,2019,DHS,1.611659
      50  35,,0,0,2019,DHS,1.611659
      50  37,,0,0,2019,DHS,1.611659
      50  40,,0,0,2019,DHS,1.611659
      50  43,,0,0,2019,DHS,1.611659
      50  46,,0,0,2019,DHS,1.611659
      50  52,,0,0,2019,DHS,1.611659
      50  55,,0,0,2019,DHS,1.611659
      50  58,,0,0,2019,DHS,1.611659
      50  61,,0,0,2019,DHS,1.611659
      50  64,,0,0,2019,DHS,1.611659
      50  67,,0,0,2019,DHS,1.611659
      50  70,,0,0,2019,DHS,1.611659
      51   2,,0,0,2019,DHS,1.594513
      51   6,,0,0,2019,DHS,1.594513
      51  10,,0,0,2019,DHS,1.594513
      51  17,,0,0,2019,DHS,1.594513
      51  21,,0,0,2019,DHS,1.594513
      51  25,,0,0,2019,DHS,1.594513
      51  28,,0,0,2019,DHS,1.594513
      51  32,,0,0,2019,DHS,1.594513
      51  36,,0,0,2019,DHS,1.594513
      51  40,,0,0,2019,DHS,1.594513
      51  43,,0,0,2019,DHS,1.594513
      51  47,,0,0,2019,DHS,1.594513
      51  51,,0,0,2019,DHS,1.594513
      51  54,,0,0,2019,DHS,1.594513
      51  58,,0,0,2019,DHS,1.594513
      51  62,,0,0,2019,DHS,1.594513
      51  66,,0,0,2019,DHS,1.594513
      51  69,,0,0,2019,DHS,1.594513
      51  73,,0,0,2019,DHS,1.594513
      51  77,,0,0,2019,DHS,1.594513
      51  81,,0,0,2019,DHS,1.594513
      51  84,,0,0,2019,DHS,1.594513
      51  88,,0,0,2019,DHS,1.594513
      51  92,,0,0,2019,DHS,1.594513
      52   2,,0,0,2019,DHS,2.045567
      52   6,,0,0,2019,DHS,2.045567
      52  10,,0,0,2019,DHS,2.045567
      52  14,,0,0,2019,DHS,2.045567
      52  18,,0,0,2019,DHS,2.045567
      52  22,,0,0,2019,DHS,2.045567
      52  26,,0,0,2019,DHS,2.045567
      52  34,,0,0,2019,DHS,2.045567
      52  38,,0,0,2019,DHS,2.045567
      52  42,,0,0,2019,DHS,2.045567
      52  46,,0,0,2019,DHS,2.045567
      52  50,,0,0,2019,DHS,2.045567
      52  54,,0,0,2019,DHS,2.045567
      52  58,,0,0,2019,DHS,2.045567
      52  62,,0,0,2019,DHS,2.045567
      52  66,,0,0,2019,DHS,2.045567
      52  70,,0,0,2019,DHS,2.045567
      52  74,,0,0,2019,DHS,2.045567
      52  78,,0,0,2019,DHS,2.045567
      52  82,,0,0,2019,DHS,2.045567
      52  86,,0,0,2019,DHS,2.045567
      52  90,,0,0,2019,DHS,2.045567
      52  93,,0,0,2019,DHS,2.045567
      52  97,,0,0,2019,DHS,2.045567
      53   2,,0,0,2019,DHS,2.105023
      53   8,,0,0,2019,DHS,2.105023
      53  13,,0,0,2019,DHS,2.105023
      53  18,,0,0,2019,DHS,2.105023
      53  23,,0,0,2019,DHS,2.105023
      53  28,,0,0,2019,DHS,2.105023
      53  33,,0,0,2019,DHS,2.105023
      53  38,,0,0,2019,DHS,2.105023
      53  54,,0,0,2019,DHS,2.105023
      53  59,,0,0,2019,DHS,2.105023
      53  64,,0,0,2019,DHS,2.105023
      53  69,,0,0,2019,DHS,2.105023
      53  74,,0,0,2019,DHS,2.105023
      53  84,,0,0,2019,DHS,2.105023
      53  89,,0,0,2019,DHS,2.105023
      53  95,,0,0,2019,DHS,2.105023
      53 100,,0,0,2019,DHS,2.105023
      53 105,,0,0,2019,DHS,2.105023
      53 110,,0,0,2019,DHS,2.105023
      53 115,,0,0,2019,DHS,2.105023
      53 125,,0,0,2019,DHS,2.105023
      54   1,,0,0,2019,DHS,1.250425
      54   5,,0,0,2019,DHS,1.250425
      54   9,,0,0,2019,DHS,1.250425
      54  12,,0,0,2019,DHS,1.250425
      54  16,,0,0,2019,DHS,1.250425
      54  19,,0,0,2019,DHS,1.250425
      54  27,,0,0,2019,DHS,1.250425
      54  30,,0,0,2019,DHS,1.250425
      54  34,,0,0,2019,DHS,1.250425
      54  37,,0,0,2019,DHS,1.250425
      54  41,,0,0,2019,DHS,1.250425
      54  45,,0,0,2019,DHS,1.250425
      54  48,,0,0,2019,DHS,1.250425
      54  52,,0,0,2019,DHS,1.250425
      54  55,,0,0,2019,DHS,1.250425
      54  59,,0,0,2019,DHS,1.250425
      54  63,,0,0,2019,DHS,1.250425
      54  66,,0,0,2019,DHS,1.250425
      54  70,,0,0,2019,DHS,1.250425
      54  73,,0,0,2019,DHS,1.250425
      54  77,,0,0,2019,DHS,1.250425
      54  81,,0,0,2019,DHS,1.250425
      54  84,,0,0,2019,DHS,1.250425
      55   9,,0,0,2019,DHS,1.667879
      55  12,,0,0,2019,DHS,1.667879
      55  16,,0,0,2019,DHS,1.667879
      55  19,,0,0,2019,DHS,1.667879
      55  23,,0,0,2019,DHS,1.667879
      55  26,,0,0,2019,DHS,1.667879
      55  30,,0,0,2019,DHS,1.667879
      55  33,,0,0,2019,DHS,1.667879
      55  37,,0,0,2019,DHS,1.667879
      55  41,,0,0,2019,DHS,1.667879
      55  44,,0,0,2019,DHS,1.667879
      55  48,,0,0,2019,DHS,1.667879
      55  51,,0,0,2019,DHS,1.667879
      55  55,,0,0,2019,DHS,1.667879
      55  58,,0,0,2019,DHS,1.667879
      55  62,,0,0,2019,DHS,1.667879
      55  65,,0,0,2019,DHS,1.667879
      55  69,,0,0,2019,DHS,1.667879
      55  80,,0,0,2019,DHS,1.667879
      55  87,,0,0,2019,DHS,1.667879
      56   2,,0,0,2019,DHS,1.49654
      56   5,,0,0,2019,DHS,1.49654
      56   8,,0,0,2019,DHS,1.49654
      56  10,,0,0,2019,DHS,1.49654
      56  13,,0,0,2019,DHS,1.49654
      56  15,,0,0,2019,DHS,1.49654
      56  18,,0,0,2019,DHS,1.49654
      56  21,,0,0,2019,DHS,1.49654
      56  23,,0,0,2019,DHS,1.49654
      56  26,,0,0,2019,DHS,1.49654
      56  28,,0,0,2019,DHS,1.49654
      56  31,,0,0,2019,DHS,1.49654
      56  34,,0,0,2019,DHS,1.49654
      56  36,,0,0,2019,DHS,1.49654
      56  39,,0,0,2019,DHS,1.49654
      56  41,,0,0,2019,DHS,1.49654
      56  44,,0,0,2019,DHS,1.49654
      56  47,,0,0,2019,DHS,1.49654
      56  49,,0,0,2019,DHS,1.49654
      56  52,,0,0,2019,DHS,1.49654
      56  57,,0,0,2019,DHS,1.49654
      56  60,,0,0,2019,DHS,1.49654
      56  62,,0,0,2019,DHS,1.49654
      56  65,,0,0,2019,DHS,1.49654
      57   4,,0,0,2019,DHS,1.595701
      57   8,,0,0,2019,DHS,1.595701
      57  16,,0,0,2019,DHS,1.595701
      57  20,,0,0,2019,DHS,1.595701
      57  24,,0,0,2019,DHS,1.595701
      57  28,,0,0,2019,DHS,1.595701
      57  32,,0,0,2019,DHS,1.595701
      57  36,,0,0,2019,DHS,1.595701
      57  40,,0,0,2019,DHS,1.595701
      57  44,,0,0,2019,DHS,1.595701
      57  48,,0,0,2019,DHS,1.595701
      57  52,,0,0,2019,DHS,1.595701
      57  56,,0,0,2019,DHS,1.595701
      57  64,,0,0,2019,DHS,1.595701
      57  68,,0,0,2019,DHS,1.595701
      57  72,,0,0,2019,DHS,1.595701
      57  76,,0,0,2019,DHS,1.595701
      57  84,,0,0,2019,DHS,1.595701
      57  88,,0,0,2019,DHS,1.595701
      57  92,,0,0,2019,DHS,1.595701
      57  96,,0,0,2019,DHS,1.595701
      57 100,,0,0,2019,DHS,1.595701
      58   3,,0,0,2019,DHS,1.459973
      58   6,,0,0,2019,DHS,1.459973
      58  10,,0,0,2019,DHS,1.459973
      58  13,,0,0,2019,DHS,1.459973
      58  16,,0,0,2019,DHS,1.459973
      58  19,,0,0,2019,DHS,1.459973
      58  22,,0,0,2019,DHS,1.459973
      58  25,,0,0,2019,DHS,1.459973
      58  28,,0,0,2019,DHS,1.459973
      58  31,,0,0,2019,DHS,1.459973
      58  34,,0,0,2019,DHS,1.459973
      58  37,,0,0,2019,DHS,1.459973
      58  40,,0,0,2019,DHS,1.459973
      58  43,,0,0,2019,DHS,1.459973
      58  47,,0,0,2019,DHS,1.459973
      58  50,,0,0,2019,DHS,1.459973
      58  53,,0,0,2019,DHS,1.459973
      58  56,,0,0,2019,DHS,1.459973
      58  59,,0,0,2019,DHS,1.459973
      58  62,,0,0,2019,DHS,1.459973
      58  65,,0,0,2019,DHS,1.459973
      58  68,,0,0,2019,DHS,1.459973
      58  71,,0,0,2019,DHS,1.459973
      58  74,,0,0,2019,DHS,1.459973
      59   2,,0,0,2019,DHS,1.063009
      59   6,,0,0,2019,DHS,1.063009
      59  10,,0,0,2019,DHS,1.063009
      59  14,,0,0,2019,DHS,1.063009
      59  17,,0,0,2019,DHS,1.063009
      59  21,,0,0,2019,DHS,1.063009
      59  28,,0,0,2019,DHS,1.063009
      59  32,,0,0,2019,DHS,1.063009
      59  36,,0,0,2019,DHS,1.063009
      59  40,,0,0,2019,DHS,1.063009
      59  43,,0,0,2019,DHS,1.063009
      59  47,,0,0,2019,DHS,1.063009
      59  54,,0,0,2019,DHS,1.063009
      59  58,,0,0,2019,DHS,1.063009
      59  66,,0,0,2019,DHS,1.063009
      59  69,,0,0,2019,DHS,1.063009
      59  73,,0,0,2019,DHS,1.063009
      59  77,,0,0,2019,DHS,1.063009
      59  81,,0,0,2019,DHS,1.063009
      59  84,,0,0,2019,DHS,1.063009
      59  88,,0,0,2019,DHS,1.063009
      59  92,,0,0,2019,DHS,1.063009
      60   2,,0,0,2019,DHS,1.648287
      60   6,,0,0,2019,DHS,1.648287
      60  10,,0,0,2019,DHS,1.648287
      60  13,,0,0,2019,DHS,1.648287
      60  17,,0,0,2019,DHS,1.648287
      60  20,,0,0,2019,DHS,1.648287
      60  28,,0,0,2019,DHS,1.648287
      60  38,,0,0,2019,DHS,1.648287
      60  42,,0,0,2019,DHS,1.648287
      60  46,,0,0,2019,DHS,1.648287
      60  53,,0,0,2019,DHS,1.648287
      60  60,,0,0,2019,DHS,1.648287
      60  64,,0,0,2019,DHS,1.648287
      60  67,,0,0,2019,DHS,1.648287
      60  71,,0,0,2019,DHS,1.648287
      60  74,,0,0,2019,DHS,1.648287
      60  78,,0,0,2019,DHS,1.648287
      60  82,,0,0,2019,DHS,1.648287
      60  89,,0,0,2019,DHS,1.648287
      61   2,,0,0,2019,DHS,2.510794
      61   8,,0,0,2019,DHS,2.510794
      61  14,,0,0,2019,DHS,2.510794
      61  20,,0,0,2019,DHS,2.510794
      61  26,,0,0,2019,DHS,2.510794
      61  32,,0,0,2019,DHS,2.510794
      61  38,,0,0,2019,DHS,2.510794
      61  44,,0,0,2019,DHS,2.510794
      61  50,,0,0,2019,DHS,2.510794
      61  56,,0,0,2019,DHS,2.510794
      61  62,,0,0,2019,DHS,2.510794
      61  68,,0,0,2019,DHS,2.510794
      61  73,,0,0,2019,DHS,2.510794
      61  79,,0,0,2019,DHS,2.510794
      61  91,,0,0,2019,DHS,2.510794
      61  97,,0,0,2019,DHS,2.510794
      61 103,,0,0,2019,DHS,2.510794
      61 109,,0,0,2019,DHS,2.510794
      61 115,,0,0,2019,DHS,2.510794
      61 121,,0,0,2019,DHS,2.510794
      61 127,,0,0,2019,DHS,2.510794
      61 133,,0,0,2019,DHS,2.510794
      61 139,,0,0,2019,DHS,2.510794
      61 144,,0,0,2019,DHS,2.510794
      62   1,,0,0,2020,DHS,1.650494
      62   5,,0,0,2020,DHS,1.650494
      62   8,,0,0,2020,DHS,1.650494
      62  12,,0,0,2020,DHS,1.650494
      62  15,,0,0,2020,DHS,1.650494
      62  18,,0,0,2020,DHS,1.650494
      62  22,,0,0,2020,DHS,1.650494
      62  25,,0,0,2020,DHS,1.650494
      62  29,,0,0,2020,DHS,1.650494
      62  32,,0,0,2020,DHS,1.650494
      62  35,,0,0,2020,DHS,1.650494
      62  39,,0,0,2020,DHS,1.650494
      62  42,,0,0,2020,DHS,1.650494
      62  46,,0,0,2020,DHS,1.650494
      62  49,,0,0,2020,DHS,1.650494
      62  52,,0,0,2020,DHS,1.650494
      62  56,,0,0,2020,DHS,1.650494
      62  59,,0,0,2020,DHS,1.650494
      62  63,,0,0,2020,DHS,1.650494
      62  66,,0,0,2020,DHS,1.650494
      62  69,,0,0,2020,DHS,1.650494
      62  73,,0,0,2020,DHS,1.650494
      62  76,,0,0,2020,DHS,1.650494
      62  80,,0,0,2020,DHS,1.650494
      62  83,,0,0,2020,DHS,1.650494
      63   1,,0,0,2020,DHS,1.517957
      63   5,,0,0,2020,DHS,1.517957
      63   8,,0,0,2020,DHS,1.517957
      63  11,,0,0,2020,DHS,1.517957
      63  14,,0,0,2020,DHS,1.517957
      63  18,,0,0,2020,DHS,1.517957
      63  21,,0,0,2020,DHS,1.517957
      63  24,,0,0,2020,DHS,1.517957
      63  27,,0,0,2020,DHS,1.517957
      63  31,,0,0,2020,DHS,1.517957
      63  37,,0,0,2020,DHS,1.517957
      63  40,,0,0,2020,DHS,1.517957
      63  44,,0,0,2020,DHS,1.517957
      63  50,,0,0,2020,DHS,1.517957
      63  53,,0,0,2020,DHS,1.517957
      63  56,,0,0,2020,DHS,1.517957
      63  60,,0,0,2020,DHS,1.517957
      63  63,,0,0,2020,DHS,1.517957
      63  66,,0,0,2020,DHS,1.517957
      63  69,,0,0,2020,DHS,1.517957
      63  73,,0,0,2020,DHS,1.517957
      63  76,,0,0,2020,DHS,1.517957
      63  79,,0,0,2020,DHS,1.517957
      64   2,,0,0,2019,DHS,1.489254
      64   5,,0,0,2019,DHS,1.489254
      64   8,,0,0,2019,DHS,1.489254
      64  11,,0,0,2019,DHS,1.489254
      64  14,,0,0,2019,DHS,1.489254
      64  17,,0,0,2019,DHS,1.489254
      64  20,,0,0,2019,DHS,1.489254
      64  23,,0,0,2019,DHS,1.489254
      64  26,,0,0,2019,DHS,1.489254
      64  29,,0,0,2019,DHS,1.489254
      64  32,,0,0,2019,DHS,1.489254
      64  35,,0,0,2019,DHS,1.489254
      64  37,,0,0,2019,DHS,1.489254
      64  40,,0,0,2019,DHS,1.489254
      64  43,,0,0,2019,DHS,1.489254
      64  46,,0,0,2019,DHS,1.489254
      64  49,,0,0,2019,DHS,1.489254
      64  52,,0,0,2019,DHS,1.489254
      64  55,,0,0,2019,DHS,1.489254
      64  58,,0,0,2019,DHS,1.489254
      64  61,,0,0,2019,DHS,1.489254
      64  64,,0,0,2019,DHS,1.489254
      64  67,,0,0,2019,DHS,1.489254
      64  70,,0,0,2019,DHS,1.489254
      64  72,,0,0,2019,DHS,1.489254
      65   2,,0,0,2019,DHS,2.035779
      65   5,,0,0,2019,DHS,2.035779
      65   8,,0,0,2019,DHS,2.035779
      65  11,,0,0,2019,DHS,2.035779
      65  14,,0,0,2019,DHS,2.035779
      65  17,,0,0,2019,DHS,2.035779
      65  20,,0,0,2019,DHS,2.035779
      65  23,,0,0,2019,DHS,2.035779
      65  25,,0,0,2019,DHS,2.035779
      65  28,,0,0,2019,DHS,2.035779
      65  31,,0,0,2019,DHS,2.035779
      65  34,,0,0,2019,DHS,2.035779
      65  37,,0,0,2019,DHS,2.035779
      65  40,,0,0,2019,DHS,2.035779
      65  43,,0,0,2019,DHS,2.035779
      65  46,,0,0,2019,DHS,2.035779
      65  48,,0,0,2019,DHS,2.035779
      65  51,,0,0,2019,DHS,2.035779
      65  54,,0,0,2019,DHS,2.035779
      65  57,,0,0,2019,DHS,2.035779
      65  60,,0,0,2019,DHS,2.035779
      65  63,,0,0,2019,DHS,2.035779
      65  66,,0,0,2019,DHS,2.035779
      65  69,,0,0,2019,DHS,2.035779
      65  72,,0,0,2019,DHS,2.035779
      66   2,,0,0,2019,DHS,1.880268
      66   6,,0,0,2019,DHS,1.880268
      66  10,,0,0,2019,DHS,1.880268
      66  14,,0,0,2019,DHS,1.880268
      66  18,,0,0,2019,DHS,1.880268
      66  22,,0,0,2019,DHS,1.880268
      66  26,,0,0,2019,DHS,1.880268
      66  30,,0,0,2019,DHS,1.880268
      66  34,,0,0,2019,DHS,1.880268
      66  38,,0,0,2019,DHS,1.880268
      66  42,,0,0,2019,DHS,1.880268
      66  46,,0,0,2019,DHS,1.880268
      66  49,,0,0,2019,DHS,1.880268
      66  53,,0,0,2019,DHS,1.880268
      66  57,,0,0,2019,DHS,1.880268
      66  61,,0,0,2019,DHS,1.880268
      66  65,,0,0,2019,DHS,1.880268
      66  77,,0,0,2019,DHS,1.880268
      66  81,,0,0,2019,DHS,1.880268
      66  85,,0,0,2019,DHS,1.880268
      66  89,,0,0,2019,DHS,1.880268
      66  93,,0,0,2019,DHS,1.880268
      66  96,,0,0,2019,DHS,1.880268
      67   2,,0,0,2019,DHS,2.532606
      67   6,,0,0,2019,DHS,2.532606
      67  10,,0,0,2019,DHS,2.532606
      67  14,,0,0,2019,DHS,2.532606
      67  18,,0,0,2019,DHS,2.532606
      67  22,,0,0,2019,DHS,2.532606
      67  26,,0,0,2019,DHS,2.532606
      67  30,,0,0,2019,DHS,2.532606
      67  34,,0,0,2019,DHS,2.532606
      67  38,,0,0,2019,DHS,2.532606
      67  42,,0,0,2019,DHS,2.532606
      67  46,,0,0,2019,DHS,2.532606
      67  50,,0,0,2019,DHS,2.532606
      67  54,,0,0,2019,DHS,2.532606
      67  58,,0,0,2019,DHS,2.532606
      67  62,,0,0,2019,DHS,2.532606
      67  66,,0,0,2019,DHS,2.532606
      67  70,,0,0,2019,DHS,2.532606
      67  74,,0,0,2019,DHS,2.532606
      67  78,,0,0,2019,DHS,2.532606
      67  82,,0,0,2019,DHS,2.532606
      67  86,,0,0,2019,DHS,2.532606
      67  90,,0,0,2019,DHS,2.532606
      67  93,,0,0,2019,DHS,2.532606
      67  97,,0,0,2019,DHS,2.532606
      68   1,,0,0,2019,DHS,1.268752
      68   4,,0,0,2019,DHS,1.268752
      68   7,,0,0,2019,DHS,1.268752
      68  13,,0,0,2019,DHS,1.268752
      68  16,,0,0,2019,DHS,1.268752
      68  19,,0,0,2019,DHS,1.268752
      68  22,,0,0,2019,DHS,1.268752
      68  25,,0,0,2019,DHS,1.268752
      68  31,,0,0,2019,DHS,1.268752
      68  34,,0,0,2019,DHS,1.268752
      68  37,,0,0,2019,DHS,1.268752
      68  40,,0,0,2019,DHS,1.268752
      68  43,,0,0,2019,DHS,1.268752
      68  46,,0,0,2019,DHS,1.268752
      68  49,,0,0,2019,DHS,1.268752
      68  52,,0,0,2019,DHS,1.268752
      68  55,,0,0,2019,DHS,1.268752
      68  58,,0,0,2019,DHS,1.268752
      68  61,,0,0,2019,DHS,1.268752
      68  64,,0,0,2019,DHS,1.268752
      68  67,,0,0,2019,DHS,1.268752
      68  69,,0,0,2019,DHS,1.268752
      68  72,,0,0,2019,DHS,1.268752
      69   1,,0,0,2019,DHS,1.491641
      69   5,,0,0,2019,DHS,1.491641
      69   8,,0,0,2019,DHS,1.491641
      69  12,,0,0,2019,DHS,1.491641
      69  15,,0,0,2019,DHS,1.491641
      69  19,,0,0,2019,DHS,1.491641
      69  22,,0,0,2019,DHS,1.491641
      69  26,,0,0,2019,DHS,1.491641
      69  29,,0,0,2019,DHS,1.491641
      69  33,,0,0,2019,DHS,1.491641
      69  36,,0,0,2019,DHS,1.491641
      69  47,,0,0,2019,DHS,1.491641
      69  50,,0,0,2019,DHS,1.491641
      69  54,,0,0,2019,DHS,1.491641
      69  57,,0,0,2019,DHS,1.491641
      69  61,,0,0,2019,DHS,1.491641
      69  64,,0,0,2019,DHS,1.491641
      69  68,,0,0,2019,DHS,1.491641
      69  71,,0,0,2019,DHS,1.491641
      69  74,,0,0,2019,DHS,1.491641
      69  81,,0,0,2019,DHS,1.491641
      69  85,,0,0,2019,DHS,1.491641
      70   1,,0,0,2019,DHS,1.893699
      70   5,,0,0,2019,DHS,1.893699
      70   9,,0,0,2019,DHS,1.893699
      70  13,,0,0,2019,DHS,1.893699
      70  16,,0,0,2019,DHS,1.893699
      70  20,,0,0,2019,DHS,1.893699
      70  24,,0,0,2019,DHS,1.893699
      70  28,,0,0,2019,DHS,1.893699
      70  31,,0,0,2019,DHS,1.893699
      70  35,,0,0,2019,DHS,1.893699
      70  39,,0,0,2019,DHS,1.893699
      70  43,,0,0,2019,DHS,1.893699
      70  47,,0,0,2019,DHS,1.893699
      70  50,,0,0,2019,DHS,1.893699
      70  54,,0,0,2019,DHS,1.893699
      70  58,,0,0,2019,DHS,1.893699
      70  62,,0,0,2019,DHS,1.893699
      70  65,,0,0,2019,DHS,1.893699
      70  69,,0,0,2019,DHS,1.893699
      70  73,,0,0,2019,DHS,1.893699
      70  77,,0,0,2019,DHS,1.893699
      70  80,,0,0,2019,DHS,1.893699
      71   3,,0,0,2019,DHS,1.416306
      71   7,,0,0,2019,DHS,1.416306
      71  10,,0,0,2019,DHS,1.416306
      71  14,,0,0,2019,DHS,1.416306
      71  17,,0,0,2019,DHS,1.416306
      71  21,,0,0,2019,DHS,1.416306
      71  24,,0,0,2019,DHS,1.416306
      71  28,,0,0,2019,DHS,1.416306
      71  31,,0,0,2019,DHS,1.416306
      71  36,,0,0,2019,DHS,1.416306
      71  39,,0,0,2019,DHS,1.416306
      71  43,,0,0,2019,DHS,1.416306
      71  53,,0,0,2019,DHS,1.416306
      71  60,,0,0,2019,DHS,1.416306
      71  64,,0,0,2019,DHS,1.416306
      71  67,,0,0,2019,DHS,1.416306
      71  71,,0,0,2019,DHS,1.416306
      71  74,,0,0,2019,DHS,1.416306
      71  77,,0,0,2019,DHS,1.416306
      71  81,,0,0,2019,DHS,1.416306
      71  84,,0,0,2020,DHS,1.416306
      71  88,,0,0,2019,DHS,1.416306
      72   4,,0,0,2019,DHS,1.611659
      72   9,,0,0,2019,DHS,1.611659
      72  22,,0,0,2019,DHS,1.611659
      72  27,,0,0,2019,DHS,1.611659
      72  32,,0,0,2019,DHS,1.611659
      72  36,,0,0,2019,DHS,1.611659
      72  41,,0,0,2019,DHS,1.611659
      72  45,,0,0,2019,DHS,1.611659
      72  50,,0,0,2019,DHS,1.611659
      72  54,,0,0,2019,DHS,1.611659
      72  59,,0,0,2019,DHS,1.611659
      72  63,,0,0,2019,DHS,1.611659
      72  68,,0,0,2019,DHS,1.611659
      72  72,,0,0,2019,DHS,1.611659
      72  77,,0,0,2019,DHS,1.611659
      72  81,,0,0,2019,DHS,1.611659
      72  86,,0,0,2019,DHS,1.611659
      72  90,,0,0,2019,DHS,1.611659
      72  95,,0,0,2019,DHS,1.611659
      72  99,,0,0,2019,DHS,1.611659
      72 104,,0,0,2019,DHS,1.611659
      72 108,,0,0,2019,DHS,1.611659
      72 113,,0,0,2019,DHS,1.611659
      73   3,,0,0,2019,DHS,1.477354
      73   6,,0,0,2019,DHS,1.477354
      73  10,,0,0,2019,DHS,1.477354
      73  13,,0,0,2019,DHS,1.477354
      73  16,,0,0,2019,DHS,1.477354
      73  19,,0,0,2019,DHS,1.477354
      73  22,,0,0,2019,DHS,1.477354
      73  25,,0,0,2019,DHS,1.477354
      73  28,,0,0,2019,DHS,1.477354
      73  31,,0,0,2019,DHS,1.477354
      73  34,,0,0,2019,DHS,1.477354
      73  37,,0,0,2019,DHS,1.477354
      73  40,,0,0,2019,DHS,1.477354
      73  43,,0,0,2019,DHS,1.477354
      73  47,,0,0,2019,DHS,1.477354
      73  50,,0,0,2019,DHS,1.477354
      73  53,,0,0,2019,DHS,1.477354
      73  56,,0,0,2019,DHS,1.477354
      73  59,,0,0,2019,DHS,1.477354
      73  62,,0,0,2019,DHS,1.477354
      73  65,,0,0,2019,DHS,1.477354
      73  68,,0,0,2019,DHS,1.477354
      73  71,,0,0,2019,DHS,1.477354
      73  74,,0,0,2019,DHS,1.477354
      73  77,,0,0,2019,DHS,1.477354
      74   2,,0,0,2019,DHS,2.507024
      74   6,,0,0,2019,DHS,2.507024
      74  10,,0,0,2019,DHS,2.507024
      74  14,,0,0,2019,DHS,2.507024
      74  18,,0,0,2019,DHS,2.507024
      74  26,,0,0,2019,DHS,2.507024
      74  30,,0,0,2019,DHS,2.507024
      74  34,,0,0,2019,DHS,2.507024
      74  38,,0,0,2019,DHS,2.507024
      74  42,,0,0,2019,DHS,2.507024
      74  46,,0,0,2019,DHS,2.507024
      74  49,,0,0,2019,DHS,2.507024
      74  53,,0,0,2019,DHS,2.507024
      74  57,,0,0,2019,DHS,2.507024
      74  61,,0,0,2019,DHS,2.507024
      74  65,,0,0,2019,DHS,2.507024
      74  69,,0,0,2019,DHS,2.507024
      74  73,,0,0,2019,DHS,2.507024
      74  77,,0,0,2019,DHS,2.507024
      74  81,,0,0,2019,DHS,2.507024
      74  85,,0,0,2019,DHS,2.507024
      74  89,,0,0,2019,DHS,2.507024
      74  93,,0,0,2019,DHS,2.507024
      74  96,,0,0,2019,DHS,2.507024
      75   1,,0,0,2019,DHS,1.28156
      75   4,,0,0,2019,DHS,1.28156
      75   7,,0,0,2019,DHS,1.28156
      75   9,,0,0,2019,DHS,1.28156
      75  12,,0,0,2019,DHS,1.28156
      75  15,,0,0,2019,DHS,1.28156
      75  17,,0,0,2019,DHS,1.28156
      75  20,,0,0,2019,DHS,1.28156
      75  23,,0,0,2019,DHS,1.28156
      75  25,,0,0,2019,DHS,1.28156
      75  28,,0,0,2019,DHS,1.28156
      75  30,,0,0,2019,DHS,1.28156
      75  33,,0,0,2019,DHS,1.28156
      75  36,,0,0,2019,DHS,1.28156
      75  38,,0,0,2019,DHS,1.28156
      75  41,,0,0,2019,DHS,1.28156
      75  44,,0,0,2019,DHS,1.28156
      75  46,,0,0,2019,DHS,1.28156
      75  49,,0,0,2019,DHS,1.28156
      75  52,,0,0,2019,DHS,1.28156
      75  54,,0,0,2019,DHS,1.28156
      75  57,,0,0,2019,DHS,1.28156
      75  59,,0,0,2019,DHS,1.28156
      75  62,,0,0,2019,DHS,1.28156
      75  65,,0,0,2019,DHS,1.28156
      76   2,,0,0,2019,DHS,1.642357
      76  11,,0,0,2019,DHS,1.642357
      76  15,,0,0,2019,DHS,1.642357
      76  20,,0,0,2019,DHS,1.642357
      76  24,,0,0,2019,DHS,1.642357
      76  28,,0,0,2019,DHS,1.642357
      76  32,,0,0,2019,DHS,1.642357
      76  37,,0,0,2019,DHS,1.642357
      76  41,,0,0,2019,DHS,1.642357
      76  45,,0,0,2019,DHS,1.642357
      76  49,,0,0,2019,DHS,1.642357
      76  54,,0,0,2019,DHS,1.642357
      76  58,,0,0,2019,DHS,1.642357
      76  62,,0,0,2019,DHS,1.642357
      76  67,,0,0,2019,DHS,1.642357
      76  71,,0,0,2019,DHS,1.642357
      76  75,,0,0,2019,DHS,1.642357
      76  79,,0,0,2019,DHS,1.642357
      76  84,,0,0,2019,DHS,1.642357
      76  88,,0,0,2019,DHS,1.642357
      76  97,,0,0,2019,DHS,1.642357
      76 105,,0,0,2019,DHS,1.642357
      77   1,,0,0,2019,DHS,1.745963
      77   5,,0,0,2019,DHS,1.745963
      77   9,,0,0,2019,DHS,1.745963
      77  12,,0,0,2019,DHS,1.745963
      77  16,,0,0,2019,DHS,1.745963
      77  20,,0,0,2019,DHS,1.745963
      77  23,,0,0,2019,DHS,1.745963
      77  27,,0,0,2019,DHS,1.745963
      77  31,,0,0,2019,DHS,1.745963
      77  34,,0,0,2019,DHS,1.745963
      77  41,,0,0,2019,DHS,1.745963
      77  45,,0,0,2019,DHS,1.745963
      77  49,,0,0,2019,DHS,1.745963
      77  52,,0,0,2019,DHS,1.745963
      77  56,,0,0,2019,DHS,1.745963
      77  67,,0,0,2019,DHS,1.745963
      77  71,,0,0,2019,DHS,1.745963
      77  74,,0,0,2019,DHS,1.745963
      77  78,,0,0,2019,DHS,1.745963
      77  81,,0,0,2019,DHS,1.745963
      77  89,,0,0,2019,DHS,1.745963
      78   1,,0,0,2019,DHS,1.662553
      78   5,,0,0,2019,DHS,1.662553
      78   9,,0,0,2019,DHS,1.662553
      78  13,,0,0,2019,DHS,1.662553
      78  17,,0,0,2019,DHS,1.662553
      78  21,,0,0,2019,DHS,1.662553
      78  25,,0,0,2019,DHS,1.662553
      78  29,,0,0,2019,DHS,1.662553
      78  33,,0,0,2019,DHS,1.662553
      78  37,,0,0,2019,DHS,1.662553
      78  41,,0,0,2019,DHS,1.662553
      78  45,,0,0,2019,DHS,1.662553
      78  52,,0,0,2019,DHS,1.662553
      78  56,,0,0,2019,DHS,1.662553
      78  60,,0,0,2019,DHS,1.662553
      78  64,,0,0,2019,DHS,1.662553
      78  72,,0,0,2019,DHS,1.662553
      78  76,,0,0,2019,DHS,1.662553
      78  80,,0,0,2019,DHS,1.662553
      78  84,,0,0,2019,DHS,1.662553
      78  88,,0,0,2019,DHS,1.662553
      78  92,,0,0,2019,DHS,1.662553
      79   4,,0,0,2019,DHS,1.214758
      79  17,,0,0,2019,DHS,1.214758
      79  21,,0,0,2019,DHS,1.214758
      79  25,,0,0,2019,DHS,1.214758
      79  33,,0,0,2019,DHS,1.214758
      79  41,,0,0,2019,DHS,1.214758
      79  45,,0,0,2019,DHS,1.214758
      79  49,,0,0,2019,DHS,1.214758
      79  53,,0,0,2019,DHS,1.214758
      79  57,,0,0,2019,DHS,1.214758
      79  61,,0,0,2019,DHS,1.214758
      79  69,,0,0,2019,DHS,1.214758
      79  73,,0,0,2019,DHS,1.214758
      79  89,,0,0,2019,DHS,1.214758
      79  93,,0,0,2019,DHS,1.214758
      79 101,,0,0,2019,DHS,1.214758
      80   6,,0,0,2019,DHS,2.835325
      80  37,,0,0,2019,DHS,2.835325
      80  44,,0,0,2019,DHS,2.835325
      80  52,,0,0,2019,DHS,2.835325
      80  60,,0,0,2019,DHS,2.835325
      80  67,,0,0,2019,DHS,2.835325
      80  82,,0,0,2019,DHS,2.835325
      80  90,,0,0,2019,DHS,2.835325
      80  98,,0,0,2019,DHS,2.835325
      80 113,,0,0,2019,DHS,2.835325
      80 128,,0,0,2019,DHS,2.835325
      80 136,,0,0,2019,DHS,2.835325
      80 151,,0,0,2019,DHS,2.835325
      80 158,,0,0,2019,DHS,2.835325
      80 166,,0,0,2019,DHS,2.835325
      80 189,,0,0,2019,DHS,2.835325
      81   3,,0,0,2019,DHS,1.292368
      81   7,,0,0,2019,DHS,1.292368
      81  10,,0,0,2019,DHS,1.292368
      81  14,,0,0,2019,DHS,1.292368
      81  17,,0,0,2019,DHS,1.292368
      81  24,,0,0,2019,DHS,1.292368
      81  27,,0,0,2019,DHS,1.292368
      81  31,,0,0,2019,DHS,1.292368
      81  34,,0,0,2019,DHS,1.292368
      81  37,,0,0,2019,DHS,1.292368
      81  41,,0,0,2019,DHS,1.292368
      81  44,,0,0,2019,DHS,1.292368
      81  48,,0,0,2019,DHS,1.292368
      81  51,,0,0,2019,DHS,1.292368
      81  54,,0,0,2019,DHS,1.292368
      81  58,,0,0,2019,DHS,1.292368
      81  61,,0,0,2019,DHS,1.292368
      81  65,,0,0,2019,DHS,1.292368
      81  68,,0,0,2019,DHS,1.292368
      81  71,,0,0,2019,DHS,1.292368
      81  75,,0,0,2019,DHS,1.292368
      81  78,,0,0,2019,DHS,1.292368
      81  82,,0,0,2019,DHS,1.292368
      81  85,,0,0,2019,DHS,1.292368
      82   3,,0,0,2019,DHS,1.716482
      82   9,,0,0,2019,DHS,1.716482
      82  14,,0,0,2019,DHS,1.716482
      82  19,,0,0,2019,DHS,1.716482
      82  24,,0,0,2019,DHS,1.716482
      82  30,,0,0,2019,DHS,1.716482
      82  40,,0,0,2019,DHS,1.716482
      82  51,,0,0,2019,DHS,1.716482
      82  56,,0,0,2019,DHS,1.716482
      82  61,,0,0,2019,DHS,1.716482
      82  66,,0,0,2019,DHS,1.716482
      82  72,,0,0,2019,DHS,1.716482
      82  77,,0,0,2019,DHS,1.716482
      82  82,,0,0,2019,DHS,1.716482
      82  87,,0,0,2019,DHS,1.716482
      82  92,,0,0,2019,DHS,1.716482
      82  98,,0,0,2019,DHS,1.716482
      82 103,,0,0,2019,DHS,1.716482
      82 108,,0,0,2019,DHS,1.716482
      82 113,,0,0,2019,DHS,1.716482
      82 119,,0,0,2019,DHS,1.716482
      82 124,,0,0,2019,DHS,1.716482
      82 129,,0,0,2019,DHS,1.716482
      83   2,,0,0,2019,DHS,1.638745
      83  12,,0,0,2019,DHS,1.638745
      83  22,,0,0,2019,DHS,1.638745
      83  27,,0,0,2019,DHS,1.638745
      83  46,,0,0,2019,DHS,1.638745
      83  51,,0,0,2019,DHS,1.638745
      83  60,,0,0,2019,DHS,1.638745
      83  65,,0,0,2019,DHS,1.638745
      83  70,,0,0,2019,DHS,1.638745
      83  75,,0,0,2019,DHS,1.638745
      83  85,,0,0,2019,DHS,1.638745
      83  90,,0,0,2019,DHS,1.638745
      83  99,,0,0,2019,DHS,1.638745
      83 104,,0,0,2019,DHS,1.638745
      83 114,,0,0,2019,DHS,1.638745
      83 119,,0,0,2019,DHS,1.638745
      84   2,,0,0,2019,DHS,1.370392
      84   8,,0,0,2019,DHS,1.370392
      84  14,,0,0,2019,DHS,1.370392
      84  25,,0,0,2019,DHS,1.370392
      84  31,,0,0,2019,DHS,1.370392
      84  36,,0,0,2019,DHS,1.370392
      84  42,,0,0,2019,DHS,1.370392
      84  48,,0,0,2019,DHS,1.370392
      84  54,,0,0,2019,DHS,1.370392
      84  59,,0,0,2019,DHS,1.370392
      84  65,,0,0,2019,DHS,1.370392
      84  71,,0,0,2019,DHS,1.370392
      84  76,,0,0,2019,DHS,1.370392
      84  82,,0,0,2019,DHS,1.370392
      84  88,,0,0,2019,DHS,1.370392
      84  93,,0,0,2019,DHS,1.370392
      84  99,,0,0,2019,DHS,1.370392
      84 105,,0,0,2019,DHS,1.370392
      84 110,,0,0,2019,DHS,1.370392
      84 116,,0,0,2019,DHS,1.370392
      84 122,,0,0,2019,DHS,1.370392
      84 127,,0,0,2019,DHS,1.370392
      84 139,,0,0,2019,DHS,1.370392
      85   1,,0,0,2019,DHS,1.112564
      85   6,,0,0,2019,DHS,1.112564
      85  10,,0,0,2019,DHS,1.112564
      85  14,,0,0,2019,DHS,1.112564
      85  19,,0,0,2019,DHS,1.112564
      85  27,,0,0,2019,DHS,1.112564
      85  31,,0,0,2019,DHS,1.112564
      85  36,,0,0,2019,DHS,1.112564
      85  40,,0,0,2019,DHS,1.112564
      85  44,,0,0,2019,DHS,1.112564
      85  48,,0,0,2019,DHS,1.112564
      85  61,,0,0,2019,DHS,1.112564
      85  66,,0,0,2019,DHS,1.112564
      85  74,,0,0,2019,DHS,1.112564
      85  78,,0,0,2019,DHS,1.112564
      85  83,,0,0,2019,DHS,1.112564
      85  91,,0,0,2019,DHS,1.112564
      85  96,,0,0,2019,DHS,1.112564
      85 100,,0,0,2019,DHS,1.112564
      85 104,,0,0,2019,DHS,1.112564
      86   1,,0,0,2019,DHS,1.569978
      86   6,,0,0,2019,DHS,1.569978
      86  10,,0,0,2019,DHS,1.569978
      86  15,,0,0,2019,DHS,1.569978
      86  19,,0,0,2019,DHS,1.569978
      86  24,,0,0,2019,DHS,1.569978
      86  51,,0,0,2019,DHS,1.569978
      86  56,,0,0,2019,DHS,1.569978
      86  60,,0,0,2019,DHS,1.569978
      86  65,,0,0,2019,DHS,1.569978
      86  69,,0,0,2019,DHS,1.569978
      86  74,,0,0,2019,DHS,1.569978
      86  78,,0,0,2019,DHS,1.569978
      86  83,,0,0,2019,DHS,1.569978
      86  87,,0,0,2019,DHS,1.569978
      86  92,,0,0,2019,DHS,1.569978
      86  96,,0,0,2019,DHS,1.569978
      86 101,,0,0,2019,DHS,1.569978
      86 105,,0,0,2019,DHS,1.569978
      86 110,,0,0,2019,DHS,1.569978
      87   2,,0,0,2019,DHS,1.727479
      87   5,,0,0,2019,DHS,1.727479
      87   8,,0,0,2019,DHS,1.727479
      87  10,,0,0,2019,DHS,1.727479
      87  13,,0,0,2019,DHS,1.727479
      87  15,,0,0,2019,DHS,1.727479
      87  18,,0,0,2019,DHS,1.727479
      87  23,,0,0,2019,DHS,1.727479
      87  26,,0,0,2019,DHS,1.727479
      87  28,,0,0,2019,DHS,1.727479
      87  31,,0,0,2019,DHS,1.727479
      87  34,,0,0,2019,DHS,1.727479
      87  36,,0,0,2019,DHS,1.727479
      87  39,,0,0,2019,DHS,1.727479
      87  41,,0,0,2019,DHS,1.727479
      87  44,,0,0,2019,DHS,1.727479
      87  47,,0,0,2019,DHS,1.727479
      87  49,,0,0,2019,DHS,1.727479
      87  52,,0,0,2019,DHS,1.727479
      87  54,,0,0,2019,DHS,1.727479
      87  57,,0,0,2019,DHS,1.727479
      87  60,,0,0,2019,DHS,1.727479
      87  65,,0,0,2019,DHS,1.727479
      88   3,,0,0,2019,DHS,2.152705
      88   6,,0,0,2019,DHS,2.152705
      88   9,,0,0,2019,DHS,2.152705
      88  13,,0,0,2019,DHS,2.152705
      88  16,,0,0,2019,DHS,2.152705
      88  19,,0,0,2019,DHS,2.152705
      88  22,,0,0,2019,DHS,2.152705
      88  25,,0,0,2019,DHS,2.152705
      88  28,,0,0,2019,DHS,2.152705
      88  34,,0,0,2019,DHS,2.152705
      88  40,,0,0,2019,DHS,2.152705
      88  43,,0,0,2019,DHS,2.152705
      88  46,,0,0,2019,DHS,2.152705
      88  49,,0,0,2019,DHS,2.152705
      88  52,,0,0,2019,DHS,2.152705
      88  55,,0,0,2019,DHS,2.152705
      88  58,,0,0,2019,DHS,2.152705
      88  61,,0,0,2019,DHS,2.152705
      88  64,,0,0,2019,DHS,2.152705
      88  67,,0,0,2019,DHS,2.152705
      88  70,,0,0,2019,DHS,2.152705
      88  73,,0,0,2019,DHS,2.152705
      88  76,,0,0,2019,DHS,2.152705
      89   3,,0,0,2020,DHS,2.320448
      89   7,,0,0,2019,DHS,2.320448
      89  10,,0,0,2019,DHS,2.320448
      89  13,,0,0,2019,DHS,2.320448
      89  17,,0,0,2019,DHS,2.320448
      89  20,,0,0,2019,DHS,2.320448
      89  23,,0,0,2019,DHS,2.320448
      89  27,,0,0,2019,DHS,2.320448
      89  30,,0,0,2019,DHS,2.320448
      89  33,,0,0,2019,DHS,2.320448
      89  37,,0,0,2020,DHS,2.320448
      89  40,,0,0,2019,DHS,2.320448
      89  43,,0,0,2019,DHS,2.320448
      89  47,,0,0,2019,DHS,2.320448
      89  50,,0,0,2019,DHS,2.320448
      89  53,,0,0,2019,DHS,2.320448
      89  57,,0,0,2019,DHS,2.320448
      89  60,,0,0,2019,DHS,2.320448
      89  63,,0,0,2019,DHS,2.320448
      89  66,,0,0,2019,DHS,2.320448
      89  70,,0,0,2019,DHS,2.320448
      89  73,,0,0,2019,DHS,2.320448
      89  76,,0,0,2019,DHS,2.320448
      89  80,,0,0,2019,DHS,2.320448
      89  83,,0,0,2019,DHS,2.320448
      90   4,,0,0,2019,DHS,3.135007
      90  10,,0,0,2019,DHS,3.135007
      90  16,,0,0,2019,DHS,3.135007
      90  22,,0,0,2019,DHS,3.135007
      90  34,,0,0,2019,DHS,3.135007
      90  40,,0,0,2019,DHS,3.135007
      90  46,,0,0,2019,DHS,3.135007
      90  52,,0,0,2019,DHS,3.135007
      90  58,,0,0,2019,DHS,3.135007
      90  70,,0,0,2019,DHS,3.135007
      90  76,,0,0,2019,DHS,3.135007
      90  82,,0,0,2019,DHS,3.135007
      90  88,,0,0,2019,DHS,3.135007
      90  94,,0,0,2019,DHS,3.135007
      90 100,,0,0,2019,DHS,3.135007
      90 106,,0,0,2019,DHS,3.135007
      90 112,,0,0,2019,DHS,3.135007
      90 118,,0,0,2019,DHS,3.135007
      90 124,,0,0,2019,DHS,3.135007
      90 130,,0,0,2019,DHS,3.135007
      90 136,,0,0,2019,DHS,3.135007
      90 142,,0,0,2019,DHS,3.135007
      90 148,,0,0,2019,DHS,3.135007
      91   2,,0,0,2020,DHS,2.339897
      91   5,,0,0,2020,DHS,2.339897
      91   8,,0,0,2020,DHS,2.339897
      91  11,,0,0,2020,DHS,2.339897
      91  14,,0,0,2020,DHS,2.339897
      91  17,,0,0,2020,DHS,2.339897
      91  20,,0,0,2020,DHS,2.339897
      91  23,,0,0,2020,DHS,2.339897
      91  26,,0,0,2020,DHS,2.339897
      91  29,,0,0,2020,DHS,2.339897
      91  32,,0,0,2020,DHS,2.339897
      91  35,,0,0,2020,DHS,2.339897
      91  38,,0,0,2020,DHS,2.339897
      91  41,,0,0,2020,DHS,2.339897
      91  44,,0,0,2020,DHS,2.339897
      91  47,,0,0,2020,DHS,2.339897
      91  50,,0,0,2020,DHS,2.339897
      91  53,,0,0,2020,DHS,2.339897
      91  56,,0,0,2020,DHS,2.339897
      91  59,,0,0,2020,DHS,2.339897
      91  62,,0,0,2020,DHS,2.339897
      91  65,,0,0,2020,DHS,2.339897
      91  68,,0,0,2020,DHS,2.339897
      91  71,,0,0,2020,DHS,2.339897
      91  74,,0,0,2020,DHS,2.339897
      92   1,,0,0,2020,DHS,2.849168
      92   5,,0,0,2020,DHS,2.849168
      92   9,,0,0,2020,DHS,2.849168
      92  12,,0,0,2020,DHS,2.849168
      92  16,,0,0,2020,DHS,2.849168
      92  19,,0,0,2020,DHS,2.849168
      92  23,,0,0,2020,DHS,2.849168
      92  27,,0,0,2020,DHS,2.849168
      92  30,,0,0,2020,DHS,2.849168
      92  34,,0,0,2020,DHS,2.849168
      92  37,,0,0,2020,DHS,2.849168
      92  41,,0,0,2020,DHS,2.849168
      92  45,,0,0,2020,DHS,2.849168
      92  48,,0,0,2020,DHS,2.849168
      92  52,,0,0,2020,DHS,2.849168
      92  55,,0,0,2020,DHS,2.849168
      92  59,,0,0,2020,DHS,2.849168
      92  63,,0,0,2020,DHS,2.849168
      92  66,,0,0,2020,DHS,2.849168
      92  70,,0,0,2020,DHS,2.849168
      92  73,,0,0,2020,DHS,2.849168
      92  77,,0,0,2020,DHS,2.849168
      92  81,,0,0,2020,DHS,2.849168
      92  84,,0,0,2020,DHS,2.849168
      92  88,,0,0,2020,DHS,2.849168
      93   1,,0,0,2020,DHS,2.214211
      93   4,,0,0,2020,DHS,2.214211
      93  10,,0,0,2020,DHS,2.214211
      93  13,,0,0,2020,DHS,2.214211
      93  16,,0,0,2020,DHS,2.214211
      93  19,,0,0,2020,DHS,2.214211
      93  22,,0,0,2020,DHS,2.214211
      93  24,,0,0,2020,DHS,2.214211
      93  27,,0,0,2020,DHS,2.214211
      93  30,,0,0,2020,DHS,2.214211
      93  33,,0,0,2020,DHS,2.214211
      93  36,,0,0,2020,DHS,2.214211
      93  39,,0,0,2020,DHS,2.214211
      93  42,,0,0,2020,DHS,2.214211
      93  45,,0,0,2020,DHS,2.214211
      93  47,,0,0,2020,DHS,2.214211
      93  50,,0,0,2020,DHS,2.214211
      93  53,,0,0,2020,DHS,2.214211
      93  56,,0,0,2020,DHS,2.214211
      93  59,,0,0,2020,DHS,2.214211
      93  62,,0,0,2020,DHS,2.214211
      93  65,,0,0,2020,DHS,2.214211
      93  68,,0,0,2020,DHS,2.214211
      93  71,,0,0,2020,DHS,2.214211
      94   1,,0,0,2020,DHS,2.611478
      94   4,,0,0,2020,DHS,2.611478
      94   7,,0,0,2020,DHS,2.611478
      94  10,,0,0,2020,DHS,2.611478
      94  13,,0,0,2020,DHS,2.611478
      94  16,,0,0,2020,DHS,2.611478
      94  19,,0,0,2020,DHS,2.611478
      94  22,,0,0,2020,DHS,2.611478
      94  25,,0,0,2020,DHS,2.611478
      94  28,,0,0,2020,DHS,2.611478
      94  31,,0,0,2020,DHS,2.611478
      94  34,,0,0,2020,DHS,2.611478
      94  37,,0,0,2020,DHS,2.611478
      94  40,,0,0,2020,DHS,2.611478
      94  43,,0,0,2020,DHS,2.611478
      94  46,,0,0,2020,DHS,2.611478
      94  49,,0,0,2020,DHS,2.611478
      94  52,,0,0,2020,DHS,2.611478
      94  55,,0,0,2020,DHS,2.611478
      94  58,,0,0,2020,DHS,2.611478
      94  61,,0,0,2020,DHS,2.611478
      94  64,,0,0,2020,DHS,2.611478
      94  67,,0,0,2020,DHS,2.611478
      94  69,,0,0,2020,DHS,2.611478
      94  72,,0,0,2020,DHS,2.611478
      95   2,,0,0,2020,DHS,2.190472
      95   5,,0,0,2020,DHS,2.190472
      95   7,,0,0,2020,DHS,2.190472
      95   9,,0,0,2020,DHS,2.190472
      95  12,,0,0,2020,DHS,2.190472
      95  16,,0,0,2020,DHS,2.190472
      95  19,,0,0,2020,DHS,2.190472
      95  26,,0,0,2020,DHS,2.190472
      95  28,,0,0,2020,DHS,2.190472
      95  30,,0,0,2020,DHS,2.190472
      95  33,,0,0,2020,DHS,2.190472
      95  37,,0,0,2020,DHS,2.190472
      95  40,,0,0,2020,DHS,2.190472
      95  42,,0,0,2020,DHS,2.190472
      95  44,,0,0,2020,DHS,2.190472
      95  46,,0,0,2020,DHS,2.190472
      95  49,,0,0,2020,DHS,2.190472
      95  51,,0,0,2020,DHS,2.190472
      95  53,,0,0,2020,DHS,2.190472
      95  56,,0,0,2020,DHS,2.190472
      95  58,,0,0,2020,DHS,2.190472
      96   3,,0,0,2020,DHS,2.437622
      96   6,,0,0,2020,DHS,2.437622
      96  10,,0,0,2020,DHS,2.437622
      96  13,,0,0,2020,DHS,2.437622
      96  16,,0,0,2020,DHS,2.437622
      96  19,,0,0,2020,DHS,2.437622
      96  22,,0,0,2020,DHS,2.437622
      96  25,,0,0,2020,DHS,2.437622
      96  28,,0,0,2020,DHS,2.437622
      96  31,,0,0,2020,DHS,2.437622
      96  34,,0,0,2020,DHS,2.437622
      96  37,,0,0,2020,DHS,2.437622
      96  40,,0,0,2020,DHS,2.437622
      96  43,,0,0,2020,DHS,2.437622
      96  47,,0,0,2020,DHS,2.437622
      96  50,,0,0,2020,DHS,2.437622
      96  53,,0,0,2020,DHS,2.437622
      96  56,,0,0,2020,DHS,2.437622
      96  59,,0,0,2020,DHS,2.437622
      96  62,,0,0,2020,DHS,2.437622
      96  65,,0,0,2020,DHS,2.437622
      96  68,,0,0,2020,DHS,2.437622
      96  71,,0,0,2020,DHS,2.437622
      96  74,,0,0,2020,DHS,2.437622
      96  77,,0,0,2020,DHS,2.437622
      97   4,,0,0,2020,DHS,3.767234
      97  10,,0,0,2020,DHS,3.767234
      97  15,,0,0,2020,DHS,3.767234
      97  20,,0,0,2020,DHS,3.767234
      97  26,,0,0,2020,DHS,3.767234
      97  31,,0,0,2020,DHS,3.767234
      97  36,,0,0,2020,DHS,3.767234
      97  42,,0,0,2020,DHS,3.767234
      97  47,,0,0,2020,DHS,3.767234
      97  52,,0,0,2020,DHS,3.767234
      97  58,,0,0,2020,DHS,3.767234
      97  63,,0,0,2020,DHS,3.767234
      97  68,,0,0,2020,DHS,3.767234
      97  74,,0,0,2020,DHS,3.767234
      97  79,,0,0,2020,DHS,3.767234
      97  84,,0,0,2020,DHS,3.767234
      97  90,,0,0,2020,DHS,3.767234
      97  95,,0,0,2020,DHS,3.767234
      97 100,,0,0,2020,DHS,3.767234
      97 105,,0,0,2020,DHS,3.767234
      97 111,,0,0,2020,DHS,3.767234
      97 116,,0,0,2020,DHS,3.767234
      97 121,,0,0,2020,DHS,3.767234
      97 127,,0,0,2020,DHS,3.767234
      97 132,,0,0,2020,DHS,3.767234
      98   2,,0,0,2020,DHS,2.255215
      98   5,,0,0,2020,DHS,2.255215
      98   8,,0,0,2020,DHS,2.255215
      98  10,,0,0,2020,DHS,2.255215
      98  13,,0,0,2020,DHS,2.255215
      98  16,,0,0,2020,DHS,2.255215
      98  18,,0,0,2020,DHS,2.255215
      98  21,,0,0,2020,DHS,2.255215
      98  24,,0,0,2020,DHS,2.255215
      98  26,,0,0,2020,DHS,2.255215
      98  29,,0,0,2020,DHS,2.255215
      98  31,,0,0,2020,DHS,2.255215
      98  34,,0,0,2020,DHS,2.255215
      98  37,,0,0,2020,DHS,2.255215
      98  39,,0,0,2020,DHS,2.255215
      98  42,,0,0,2020,DHS,2.255215
      98  45,,0,0,2020,DHS,2.255215
      98  47,,0,0,2020,DHS,2.255215
      98  50,,0,0,2020,DHS,2.255215
      98  53,,0,0,2020,DHS,2.255215
      98  55,,0,0,2020,DHS,2.255215
      98  58,,0,0,2020,DHS,2.255215
      98  60,,0,0,2020,DHS,2.255215
      98  63,,0,0,2020,DHS,2.255215
      98  66,,0,0,2020,DHS,2.255215
      99   1,,0,0,2020,DHS,1.987112
      99  10,,0,0,2020,DHS,1.987112
      99  13,,0,0,2020,DHS,1.987112
      99  16,,0,0,2020,DHS,1.987112
      99  22,,0,0,2020,DHS,1.987112
      99  24,,0,0,2020,DHS,1.987112
      99  30,,0,0,2020,DHS,1.987112
      99  33,,0,0,2020,DHS,1.987112
      99  36,,0,0,2020,DHS,1.987112
      99  39,,0,0,2020,DHS,1.987112
      99  42,,0,0,2020,DHS,1.987112
      99  45,,0,0,2020,DHS,1.987112
      99  47,,0,0,2020,DHS,1.987112
      99  50,,0,0,2020,DHS,1.987112
      99  53,,0,0,2020,DHS,1.987112
      99  56,,0,0,2020,DHS,1.987112
      99  59,,0,0,2020,DHS,1.987112
      99  62,,0,0,2020,DHS,1.987112
      99  65,,0,0,2020,DHS,1.987112
      99  68,,0,0,2020,DHS,1.987112
      99  71,,0,0,2020,DHS,1.987112
     100   1,,0,0,2020,DHS,2.178958
     100   5,,0,0,2020,DHS,2.178958
     100   8,,0,0,2020,DHS,2.178958
     100  15,,0,0,2020,DHS,2.178958
     100  18,,0,0,2020,DHS,2.178958
     100  21,,0,0,2020,DHS,2.178958
     100  25,,0,0,2020,DHS,2.178958
     100  28,,0,0,2020,DHS,2.178958
     100  31,,0,0,2020,DHS,2.178958
     100  38,,0,0,2020,DHS,2.178958
     100  41,,0,0,2020,DHS,2.178958
     100  45,,0,0,2020,DHS,2.178958
     100  48,,0,0,2020,DHS,2.178958
     100  51,,0,0,2020,DHS,2.178958
     100  55,,0,0,2020,DHS,2.178958
     100  58,,0,0,2020,DHS,2.178958
     100  61,,0,0,2020,DHS,2.178958
     100  64,,0,0,2020,DHS,2.178958
     100  68,,0,0,2020,DHS,2.178958
     100  71,,0,0,2020,DHS,2.178958
     100  74,,0,0,2020,DHS,2.178958
     100  78,,0,0,2020,DHS,2.178958
     101   1,,0,0,2020,DHS,2.208619
     101   5,,0,0,2020,DHS,2.208619
     101  11,,0,0,2020,DHS,2.208619
     101  14,,0,0,2020,DHS,2.208619
     101  17,,0,0,2020,DHS,2.208619
     101  20,,0,0,2020,DHS,2.208619
     101  24,,0,0,2020,DHS,2.208619
     101  27,,0,0,2020,DHS,2.208619
     101  30,,0,0,2020,DHS,2.208619
     101  33,,0,0,2020,DHS,2.208619
     101  36,,0,0,2020,DHS,2.208619
     101  39,,0,0,2020,DHS,2.208619
     101  42,,0,0,2020,DHS,2.208619
     101  49,,0,0,2020,DHS,2.208619
     101  52,,0,0,2020,DHS,2.208619
     101  58,,0,0,2020,DHS,2.208619
     101  61,,0,0,2020,DHS,2.208619
     101  65,,0,0,2020,DHS,2.208619
     101  68,,0,0,2020,DHS,2.208619
     101  71,,0,0,2020,DHS,2.208619
     101  74,,0,0,2020,DHS,2.208619
     101  77,,0,0,2020,DHS,2.208619
     102   4,,0,0,2020,DHS,2.454084
     102   9,,0,0,2020,DHS,2.454084
     102  14,,0,0,2020,DHS,2.454084
     102  18,,0,0,2020,DHS,2.454084
     102  23,,0,0,2020,DHS,2.454084
     102  27,,0,0,2020,DHS,2.454084
     102  32,,0,0,2020,DHS,2.454084
     102  36,,0,0,2020,DHS,2.454084
     102  41,,0,0,2020,DHS,2.454084
     102  45,,0,0,2020,DHS,2.454084
     102  50,,0,0,2020,DHS,2.454084
     102  55,,0,0,2020,DHS,2.454084
     102  59,,0,0,2020,DHS,2.454084
     102  68,,0,0,2020,DHS,2.454084
     102  73,,0,0,2020,DHS,2.454084
     102  77,,0,0,2020,DHS,2.454084
     102  82,,0,0,2020,DHS,2.454084
     102  86,,0,0,2020,DHS,2.454084
     102  96,,0,0,2020,DHS,2.454084
     102 105,,0,0,2020,DHS,2.454084
     102 109,,0,0,2020,DHS,2.454084
     102 114,,0,0,2020,DHS,2.454084
     103   2,,0,0,2020,DHS,2.293866
     103   5,,0,0,2020,DHS,2.293866
     103   8,,0,0,2020,DHS,2.293866
     103  10,,0,0,2020,DHS,2.293866
     103  13,,0,0,2020,DHS,2.293866
     103  15,,0,0,2020,DHS,2.293866
     103  18,,0,0,2020,DHS,2.293866
     103  21,,0,0,2020,DHS,2.293866
     103  23,,0,0,2020,DHS,2.293866
     103  26,,0,0,2020,DHS,2.293866
     103  28,,0,0,2020,DHS,2.293866
     103  34,,0,0,2020,DHS,2.293866
     103  36,,0,0,2020,DHS,2.293866
     103  39,,0,0,2020,DHS,2.293866
     103  41,,0,0,2020,DHS,2.293866
     103  44,,0,0,2020,DHS,2.293866
     103  47,,0,0,2020,DHS,2.293866
     103  49,,0,0,2020,DHS,2.293866
     103  52,,0,0,2020,DHS,2.293866
     103  54,,0,0,2020,DHS,2.293866
     103  57,,0,0,2020,DHS,2.293866
     103  60,,0,0,2020,DHS,2.293866
     103  62,,0,0,2020,DHS,2.293866
     103  65,,0,0,2020,DHS,2.293866
     104   3,,0,0,2020,DHS,2.052579
     104   7,,0,0,2020,DHS,2.052579
     104  10,,0,0,2020,DHS,2.052579
     104  13,,0,0,2020,DHS,2.052579
     104  17,,0,0,2020,DHS,2.052579
     104  20,,0,0,2020,DHS,2.052579
     104  23,,0,0,2020,DHS,2.052579
     104  26,,0,0,2020,DHS,2.052579
     104  30,,0,0,2020,DHS,2.052579
     104  33,,0,0,2020,DHS,2.052579
     104  36,,0,0,2020,DHS,2.052579
     104  43,,0,0,2020,DHS,2.052579
     104  46,,0,0,2020,DHS,2.052579
     104  49,,0,0,2020,DHS,2.052579
     104  53,,0,0,2020,DHS,2.052579
     104  56,,0,0,2020,DHS,2.052579
     104  59,,0,0,2020,DHS,2.052579
     104  62,,0,0,2020,DHS,2.052579
     104  66,,0,0,2020,DHS,2.052579
     104  69,,0,0,2020,DHS,2.052579
     104  72,,0,0,2020,DHS,2.052579
     104  76,,0,0,2020,DHS,2.052579
     104  79,,0,0,2020,DHS,2.052579
     104  82,,0,0,2020,DHS,2.052579
     105   2,,0,0,2020,DHS,2.152705
     105   5,,0,0,2020,DHS,2.152705
     105  12,,0,0,2020,DHS,2.152705
     105  15,,0,0,2020,DHS,2.152705
     105  18,,0,0,2020,DHS,2.152705
     105  21,,0,0,2020,DHS,2.152705
     105  24,,0,0,2020,DHS,2.152705
     105  27,,0,0,2020,DHS,2.152705
     105  30,,0,0,2020,DHS,2.152705
     105  36,,0,0,2020,DHS,2.152705
     105  39,,0,0,2020,DHS,2.152705
     105  42,,0,0,2020,DHS,2.152705
     105  46,,0,0,2020,DHS,2.152705
     105  49,,0,0,2020,DHS,2.152705
     105  52,,0,0,2020,DHS,2.152705
     105  55,,0,0,2020,DHS,2.152705
     105  58,,0,0,2020,DHS,2.152705
     105  61,,0,0,2020,DHS,2.152705
     105  64,,0,0,2020,DHS,2.152705
     105  67,,0,0,2020,DHS,2.152705
     105  70,,0,0,2020,DHS,2.152705
     105  73,,0,0,2020,DHS,2.152705
     105  76,,0,0,2020,DHS,2.152705
     106   2,,0,0,2020,DHS,2.213631
     106   7,,0,0,2020,DHS,2.213631
     106  11,,0,0,2020,DHS,2.213631
     106  15,,0,0,2020,DHS,2.213631
     106  20,,0,0,2020,DHS,2.213631
     106  24,,0,0,2020,DHS,2.213631
     106  29,,0,0,2020,DHS,2.213631
     106  33,,0,0,2020,DHS,2.213631
     106  37,,0,0,2020,DHS,2.213631
     106  42,,0,0,2020,DHS,2.213631
     106  46,,0,0,2020,DHS,2.213631
     106  50,,0,0,2020,DHS,2.213631
     106  55,,0,0,2020,DHS,2.213631
     106  59,,0,0,2020,DHS,2.213631
     106  63,,0,0,2020,DHS,2.213631
     106  68,,0,0,2020,DHS,2.213631
     106  72,,0,0,2020,DHS,2.213631
     106  77,,0,0,2020,DHS,2.213631
     106  81,,0,0,2020,DHS,2.213631
     106  85,,0,0,2020,DHS,2.213631
     106  94,,0,0,2020,DHS,2.213631
     106  98,,0,0,2020,DHS,2.213631
     106 103,,0,0,2020,DHS,2.213631
     106 107,,0,0,2020,DHS,2.213631
     107   3,,0,0,2020,DHS,2.611023
     107  11,,0,0,2020,DHS,2.611023
     107  18,,0,0,2020,DHS,2.611023
     107  26,,0,0,2020,DHS,2.611023
     107  33,,0,0,2020,DHS,2.611023
     107  41,,0,0,2020,DHS,2.611023
     107  49,,0,0,2020,DHS,2.611023
     107  56,,0,0,2020,DHS,2.611023
     107  64,,0,0,2020,DHS,2.611023
     107  71,,0,0,2020,DHS,2.611023
     107  79,,0,0,2020,DHS,2.611023
     107  94,,0,0,2020,DHS,2.611023
     107 101,,0,0,2020,DHS,2.611023
     107 109,,0,0,2020,DHS,2.611023
     107 116,,0,0,2020,DHS,2.611023
     107 124,,0,0,2020,DHS,2.611023
     107 131,,0,0,2020,DHS,2.611023
     107 139,,0,0,2020,DHS,2.611023
     107 146,,0,0,2020,DHS,2.611023
     107 154,,0,0,2020,DHS,2.611023
     107 169,,0,0,2020,DHS,2.611023
     107 176,,0,0,2020,DHS,2.611023
     107 184,,0,0,2020,DHS,2.611023
     108   1,,0,0,2020,DHS,2.537117
     108   5,,0,0,2020,DHS,2.537117
     108   9,,0,0,2020,DHS,2.537117
     108  13,,0,0,2020,DHS,2.537117
     108  17,,0,0,2020,DHS,2.537117
     108  21,,0,0,2020,DHS,2.537117
     108  25,,0,0,2020,DHS,2.537117
     108  29,,0,0,2020,DHS,2.537117
     108  33,,0,0,2020,DHS,2.537117
     108  37,,0,0,2020,DHS,2.537117
     108  41,,0,0,2020,DHS,2.537117
     108  45,,0,0,2020,DHS,2.537117
     108  49,,0,0,2020,DHS,2.537117
     108  53,,0,0,2020,DHS,2.537117
     108  57,,0,0,2020,DHS,2.537117
     108  61,,0,0,2020,DHS,2.537117
     108  65,,0,0,2020,DHS,2.537117
     108  69,,0,0,2020,DHS,2.537117
     108  73,,0,0,2020,DHS,2.537117
     108  77,,0,0,2020,DHS,2.537117
     108  81,,0,0,2020,DHS,2.537117
     108  85,,0,0,2020,DHS,2.537117
     108  89,,0,0,2020,DHS,2.537117
     108  92,,0,0,2020,DHS,2.537117
     108  96,,0,0,2020,DHS,2.537117
     109   1,,0,0,2020,DHS,2.897872
     109   6,,0,0,2020,DHS,2.897872
     109  10,,0,0,2020,DHS,2.897872
     109  14,,0,0,2020,DHS,2.897872
     109  18,,0,0,2020,DHS,2.897872
     109  22,,0,0,2020,DHS,2.897872
     109  27,,0,0,2020,DHS,2.897872
     109  31,,0,0,2020,DHS,2.897872
     109  35,,0,0,2020,DHS,2.897872
     109  39,,0,0,2020,DHS,2.897872
     109  43,,0,0,2020,DHS,2.897872
     109  48,,0,0,2020,DHS,2.897872
     109  52,,0,0,2020,DHS,2.897872
     109  56,,0,0,2020,DHS,2.897872
     109  60,,0,0,2020,DHS,2.897872
     109  64,,0,0,2020,DHS,2.897872
     109  69,,0,0,2020,DHS,2.897872
     109  73,,0,0,2020,DHS,2.897872
     109  77,,0,0,2020,DHS,2.897872
     109  81,,0,0,2020,DHS,2.897872
     109  85,,0,0,2020,DHS,2.897872
     109  90,,0,0,2020,DHS,2.897872
     109  94,,0,0,2020,DHS,2.897872
     109  98,,0,0,2020,DHS,2.897872
     109 102,,0,0,2020,DHS,2.897872
     110   4,,0,0,2020,DHS,2.54621
     110   9,,0,0,2020,DHS,2.54621
     110  13,,0,0,2020,DHS,2.54621
     110  18,,0,0,2020,DHS,2.54621
     110  22,,0,0,2020,DHS,2.54621
     110  31,,0,0,2020,DHS,2.54621
     110  35,,0,0,2020,DHS,2.54621
     110  40,,0,0,2020,DHS,2.54621
     110  44,,0,0,2020,DHS,2.54621
     110  48,,0,0,2020,DHS,2.54621
     110  53,,0,0,2020,DHS,2.54621
     110  57,,0,0,2020,DHS,2.54621
     110  62,,0,0,2020,DHS,2.54621
     110  66,,0,0,2020,DHS,2.54621
     110  70,,0,0,2020,DHS,2.54621
     110  75,,0,0,2020,DHS,2.54621
     110  79,,0,0,2020,DHS,2.54621
     110  84,,0,0,2020,DHS,2.54621
     110  88,,0,0,2020,DHS,2.54621
     110  92,,0,0,2020,DHS,2.54621
     110  97,,0,0,2020,DHS,2.54621
     110 101,,0,0,2020,DHS,2.54621
     110 106,,0,0,2020,DHS,2.54621
     110 110,,0,0,2020,DHS,2.54621
     111   4,,0,0,2020,DHS,2.03311
     111   8,,0,0,2020,DHS,2.03311
     111  13,,0,0,2020,DHS,2.03311
     111  17,,0,0,2020,DHS,2.03311
     111  21,,0,0,2020,DHS,2.03311
     111  25,,0,0,2020,DHS,2.03311
     111  37,,0,0,2020,DHS,2.03311
     111  41,,0,0,2020,DHS,2.03311
     111  45,,0,0,2020,DHS,2.03311
     111  49,,0,0,2020,DHS,2.03311
     111  57,,0,0,2020,DHS,2.03311
     111  62,,0,0,2020,DHS,2.03311
     111  66,,0,0,2020,DHS,2.03311
     111  70,,0,0,2020,DHS,2.03311
     111  74,,0,0,2020,DHS,2.03311
     111  78,,0,0,2020,DHS,2.03311
     111  82,,0,0,2020,DHS,2.03311
     111  86,,0,0,2020,DHS,2.03311
     111  90,,0,0,2020,DHS,2.03311
     111  94,,0,0,2020,DHS,2.03311
     111  98,,0,0,2020,DHS,2.03311
     111 102,,0,0,2020,DHS,2.03311
     112   3,,0,0,2020,DHS,1.669126
     112   8,,0,0,2020,DHS,1.669126
     112  12,,0,0,2020,DHS,1.669126
     112  16,,0,0,2020,DHS,1.669126
     112  21,,0,0,2020,DHS,1.669126
     112  25,,0,0,2020,DHS,1.669126
     112  29,,0,0,2020,DHS,1.669126
     112  33,,0,0,2020,DHS,1.669126
     112  38,,0,0,2020,DHS,1.669126
     112  42,,0,0,2020,DHS,1.669126
     112  46,,0,0,2020,DHS,1.669126
     112  50,,0,0,2020,DHS,1.669126
     112  55,,0,0,2020,DHS,1.669126
     112  59,,0,0,2020,DHS,1.669126
     112  63,,0,0,2020,DHS,1.669126
     112  68,,0,0,2020,DHS,1.669126
     112  72,,0,0,2020,DHS,1.669126
     112  76,,0,0,2020,DHS,1.669126
     112  80,,0,0,2020,DHS,1.669126
     112  89,,0,0,2020,DHS,1.669126
     112  93,,0,0,2020,DHS,1.669126
     112  98,,0,0,2020,DHS,1.669126
     112 102,,0,0,2020,DHS,1.669126
     112 106,,0,0,2020,DHS,1.669126
     113   3,,0,0,2020,DHS,2.191492
     113   8,,0,0,2020,DHS,2.191492
     113  12,,0,0,2020,DHS,2.191492
     113  17,,0,0,2020,DHS,2.191492
     113  21,,0,0,2020,DHS,2.191492
     113  26,,0,0,2020,DHS,2.191492
     113  31,,0,0,2020,DHS,2.191492
     113  35,,0,0,2020,DHS,2.191492
     113  40,,0,0,2020,DHS,2.191492
     113  44,,0,0,2020,DHS,2.191492
     113  49,,0,0,2020,DHS,2.191492
     113  53,,0,0,2020,DHS,2.191492
     113  58,,0,0,2020,DHS,2.191492
     113  71,,0,0,2020,DHS,2.191492
     113  76,,0,0,2020,DHS,2.191492
     113  80,,0,0,2020,DHS,2.191492
     113  89,,0,0,2020,DHS,2.191492
     113  94,,0,0,2020,DHS,2.191492
     113  98,,0,0,2020,DHS,2.191492
     113 103,,0,0,2020,DHS,2.191492
     113 107,,0,0,2020,DHS,2.191492
     113 112,,0,0,2020,DHS,2.191492
     114   1,,0,0,2020,DHS,2.080948
     114   4,,0,0,2020,DHS,2.080948
     114   6,,0,0,2020,DHS,2.080948
     114   8,,0,0,2020,DHS,2.080948
     114  11,,0,0,2020,DHS,2.080948
     114  13,,0,0,2020,DHS,2.080948
     114  15,,0,0,2020,DHS,2.080948
     114  18,,0,0,2020,DHS,2.080948
     114  20,,0,0,2020,DHS,2.080948
     114  22,,0,0,2020,DHS,2.080948
     114  25,,0,0,2020,DHS,2.080948
     114  27,,0,0,2020,DHS,2.080948
     114  29,,0,0,2020,DHS,2.080948
     114  34,,0,0,2020,DHS,2.080948
     114  36,,0,0,2020,DHS,2.080948
     114  39,,0,0,2020,DHS,2.080948
     114  41,,0,0,2020,DHS,2.080948
     114  43,,0,0,2020,DHS,2.080948
     114  45,,0,0,2020,DHS,2.080948
     114  48,,0,0,2020,DHS,2.080948
     114  50,,0,0,2020,DHS,2.080948
     114  52,,0,0,2020,DHS,2.080948
     114  55,,0,0,2020,DHS,2.080948
     114  57,,0,0,2020,DHS,2.080948
     115   3,,0,0,2020,DHS,1.605986
     115   5,,0,0,2020,DHS,1.605986
     115   7,,0,0,2020,DHS,1.605986
     115   9,,0,0,2020,DHS,1.605986
     115  11,,0,0,2020,DHS,1.605986
     115  13,,0,0,2020,DHS,1.605986
     115  15,,0,0,2020,DHS,1.605986
     115  16,,0,0,2020,DHS,1.605986
     115  18,,0,0,2020,DHS,1.605986
     115  20,,0,0,2020,DHS,1.605986
     115  22,,0,0,2020,DHS,1.605986
     115  24,,0,0,2020,DHS,1.605986
     115  26,,0,0,2020,DHS,1.605986
     115  28,,0,0,2020,DHS,1.605986
     115  30,,0,0,2020,DHS,1.605986
     115  31,,0,0,2020,DHS,1.605986
     115  35,,0,0,2020,DHS,1.605986
     115  37,,0,0,2020,DHS,1.605986
     115  39,,0,0,2020,DHS,1.605986
     115  41,,0,0,2020,DHS,1.605986
     115  43,,0,0,2020,DHS,1.605986
     115  45,,0,0,2020,DHS,1.605986
     115  47,,0,0,2020,DHS,1.605986
     116   1,,0,0,2020,DHS,2.901472
     116   5,,0,0,2020,DHS,2.901472
     116   9,,0,0,2020,DHS,2.901472
     116  13,,0,0,2020,DHS,2.901472
     116  16,,0,0,2020,DHS,2.901472
     116  20,,0,0,2020,DHS,2.901472
     116  24,,0,0,2020,DHS,2.901472
     116  27,,0,0,2020,DHS,2.901472
     116  31,,0,0,2020,DHS,2.901472
     116  35,,0,0,2020,DHS,2.901472
     116  39,,0,0,2020,DHS,2.901472
     116  42,,0,0,2020,DHS,2.901472
     116  50,,0,0,2020,DHS,2.901472
     116  53,,0,0,2020,DHS,2.901472
     116  57,,0,0,2020,DHS,2.901472
     116  61,,0,0,2020,DHS,2.901472
     116  65,,0,0,2020,DHS,2.901472
     116  68,,0,0,2020,DHS,2.901472
     116  72,,0,0,2020,DHS,2.901472
     116  76,,0,0,2020,DHS,2.901472
     116  80,,0,0,2020,DHS,2.901472
     116  83,,0,0,2020,DHS,2.901472
     116  87,,0,0,2020,DHS,2.901472
     116  91,,0,0,2020,DHS,2.901472
     117   1,,0,0,2020,DHS,2.891693
     117   5,,0,0,2020,DHS,2.891693
     117   9,,0,0,2020,DHS,2.891693
     117  12,,0,0,2020,DHS,2.891693
     117  16,,0,0,2020,DHS,2.891693
     117  19,,0,0,2020,DHS,2.891693
     117  23,,0,0,2020,DHS,2.891693
     117  27,,0,0,2020,DHS,2.891693
     117  30,,0,0,2020,DHS,2.891693
     117  34,,0,0,2020,DHS,2.891693
     117  37,,0,0,2020,DHS,2.891693
     117  41,,0,0,2020,DHS,2.891693
     117  45,,0,0,2020,DHS,2.891693
     117  48,,0,0,2020,DHS,2.891693
     117  52,,0,0,2020,DHS,2.891693
     117  55,,0,0,2020,DHS,2.891693
     117  59,,0,0,2020,DHS,2.891693
     117  66,,0,0,2020,DHS,2.891693
     117  70,,0,0,2020,DHS,2.891693
     117  73,,0,0,2020,DHS,2.891693
     117  77,,0,0,2020,DHS,2.891693
     117  81,,0,0,2020,DHS,2.891693
     117  84,,0,0,2020,DHS,2.891693
     117  88,,0,0,2020,DHS,2.891693
     118   2,,0,0,2020,DHS,2.120088
     118   5,,0,0,2020,DHS,2.120088
     118   8,,0,0,2020,DHS,2.120088
     118  10,,0,0,2020,DHS,2.120088
     118  13,,0,0,2020,DHS,2.120088
     118  15,,0,0,2020,DHS,2.120088
     118  18,,0,0,2020,DHS,2.120088
     118  21,,0,0,2020,DHS,2.120088
     118  23,,0,0,2020,DHS,2.120088
     118  26,,0,0,2020,DHS,2.120088
     118  28,,0,0,2020,DHS,2.120088
     118  31,,0,0,2020,DHS,2.120088
     118  34,,0,0,2020,DHS,2.120088
     118  36,,0,0,2020,DHS,2.120088
     118  39,,0,0,2020,DHS,2.120088
     118  41,,0,0,2020,DHS,2.120088
     118  44,,0,0,2020,DHS,2.120088
     118  47,,0,0,2020,DHS,2.120088
     118  49,,0,0,2020,DHS,2.120088
     118  52,,0,0,2020,DHS,2.120088
     118  54,,0,0,2020,DHS,2.120088
     118  57,,0,0,2020,DHS,2.120088
     118  60,,0,0,2020,DHS,2.120088
     118  62,,0,0,2020,DHS,2.120088
     118  65,,0,0,2020,DHS,2.120088
     119   1,,0,0,2020,DHS,2.015298
     119   3,,0,0,2020,DHS,2.015298
     119   5,,0,0,2020,DHS,2.015298
     119   7,,0,0,2020,DHS,2.015298
     119   8,,0,0,2020,DHS,2.015298
     119  10,,0,0,2020,DHS,2.015298
     119  12,,0,0,2020,DHS,2.015298
     119  14,,0,0,2020,DHS,2.015298
     119  15,,0,0,2020,DHS,2.015298
     119  17,,0,0,2020,DHS,2.015298
     119  19,,0,0,2020,DHS,2.015298
     119  21,,0,0,2020,DHS,2.015298
     119  23,,0,0,2020,DHS,2.015298
     119  24,,0,0,2020,DHS,2.015298
     119  26,,0,0,2020,DHS,2.015298
     119  28,,0,0,2020,DHS,2.015298
     119  30,,0,0,2020,DHS,2.015298
     119  31,,0,0,2020,DHS,2.015298
     119  33,,0,0,2020,DHS,2.015298
     119  35,,0,0,2020,DHS,2.015298
     119  38,,0,0,2020,DHS,2.015298
     119  40,,0,0,2020,DHS,2.015298
     119  42,,0,0,2020,DHS,2.015298
     119  44,,0,0,2020,DHS,2.015298
     120   3,,0,0,2020,DHS,3.309382
     120   8,,0,0,2020,DHS,3.309382
     120  12,,0,0,2020,DHS,3.309382
     120  16,,0,0,2020,DHS,3.309382
     120  20,,0,0,2020,DHS,3.309382
     120  24,,0,0,2020,DHS,3.309382
     120  28,,0,0,2020,DHS,3.309382
     120  32,,0,0,2020,DHS,3.309382
     120  36,,0,0,2020,DHS,3.309382
     120  40,,0,0,2020,DHS,3.309382
     120  45,,0,0,2020,DHS,3.309382
     120  49,,0,0,2020,DHS,3.309382
     120  53,,0,0,2020,DHS,3.309382
     120  57,,0,0,2020,DHS,3.309382
     120  61,,0,0,2020,DHS,3.309382
     120  65,,0,0,2020,DHS,3.309382
     120  69,,0,0,2020,DHS,3.309382
     120  73,,0,0,2020,DHS,3.309382
     120  78,,0,0,2020,DHS,3.309382
     120  86,,0,0,2020,DHS,3.309382
     120  90,,0,0,2020,DHS,3.309382
     120  94,,0,0,2020,DHS,3.309382
     120  98,,0,0,2020,DHS,3.309382
     120 102,,0,0,2020,DHS,3.309382
     121   2,,0,0,2020,DHS,2.479698
     121   6,,0,0,2020,DHS,2.479698
     121  10,,0,0,2020,DHS,2.479698
     121  13,,0,0,2020,DHS,2.479698
     121  17,,0,0,2020,DHS,2.479698
     121  21,,0,0,2020,DHS,2.479698
     121  24,,0,0,2020,DHS,2.479698
     121  32,,0,0,2020,DHS,2.479698
     121  35,,0,0,2020,DHS,2.479698
     121  39,,0,0,2020,DHS,2.479698
     121  42,,0,0,2020,DHS,2.479698
     121  46,,0,0,2020,DHS,2.479698
     121  50,,0,0,2020,DHS,2.479698
     121  53,,0,0,2020,DHS,2.479698
     121  57,,0,0,2020,DHS,2.479698
     121  61,,0,0,2020,DHS,2.479698
     121  64,,0,0,2020,DHS,2.479698
     121  68,,0,0,2020,DHS,2.479698
     121  72,,0,0,2020,DHS,2.479698
     121  75,,0,0,2020,DHS,2.479698
     121  79,,0,0,2020,DHS,2.479698
     121  82,,0,0,2020,DHS,2.479698
     121  86,,0,0,2020,DHS,2.479698
     121  90,,0,0,2020,DHS,2.479698
     122   1,,0,0,2020,DHS,1.784479
     122   4,,0,0,2020,DHS,1.784479
     122   6,,0,0,2020,DHS,1.784479
     122   9,,0,0,2020,DHS,1.784479
     122  11,,0,0,2020,DHS,1.784479
     122  14,,0,0,2020,DHS,1.784479
     122  17,,0,0,2020,DHS,1.784479
     122  19,,0,0,2020,DHS,1.784479
     122  22,,0,0,2020,DHS,1.784479
     122  24,,0,0,2020,DHS,1.784479
     122  27,,0,0,2020,DHS,1.784479
     122  29,,0,0,2020,DHS,1.784479
     122  32,,0,0,2020,DHS,1.784479
     122  34,,0,0,2020,DHS,1.784479
     122  37,,0,0,2020,DHS,1.784479
     122  39,,0,0,2020,DHS,1.784479
     122  42,,0,0,2020,DHS,1.784479
     122  44,,0,0,2020,DHS,1.784479
     122  47,,0,0,2020,DHS,1.784479
     122  49,,0,0,2020,DHS,1.784479
     122  52,,0,0,2020,DHS,1.784479
     122  57,,0,0,2020,DHS,1.784479
     122  59,,0,0,2020,DHS,1.784479
     122  62,,0,0,2020,DHS,1.784479
     123   1,,0,0,2020,DHS,2.870273
     123   5,,0,0,2020,DHS,2.870273
     123   9,,0,0,2020,DHS,2.870273
     123  13,,0,0,2020,DHS,2.870273
     123  17,,0,0,2020,DHS,2.870273
     123  21,,0,0,2020,DHS,2.870273
     123  24,,0,0,2020,DHS,2.870273
     123  28,,0,0,2020,DHS,2.870273
     123  32,,0,0,2020,DHS,2.870273
     123  36,,0,0,2020,DHS,2.870273
     123  40,,0,0,2020,DHS,2.870273
     123  44,,0,0,2020,DHS,2.870273
     123  47,,0,0,2020,DHS,2.870273
     123  51,,0,0,2020,DHS,2.870273
     123  55,,0,0,2020,DHS,2.870273
     123  59,,0,0,2020,DHS,2.870273
     123  63,,0,0,2020,DHS,2.870273
     123  67,,0,0,2020,DHS,2.870273
     123  71,,0,0,2020,DHS,2.870273
     123  74,,0,0,2020,DHS,2.870273
     123  78,,0,0,2020,DHS,2.870273
     123  82,,0,0,2020,DHS,2.870273
     123  86,,0,0,2020,DHS,2.870273
     123  90,,0,0,2020,DHS,2.870273
     123  94,,0,0,2020,DHS,2.870273
     124   1,,0,0,2020,DHS,2.537117
     124   4,,0,0,2020,DHS,2.537117
     124   7,,0,0,2020,DHS,2.537117
     124   9,,0,0,2020,DHS,2.537117
     124  12,,0,0,2020,DHS,2.537117
     124  15,,0,0,2020,DHS,2.537117
     124  17,,0,0,2020,DHS,2.537117
     124  20,,0,0,2020,DHS,2.537117
     124  23,,0,0,2020,DHS,2.537117
     124  25,,0,0,2020,DHS,2.537117
     124  28,,0,0,2020,DHS,2.537117
     124  30,,0,0,2020,DHS,2.537117
     124  33,,0,0,2020,DHS,2.537117
     124  36,,0,0,2020,DHS,2.537117
     124  38,,0,0,2020,DHS,2.537117
     124  41,,0,0,2020,DHS,2.537117
     124  44,,0,0,2020,DHS,2.537117
     124  46,,0,0,2020,DHS,2.537117
     124  49,,0,0,2020,DHS,2.537117
     124  52,,0,0,2020,DHS,2.537117
     124  54,,0,0,2020,DHS,2.537117
     124  57,,0,0,2020,DHS,2.537117
     124  59,,0,0,2020,DHS,2.537117
     124  62,,0,0,2020,DHS,2.537117
     124  65,,0,0,2020,DHS,2.537117
     125   1,,0,0,2020,DHS,2.836103
     125   5,,0,0,2020,DHS,2.836103
     125   8,,0,0,2020,DHS,2.836103
     125  11,,0,0,2020,DHS,2.836103
     125  15,,0,0,2020,DHS,2.836103
     125  18,,0,0,2020,DHS,2.836103
     125  21,,0,0,2020,DHS,2.836103
     125  25,,0,0,2020,DHS,2.836103
     125  28,,0,0,2020,DHS,2.836103
     125  31,,0,0,2020,DHS,2.836103
     125  35,,0,0,2020,DHS,2.836103
     125  38,,0,0,2020,DHS,2.836103
     125  41,,0,0,2020,DHS,2.836103
     125  45,,0,0,2020,DHS,2.836103
     125  48,,0,0,2020,DHS,2.836103
     125  51,,0,0,2020,DHS,2.836103
     125  55,,0,0,2020,DHS,2.836103
     125  58,,0,0,2020,DHS,2.836103
     125  61,,0,0,2020,DHS,2.836103
     125  64,,0,0,2020,DHS,2.836103
     125  68,,0,0,2020,DHS,2.836103
     125  71,,0,0,2020,DHS,2.836103
     125  74,,0,0,2020,DHS,2.836103
     125  78,,0,0,2020,DHS,2.836103
     125  81,,0,0,2020,DHS,2.836103
     126   3,,0,0,2020,DHS,1.845176
     126   7,,0,0,2020,DHS,1.845176
     126  11,,0,0,2020,DHS,1.845176
     126  15,,0,0,2020,DHS,1.845176
     126  19,,0,0,2020,DHS,1.845176
     126  23,,0,0,2020,DHS,1.845176
     126  26,,0,0,2020,DHS,1.845176
     126  30,,0,0,2020,DHS,1.845176
     126  34,,0,0,2020,DHS,1.845176
     126  38,,0,0,2020,DHS,1.845176
     126  42,,0,0,2020,DHS,1.845176
     126  46,,0,0,2020,DHS,1.845176
     126  49,,0,0,2020,DHS,1.845176
     126  53,,0,0,2020,DHS,1.845176
     126  57,,0,0,2020,DHS,1.845176
     126  61,,0,0,2020,DHS,1.845176
     126  65,,0,0,2020,DHS,1.845176
     126  69,,0,0,2020,DHS,1.845176
     126  73,,0,0,2020,DHS,1.845176
     126  76,,0,0,2020,DHS,1.845176
     126  80,,0,0,2020,DHS,1.845176
     126  84,,0,0,2020,DHS,1.845176
     126  88,,0,0,2020,DHS,1.845176
     126  92,,0,0,2020,DHS,1.845176
     126  96,,0,0,2020,DHS,1.845176
     127   2,,0,0,2020,DHS,2.830408
     127   5,,0,0,2020,DHS,2.830408
     127  11,,0,0,2020,DHS,2.830408
     127  14,,0,0,2020,DHS,2.830408
     127  19,,0,0,2020,DHS,2.830408
     127  22,,0,0,2020,DHS,2.830408
     127  25,,0,0,2020,DHS,2.830408
     127  28,,0,0,2020,DHS,2.830408
     127  31,,0,0,2020,DHS,2.830408
     127  34,,0,0,2020,DHS,2.830408
     127  36,,0,0,2020,DHS,2.830408
     127  39,,0,0,2020,DHS,2.830408
     127  42,,0,0,2020,DHS,2.830408
     127  45,,0,0,2020,DHS,2.830408
     127  51,,0,0,2020,DHS,2.830408
     127  54,,0,0,2020,DHS,2.830408
     127  56,,0,0,2020,DHS,2.830408
     127  59,,0,0,2020,DHS,2.830408
     127  62,,0,0,2020,DHS,2.830408
     127  65,,0,0,2020,DHS,2.830408
     127  68,,0,0,2020,DHS,2.830408
     127  71,,0,0,2020,DHS,2.830408
     128   6,,0,0,2020,DHS,2.787929
     128   9,,0,0,2020,DHS,2.787929
     128  12,,0,0,2020,DHS,2.787929
     128  15,,0,0,2020,DHS,2.787929
     128  18,,0,0,2020,DHS,2.787929
     128  21,,0,0,2020,DHS,2.787929
     128  25,,0,0,2020,DHS,2.787929
     128  28,,0,0,2020,DHS,2.787929
     128  31,,0,0,2020,DHS,2.787929
     128  34,,0,0,2020,DHS,2.787929
     128  37,,0,0,2020,DHS,2.787929
     128  40,,0,0,2020,DHS,2.787929
     128  43,,0,0,2020,DHS,2.787929
     128  47,,0,0,2020,DHS,2.787929
     128  50,,0,0,2020,DHS,2.787929
     128  53,,0,0,2020,DHS,2.787929
     128  56,,0,0,2020,DHS,2.787929
     128  59,,0,0,2020,DHS,2.787929
     128  62,,0,0,2020,DHS,2.787929
     128  66,,0,0,2020,DHS,2.787929
     128  69,,0,0,2020,DHS,2.787929
     128  72,,0,0,2020,DHS,2.787929
     128  75,,0,0,2020,DHS,2.787929
     128  78,,0,0,2020,DHS,2.787929
     129   2,,0,0,2020,DHS,2.944141
     129   6,,0,0,2020,DHS,2.944141
     129  10,,0,0,2020,DHS,2.944141
     129  14,,0,0,2020,DHS,2.944141
     129  17,,0,0,2020,DHS,2.944141
     129  21,,0,0,2020,DHS,2.944141
     129  25,,0,0,2020,DHS,2.944141
     129  28,,0,0,2020,DHS,2.944141
     129  32,,0,0,2020,DHS,2.944141
     129  36,,0,0,2020,DHS,2.944141
     129  40,,0,0,2020,DHS,2.944141
     129  43,,0,0,2020,DHS,2.944141
     129  47,,0,0,2020,DHS,2.944141
     129  51,,0,0,2020,DHS,2.944141
     129  54,,0,0,2020,DHS,2.944141
     129  58,,0,0,2020,DHS,2.944141
     129  62,,0,0,2020,DHS,2.944141
     129  66,,0,0,2020,DHS,2.944141
     129  69,,0,0,2020,DHS,2.944141
     129  73,,0,0,2020,DHS,2.944141
     129  77,,0,0,2020,DHS,2.944141
     129  81,,0,0,2020,DHS,2.944141
     129  84,,0,0,2020,DHS,2.944141
     129  92,,0,0,2020,DHS,2.944141
     130   2,,0,0,2020,DHS,3.846166
     130   8,,0,0,2020,DHS,3.846166
     130  13,,0,0,2020,DHS,3.846166
     130  18,,0,0,2020,DHS,3.846166
     130  24,,0,0,2020,DHS,3.846166
     130  29,,0,0,2020,DHS,3.846166
     130  35,,0,0,2020,DHS,3.846166
     130  40,,0,0,2020,DHS,3.846166
     130  45,,0,0,2020,DHS,3.846166
     130  51,,0,0,2020,DHS,3.846166
     130  56,,0,0,2020,DHS,3.846166
     130  61,,0,0,2020,DHS,3.846166
     130  67,,0,0,2020,DHS,3.846166
     130  77,,0,0,2020,DHS,3.846166
     130  83,,0,0,2020,DHS,3.846166
     130  94,,0,0,2020,DHS,3.846166
     130 104,,0,0,2020,DHS,3.846166
     130 110,,0,0,2020,DHS,3.846166
     130 115,,0,0,2020,DHS,3.846166
     130 120,,0,0,2020,DHS,3.846166
     130 126,,0,0,2020,DHS,3.846166
     130 131,,0,0,2020,DHS,3.846166
     131   1,,0,0,2020,DHS,1.826538
     131   6,,0,0,2020,DHS,1.826538
     131  10,,0,0,2020,DHS,1.826538
     131  13,,0,0,2020,DHS,1.826538
     131  15,,0,0,2020,DHS,1.826538
     131  17,,0,0,2020,DHS,1.826538
     131  19,,0,0,2020,DHS,1.826538
     131  22,,0,0,2020,DHS,1.826538
     131  24,,0,0,2020,DHS,1.826538
     131  26,,0,0,2020,DHS,1.826538
     131  28,,0,0,2020,DHS,1.826538
     131  31,,0,0,2020,DHS,1.826538
     131  33,,0,0,2020,DHS,1.826538
     131  35,,0,0,2020,DHS,1.826538
     131  37,,0,0,2020,DHS,1.826538
     131  39,,0,0,2020,DHS,1.826538
     131  42,,0,0,2020,DHS,1.826538
     131  44,,0,0,2020,DHS,1.826538
     131  46,,0,0,2020,DHS,1.826538
     131  48,,0,0,2020,DHS,1.826538
     131  51,,0,0,2020,DHS,1.826538
     131  53,,0,0,2020,DHS,1.826538
     131  55,,0,0,2020,DHS,1.826538
     132   1,,0,0,2020,DHS,2.152705
     132  10,,0,0,2020,DHS,2.152705
     132  13,,0,0,2020,DHS,2.152705
     132  16,,0,0,2020,DHS,2.152705
     132  19,,0,0,2020,DHS,2.152705
     132  22,,0,0,2020,DHS,2.152705
     132  25,,0,0,2020,DHS,2.152705
     132  28,,0,0,2020,DHS,2.152705
     132  31,,0,0,2020,DHS,2.152705
     132  34,,0,0,2020,DHS,2.152705
     132  36,,0,0,2020,DHS,2.152705
     132  39,,0,0,2020,DHS,2.152705
     132  42,,0,0,2020,DHS,2.152705
     132  45,,0,0,2020,DHS,2.152705
     132  48,,0,0,2020,DHS,2.152705
     132  51,,0,0,2020,DHS,2.152705
     132  54,,0,0,2020,DHS,2.152705
     132  57,,0,0,2020,DHS,2.152705
     132  60,,0,0,2020,DHS,2.152705
     132  63,,0,0,2020,DHS,2.152705
     132  69,,0,0,2020,DHS,2.152705
     132  71,,0,0,2020,DHS,2.152705
     133   2,,0,0,2020,DHS,1.427479
     133   5,,0,0,2020,DHS,1.427479
     133   7,,0,0,2020,DHS,1.427479
     133  10,,0,0,2020,DHS,1.427479
     133  12,,0,0,2020,DHS,1.427479
     133  14,,0,0,2020,DHS,1.427479
     133  17,,0,0,2020,DHS,1.427479
     133  19,,0,0,2020,DHS,1.427479
     133  22,,0,0,2020,DHS,1.427479
     133  24,,0,0,2020,DHS,1.427479
     133  26,,0,0,2020,DHS,1.427479
     133  29,,0,0,2020,DHS,1.427479
     133  31,,0,0,2020,DHS,1.427479
     133  34,,0,0,2020,DHS,1.427479
     133  36,,0,0,2020,DHS,1.427479
     133  38,,0,0,2020,DHS,1.427479
     133  41,,0,0,2020,DHS,1.427479
     133  43,,0,0,2020,DHS,1.427479
     133  46,,0,0,2020,DHS,1.427479
     133  48,,0,0,2020,DHS,1.427479
     133  50,,0,0,2020,DHS,1.427479
     133  53,,0,0,2020,DHS,1.427479
     133  55,,0,0,2020,DHS,1.427479
     133  58,,0,0,2020,DHS,1.427479
     133  60,,0,0,2020,DHS,1.427479
     134   1,,0,0,2020,DHS,1.082915
     134   3,,0,0,2020,DHS,1.082915
     134   5,,0,0,2020,DHS,1.082915
     134   6,,0,0,2020,DHS,1.082915
     134   8,,0,0,2020,DHS,1.082915
     134   9,,0,0,2020,DHS,1.082915
     134  11,,0,0,2020,DHS,1.082915
     134  13,,0,0,2020,DHS,1.082915
     134  14,,0,0,2020,DHS,1.082915
     134  16,,0,0,2020,DHS,1.082915
     134  17,,0,0,2020,DHS,1.082915
     134  19,,0,0,2020,DHS,1.082915
     134  21,,0,0,2020,DHS,1.082915
     134  22,,0,0,2020,DHS,1.082915
     134  24,,0,0,2020,DHS,1.082915
     134  25,,0,0,2020,DHS,1.082915
     134  27,,0,0,2020,DHS,1.082915
     134  29,,0,0,2020,DHS,1.082915
     134  30,,0,0,2020,DHS,1.082915
     134  32,,0,0,2020,DHS,1.082915
     134  33,,0,0,2020,DHS,1.082915
     134  35,,0,0,2020,DHS,1.082915
     134  37,,0,0,2020,DHS,1.082915
     134  38,,0,0,2020,DHS,1.082915
     134  40,,0,0,2020,DHS,1.082915
     135   1,,0,0,2020,DHS,1.237149
     135   2,,0,0,2020,DHS,1.237149
     135   3,,0,0,2020,DHS,1.237149
     135   5,,0,0,2020,DHS,1.237149
     135   6,,0,0,2020,DHS,1.237149
     135   7,,0,0,2020,DHS,1.237149
     135   8,,0,0,2020,DHS,1.237149
     135   9,,0,0,2020,DHS,1.237149
     135  10,,0,0,2020,DHS,1.237149
     135  11,,0,0,2020,DHS,1.237149
     135  12,,0,0,2020,DHS,1.237149
     135  13,,0,0,2020,DHS,1.237149
     135  14,,0,0,2020,DHS,1.237149
     135  15,,0,0,2020,DHS,1.237149
     135  16,,0,0,2020,DHS,1.237149
     135  17,,0,0,2020,DHS,1.237149
     135  18,,0,0,2020,DHS,1.237149
     135  19,,0,0,2020,DHS,1.237149
     135  20,,0,0,2020,DHS,1.237149
     135  21,,0,0,2020,DHS,1.237149
     135  22,,0,0,2020,DHS,1.237149
     135  23,,0,0,2020,DHS,1.237149
     135  24,,0,0,2020,DHS,1.237149
     135  25,,0,0,2020,DHS,1.237149
     135  26,,0,0,2020,DHS,1.237149
     136   2,,0,0,2020,DHS,1.884272
     136   5,,0,0,2020,DHS,1.884272
     136   7,,0,0,2020,DHS,1.884272
     136  10,,0,0,2020,DHS,1.884272
     136  12,,0,0,2020,DHS,1.884272
     136  14,,0,0,2020,DHS,1.884272
     136  17,,0,0,2020,DHS,1.884272
     136  19,,0,0,2020,DHS,1.884272
     136  22,,0,0,2020,DHS,1.884272
     136  24,,0,0,2020,DHS,1.884272
     136  26,,0,0,2020,DHS,1.884272
     136  29,,0,0,2020,DHS,1.884272
     136  31,,0,0,2020,DHS,1.884272
     136  34,,0,0,2020,DHS,1.884272
     136  36,,0,0,2020,DHS,1.884272
     136  38,,0,0,2020,DHS,1.884272
     136  41,,0,0,2020,DHS,1.884272
     136  43,,0,0,2020,DHS,1.884272
     136  46,,0,0,2020,DHS,1.884272
     136  48,,0,0,2020,DHS,1.884272
     136  50,,0,0,2020,DHS,1.884272
     136  53,,0,0,2020,DHS,1.884272
     136  55,,0,0,2020,DHS,1.884272
     136  58,,0,0,2020,DHS,1.884272
     136  60,,0,0,2020,DHS,1.884272
     137   1,,0,0,2020,DHS,0.402467
     137   4,,0,0,2020,DHS,0.402467
     137   6,,0,0,2020,DHS,0.402467
     137   9,,0,0,2020,DHS,0.402467
     137  11,,0,0,2020,DHS,0.402467
     137  13,,0,0,2020,DHS,0.402467
     137  16,,0,0,2020,DHS,0.402467
     137  18,,0,0,2020,DHS,0.402467
     137  21,,0,0,2020,DHS,0.402467
     137  23,,0,0,2020,DHS,0.402467
     137  25,,0,0,2020,DHS,0.402467
     137  28,,0,0,2020,DHS,0.402467
     137  30,,0,0,2020,DHS,0.402467
     137  33,,0,0,2020,DHS,0.402467
     137  35,,0,0,2020,DHS,0.402467
     137  37,,0,0,2020,DHS,0.402467
     137  40,,0,0,2020,DHS,0.402467
     137  42,,0,0,2020,DHS,0.402467
     137  45,,0,0,2020,DHS,0.402467
     137  47,,0,0,2020,DHS,0.402467
     137  49,,0,0,2020,DHS,0.402467
     137  52,,0,0,2020,DHS,0.402467
     137  54,,0,0,2020,DHS,0.402467
     137  57,,0,0,2020,DHS,0.402467
     137  59,,0,0,2020,DHS,0.402467
     138   2,,0,0,2020,DHS,0.392545
     138   7,,0,0,2020,DHS,0.392545
     138  11,,0,0,2020,DHS,0.392545
     138  15,,0,0,2020,DHS,0.392545
     138  19,,0,0,2020,DHS,0.392545
     138  24,,0,0,2020,DHS,0.392545
     138  28,,0,0,2020,DHS,0.392545
     138  32,,0,0,2020,DHS,0.392545
     138  36,,0,0,2020,DHS,0.392545
     138  41,,0,0,2020,DHS,0.392545
     138  45,,0,0,2020,DHS,0.392545
     138  49,,0,0,2020,DHS,0.392545
     138  53,,0,0,2020,DHS,0.392545
     138  58,,0,0,2020,DHS,0.392545
     138  62,,0,0,2020,DHS,0.392545
     138  66,,0,0,2020,DHS,0.392545
     138  70,,0,0,2020,DHS,0.392545
     138  74,,0,0,2020,DHS,0.392545
     138  79,,0,0,2020,DHS,0.392545
     138  83,,0,0,2020,DHS,0.392545
     138  87,,0,0,2020,DHS,0.392545
     138  91,,0,0,2020,DHS,0.392545
     138  96,,0,0,2020,DHS,0.392545
     138 100,,0,0,2020,DHS,0.392545
     138 104,,0,0,2020,DHS,0.392545
     139   1,,0,0,2020,DHS,0.396248
     139   6,,0,0,2020,DHS,0.396248
     139  10,,0,0,2020,DHS,0.396248
     139  14,,0,0,2020,DHS,0.396248
     139  19,,0,0,2020,DHS,0.396248
     139  23,,0,0,2020,DHS,0.396248
     139  27,,0,0,2020,DHS,0.396248
     139  31,,0,0,2020,DHS,0.396248
     139  36,,0,0,2020,DHS,0.396248
     139  40,,0,0,2020,DHS,0.396248
     139  44,,0,0,2020,DHS,0.396248
     139  48,,0,0,2020,DHS,0.396248
     139  53,,0,0,2020,DHS,0.396248
     139  57,,0,0,2020,DHS,0.396248
     139  61,,0,0,2020,DHS,0.396248
     139  66,,0,0,2020,DHS,0.396248
     139  70,,0,0,2020,DHS,0.396248
     139  74,,0,0,2020,DHS,0.396248
     139  78,,0,0,2020,DHS,0.396248
     139  83,,0,0,2020,DHS,0.396248
     139  87,,0,0,2020,DHS,0.396248
     139  91,,0,0,2020,DHS,0.396248
     139  96,,0,0,2020,DHS,0.396248
     139 100,,0,0,2020,DHS,0.396248
     139 104,,0,0,2020,DHS,0.396248
     140   1,,0,0,2020,DHS,0.443345
     140   6,,0,0,2020,DHS,0.443345
     140  10,,0,0,2020,DHS,0.443345
     140  14,,0,0,2020,DHS,0.443345
     140  18,,0,0,2020,DHS,0.443345
     140  23,,0,0,2020,DHS,0.443345
     140  27,,0,0,2020,DHS,0.443345
     140  35,,0,0,2020,DHS,0.443345
     140  40,,0,0,2020,DHS,0.443345
     140  44,,0,0,2020,DHS,0.443345
     140  48,,0,0,2020,DHS,0.443345
     140  52,,0,0,2020,DHS,0.443345
     140  57,,0,0,2020,DHS,0.443345
     140  61,,0,0,2020,DHS,0.443345
     140  65,,0,0,2020,DHS,0.443345
     140  69,,0,0,2020,DHS,0.443345
     140  73,,0,0,2020,DHS,0.443345
     140  78,,0,0,2020,DHS,0.443345
     140  82,,0,0,2020,DHS,0.443345
     140  90,,0,0,2020,DHS,0.443345
     140  95,,0,0,2020,DHS,0.443345
     140  99,,0,0,2020,DHS,0.443345
     140 103,,0,0,2020,DHS,0.443345
     141   5,,0,0,2020,DHS,0.577708
     141  11,,0,0,2020,DHS,0.577708
     141  16,,0,0,2020,DHS,0.577708
     141  21,,0,0,2020,DHS,0.577708
     141  26,,0,0,2020,DHS,0.577708
     141  31,,0,0,2020,DHS,0.577708
     141  37,,0,0,2020,DHS,0.577708
     141  42,,0,0,2020,DHS,0.577708
     141  52,,0,0,2020,DHS,0.577708
     141  57,,0,0,2020,DHS,0.577708
     141  63,,0,0,2020,DHS,0.577708
     141  68,,0,0,2020,DHS,0.577708
     141  73,,0,0,2020,DHS,0.577708
     141  78,,0,0,2020,DHS,0.577708
     141  83,,0,0,2020,DHS,0.577708
     141  89,,0,0,2020,DHS,0.577708
     141  94,,0,0,2020,DHS,0.577708
     141  99,,0,0,2020,DHS,0.577708
     141 104,,0,0,2020,DHS,0.577708
     141 109,,0,0,2020,DHS,0.577708
     141 115,,0,0,2020,DHS,0.577708
     141 120,,0,0,2020,DHS,0.577708
     141 125,,0,0,2020,DHS,0.577708
     141 130,,0,0,2020,DHS,0.577708
     142   3,,0,0,2020,DHS,0.488076
     142   7,,0,0,2020,DHS,0.488076
     142  10,,0,0,2020,DHS,0.488076
     142  13,,0,0,2020,DHS,0.488076
     142  16,,0,0,2020,DHS,0.488076
     142  20,,0,0,2020,DHS,0.488076
     142  23,,0,0,2020,DHS,0.488076
     142  26,,0,0,2020,DHS,0.488076
     142  29,,0,0,2020,DHS,0.488076
     142  33,,0,0,2020,DHS,0.488076
     142  36,,0,0,2020,DHS,0.488076
     142  39,,0,0,2020,DHS,0.488076
     142  42,,0,0,2020,DHS,0.488076
     142  46,,0,0,2020,DHS,0.488076
     142  49,,0,0,2020,DHS,0.488076
     142  52,,0,0,2020,DHS,0.488076
     142  55,,0,0,2020,DHS,0.488076
     142  58,,0,0,2020,DHS,0.488076
     142  62,,0,0,2020,DHS,0.488076
     142  65,,0,0,2020,DHS,0.488076
     142  68,,0,0,2020,DHS,0.488076
     142  71,,0,0,2020,DHS,0.488076
     142  75,,0,0,2020,DHS,0.488076
     142  78,,0,0,2020,DHS,0.488076
     142  81,,0,0,2020,DHS,0.488076
     143   3,,0,0,2020,DHS,0.449068
     143   7,,0,0,2020,DHS,0.449068
     143  11,,0,0,2020,DHS,0.449068
     143  15,,0,0,2020,DHS,0.449068
     143  19,,0,0,2020,DHS,0.449068
     143  23,,0,0,2020,DHS,0.449068
     143  26,,0,0,2020,DHS,0.449068
     143  30,,0,0,2020,DHS,0.449068
     143  34,,0,0,2020,DHS,0.449068
     143  38,,0,0,2020,DHS,0.449068
     143  42,,0,0,2020,DHS,0.449068
     143  46,,0,0,2020,DHS,0.449068
     143  49,,0,0,2020,DHS,0.449068
     143  53,,0,0,2020,DHS,0.449068
     143  57,,0,0,2020,DHS,0.449068
     143  61,,0,0,2020,DHS,0.449068
     143  65,,0,0,2020,DHS,0.449068
     143  69,,0,0,2020,DHS,0.449068
     143  73,,0,0,2020,DHS,0.449068
     143  80,,0,0,2020,DHS,0.449068
     143  84,,0,0,2020,DHS,0.449068
     143  92,,0,0,2020,DHS,0.449068
     143  96,,0,0,2020,DHS,0.449068
     144   2,,0,0,2020,DHS,0.441779
     144   5,,0,0,2020,DHS,0.441779
     144   8,,0,0,2020,DHS,0.441779
     144  11,,0,0,2020,DHS,0.441779
     144  14,,0,0,2020,DHS,0.441779
     144  16,,0,0,2020,DHS,0.441779
     144  22,,0,0,2020,DHS,0.441779
     144  25,,0,0,2020,DHS,0.441779
     144  28,,0,0,2020,DHS,0.441779
     144  30,,0,0,2020,DHS,0.441779
     144  33,,0,0,2020,DHS,0.441779
     144  36,,0,0,2020,DHS,0.441779
     144  44,,0,0,2020,DHS,0.441779
     144  47,,0,0,2020,DHS,0.441779
     144  50,,0,0,2020,DHS,0.441779
     144  53,,0,0,2020,DHS,0.441779
     144  56,,0,0,2020,DHS,0.441779
     144  58,,0,0,2020,DHS,0.441779
     144  61,,0,0,2020,DHS,0.441779
     144  64,,0,0,2020,DHS,0.441779
     144  67,,0,0,2020,DHS,0.441779
     144  70,,0,0,2020,DHS,0.441779
     145   1,,0,0,2020,DHS,0.446287
     145   4,,0,0,2020,DHS,0.446287
     145   7,,0,0,2020,DHS,0.446287
     145   9,,0,0,2020,DHS,0.446287
     145  12,,0,0,2020,DHS,0.446287
     145  15,,0,0,2020,DHS,0.446287
     145  17,,0,0,2020,DHS,0.446287
     145  20,,0,0,2020,DHS,0.446287
     145  23,,0,0,2020,DHS,0.446287
     145  25,,0,0,2020,DHS,0.446287
     145  28,,0,0,2020,DHS,0.446287
     145  30,,0,0,2020,DHS,0.446287
     145  33,,0,0,2020,DHS,0.446287
     145  36,,0,0,2020,DHS,0.446287
     145  38,,0,0,2020,DHS,0.446287
     145  41,,0,0,2020,DHS,0.446287
     145  44,,0,0,2020,DHS,0.446287
     145  46,,0,0,2020,DHS,0.446287
     145  49,,0,0,2020,DHS,0.446287
     145  52,,0,0,2020,DHS,0.446287
     145  54,,0,0,2020,DHS,0.446287
     145  57,,0,0,2020,DHS,0.446287
     145  59,,0,0,2020,DHS,0.446287
     145  65,,0,0,2020,DHS,0.446287
     146   1,,0,0,2020,DHS,0.412259
     146   2,,0,0,2020,DHS,0.412259
     146   4,,0,0,2020,DHS,0.412259
     146   5,,0,0,2020,DHS,0.412259
     146   6,,0,0,2020,DHS,0.412259
     146   7,,0,0,2020,DHS,0.412259
     146   8,,0,0,2020,DHS,0.412259
     146   9,,0,0,2020,DHS,0.412259
     146  10,,0,0,2020,DHS,0.412259
     146  11,,0,0,2020,DHS,0.412259
     146  12,,0,0,2020,DHS,0.412259
     146  13,,0,0,2020,DHS,0.412259
     146  14,,0,0,2020,DHS,0.412259
     146  15,,0,0,2020,DHS,0.412259
     146  17,,0,0,2020,DHS,0.412259
     146  18,,0,0,2020,DHS,0.412259
     146  19,,0,0,2020,DHS,0.412259
     146  20,,0,0,2020,DHS,0.412259
     146  21,,0,0,2020,DHS,0.412259
     146  22,,0,0,2020,DHS,0.412259
     146  23,,0,0,2020,DHS,0.412259
     146  24,,0,0,2020,DHS,0.412259
     146  25,,0,0,2020,DHS,0.412259
     146  26,,0,0,2020,DHS,0.412259
     146  27,,0,0,2020,DHS,0.412259
     147   1,,0,0,2020,DHS,0.420742
     147   3,,0,0,2020,DHS,0.420742
     147   5,,0,0,2020,DHS,0.420742
     147   7,,0,0,2020,DHS,0.420742
     147   9,,0,0,2020,DHS,0.420742
     147  11,,0,0,2020,DHS,0.420742
     147  13,,0,0,2020,DHS,0.420742
     147  15,,0,0,2020,DHS,0.420742
     147  17,,0,0,2020,DHS,0.420742
     147  19,,0,0,2020,DHS,0.420742
     147  21,,0,0,2020,DHS,0.420742
     147  23,,0,0,2020,DHS,0.420742
     147  24,,0,0,2020,DHS,0.420742
     147  26,,0,0,2020,DHS,0.420742
     147  28,,0,0,2020,DHS,0.420742
     147  30,,0,0,2020,DHS,0.420742
     147  32,,0,0,2020,DHS,0.420742
     147  34,,0,0,2020,DHS,0.420742
     147  36,,0,0,2020,DHS,0.420742
     147  38,,0,0,2020,DHS,0.420742
     147  40,,0,0,2020,DHS,0.420742
     147  42,,0,0,2020,DHS,0.420742
     147  44,,0,0,2020,DHS,0.420742
     147  46,,0,0,2020,DHS,0.420742
     148   1,,0,0,2020,DHS,0.334598
     148   3,,0,0,2020,DHS,0.334598
     148   5,,0,0,2020,DHS,0.334598
     148   6,,0,0,2020,DHS,0.334598
     148   8,,0,0,2020,DHS,0.334598
     148  10,,0,0,2020,DHS,0.334598
     148  11,,0,0,2020,DHS,0.334598
     148  13,,0,0,2020,DHS,0.334598
     148  15,,0,0,2020,DHS,0.334598
     148  16,,0,0,2020,DHS,0.334598
     148  18,,0,0,2020,DHS,0.334598
     148  19,,0,0,2020,DHS,0.334598
     148  21,,0,0,2020,DHS,0.334598
     148  23,,0,0,2020,DHS,0.334598
     148  24,,0,0,2020,DHS,0.334598
     148  26,,0,0,2020,DHS,0.334598
     148  28,,0,0,2020,DHS,0.334598
     148  29,,0,0,2020,DHS,0.334598
     148  31,,0,0,2020,DHS,0.334598
     148  33,,0,0,2020,DHS,0.334598
     148  34,,0,0,2020,DHS,0.334598
     148  36,,0,0,2020,DHS,0.334598
     148  37,,0,0,2020,DHS,0.334598
     148  39,,0,0,2020,DHS,0.334598
     148  41,,0,0,2020,DHS,0.334598
     149   1,,0,0,2020,DHS,0.416985
     149   3,,0,0,2020,DHS,0.416985
     149   4,,0,0,2020,DHS,0.416985
     149   6,,0,0,2020,DHS,0.416985
     149   7,,0,0,2020,DHS,0.416985
     149   9,,0,0,2020,DHS,0.416985
     149  10,,0,0,2020,DHS,0.416985
     149  12,,0,0,2020,DHS,0.416985
     149  13,,0,0,2020,DHS,0.416985
     149  15,,0,0,2020,DHS,0.416985
     149  16,,0,0,2020,DHS,0.416985
     149  18,,0,0,2020,DHS,0.416985
     149  19,,0,0,2020,DHS,0.416985
     149  21,,0,0,2020,DHS,0.416985
     149  22,,0,0,2020,DHS,0.416985
     149  24,,0,0,2020,DHS,0.416985
     149  25,,0,0,2020,DHS,0.416985
     149  27,,0,0,2020,DHS,0.416985
     149  28,,0,0,2020,DHS,0.416985
     149  30,,0,0,2020,DHS,0.416985
     149  31,,0,0,2020,DHS,0.416985
     149  32,,0,0,2020,DHS,0.416985
     149  34,,0,0,2020,DHS,0.416985
     149  35,,0,0,2020,DHS,0.416985
     149  37,,0,0,2020,DHS,0.416985
     150   1,,0,0,2020,DHS,0.63562
     150   3,,0,0,2020,DHS,0.63562
     150   5,,0,0,2020,DHS,0.63562
     150   7,,0,0,2020,DHS,0.63562
     150   9,,0,0,2020,DHS,0.63562
     150  11,,0,0,2020,DHS,0.63562
     150  13,,0,0,2020,DHS,0.63562
     150  15,,0,0,2020,DHS,0.63562
     150  16,,0,0,2020,DHS,0.63562
     150  18,,0,0,2020,DHS,0.63562
     150  20,,0,0,2020,DHS,0.63562
     150  22,,0,0,2020,DHS,0.63562
     150  24,,0,0,2020,DHS,0.63562
     150  26,,0,0,2020,DHS,0.63562
     150  28,,0,0,2020,DHS,0.63562
     150  30,,0,0,2020,DHS,0.63562
     150  31,,0,0,2020,DHS,0.63562
     150  33,,0,0,2020,DHS,0.63562
     150  35,,0,0,2020,DHS,0.63562
     150  37,,0,0,2020,DHS,0.63562
     150  39,,0,0,2020,DHS,0.63562
     150  41,,0,0,2020,DHS,0.63562
     150  43,,0,0,2020,DHS,0.63562
     150  45,,0,0,2020,DHS,0.63562
     150  47,,0,0,2020,DHS,0.63562
     151   3,,0,0,2020,DHS,0.394445
     151   5,,0,0,2020,DHS,0.394445
     151   6,,0,0,2020,DHS,0.394445
     151   8,,0,0,2020,DHS,0.394445
     151   9,,0,0,2020,DHS,0.394445
     151  11,,0,0,2020,DHS,0.394445
     151  13,,0,0,2020,DHS,0.394445
     151  14,,0,0,2020,DHS,0.394445
     151  16,,0,0,2020,DHS,0.394445
     151  17,,0,0,2020,DHS,0.394445
     151  19,,0,0,2020,DHS,0.394445
     151  21,,0,0,2020,DHS,0.394445
     151  22,,0,0,2020,DHS,0.394445
     151  24,,0,0,2020,DHS,0.394445
     151  25,,0,0,2020,DHS,0.394445
     151  27,,0,0,2020,DHS,0.394445
     151  29,,0,0,2020,DHS,0.394445
     151  30,,0,0,2020,DHS,0.394445
     151  32,,0,0,2020,DHS,0.394445
     151  33,,0,0,2020,DHS,0.394445
     151  35,,0,0,2020,DHS,0.394445
     151  37,,0,0,2020,DHS,0.394445
     151  38,,0,0,2020,DHS,0.394445
     151  40,,0,0,2020,DHS,0.394445
     152   2,,0,0,2020,DHS,0.358199
     152   5,,0,0,2020,DHS,0.358199
     152   7,,0,0,2020,DHS,0.358199
     152   9,,0,0,2020,DHS,0.358199
     152  11,,0,0,2020,DHS,0.358199
     152  14,,0,0,2020,DHS,0.358199
     152  16,,0,0,2020,DHS,0.358199
     152  18,,0,0,2020,DHS,0.358199
     152  20,,0,0,2020,DHS,0.358199
     152  23,,0,0,2020,DHS,0.358199
     152  25,,0,0,2020,DHS,0.358199
     152  27,,0,0,2020,DHS,0.358199
     152  29,,0,0,2020,DHS,0.358199
     152  32,,0,0,2020,DHS,0.358199
     152  34,,0,0,2020,DHS,0.358199
     152  36,,0,0,2020,DHS,0.358199
     152  38,,0,0,2020,DHS,0.358199
     152  40,,0,0,2020,DHS,0.358199
     152  43,,0,0,2020,DHS,0.358199
     152  45,,0,0,2020,DHS,0.358199
     152  47,,0,0,2020,DHS,0.358199
     152  49,,0,0,2020,DHS,0.358199
     152  52,,0,0,2020,DHS,0.358199
     152  54,,0,0,2020,DHS,0.358199
     152  56,,0,0,2020,DHS,0.358199
     153   1,,0,0,2020,DHS,0.448422
     153   4,,0,0,2020,DHS,0.448422
     153   7,,0,0,2020,DHS,0.448422
     153  10,,0,0,2020,DHS,0.448422
     153  13,,0,0,2020,DHS,0.448422
     153  16,,0,0,2020,DHS,0.448422
     153  19,,0,0,2020,DHS,0.448422
     153  22,,0,0,2020,DHS,0.448422
     153  24,,0,0,2020,DHS,0.448422
     153  27,,0,0,2020,DHS,0.448422
     153  30,,0,0,2020,DHS,0.448422
     153  33,,0,0,2020,DHS,0.448422
     153  36,,0,0,2020,DHS,0.448422
     153  39,,0,0,2020,DHS,0.448422
     153  42,,0,0,2020,DHS,0.448422
     153  45,,0,0,2020,DHS,0.448422
     153  47,,0,0,2020,DHS,0.448422
     153  50,,0,0,2020,DHS,0.448422
     153  53,,0,0,2020,DHS,0.448422
     153  56,,0,0,2020,DHS,0.448422
     153  59,,0,0,2020,DHS,0.448422
     153  62,,0,0,2020,DHS,0.448422
     153  65,,0,0,2020,DHS,0.448422
     153  68,,0,0,2020,DHS,0.448422
     153  71,,0,0,2020,DHS,0.448422
     154   1,,0,0,2020,DHS,0.419893
     154   4,,0,0,2020,DHS,0.419893
     154   6,,0,0,2020,DHS,0.419893
     154   8,,0,0,2020,DHS,0.419893
     154  10,,0,0,2020,DHS,0.419893
     154  12,,0,0,2020,DHS,0.419893
     154  15,,0,0,2020,DHS,0.419893
     154  17,,0,0,2020,DHS,0.419893
     154  19,,0,0,2020,DHS,0.419893
     154  21,,0,0,2020,DHS,0.419893
     154  23,,0,0,2020,DHS,0.419893
     154  26,,0,0,2020,DHS,0.419893
     154  28,,0,0,2020,DHS,0.419893
     154  30,,0,0,2020,DHS,0.419893
     154  32,,0,0,2020,DHS,0.419893
     154  34,,0,0,2020,DHS,0.419893
     154  37,,0,0,2020,DHS,0.419893
     154  39,,0,0,2020,DHS,0.419893
     154  41,,0,0,2020,DHS,0.419893
     154  43,,0,0,2020,DHS,0.419893
     154  45,,0,0,2020,DHS,0.419893
     154  48,,0,0,2020,DHS,0.419893
     154  50,,0,0,2020,DHS,0.419893
     154  52,,0,0,2020,DHS,0.419893
     154  54,,0,0,2020,DHS,0.419893
     155   1,,0,0,2020,DHS,0.372285
     155   4,,0,0,2020,DHS,0.372285
     155   7,,0,0,2020,DHS,0.372285
     155  10,,0,0,2020,DHS,0.372285
     155  13,,0,0,2020,DHS,0.372285
     155  15,,0,0,2020,DHS,0.372285
     155  18,,0,0,2020,DHS,0.372285
     155  21,,0,0,2020,DHS,0.372285
     155  24,,0,0,2020,DHS,0.372285
     155  27,,0,0,2020,DHS,0.372285
     155  29,,0,0,2020,DHS,0.372285
     155  32,,0,0,2020,DHS,0.372285
     155  35,,0,0,2020,DHS,0.372285
     155  38,,0,0,2020,DHS,0.372285
     155  41,,0,0,2020,DHS,0.372285
     155  43,,0,0,2020,DHS,0.372285
     155  46,,0,0,2020,DHS,0.372285
     155  49,,0,0,2020,DHS,0.372285
     155  52,,0,0,2020,DHS,0.372285
     155  55,,0,0,2020,DHS,0.372285
     155  57,,0,0,2020,DHS,0.372285
     155  60,,0,0,2020,DHS,0.372285
     155  63,,0,0,2020,DHS,0.372285
     155  66,,0,0,2020,DHS,0.372285
     155  69,,0,0,2020,DHS,0.372285
     156   1,,0,0,2020,DHS,0.447749
     156   4,,0,0,2020,DHS,0.447749
     156   7,,0,0,2020,DHS,0.447749
     156  10,,0,0,2020,DHS,0.447749
     156  13,,0,0,2020,DHS,0.447749
     156  15,,0,0,2020,DHS,0.447749
     156  18,,0,0,2020,DHS,0.447749
     156  21,,0,0,2020,DHS,0.447749
     156  24,,0,0,2020,DHS,0.447749
     156  27,,0,0,2020,DHS,0.447749
     156  29,,0,0,2020,DHS,0.447749
     156  32,,0,0,2020,DHS,0.447749
     156  35,,0,0,2020,DHS,0.447749
     156  38,,0,0,2020,DHS,0.447749
     156  41,,0,0,2020,DHS,0.447749
     156  43,,0,0,2020,DHS,0.447749
     156  46,,0,0,2020,DHS,0.447749
     156  49,,0,0,2020,DHS,0.447749
     156  52,,0,0,2020,DHS,0.447749
     156  55,,0,0,2020,DHS,0.447749
     156  57,,0,0,2020,DHS,0.447749
     156  60,,0,0,2020,DHS,0.447749
     156  63,,0,0,2020,DHS,0.447749
     156  66,,0,0,2020,DHS,0.447749
     156  69,,0,0,2020,DHS,0.447749
     157   1,,0,0,2020,DHS,0.349856
     157   3,,0,0,2020,DHS,0.349856
     157   4,,0,0,2020,DHS,0.349856
     157   5,,0,0,2020,DHS,0.349856
     157   7,,0,0,2020,DHS,0.349856
     157   8,,0,0,2020,DHS,0.349856
     157  10,,0,0,2020,DHS,0.349856
     157  11,,0,0,2020,DHS,0.349856
     157  12,,0,0,2020,DHS,0.349856
     157  14,,0,0,2020,DHS,0.349856
     157  15,,0,0,2020,DHS,0.349856
     157  16,,0,0,2020,DHS,0.349856
     157  18,,0,0,2020,DHS,0.349856
     157  19,,0,0,2020,DHS,0.349856
     157  20,,0,0,2020,DHS,0.349856
     157  23,,0,0,2020,DHS,0.349856
     157  25,,0,0,2020,DHS,0.349856
     157  26,,0,0,2020,DHS,0.349856
     157  27,,0,0,2020,DHS,0.349856
     157  29,,0,0,2020,DHS,0.349856
     157  30,,0,0,2020,DHS,0.349856
     157  31,,0,0,2020,DHS,0.349856
     157  34,,0,0,2020,DHS,0.349856
     158   2,,0,0,2020,DHS,0.611032
     158   5,,0,0,2020,DHS,0.611032
     158   8,,0,0,2020,DHS,0.611032
     158  11,,0,0,2020,DHS,0.611032
     158  14,,0,0,2020,DHS,0.611032
     158  17,,0,0,2020,DHS,0.611032
     158  19,,0,0,2020,DHS,0.611032
     158  22,,0,0,2020,DHS,0.611032
     158  25,,0,0,2020,DHS,0.611032
     158  28,,0,0,2020,DHS,0.611032
     158  34,,0,0,2020,DHS,0.611032
     158  36,,0,0,2020,DHS,0.611032
     158  39,,0,0,2020,DHS,0.611032
     158  42,,0,0,2020,DHS,0.611032
     158  45,,0,0,2020,DHS,0.611032
     158  48,,0,0,2020,DHS,0.611032
     158  51,,0,0,2020,DHS,0.611032
     158  54,,0,0,2020,DHS,0.611032
     158  56,,0,0,2020,DHS,0.611032
     158  59,,0,0,2020,DHS,0.611032
     158  62,,0,0,2020,DHS,0.611032
     158  65,,0,0,2020,DHS,0.611032
     158  68,,0,0,2020,DHS,0.611032
     158  71,,0,0,2020,DHS,0.611032
     159   1,,0,0,2020,DHS,0.394445
     159   3,,0,0,2020,DHS,0.394445
     159   5,,0,0,2020,DHS,0.394445
     159   6,,0,0,2020,DHS,0.394445
     159   8,,0,0,2020,DHS,0.394445
     159   9,,0,0,2020,DHS,0.394445
     159  11,,0,0,2020,DHS,0.394445
     159  13,,0,0,2020,DHS,0.394445
     159  14,,0,0,2020,DHS,0.394445
     159  16,,0,0,2020,DHS,0.394445
     159  17,,0,0,2020,DHS,0.394445
     159  19,,0,0,2020,DHS,0.394445
     159  21,,0,0,2020,DHS,0.394445
     159  22,,0,0,2020,DHS,0.394445
     159  24,,0,0,2020,DHS,0.394445
     159  25,,0,0,2020,DHS,0.394445
     159  27,,0,0,2020,DHS,0.394445
     159  29,,0,0,2020,DHS,0.394445
     159  30,,0,0,2020,DHS,0.394445
     159  32,,0,0,2020,DHS,0.394445
     159  33,,0,0,2020,DHS,0.394445
     159  35,,0,0,2020,DHS,0.394445
     159  38,,0,0,2020,DHS,0.394445
     159  40,,0,0,2020,DHS,0.394445
     160   2,,0,0,2020,DHS,0.680937
     160   6,,0,0,2020,DHS,0.680937
     160   9,,0,0,2020,DHS,0.680937
     160  12,,0,0,2020,DHS,0.680937
     160  16,,0,0,2020,DHS,0.680937
     160  22,,0,0,2020,DHS,0.680937
     160  25,,0,0,2020,DHS,0.680937
     160  29,,0,0,2020,DHS,0.680937
     160  32,,0,0,2020,DHS,0.680937
     160  35,,0,0,2020,DHS,0.680937
     160  38,,0,0,2020,DHS,0.680937
     160  42,,0,0,2020,DHS,0.680937
     160  45,,0,0,2020,DHS,0.680937
     160  48,,0,0,2020,DHS,0.680937
     160  55,,0,0,2020,DHS,0.680937
     160  58,,0,0,2020,DHS,0.680937
     160  61,,0,0,2020,DHS,0.680937
     160  65,,0,0,2020,DHS,0.680937
     160  68,,0,0,2020,DHS,0.680937
     160  75,,0,0,2020,DHS,0.680937
     160  78,,0,0,2020,DHS,0.680937
     160  81,,0,0,2020,DHS,0.680937
     161   2,,0,0,2020,DHS,0.3362
     161   5,,0,0,2020,DHS,0.3362
     161   8,,0,0,2020,DHS,0.3362
     161  12,,0,0,2020,DHS,0.3362
     161  15,,0,0,2020,DHS,0.3362
     161  18,,0,0,2020,DHS,0.3362
     161  21,,0,0,2020,DHS,0.3362
     161  24,,0,0,2020,DHS,0.3362
     161  27,,0,0,2020,DHS,0.3362
     161  30,,0,0,2020,DHS,0.3362
     161  33,,0,0,2020,DHS,0.3362
     161  36,,0,0,2020,DHS,0.3362
     161  39,,0,0,2020,DHS,0.3362
     161  42,,0,0,2020,DHS,0.3362
     161  45,,0,0,2020,DHS,0.3362
     161  48,,0,0,2020,DHS,0.3362
     161  51,,0,0,2020,DHS,0.3362
     161  54,,0,0,2020,DHS,0.3362
     161  57,,0,0,2020,DHS,0.3362
     161  60,,0,0,2020,DHS,0.3362
     161  63,,0,0,2020,DHS,0.3362
     161  66,,0,0,2020,DHS,0.3362
     161  69,,0,0,2020,DHS,0.3362
     161  75,,0,0,2020,DHS,0.3362
     162   1,,0,0,2020,DHS,0.281747
     162   2,,0,0,2020,DHS,0.281747
     162   3,,0,0,2020,DHS,0.281747
     162   4,,0,0,2020,DHS,0.281747
     162   5,,0,0,2020,DHS,0.281747
     162   6,,0,0,2020,DHS,0.281747
     162   7,,0,0,2020,DHS,0.281747
     162   8,,0,0,2020,DHS,0.281747
     162   9,,0,0,2020,DHS,0.281747
     162  10,,0,0,2020,DHS,0.281747
     162  11,,0,0,2020,DHS,0.281747
     162  12,,0,0,2020,DHS,0.281747
     162  13,,0,0,2020,DHS,0.281747
     162  14,,0,0,2020,DHS,0.281747
     162  15,,0,0,2020,DHS,0.281747
     162  16,,0,0,2020,DHS,0.281747
     162  17,,0,0,2020,DHS,0.281747
     162  18,,0,0,2020,DHS,0.281747
     162  19,,0,0,2020,DHS,0.281747
     162  21,,0,0,2020,DHS,0.281747
     162  22,,0,0,2020,DHS,0.281747
     162  23,,0,0,2020,DHS,0.281747
     162  24,,0,0,2020,DHS,0.281747
     162  25,,0,0,2020,DHS,0.281747
     163   1,,0,0,2020,DHS,0.347112
     163   3,,0,0,2020,DHS,0.347112
     163   4,,0,0,2020,DHS,0.347112
     163   5,,0,0,2020,DHS,0.347112
     163   7,,0,0,2020,DHS,0.347112
     163   8,,0,0,2020,DHS,0.347112
     163  12,,0,0,2020,DHS,0.347112
     163  13,,0,0,2020,DHS,0.347112
     163  15,,0,0,2020,DHS,0.347112
     163  16,,0,0,2020,DHS,0.347112
     163  17,,0,0,2020,DHS,0.347112
     163  19,,0,0,2020,DHS,0.347112
     163  20,,0,0,2020,DHS,0.347112
     163  21,,0,0,2020,DHS,0.347112
     163  23,,0,0,2020,DHS,0.347112
     163  24,,0,0,2020,DHS,0.347112
     163  25,,0,0,2020,DHS,0.347112
     163  26,,0,0,2020,DHS,0.347112
     163  28,,0,0,2020,DHS,0.347112
     163  29,,0,0,2020,DHS,0.347112
     163  30,,0,0,2020,DHS,0.347112
     163  32,,0,0,2020,DHS,0.347112
     163  33,,0,0,2020,DHS,0.347112
     164   7,,0,0,2020,DHS,0.512947
     164  10,,0,0,2020,DHS,0.512947
     164  13,,0,0,2020,DHS,0.512947
     164  16,,0,0,2020,DHS,0.512947
     164  19,,0,0,2020,DHS,0.512947
     164  23,,0,0,2020,DHS,0.512947
     164  26,,0,0,2020,DHS,0.512947
     164  29,,0,0,2020,DHS,0.512947
     164  32,,0,0,2020,DHS,0.512947
     164  35,,0,0,2020,DHS,0.512947
     164  39,,0,0,2020,DHS,0.512947
     164  42,,0,0,2020,DHS,0.512947
     164  48,,0,0,2020,DHS,0.512947
     164  55,,0,0,2020,DHS,0.512947
     164  58,,0,0,2020,DHS,0.512947
     164  61,,0,0,2020,DHS,0.512947
     164  64,,0,0,2020,DHS,0.512947
     164  67,,0,0,2020,DHS,0.512947
     164  71,,0,0,2020,DHS,0.512947
     164  77,,0,0,2020,DHS,0.512947
     164  80,,0,0,2020,DHS,0.512947
     165   2,,0,0,2020,DHS,0.599912
     165   5,,0,0,2020,DHS,0.599912
     165   8,,0,0,2020,DHS,0.599912
     165  11,,0,0,2020,DHS,0.599912
     165  14,,0,0,2020,DHS,0.599912
     165  17,,0,0,2020,DHS,0.599912
     165  20,,0,0,2020,DHS,0.599912
     165  23,,0,0,2020,DHS,0.599912
     165  26,,0,0,2020,DHS,0.599912
     165  29,,0,0,2020,DHS,0.599912
     165  32,,0,0,2020,DHS,0.599912
     165  35,,0,0,2020,DHS,0.599912
     165  38,,0,0,2020,DHS,0.599912
     165  41,,0,0,2020,DHS,0.599912
     165  44,,0,0,2020,DHS,0.599912
     165  50,,0,0,2020,DHS,0.599912
     165  53,,0,0,2020,DHS,0.599912
     165  56,,0,0,2020,DHS,0.599912
     165  59,,0,0,2020,DHS,0.599912
     165  62,,0,0,2020,DHS,0.599912
     165  65,,0,0,2020,DHS,0.599912
     165  68,,0,0,2020,DHS,0.599912
     165  70,,0,0,2020,DHS,0.599912
     165  73,,0,0,2020,DHS,0.599912
     166   3,,0,0,2020,DHS,0.778265
     166   7,,0,0,2020,DHS,0.778265
     166  11,,0,0,2020,DHS,0.778265
     166  15,,0,0,2020,DHS,0.778265
     166  19,,0,0,2020,DHS,0.778265
     166  23,,0,0,2020,DHS,0.778265
     166  26,,0,0,2020,DHS,0.778265
     166  30,,0,0,2020,DHS,0.778265
     166  34,,0,0,2020,DHS,0.778265
     166  38,,0,0,2020,DHS,0.778265
     166  46,,0,0,2020,DHS,0.778265
     166  49,,0,0,2020,DHS,0.778265
     166  61,,0,0,2020,DHS,0.778265
     166  65,,0,0,2020,DHS,0.778265
     166  69,,0,0,2020,DHS,0.778265
     166  73,,0,0,2020,DHS,0.778265
     166  76,,0,0,2020,DHS,0.778265
     166  80,,0,0,2020,DHS,0.778265
     166  84,,0,0,2020,DHS,0.778265
     166  92,,0,0,2020,DHS,0.778265
     166  96,,0,0,2020,DHS,0.778265
     167   2,,0,0,2020,DHS,0.866004
     167   6,,0,0,2020,DHS,0.866004
     167  10,,0,0,2020,DHS,0.866004
     167  14,,0,0,2020,DHS,0.866004
     167  30,,0,0,2020,DHS,0.866004
     167  33,,0,0,2020,DHS,0.866004
     167  37,,0,0,2020,DHS,0.866004
     167  41,,0,0,2020,DHS,0.866004
     167  45,,0,0,2020,DHS,0.866004
     167  49,,0,0,2020,DHS,0.866004
     167  53,,0,0,2020,DHS,0.866004
     167  57,,0,0,2020,DHS,0.866004
     167  61,,0,0,2020,DHS,0.866004
     167  64,,0,0,2020,DHS,0.866004
     167  68,,0,0,2020,DHS,0.866004
     167  72,,0,0,2020,DHS,0.866004
     167  76,,0,0,2020,DHS,0.866004
     167  80,,0,0,2020,DHS,0.866004
     167  84,,0,0,2020,DHS,0.866004
     167  88,,0,0,2020,DHS,0.866004
     167  92,,0,0,2020,DHS,0.866004
     167  96,,0,0,2020,DHS,0.866004
     168   1,,0,0,2020,DHS,0.559378
     168   3,,0,0,2020,DHS,0.559378
     168   5,,0,0,2020,DHS,0.559378
     168   7,,0,0,2020,DHS,0.559378
     168   9,,0,0,2020,DHS,0.559378
     168  11,,0,0,2020,DHS,0.559378
     168  12,,0,0,2020,DHS,0.559378
     168  14,,0,0,2020,DHS,0.559378
     168  16,,0,0,2020,DHS,0.559378
     168  18,,0,0,2020,DHS,0.559378
     168  20,,0,0,2020,DHS,0.559378
     168  22,,0,0,2020,DHS,0.559378
     168  23,,0,0,2020,DHS,0.559378
     168  25,,0,0,2020,DHS,0.559378
     168  27,,0,0,2020,DHS,0.559378
     168  29,,0,0,2020,DHS,0.559378
     168  31,,0,0,2020,DHS,0.559378
     168  33,,0,0,2020,DHS,0.559378
     168  35,,0,0,2020,DHS,0.559378
     168  36,,0,0,2020,DHS,0.559378
     168  38,,0,0,2020,DHS,0.559378
     168  40,,0,0,2020,DHS,0.559378
     168  42,,0,0,2020,DHS,0.559378
     168  44,,0,0,2020,DHS,0.559378
     168  46,,0,0,2020,DHS,0.559378
     169   2,,0,0,2020,DHS,1.063551
     169   6,,0,0,2020,DHS,1.063551
     169  10,,0,0,2020,DHS,1.063551
     169  18,,0,0,2020,DHS,1.063551
     169  21,,0,0,2020,DHS,1.063551
     169  25,,0,0,2020,DHS,1.063551
     169  29,,0,0,2020,DHS,1.063551
     169  33,,0,0,2020,DHS,1.063551
     169  37,,0,0,2020,DHS,1.063551
     169  40,,0,0,2020,DHS,1.063551
     169  44,,0,0,2020,DHS,1.063551
     169  52,,0,0,2020,DHS,1.063551
     169  56,,0,0,2020,DHS,1.063551
     169  59,,0,0,2020,DHS,1.063551
     169  63,,0,0,2020,DHS,1.063551
     169  67,,0,0,2020,DHS,1.063551
     169  75,,0,0,2020,DHS,1.063551
     169  78,,0,0,2020,DHS,1.063551
     169  82,,0,0,2020,DHS,1.063551
     169  86,,0,0,2020,DHS,1.063551
     169  90,,0,0,2020,DHS,1.063551
     169  94,,0,0,2020,DHS,1.063551
     170   1,,0,0,2020,DHS,0.738888
     170   4,,0,0,2020,DHS,0.738888
     170   7,,0,0,2020,DHS,0.738888
     170   9,,0,0,2020,DHS,0.738888
     170  12,,0,0,2020,DHS,0.738888
     170  15,,0,0,2020,DHS,0.738888
     170  17,,0,0,2020,DHS,0.738888
     170  20,,0,0,2020,DHS,0.738888
     170  23,,0,0,2020,DHS,0.738888
     170  25,,0,0,2020,DHS,0.738888
     170  28,,0,0,2020,DHS,0.738888
     170  30,,0,0,2020,DHS,0.738888
     170  33,,0,0,2020,DHS,0.738888
     170  36,,0,0,2020,DHS,0.738888
     170  38,,0,0,2020,DHS,0.738888
     170  41,,0,0,2020,DHS,0.738888
     170  44,,0,0,2020,DHS,0.738888
     170  46,,0,0,2020,DHS,0.738888
     170  49,,0,0,2020,DHS,0.738888
     170  52,,0,0,2020,DHS,0.738888
     170  54,,0,0,2020,DHS,0.738888
     170  57,,0,0,2020,DHS,0.738888
     170  59,,0,0,2020,DHS,0.738888
     170  62,,0,0,2020,DHS,0.738888
     170  65,,0,0,2020,DHS,0.738888
     171   1,,0,0,2020,DHS,0.736418
     171   4,,0,0,2020,DHS,0.736418
     171   7,,0,0,2020,DHS,0.736418
     171  10,,0,0,2020,DHS,0.736418
     171  13,,0,0,2020,DHS,0.736418
     171  16,,0,0,2020,DHS,0.736418
     171  18,,0,0,2020,DHS,0.736418
     171  21,,0,0,2020,DHS,0.736418
     171  24,,0,0,2020,DHS,0.736418
     171  27,,0,0,2020,DHS,0.736418
     171  30,,0,0,2020,DHS,0.736418
     171  33,,0,0,2020,DHS,0.736418
     171  35,,0,0,2020,DHS,0.736418
     171  38,,0,0,2020,DHS,0.736418
     171  41,,0,0,2020,DHS,0.736418
     171  44,,0,0,2020,DHS,0.736418
     171  47,,0,0,2020,DHS,0.736418
     171  50,,0,0,2020,DHS,0.736418
     171  53,,0,0,2020,DHS,0.736418
     171  55,,0,0,2020,DHS,0.736418
     171  58,,0,0,2020,DHS,0.736418
     171  61,,0,0,2020,DHS,0.736418
     171  64,,0,0,2020,DHS,0.736418
     171  67,,0,0,2020,DHS,0.736418
     171  70,,0,0,2020,DHS,0.736418
     172   2,,0,0,2020,DHS,0.754797
     172   5,,0,0,2020,DHS,0.754797
     172   7,,0,0,2020,DHS,0.754797
     172  10,,0,0,2020,DHS,0.754797
     172  12,,0,0,2020,DHS,0.754797
     172  15,,0,0,2020,DHS,0.754797
     172  17,,0,0,2020,DHS,0.754797
     172  19,,0,0,2020,DHS,0.754797
     172  22,,0,0,2020,DHS,0.754797
     172  24,,0,0,2020,DHS,0.754797
     172  27,,0,0,2020,DHS,0.754797
     172  29,,0,0,2020,DHS,0.754797
     172  32,,0,0,2020,DHS,0.754797
     172  34,,0,0,2020,DHS,0.754797
     172  37,,0,0,2020,DHS,0.754797
     172  39,,0,0,2020,DHS,0.754797
     172  41,,0,0,2020,DHS,0.754797
     172  44,,0,0,2020,DHS,0.754797
     172  46,,0,0,2020,DHS,0.754797
     172  49,,0,0,2020,DHS,0.754797
     172  51,,0,0,2020,DHS,0.754797
     172  54,,0,0,2020,DHS,0.754797
     172  59,,0,0,2020,DHS,0.754797
     172  61,,0,0,2020,DHS,0.754797
     173   1,,0,0,2020,DHS,0.585759
     173   3,,0,0,2020,DHS,0.585759
     173   5,,0,0,2020,DHS,0.585759
     173   9,,0,0,2020,DHS,0.585759
     173  11,,0,0,2020,DHS,0.585759
     173  13,,0,0,2020,DHS,0.585759
     173  15,,0,0,2020,DHS,0.585759
     173  17,,0,0,2020,DHS,0.585759
     173  19,,0,0,2020,DHS,0.585759
     173  21,,0,0,2020,DHS,0.585759
     173  23,,0,0,2020,DHS,0.585759
     173  25,,0,0,2020,DHS,0.585759
     173  27,,0,0,2020,DHS,0.585759
     173  29,,0,0,2020,DHS,0.585759
     173  31,,0,0,2020,DHS,0.585759
     173  33,,0,0,2020,DHS,0.585759
     173  35,,0,0,2020,DHS,0.585759
     173  37,,0,0,2020,DHS,0.585759
     173  39,,0,0,2020,DHS,0.585759
     173  41,,0,0,2020,DHS,0.585759
     173  43,,0,0,2020,DHS,0.585759
     173  45,,0,0,2020,DHS,0.585759
     173  46,,0,0,2020,DHS,0.585759
     173  48,,0,0,2020,DHS,0.585759
     174   8,,0,0,2020,DHS,1.383989
     174  12,,0,0,2020,DHS,1.383989
     174  16,,0,0,2020,DHS,1.383989
     174  20,,0,0,2020,DHS,1.383989
     174  24,,0,0,2020,DHS,1.383989
     174  28,,0,0,2020,DHS,1.383989
     174  33,,0,0,2020,DHS,1.383989
     174  37,,0,0,2020,DHS,1.383989
     174  41,,0,0,2020,DHS,1.383989
     174  49,,0,0,2020,DHS,1.383989
     174  53,,0,0,2020,DHS,1.383989
     174  57,,0,0,2020,DHS,1.383989
     174  62,,0,0,2020,DHS,1.383989
     174  66,,0,0,2020,DHS,1.383989
     174  70,,0,0,2020,DHS,1.383989
     174  74,,0,0,2020,DHS,1.383989
     174  78,,0,0,2020,DHS,1.383989
     174  82,,0,0,2020,DHS,1.383989
     174  87,,0,0,2020,DHS,1.383989
     174  91,,0,0,2020,DHS,1.383989
     174  95,,0,0,2020,DHS,1.383989
     174  99,,0,0,2020,DHS,1.383989
     174 103,,0,0,2020,DHS,1.383989
     175   2,,0,0,2020,DHS,1.030324
     175   6,,0,0,2020,DHS,1.030324
     175   9,,0,0,2020,DHS,1.030324
     175  12,,0,0,2020,DHS,1.030324
     175  16,,0,0,2020,DHS,1.030324
     175  23,,0,0,2020,DHS,1.030324
     175  29,,0,0,2020,DHS,1.030324
     175  33,,0,0,2020,DHS,1.030324
     175  36,,0,0,2020,DHS,1.030324
     175  39,,0,0,2020,DHS,1.030324
     175  43,,0,0,2020,DHS,1.030324
     175  46,,0,0,2020,DHS,1.030324
     175  49,,0,0,2020,DHS,1.030324
     175  53,,0,0,2020,DHS,1.030324
     175  56,,0,0,2020,DHS,1.030324
     175  60,,0,0,2020,DHS,1.030324
     175  63,,0,0,2020,DHS,1.030324
     175  66,,0,0,2020,DHS,1.030324
     175  70,,0,0,2020,DHS,1.030324
     175  73,,0,0,2020,DHS,1.030324
     175  76,,0,0,2020,DHS,1.030324
     175  83,,0,0,2020,DHS,1.030324
     176   1,,0,0,2020,DHS,1.057437
     176   4,,0,0,2020,DHS,1.057437
     176   6,,0,0,2020,DHS,1.057437
     176   9,,0,0,2020,DHS,1.057437
     176  11,,0,0,2020,DHS,1.057437
     176  14,,0,0,2020,DHS,1.057437
     176  17,,0,0,2020,DHS,1.057437
     176  19,,0,0,2020,DHS,1.057437
     176  22,,0,0,2020,DHS,1.057437
     176  24,,0,0,2020,DHS,1.057437
     176  27,,0,0,2020,DHS,1.057437
     176  29,,0,0,2020,DHS,1.057437
     176  32,,0,0,2020,DHS,1.057437
     176  34,,0,0,2020,DHS,1.057437
     176  37,,0,0,2020,DHS,1.057437
     176  39,,0,0,2020,DHS,1.057437
     176  42,,0,0,2020,DHS,1.057437
     176  44,,0,0,2020,DHS,1.057437
     176  47,,0,0,2020,DHS,1.057437
     176  49,,0,0,2020,DHS,1.057437
     176  52,,0,0,2020,DHS,1.057437
     176  54,,0,0,2020,DHS,1.057437
     176  57,,0,0,2020,DHS,1.057437
     176  59,,0,0,2020,DHS,1.057437
     176  62,,0,0,2020,DHS,1.057437
     177   1,,0,0,2020,DHS,0.785885
     177   3,,0,0,2020,DHS,0.785885
     177   7,,0,0,2020,DHS,0.785885
     177   9,,0,0,2020,DHS,0.785885
     177  11,,0,0,2020,DHS,0.785885
     177  12,,0,0,2020,DHS,0.785885
     177  14,,0,0,2020,DHS,0.785885
     177  16,,0,0,2020,DHS,0.785885
     177  18,,0,0,2020,DHS,0.785885
     177  20,,0,0,2020,DHS,0.785885
     177  22,,0,0,2020,DHS,0.785885
     177  23,,0,0,2020,DHS,0.785885
     177  25,,0,0,2020,DHS,0.785885
     177  27,,0,0,2020,DHS,0.785885
     177  29,,0,0,2020,DHS,0.785885
     177  31,,0,0,2020,DHS,0.785885
     177  33,,0,0,2020,DHS,0.785885
     177  35,,0,0,2020,DHS,0.785885
     177  36,,0,0,2020,DHS,0.785885
     177  38,,0,0,2020,DHS,0.785885
     177  40,,0,0,2020,DHS,0.785885
     177  42,,0,0,2020,DHS,0.785885
     177  44,,0,0,2020,DHS,0.785885
     177  46,,0,0,2020,DHS,0.785885
     178   1,,0,0,2020,DHS,0.74229
     178   3,,0,0,2020,DHS,0.74229
     178   5,,0,0,2020,DHS,0.74229
     178   7,,0,0,2020,DHS,0.74229
     178   9,,0,0,2020,DHS,0.74229
     178  10,,0,0,2020,DHS,0.74229
     178  12,,0,0,2020,DHS,0.74229
     178  14,,0,0,2020,DHS,0.74229
     178  16,,0,0,2020,DHS,0.74229
     178  18,,0,0,2020,DHS,0.74229
     178  19,,0,0,2020,DHS,0.74229
     178  21,,0,0,2020,DHS,0.74229
     178  23,,0,0,2020,DHS,0.74229
     178  25,,0,0,2020,DHS,0.74229
     178  27,,0,0,2020,DHS,0.74229
     178  28,,0,0,2020,DHS,0.74229
     178  30,,0,0,2020,DHS,0.74229
     178  32,,0,0,2020,DHS,0.74229
     178  34,,0,0,2020,DHS,0.74229
     178  36,,0,0,2020,DHS,0.74229
     178  37,,0,0,2020,DHS,0.74229
     178  39,,0,0,2020,DHS,0.74229
     178  41,,0,0,2020,DHS,0.74229
     178  43,,0,0,2020,DHS,0.74229
     178  45,,0,0,2020,DHS,0.74229
     179   1,,0,0,2020,DHS,0.983679
     179   4,,0,0,2020,DHS,0.983679
     179   7,,0,0,2020,DHS,0.983679
     179  10,,0,0,2020,DHS,0.983679
     179  13,,0,0,2020,DHS,0.983679
     179  16,,0,0,2020,DHS,0.983679
     179  19,,0,0,2020,DHS,0.983679
     179  22,,0,0,2020,DHS,0.983679
     179  25,,0,0,2020,DHS,0.983679
     179  28,,0,0,2020,DHS,0.983679
     179  31,,0,0,2020,DHS,0.983679
     179  34,,0,0,2020,DHS,0.983679
     179  36,,0,0,2020,DHS,0.983679
     179  39,,0,0,2020,DHS,0.983679
     179  42,,0,0,2020,DHS,0.983679
     179  45,,0,0,2020,DHS,0.983679
     179  48,,0,0,2020,DHS,0.983679
     179  51,,0,0,2020,DHS,0.983679
     179  54,,0,0,2020,DHS,0.983679
     179  57,,0,0,2020,DHS,0.983679
     179  60,,0,0,2020,DHS,0.983679
     179  63,,0,0,2020,DHS,0.983679
     179  66,,0,0,2020,DHS,0.983679
     179  69,,0,0,2020,DHS,0.983679
     179  71,,0,0,2020,DHS,0.983679
     180   1,,0,0,2020,DHS,0.65139
     180   3,,0,0,2020,DHS,0.65139
     180   4,,0,0,2020,DHS,0.65139
     180   5,,0,0,2020,DHS,0.65139
     180   7,,0,0,2020,DHS,0.65139
     180   8,,0,0,2020,DHS,0.65139
     180   9,,0,0,2020,DHS,0.65139
     180  10,,0,0,2020,DHS,0.65139
     180  12,,0,0,2020,DHS,0.65139
     180  13,,0,0,2020,DHS,0.65139
     180  14,,0,0,2020,DHS,0.65139
     180  15,,0,0,2020,DHS,0.65139
     180  17,,0,0,2020,DHS,0.65139
     180  18,,0,0,2020,DHS,0.65139
     180  19,,0,0,2020,DHS,0.65139
     180  21,,0,0,2020,DHS,0.65139
     180  22,,0,0,2020,DHS,0.65139
     180  23,,0,0,2020,DHS,0.65139
     180  24,,0,0,2020,DHS,0.65139
     180  26,,0,0,2020,DHS,0.65139
     180  27,,0,0,2020,DHS,0.65139
     180  28,,0,0,2020,DHS,0.65139
     180  30,,0,0,2020,DHS,0.65139
     180  31,,0,0,2020,DHS,0.65139
     180  32,,0,0,2020,DHS,0.65139
     181   2,,0,0,2020,DHS,0.807628
     181   5,,0,0,2020,DHS,0.807628
     181   8,,0,0,2020,DHS,0.807628
     181  10,,0,0,2020,DHS,0.807628
     181  13,,0,0,2020,DHS,0.807628
     181  15,,0,0,2020,DHS,0.807628
     181  18,,0,0,2020,DHS,0.807628
     181  21,,0,0,2020,DHS,0.807628
     181  23,,0,0,2020,DHS,0.807628
     181  26,,0,0,2020,DHS,0.807628
     181  28,,0,0,2020,DHS,0.807628
     181  31,,0,0,2020,DHS,0.807628
     181  34,,0,0,2020,DHS,0.807628
     181  36,,0,0,2020,DHS,0.807628
     181  39,,0,0,2020,DHS,0.807628
     181  41,,0,0,2020,DHS,0.807628
     181  44,,0,0,2020,DHS,0.807628
     181  47,,0,0,2020,DHS,0.807628
     181  49,,0,0,2020,DHS,0.807628
     181  52,,0,0,2020,DHS,0.807628
     181  54,,0,0,2020,DHS,0.807628
     181  60,,0,0,2020,DHS,0.807628
     181  62,,0,0,2020,DHS,0.807628
     181  65,,0,0,2020,DHS,0.807628
     182   1,,0,0,2020,DHS,0.779557
     182   3,,0,0,2020,DHS,0.779557
     182   5,,0,0,2020,DHS,0.779557
     182   7,,0,0,2020,DHS,0.779557
     182   8,,0,0,2020,DHS,0.779557
     182  10,,0,0,2020,DHS,0.779557
     182  12,,0,0,2020,DHS,0.779557
     182  14,,0,0,2020,DHS,0.779557
     182  15,,0,0,2020,DHS,0.779557
     182  17,,0,0,2020,DHS,0.779557
     182  21,,0,0,2020,DHS,0.779557
     182  23,,0,0,2020,DHS,0.779557
     182  24,,0,0,2020,DHS,0.779557
     182  26,,0,0,2020,DHS,0.779557
     182  28,,0,0,2020,DHS,0.779557
     182  31,,0,0,2020,DHS,0.779557
     182  33,,0,0,2020,DHS,0.779557
     182  37,,0,0,2020,DHS,0.779557
     182  38,,0,0,2020,DHS,0.779557
     182  40,,0,0,2020,DHS,0.779557
     182  42,,0,0,2020,DHS,0.779557
     182  44,,0,0,2020,DHS,0.779557
     183   1,,0,0,2020,DHS,1.120073
     183   3,,0,0,2020,DHS,1.120073
     183   5,,0,0,2020,DHS,1.120073
     183   7,,0,0,2020,DHS,1.120073
     183   9,,0,0,2020,DHS,1.120073
     183  11,,0,0,2020,DHS,1.120073
     183  13,,0,0,2020,DHS,1.120073
     183  15,,0,0,2020,DHS,1.120073
     183  17,,0,0,2020,DHS,1.120073
     183  19,,0,0,2020,DHS,1.120073
     183  21,,0,0,2020,DHS,1.120073
     183  23,,0,0,2020,DHS,1.120073
     183  24,,0,0,2020,DHS,1.120073
     183  26,,0,0,2020,DHS,1.120073
     183  28,,0,0,2020,DHS,1.120073
     183  30,,0,0,2020,DHS,1.120073
     183  32,,0,0,2020,DHS,1.120073
     183  34,,0,0,2020,DHS,1.120073
     183  36,,0,0,2020,DHS,1.120073
     183  38,,0,0,2020,DHS,1.120073
     183  40,,0,0,2020,DHS,1.120073
     183  42,,0,0,2020,DHS,1.120073
     183  44,,0,0,2020,DHS,1.120073
     183  46,,0,0,2020,DHS,1.120073
     183  47,,0,0,2020,DHS,1.120073
     184   1,,0,0,2020,DHS,0.93833
     184   3,,0,0,2020,DHS,0.93833
     184   5,,0,0,2020,DHS,0.93833
     184   8,,0,0,2020,DHS,0.93833
     184  10,,0,0,2020,DHS,0.93833
     184  12,,0,0,2020,DHS,0.93833
     184  14,,0,0,2020,DHS,0.93833
     184  16,,0,0,2020,DHS,0.93833
     184  18,,0,0,2020,DHS,0.93833
     184  20,,0,0,2020,DHS,0.93833
     184  22,,0,0,2020,DHS,0.93833
     184  24,,0,0,2020,DHS,0.93833
     184  26,,0,0,2020,DHS,0.93833
     184  28,,0,0,2020,DHS,0.93833
     184  30,,0,0,2020,DHS,0.93833
     184  32,,0,0,2020,DHS,0.93833
     184  34,,0,0,2020,DHS,0.93833
     184  36,,0,0,2020,DHS,0.93833
     184  38,,0,0,2020,DHS,0.93833
     184  40,,0,0,2020,DHS,0.93833
     184  42,,0,0,2020,DHS,0.93833
     184  44,,0,0,2020,DHS,0.93833
     184  46,,0,0,2020,DHS,0.93833
     184  48,,0,0,2020,DHS,0.93833
     184  50,,0,0,2020,DHS,0.93833
     185   1,,0,0,2020,DHS,0.911882
     185   4,,0,0,2020,DHS,0.911882
     185   6,,0,0,2020,DHS,0.911882
     185   9,,0,0,2020,DHS,0.911882
     185  11,,0,0,2020,DHS,0.911882
     185  14,,0,0,2020,DHS,0.911882
     185  16,,0,0,2020,DHS,0.911882
     185  18,,0,0,2020,DHS,0.911882
     185  21,,0,0,2020,DHS,0.911882
     185  23,,0,0,2020,DHS,0.911882
     185  26,,0,0,2020,DHS,0.911882
     185  28,,0,0,2020,DHS,0.911882
     185  31,,0,0,2020,DHS,0.911882
     185  33,,0,0,2020,DHS,0.911882
     185  36,,0,0,2020,DHS,0.911882
     185  38,,0,0,2020,DHS,0.911882
     185  40,,0,0,2020,DHS,0.911882
     185  43,,0,0,2020,DHS,0.911882
     185  45,,0,0,2020,DHS,0.911882
     185  48,,0,0,2020,DHS,0.911882
     185  50,,0,0,2020,DHS,0.911882
     185  53,,0,0,2020,DHS,0.911882
     185  55,,0,0,2020,DHS,0.911882
     185  58,,0,0,2020,DHS,0.911882
     185  60,,0,0,2020,DHS,0.911882
     186   1,,0,0,2020,DHS,0.799888
     186   3,,0,0,2020,DHS,0.799888
     186   5,,0,0,2020,DHS,0.799888
     186   8,,0,0,2020,DHS,0.799888
     186  10,,0,0,2020,DHS,0.799888
     186  12,,0,0,2020,DHS,0.799888
     186  14,,0,0,2020,DHS,0.799888
     186  16,,0,0,2020,DHS,0.799888
     186  18,,0,0,2020,DHS,0.799888
     186  20,,0,0,2020,DHS,0.799888
     186  22,,0,0,2020,DHS,0.799888
     186  24,,0,0,2020,DHS,0.799888
     186  26,,0,0,2020,DHS,0.799888
     186  28,,0,0,2020,DHS,0.799888
     186  30,,0,0,2020,DHS,0.799888
     186  32,,0,0,2020,DHS,0.799888
     186  34,,0,0,2020,DHS,0.799888
     186  36,,0,0,2020,DHS,0.799888
     186  38,,0,0,2020,DHS,0.799888
     186  40,,0,0,2020,DHS,0.799888
     186  42,,0,0,2020,DHS,0.799888
     186  44,,0,0,2020,DHS,0.799888
     186  46,,0,0,2020,DHS,0.799888
     186  48,,0,0,2020,DHS,0.799888
     186  50,,0,0,2020,DHS,0.799888
     187   1,,0,0,2020,DHS,0.704958
     187   3,,0,0,2020,DHS,0.704958
     187   5,,0,0,2020,DHS,0.704958
     187   6,,0,0,2020,DHS,0.704958
     187   8,,0,0,2020,DHS,0.704958
     187  10,,0,0,2020,DHS,0.704958
     187  11,,0,0,2020,DHS,0.704958
     187  13,,0,0,2020,DHS,0.704958
     187  15,,0,0,2020,DHS,0.704958
     187  17,,0,0,2020,DHS,0.704958
     187  18,,0,0,2020,DHS,0.704958
     187  20,,0,0,2020,DHS,0.704958
     187  22,,0,0,2020,DHS,0.704958
     187  23,,0,0,2020,DHS,0.704958
     187  25,,0,0,2020,DHS,0.704958
     187  27,,0,0,2020,DHS,0.704958
     187  28,,0,0,2020,DHS,0.704958
     187  30,,0,0,2020,DHS,0.704958
     187  33,,0,0,2020,DHS,0.704958
     187  35,,0,0,2020,DHS,0.704958
     187  37,,0,0,2020,DHS,0.704958
     187  38,,0,0,2020,DHS,0.704958
     187  40,,0,0,2020,DHS,0.704958
     187  42,,0,0,2020,DHS,0.704958
     188   1,,0,0,2020,DHS,1.050068
     188   3,,0,0,2020,DHS,1.050068
     188   5,,0,0,2020,DHS,1.050068
     188   7,,0,0,2020,DHS,1.050068
     188   9,,0,0,2020,DHS,1.050068
     188  10,,0,0,2020,DHS,1.050068
     188  12,,0,0,2020,DHS,1.050068
     188  14,,0,0,2020,DHS,1.050068
     188  16,,0,0,2020,DHS,1.050068
     188  18,,0,0,2020,DHS,1.050068
     188  19,,0,0,2020,DHS,1.050068
     188  21,,0,0,2020,DHS,1.050068
     188  23,,0,0,2020,DHS,1.050068
     188  25,,0,0,2020,DHS,1.050068
     188  27,,0,0,2020,DHS,1.050068
     188  28,,0,0,2020,DHS,1.050068
     188  30,,0,0,2020,DHS,1.050068
     188  32,,0,0,2020,DHS,1.050068
     188  34,,0,0,2020,DHS,1.050068
     188  36,,0,0,2020,DHS,1.050068
     188  37,,0,0,2020,DHS,1.050068
     188  39,,0,0,2020,DHS,1.050068
     188  41,,0,0,2020,DHS,1.050068
     188  43,,0,0,2020,DHS,1.050068
     188  45,,0,0,2020,DHS,1.050068
     189   1,,0,0,2020,DHS,0.690971
     189   3,,0,0,2020,DHS,0.690971
     189   5,,0,0,2020,DHS,0.690971
     189   6,,0,0,2020,DHS,0.690971
     189   8,,0,0,2020,DHS,0.690971
     189   9,,0,0,2020,DHS,0.690971
     189  11,,0,0,2020,DHS,0.690971
     189  12,,0,0,2020,DHS,0.690971
     189  14,,0,0,2020,DHS,0.690971
     189  15,,0,0,2020,DHS,0.690971
     189  17,,0,0,2020,DHS,0.690971
     189  19,,0,0,2020,DHS,0.690971
     189  20,,0,0,2020,DHS,0.690971
     189  22,,0,0,2020,DHS,0.690971
     189  23,,0,0,2020,DHS,0.690971
     189  25,,0,0,2020,DHS,0.690971
     189  26,,0,0,2020,DHS,0.690971
     189  28,,0,0,2020,DHS,0.690971
     189  29,,0,0,2020,DHS,0.690971
     189  31,,0,0,2020,DHS,0.690971
     189  33,,0,0,2020,DHS,0.690971
     189  34,,0,0,2020,DHS,0.690971
     189  36,,0,0,2020,DHS,0.690971
     189  37,,0,0,2020,DHS,0.690971
     189  39,,0,0,2020,DHS,0.690971
     190   2,,0,0,2020,DHS,0.708688
     190   5,,0,0,2020,DHS,0.708688
     190   7,,0,0,2020,DHS,0.708688
     190  10,,0,0,2020,DHS,0.708688
     190  12,,0,0,2020,DHS,0.708688
     190  14,,0,0,2020,DHS,0.708688
     190  17,,0,0,2020,DHS,0.708688
     190  19,,0,0,2020,DHS,0.708688
     190  22,,0,0,2020,DHS,0.708688
     190  24,,0,0,2020,DHS,0.708688
     190  26,,0,0,2020,DHS,0.708688
     190  29,,0,0,2020,DHS,0.708688
     190  31,,0,0,2020,DHS,0.708688
     190  34,,0,0,2020,DHS,0.708688
     190  36,,0,0,2020,DHS,0.708688
     190  38,,0,0,2020,DHS,0.708688
     190  41,,0,0,2020,DHS,0.708688
     190  43,,0,0,2020,DHS,0.708688
     190  48,,0,0,2020,DHS,0.708688
     190  50,,0,0,2020,DHS,0.708688
     190  53,,0,0,2020,DHS,0.708688
     190  55,,0,0,2020,DHS,0.708688
     190  58,,0,0,2020,DHS,0.708688
     190  60,,0,0,2020,DHS,0.708688
     191   1,,0,0,2020,DHS,0.881691
     191   3,,0,0,2020,DHS,0.881691
     191   5,,0,0,2020,DHS,0.881691
     191   7,,0,0,2020,DHS,0.881691
     191   9,,0,0,2020,DHS,0.881691
     191  11,,0,0,2020,DHS,0.881691
     191  15,,0,0,2020,DHS,0.881691
     191  16,,0,0,2020,DHS,0.881691
     191  18,,0,0,2020,DHS,0.881691
     191  20,,0,0,2020,DHS,0.881691
     191  22,,0,0,2020,DHS,0.881691
     191  24,,0,0,2020,DHS,0.881691
     191  26,,0,0,2020,DHS,0.881691
     191  28,,0,0,2020,DHS,0.881691
     191  30,,0,0,2020,DHS,0.881691
     191  31,,0,0,2020,DHS,0.881691
     191  33,,0,0,2020,DHS,0.881691
     191  35,,0,0,2020,DHS,0.881691
     191  37,,0,0,2020,DHS,0.881691
     191  39,,0,0,2020,DHS,0.881691
     191  41,,0,0,2020,DHS,0.881691
     191  43,,0,0,2020,DHS,0.881691
     191  45,,0,0,2020,DHS,0.881691
     191  47,,0,0,2020,DHS,0.881691
     192   1,,0,0,2020,DHS,0.674059
     192   3,,0,0,2020,DHS,0.674059
     192   4,,0,0,2020,DHS,0.674059
     192   5,,0,0,2020,DHS,0.674059
     192   6,,0,0,2020,DHS,0.674059
     192   8,,0,0,2020,DHS,0.674059
     192   9,,0,0,2020,DHS,0.674059
     192  10,,0,0,2020,DHS,0.674059
     192  11,,0,0,2020,DHS,0.674059
     192  13,,0,0,2020,DHS,0.674059
     192  14,,0,0,2020,DHS,0.674059
     192  15,,0,0,2020,DHS,0.674059
     192  16,,0,0,2020,DHS,0.674059
     192  18,,0,0,2020,DHS,0.674059
     192  19,,0,0,2020,DHS,0.674059
     192  20,,0,0,2020,DHS,0.674059
     192  21,,0,0,2020,DHS,0.674059
     192  22,,0,0,2020,DHS,0.674059
     192  24,,0,0,2020,DHS,0.674059
     192  25,,0,0,2020,DHS,0.674059
     192  26,,0,0,2020,DHS,0.674059
     192  27,,0,0,2020,DHS,0.674059
     192  29,,0,0,2020,DHS,0.674059
     192  30,,0,0,2020,DHS,0.674059
     192  31,,0,0,2020,DHS,0.674059
     193   1,,0,0,2020,DHS,0.676308
     193   3,,0,0,2020,DHS,0.676308
     193   5,,0,0,2020,DHS,0.676308
     193   6,,0,0,2020,DHS,0.676308
     193   8,,0,0,2020,DHS,0.676308
     193  10,,0,0,2020,DHS,0.676308
     193  11,,0,0,2020,DHS,0.676308
     193  13,,0,0,2020,DHS,0.676308
     193  15,,0,0,2020,DHS,0.676308
     193  16,,0,0,2020,DHS,0.676308
     193  18,,0,0,2020,DHS,0.676308
     193  19,,0,0,2020,DHS,0.676308
     193  21,,0,0,2020,DHS,0.676308
     193  23,,0,0,2020,DHS,0.676308
     193  24,,0,0,2020,DHS,0.676308
     193  26,,0,0,2020,DHS,0.676308
     193  28,,0,0,2020,DHS,0.676308
     193  29,,0,0,2020,DHS,0.676308
     193  31,,0,0,2020,DHS,0.676308
     193  33,,0,0,2020,DHS,0.676308
     193  34,,0,0,2020,DHS,0.676308
     193  36,,0,0,2020,DHS,0.676308
     193  37,,0,0,2020,DHS,0.676308
     193  39,,0,0,2020,DHS,0.676308
     193  41,,0,0,2020,DHS,0.676308
     194   1,,0,0,2020,DHS,0.915132
     194   4,,0,0,2020,DHS,0.915132
     194   7,,0,0,2020,DHS,0.915132
     194   9,,0,0,2020,DHS,0.915132
     194  12,,0,0,2020,DHS,0.915132
     194  15,,0,0,2020,DHS,0.915132
     194  17,,0,0,2020,DHS,0.915132
     194  20,,0,0,2020,DHS,0.915132
     194  23,,0,0,2020,DHS,0.915132
     194  25,,0,0,2020,DHS,0.915132
     194  28,,0,0,2020,DHS,0.915132
     194  30,,0,0,2020,DHS,0.915132
     194  33,,0,0,2020,DHS,0.915132
     194  36,,0,0,2020,DHS,0.915132
     194  38,,0,0,2020,DHS,0.915132
     194  41,,0,0,2020,DHS,0.915132
     194  44,,0,0,2020,DHS,0.915132
     194  46,,0,0,2020,DHS,0.915132
     194  49,,0,0,2020,DHS,0.915132
     194  52,,0,0,2020,DHS,0.915132
     194  54,,0,0,2020,DHS,0.915132
     194  57,,0,0,2020,DHS,0.915132
     194  59,,0,0,2020,DHS,0.915132
     194  62,,0,0,2020,DHS,0.915132
     194  65,,0,0,2020,DHS,0.915132
     195   2,,0,0,2020,DHS,0.956729
     195   5,,0,0,2020,DHS,0.956729
     195   7,,0,0,2020,DHS,0.956729
     195  10,,0,0,2020,DHS,0.956729
     195  12,,0,0,2020,DHS,0.956729
     195  15,,0,0,2020,DHS,0.956729
     195  17,,0,0,2020,DHS,0.956729
     195  19,,0,0,2020,DHS,0.956729
     195  22,,0,0,2020,DHS,0.956729
     195  24,,0,0,2020,DHS,0.956729
     195  27,,0,0,2020,DHS,0.956729
     195  29,,0,0,2020,DHS,0.956729
     195  32,,0,0,2020,DHS,0.956729
     195  34,,0,0,2020,DHS,0.956729
     195  37,,0,0,2020,DHS,0.956729
     195  39,,0,0,2020,DHS,0.956729
     195  41,,0,0,2020,DHS,0.956729
     195  44,,0,0,2020,DHS,0.956729
     195  46,,0,0,2020,DHS,0.956729
     195  49,,0,0,2020,DHS,0.956729
     195  51,,0,0,2020,DHS,0.956729
     195  54,,0,0,2020,DHS,0.956729
     195  56,,0,0,2020,DHS,0.956729
     195  59,,0,0,2020,DHS,0.956729
     195  61,,0,0,2020,DHS,0.956729
     196   2,,0,0,2020,DHS,0.408578
     196   5,,0,0,2020,DHS,0.408578
     196   8,,0,0,2020,DHS,0.408578
     196  10,,0,0,2020,DHS,0.408578
     196  15,,0,0,2020,DHS,0.408578
     196  18,,0,0,2020,DHS,0.408578
     196  21,,0,0,2020,DHS,0.408578
     196  23,,0,0,2020,DHS,0.408578
     196  26,,0,0,2020,DHS,0.408578
     196  28,,0,0,2020,DHS,0.408578
     196  31,,0,0,2020,DHS,0.408578
     196  34,,0,0,2020,DHS,0.408578
     196  36,,0,0,2020,DHS,0.408578
     196  39,,0,0,2020,DHS,0.408578
     196  41,,0,0,2020,DHS,0.408578
     196  44,,0,0,2020,DHS,0.408578
     196  47,,0,0,2020,DHS,0.408578
     196  49,,0,0,2020,DHS,0.408578
     196  52,,0,0,2020,DHS,0.408578
     196  54,,0,0,2020,DHS,0.408578
     196  57,,0,0,2020,DHS,0.408578
     196  60,,0,0,2020,DHS,0.408578
     196  62,,0,0,2020,DHS,0.408578
     196  65,,0,0,2020,DHS,0.408578
     197   3,,0,0,2020,DHS,0.350096
     197   7,,0,0,2020,DHS,0.350096
     197  10,,0,0,2020,DHS,0.350096
     197  13,,0,0,2020,DHS,0.350096
     197  16,,0,0,2020,DHS,0.350096
     197  19,,0,0,2020,DHS,0.350096
     197  23,,0,0,2020,DHS,0.350096
     197  26,,0,0,2020,DHS,0.350096
     197  29,,0,0,2020,DHS,0.350096
     197  32,,0,0,2020,DHS,0.350096
     197  35,,0,0,2020,DHS,0.350096
     197  39,,0,0,2020,DHS,0.350096
     197  42,,0,0,2020,DHS,0.350096
     197  45,,0,0,2020,DHS,0.350096
     197  48,,0,0,2020,DHS,0.350096
     197  51,,0,0,2020,DHS,0.350096
     197  55,,0,0,2020,DHS,0.350096
     197  58,,0,0,2020,DHS,0.350096
     197  64,,0,0,2020,DHS,0.350096
     197  67,,0,0,2020,DHS,0.350096
     197  71,,0,0,2020,DHS,0.350096
     197  74,,0,0,2020,DHS,0.350096
     197  77,,0,0,2020,DHS,0.350096
     197  80,,0,0,2020,DHS,0.350096
     198   2,,0,0,2020,DHS,0.37788
     198   6,,0,0,2020,DHS,0.37788
     198  10,,0,0,2020,DHS,0.37788
     198  14,,0,0,2020,DHS,0.37788
     198  17,,0,0,2020,DHS,0.37788
     198  21,,0,0,2020,DHS,0.37788
     198  25,,0,0,2020,DHS,0.37788
     198  29,,0,0,2020,DHS,0.37788
     198  32,,0,0,2020,DHS,0.37788
     198  36,,0,0,2020,DHS,0.37788
     198  40,,0,0,2020,DHS,0.37788
     198  51,,0,0,2020,DHS,0.37788
     198  59,,0,0,2020,DHS,0.37788
     198  63,,0,0,2020,DHS,0.37788
     198  66,,0,0,2020,DHS,0.37788
     198  70,,0,0,2020,DHS,0.37788
     198  74,,0,0,2020,DHS,0.37788
     198  78,,0,0,2020,DHS,0.37788
     198  81,,0,0,2020,DHS,0.37788
     198  89,,0,0,2020,DHS,0.37788
     198  93,,0,0,2020,DHS,0.37788
     199   1,,0,0,2020,DHS,0.44358
     199   4,,0,0,2020,DHS,0.44358
     199   6,,0,0,2020,DHS,0.44358
     199   8,,0,0,2020,DHS,0.44358
     199  11,,0,0,2020,DHS,0.44358
     199  13,,0,0,2020,DHS,0.44358
     199  15,,0,0,2020,DHS,0.44358
     199  18,,0,0,2020,DHS,0.44358
     199  20,,0,0,2020,DHS,0.44358
     199  22,,0,0,2020,DHS,0.44358
     199  25,,0,0,2020,DHS,0.44358
     199  27,,0,0,2020,DHS,0.44358
     199  29,,0,0,2020,DHS,0.44358
     199  32,,0,0,2020,DHS,0.44358
     199  34,,0,0,2020,DHS,0.44358
     199  36,,0,0,2020,DHS,0.44358
     199  39,,0,0,2020,DHS,0.44358
     199  41,,0,0,2020,DHS,0.44358
     199  43,,0,0,2020,DHS,0.44358
     199  45,,0,0,2020,DHS,0.44358
     199  48,,0,0,2020,DHS,0.44358
     199  50,,0,0,2020,DHS,0.44358
     199  52,,0,0,2020,DHS,0.44358
     199  55,,0,0,2020,DHS,0.44358
     199  57,,0,0,2020,DHS,0.44358
     200   1,,0,0,2020,DHS,0.40083
     200   4,,0,0,2020,DHS,0.40083
     200   7,,0,0,2020,DHS,0.40083
     200  10,,0,0,2020,DHS,0.40083
     200  13,,0,0,2020,DHS,0.40083
     200  16,,0,0,2020,DHS,0.40083
     200  19,,0,0,2020,DHS,0.40083
     200  22,,0,0,2020,DHS,0.40083
     200  25,,0,0,2020,DHS,0.40083
     200  28,,0,0,2020,DHS,0.40083
     200  34,,0,0,2020,DHS,0.40083
     200  36,,0,0,2020,DHS,0.40083
     200  39,,0,0,2020,DHS,0.40083
     200  42,,0,0,2020,DHS,0.40083
     200  45,,0,0,2020,DHS,0.40083
     200  48,,0,0,2020,DHS,0.40083
     200  51,,0,0,2020,DHS,0.40083
     200  54,,0,0,2020,DHS,0.40083
     200  57,,0,0,2020,DHS,0.40083
     200  60,,0,0,2020,DHS,0.40083
     200  63,,0,0,2020,DHS,0.40083
     200  66,,0,0,2020,DHS,0.40083
     200  69,,0,0,2020,DHS,0.40083
     200  71,,0,0,2020,DHS,0.40083
     201   1,,0,0,2020,DHS,0.305917
     201   2,,0,0,2020,DHS,0.305917
     201   3,,0,0,2020,DHS,0.305917
     201   4,,0,0,2020,DHS,0.305917
     201   5,,0,0,2020,DHS,0.305917
     201   6,,0,0,2020,DHS,0.305917
     201   7,,0,0,2020,DHS,0.305917
     201   8,,0,0,2020,DHS,0.305917
     201   9,,0,0,2020,DHS,0.305917
     201  10,,0,0,2020,DHS,0.305917
     201  11,,0,0,2020,DHS,0.305917
     201  12,,0,0,2020,DHS,0.305917
     201  13,,0,0,2020,DHS,0.305917
     201  14,,0,0,2020,DHS,0.305917
     201  15,,0,0,2020,DHS,0.305917
     201  16,,0,0,2020,DHS,0.305917
     201  17,,0,0,2020,DHS,0.305917
     201  18,,0,0,2020,DHS,0.305917
     201  19,,0,0,2020,DHS,0.305917
     201  20,,0,0,2020,DHS,0.305917
     201  21,,0,0,2020,DHS,0.305917
     201  22,,0,0,2020,DHS,0.305917
     201  23,,0,0,2020,DHS,0.305917
     201  24,,0,0,2020,DHS,0.305917
     202   1,,0,0,2020,DHS,0.4421
     202   4,,0,0,2020,DHS,0.4421
     202   5,,0,0,2020,DHS,0.4421
     202   7,,0,0,2020,DHS,0.4421
     202   8,,0,0,2020,DHS,0.4421
     202   9,,0,0,2020,DHS,0.4421
     202  10,,0,0,2020,DHS,0.4421
     202  12,,0,0,2020,DHS,0.4421
     202  13,,0,0,2020,DHS,0.4421
     202  14,,0,0,2020,DHS,0.4421
     202  15,,0,0,2020,DHS,0.4421
     202  17,,0,0,2020,DHS,0.4421
     202  18,,0,0,2020,DHS,0.4421
     202  19,,0,0,2020,DHS,0.4421
     202  21,,0,0,2020,DHS,0.4421
     202  22,,0,0,2020,DHS,0.4421
     202  23,,0,0,2020,DHS,0.4421
     202  24,,0,0,2020,DHS,0.4421
     202  26,,0,0,2020,DHS,0.4421
     202  27,,0,0,2020,DHS,0.4421
     202  28,,0,0,2020,DHS,0.4421
     202  30,,0,0,2020,DHS,0.4421
     202  31,,0,0,2020,DHS,0.4421
     202  32,,0,0,2020,DHS,0.4421
     203   1,,0,0,2020,DHS,0.395339
     203   3,,0,0,2020,DHS,0.395339
     203   4,,0,0,2020,DHS,0.395339
     203   6,,0,0,2020,DHS,0.395339
     203   7,,0,0,2020,DHS,0.395339
     203   9,,0,0,2020,DHS,0.395339
     203  10,,0,0,2020,DHS,0.395339
     203  11,,0,0,2020,DHS,0.395339
     203  13,,0,0,2020,DHS,0.395339
     203  14,,0,0,2020,DHS,0.395339
     203  16,,0,0,2020,DHS,0.395339
     203  17,,0,0,2020,DHS,0.395339
     203  19,,0,0,2020,DHS,0.395339
     203  20,,0,0,2020,DHS,0.395339
     203  22,,0,0,2020,DHS,0.395339
     203  23,,0,0,2020,DHS,0.395339
     203  24,,0,0,2020,DHS,0.395339
     203  26,,0,0,2020,DHS,0.395339
     203  27,,0,0,2020,DHS,0.395339
     203  29,,0,0,2020,DHS,0.395339
     203  30,,0,0,2020,DHS,0.395339
     203  32,,0,0,2020,DHS,0.395339
     203  33,,0,0,2020,DHS,0.395339
     203  35,,0,0,2020,DHS,0.395339
     203  36,,0,0,2020,DHS,0.395339
     204   1,,0,0,2020,DHS,0.621012
     204   3,,0,0,2020,DHS,0.621012
     204   4,,0,0,2020,DHS,0.621012
     204   5,,0,0,2020,DHS,0.621012
     204   6,,0,0,2020,DHS,0.621012
     204   7,,0,0,2020,DHS,0.621012
     204   8,,0,0,2020,DHS,0.621012
     204  10,,0,0,2020,DHS,0.621012
     204  11,,0,0,2020,DHS,0.621012
     204  12,,0,0,2020,DHS,0.621012
     204  13,,0,0,2020,DHS,0.621012
     204  14,,0,0,2020,DHS,0.621012
     204  15,,0,0,2020,DHS,0.621012
     204  16,,0,0,2020,DHS,0.621012
     204  18,,0,0,2020,DHS,0.621012
     204  19,,0,0,2020,DHS,0.621012
     204  20,,0,0,2020,DHS,0.621012
     204  21,,0,0,2020,DHS,0.621012
     204  22,,0,0,2020,DHS,0.621012
     204  23,,0,0,2020,DHS,0.621012
     204  25,,0,0,2020,DHS,0.621012
     204  26,,0,0,2020,DHS,0.621012
     204  27,,0,0,2020,DHS,0.621012
     204  28,,0,0,2020,DHS,0.621012
     204  29,,0,0,2020,DHS,0.621012
     205   2,,0,0,2020,DHS,0.436682
     205   4,,0,0,2020,DHS,0.436682
     205   7,,0,0,2020,DHS,0.436682
     205   9,,0,0,2020,DHS,0.436682
     205  11,,0,0,2020,DHS,0.436682
     205  13,,0,0,2020,DHS,0.436682
     205  15,,0,0,2020,DHS,0.436682
     205  17,,0,0,2020,DHS,0.436682
     205  19,,0,0,2020,DHS,0.436682
     205  21,,0,0,2020,DHS,0.436682
     205  23,,0,0,2020,DHS,0.436682
     205  25,,0,0,2020,DHS,0.436682
     205  27,,0,0,2020,DHS,0.436682
     205  29,,0,0,2020,DHS,0.436682
     205  32,,0,0,2020,DHS,0.436682
     205  34,,0,0,2020,DHS,0.436682
     205  36,,0,0,2020,DHS,0.436682
     205  38,,0,0,2020,DHS,0.436682
     205  40,,0,0,2020,DHS,0.436682
     205  42,,0,0,2020,DHS,0.436682
     205  44,,0,0,2020,DHS,0.436682
     205  46,,0,0,2020,DHS,0.436682
     205  50,,0,0,2020,DHS,0.436682
     205  52,,0,0,2020,DHS,0.436682
     206   1,,0,0,2020,DHS,0.497362
     206   3,,0,0,2020,DHS,0.497362
     206   4,,0,0,2020,DHS,0.497362
     206   6,,0,0,2020,DHS,0.497362
     206   7,,0,0,2020,DHS,0.497362
     206  10,,0,0,2020,DHS,0.497362
     206  11,,0,0,2020,DHS,0.497362
     206  13,,0,0,2020,DHS,0.497362
     206  14,,0,0,2020,DHS,0.497362
     206  16,,0,0,2020,DHS,0.497362
     206  17,,0,0,2020,DHS,0.497362
     206  19,,0,0,2020,DHS,0.497362
     206  20,,0,0,2020,DHS,0.497362
     206  22,,0,0,2020,DHS,0.497362
     206  23,,0,0,2020,DHS,0.497362
     206  24,,0,0,2020,DHS,0.497362
     206  26,,0,0,2020,DHS,0.497362
     206  29,,0,0,2020,DHS,0.497362
     206  30,,0,0,2020,DHS,0.497362
     206  32,,0,0,2020,DHS,0.497362
     206  33,,0,0,2020,DHS,0.497362
     206  35,,0,0,2020,DHS,0.497362
     206  36,,0,0,2020,DHS,0.497362
     207   1,,0,0,2020,DHS,0.510296
     207   4,,0,0,2020,DHS,0.510296
     207   8,,0,0,2020,DHS,0.510296
     207  10,,0,0,2020,DHS,0.510296
     207  13,,0,0,2020,DHS,0.510296
     207  15,,0,0,2020,DHS,0.510296
     207  17,,0,0,2020,DHS,0.510296
     207  24,,0,0,2020,DHS,0.510296
     207  26,,0,0,2020,DHS,0.510296
     207  28,,0,0,2020,DHS,0.510296
     207  31,,0,0,2020,DHS,0.510296
     207  33,,0,0,2020,DHS,0.510296
     207  35,,0,0,2020,DHS,0.510296
     207  37,,0,0,2020,DHS,0.510296
     207  39,,0,0,2020,DHS,0.510296
     207  42,,0,0,2020,DHS,0.510296
     207  44,,0,0,2020,DHS,0.510296
     207  46,,0,0,2020,DHS,0.510296
     207  48,,0,0,2020,DHS,0.510296
     207  51,,0,0,2020,DHS,0.510296
     207  53,,0,0,2020,DHS,0.510296
     208   1,,0,0,2020,DHS,0.34147
     208   4,,0,0,2020,DHS,0.34147
     208   6,,0,0,2020,DHS,0.34147
     208   8,,0,0,2020,DHS,0.34147
     208  11,,0,0,2020,DHS,0.34147
     208  13,,0,0,2020,DHS,0.34147
     208  16,,0,0,2020,DHS,0.34147
     208  18,,0,0,2020,DHS,0.34147
     208  20,,0,0,2020,DHS,0.34147
     208  23,,0,0,2020,DHS,0.34147
     208  25,,0,0,2020,DHS,0.34147
     208  27,,0,0,2020,DHS,0.34147
     208  30,,0,0,2020,DHS,0.34147
     208  32,,0,0,2020,DHS,0.34147
     208  34,,0,0,2020,DHS,0.34147
     208  37,,0,0,2020,DHS,0.34147
     208  39,,0,0,2020,DHS,0.34147
     208  42,,0,0,2020,DHS,0.34147
     208  46,,0,0,2020,DHS,0.34147
     208  49,,0,0,2020,DHS,0.34147
     208  51,,0,0,2020,DHS,0.34147
     208  53,,0,0,2020,DHS,0.34147
     208  56,,0,0,2020,DHS,0.34147
     208  58,,0,0,2020,DHS,0.34147
     208  59,,0,0,2020,DHS,0.34147
     209   1,,0,0,2020,DHS,0.33192
     209   3,,0,0,2020,DHS,0.33192
     209   4,,0,0,2020,DHS,0.33192
     209   5,,0,0,2020,DHS,0.33192
     209   6,,0,0,2020,DHS,0.33192
     209   8,,0,0,2020,DHS,0.33192
     209   9,,0,0,2020,DHS,0.33192
     209  10,,0,0,2020,DHS,0.33192
     209  11,,0,0,2020,DHS,0.33192
     209  13,,0,0,2020,DHS,0.33192
     209  14,,0,0,2020,DHS,0.33192
     209  15,,0,0,2020,DHS,0.33192
     209  16,,0,0,2020,DHS,0.33192
     209  19,,0,0,2020,DHS,0.33192
     209  20,,0,0,2020,DHS,0.33192
     209  21,,0,0,2020,DHS,0.33192
     209  22,,0,0,2020,DHS,0.33192
     209  24,,0,0,2020,DHS,0.33192
     209  25,,0,0,2020,DHS,0.33192
     209  26,,0,0,2020,DHS,0.33192
     209  27,,0,0,2020,DHS,0.33192
     209  29,,0,0,2020,DHS,0.33192
     209  30,,0,0,2020,DHS,0.33192
     209  31,,0,0,2020,DHS,0.33192
     210   1,,0,0,2020,DHS,0.316558
     210   3,,0,0,2020,DHS,0.316558
     210   4,,0,0,2020,DHS,0.316558
     210   5,,0,0,2020,DHS,0.316558
     210   7,,0,0,2020,DHS,0.316558
     210   8,,0,0,2020,DHS,0.316558
     210  10,,0,0,2020,DHS,0.316558
     210  11,,0,0,2020,DHS,0.316558
     210  12,,0,0,2020,DHS,0.316558
     210  14,,0,0,2020,DHS,0.316558
     210  15,,0,0,2020,DHS,0.316558
     210  16,,0,0,2020,DHS,0.316558
     210  18,,0,0,2020,DHS,0.316558
     210  19,,0,0,2020,DHS,0.316558
     210  20,,0,0,2020,DHS,0.316558
     210  22,,0,0,2020,DHS,0.316558
     210  23,,0,0,2020,DHS,0.316558
     210  25,,0,0,2020,DHS,0.316558
     210  26,,0,0,2020,DHS,0.316558
     210  27,,0,0,2020,DHS,0.316558
     210  29,,0,0,2020,DHS,0.316558
     210  30,,0,0,2020,DHS,0.316558
     210  31,,0,0,2020,DHS,0.316558
     210  33,,0,0,2020,DHS,0.316558
     210  34,,0,0,2020,DHS,0.316558
     211   1,,0,0,2020,DHS,0.418974
     211   3,,0,0,2020,DHS,0.418974
     211   5,,0,0,2020,DHS,0.418974
     211   7,,0,0,2020,DHS,0.418974
     211   9,,0,0,2020,DHS,0.418974
     211  10,,0,0,2020,DHS,0.418974
     211  12,,0,0,2020,DHS,0.418974
     211  16,,0,0,2020,DHS,0.418974
     211  18,,0,0,2020,DHS,0.418974
     211  19,,0,0,2020,DHS,0.418974
     211  21,,0,0,2020,DHS,0.418974
     211  23,,0,0,2020,DHS,0.418974
     211  25,,0,0,2020,DHS,0.418974
     211  27,,0,0,2020,DHS,0.418974
     211  28,,0,0,2020,DHS,0.418974
     211  30,,0,0,2020,DHS,0.418974
     211  32,,0,0,2020,DHS,0.418974
     211  34,,0,0,2020,DHS,0.418974
     211  36,,0,0,2020,DHS,0.418974
     211  37,,0,0,2020,DHS,0.418974
     211  39,,0,0,2020,DHS,0.418974
     211  41,,0,0,2020,DHS,0.418974
     211  43,,0,0,2020,DHS,0.418974
     211  45,,0,0,2020,DHS,0.418974
     212   2,,0,0,2020,DHS,0.362394
     212   5,,0,0,2020,DHS,0.362394
     212   8,,0,0,2020,DHS,0.362394
     212  10,,0,0,2020,DHS,0.362394
     212  13,,0,0,2020,DHS,0.362394
     212  16,,0,0,2020,DHS,0.362394
     212  18,,0,0,2020,DHS,0.362394
     212  21,,0,0,2020,DHS,0.362394
     212  24,,0,0,2020,DHS,0.362394
     212  26,,0,0,2020,DHS,0.362394
     212  29,,0,0,2020,DHS,0.362394
     212  31,,0,0,2020,DHS,0.362394
     212  34,,0,0,2020,DHS,0.362394
     212  37,,0,0,2020,DHS,0.362394
     212  42,,0,0,2020,DHS,0.362394
     212  45,,0,0,2020,DHS,0.362394
     212  47,,0,0,2020,DHS,0.362394
     212  50,,0,0,2020,DHS,0.362394
     212  53,,0,0,2020,DHS,0.362394
     212  55,,0,0,2020,DHS,0.362394
     212  58,,0,0,2020,DHS,0.362394
     212  63,,0,0,2020,DHS,0.362394
     212  66,,0,0,2020,DHS,0.362394
     213   2,,0,0,2020,DHS,0.398542
     213   5,,0,0,2020,DHS,0.398542
     213   8,,0,0,2020,DHS,0.398542
     213  10,,0,0,2020,DHS,0.398542
     213  13,,0,0,2020,DHS,0.398542
     213  16,,0,0,2020,DHS,0.398542
     213  18,,0,0,2020,DHS,0.398542
     213  24,,0,0,2020,DHS,0.398542
     213  27,,0,0,2020,DHS,0.398542
     213  29,,0,0,2020,DHS,0.398542
     213  32,,0,0,2020,DHS,0.398542
     213  35,,0,0,2020,DHS,0.398542
     213  37,,0,0,2020,DHS,0.398542
     213  40,,0,0,2020,DHS,0.398542
     213  43,,0,0,2020,DHS,0.398542
     213  45,,0,0,2020,DHS,0.398542
     213  48,,0,0,2020,DHS,0.398542
     213  51,,0,0,2020,DHS,0.398542
     213  53,,0,0,2020,DHS,0.398542
     213  56,,0,0,2020,DHS,0.398542
     213  59,,0,0,2020,DHS,0.398542
     213  61,,0,0,2020,DHS,0.398542
     213  64,,0,0,2020,DHS,0.398542
     213  67,,0,0,2020,DHS,0.398542
     214   1,,0,0,2020,DHS,0.403576
     214   3,,0,0,2020,DHS,0.403576
     214   5,,0,0,2020,DHS,0.403576
     214   7,,0,0,2020,DHS,0.403576
     214   9,,0,0,2020,DHS,0.403576
     214  11,,0,0,2020,DHS,0.403576
     214  13,,0,0,2020,DHS,0.403576
     214  15,,0,0,2020,DHS,0.403576
     214  17,,0,0,2020,DHS,0.403576
     214  19,,0,0,2020,DHS,0.403576
     214  21,,0,0,2020,DHS,0.403576
     214  23,,0,0,2020,DHS,0.403576
     214  25,,0,0,2020,DHS,0.403576
     214  27,,0,0,2020,DHS,0.403576
     214  29,,0,0,2020,DHS,0.403576
     214  31,,0,0,2020,DHS,0.403576
     214  33,,0,0,2020,DHS,0.403576
     214  35,,0,0,2020,DHS,0.403576
     214  37,,0,0,2020,DHS,0.403576
     214  39,,0,0,2020,DHS,0.403576
     214  41,,0,0,2020,DHS,0.403576
     214  43,,0,0,2020,DHS,0.403576
     214  45,,0,0,2020,DHS,0.403576
     214  46,,0,0,2020,DHS,0.403576
     214  48,,0,0,2020,DHS,0.403576
     215   1,,0,0,2020,DHS,0.3688
     215   3,,0,0,2020,DHS,0.3688
     215   4,,0,0,2020,DHS,0.3688
     215   5,,0,0,2020,DHS,0.3688
     215   6,,0,0,2020,DHS,0.3688
     215   8,,0,0,2020,DHS,0.3688
     215   9,,0,0,2020,DHS,0.3688
     215  10,,0,0,2020,DHS,0.3688
     215  11,,0,0,2020,DHS,0.3688
     215  13,,0,0,2020,DHS,0.3688
     215  14,,0,0,2020,DHS,0.3688
     215  15,,0,0,2020,DHS,0.3688
     215  16,,0,0,2020,DHS,0.3688
     215  18,,0,0,2020,DHS,0.3688
     215  19,,0,0,2020,DHS,0.3688
     215  20,,0,0,2020,DHS,0.3688
     215  21,,0,0,2020,DHS,0.3688
     215  22,,0,0,2020,DHS,0.3688
     215  24,,0,0,2020,DHS,0.3688
     215  25,,0,0,2020,DHS,0.3688
     215  26,,0,0,2020,DHS,0.3688
     215  27,,0,0,2020,DHS,0.3688
     215  29,,0,0,2020,DHS,0.3688
     215  30,,0,0,2020,DHS,0.3688
     215  31,,0,0,2020,DHS,0.3688
     216   1,,0,0,2020,DHS,0.368524
     216   3,,0,0,2020,DHS,0.368524
     216   4,,0,0,2020,DHS,0.368524
     216   6,,0,0,2020,DHS,0.368524
     216   7,,0,0,2020,DHS,0.368524
     216   9,,0,0,2020,DHS,0.368524
     216  10,,0,0,2020,DHS,0.368524
     216  12,,0,0,2020,DHS,0.368524
     216  13,,0,0,2020,DHS,0.368524
     216  15,,0,0,2020,DHS,0.368524
     216  16,,0,0,2020,DHS,0.368524
     216  18,,0,0,2020,DHS,0.368524
     216  19,,0,0,2020,DHS,0.368524
     216  21,,0,0,2020,DHS,0.368524
     216  22,,0,0,2020,DHS,0.368524
     216  24,,0,0,2020,DHS,0.368524
     216  25,,0,0,2020,DHS,0.368524
     216  27,,0,0,2020,DHS,0.368524
     216  28,,0,0,2020,DHS,0.368524
     216  30,,0,0,2020,DHS,0.368524
     216  31,,0,0,2020,DHS,0.368524
     216  32,,0,0,2020,DHS,0.368524
     216  34,,0,0,2020,DHS,0.368524
     216  35,,0,0,2020,DHS,0.368524
     216  37,,0,0,2020,DHS,0.368524
     217   1,,0,0,2020,DHS,0.350414
     217   2,,0,0,2020,DHS,0.350414
     217   4,,0,0,2020,DHS,0.350414
     217   5,,0,0,2020,DHS,0.350414
     217   6,,0,0,2020,DHS,0.350414
     217   7,,0,0,2020,DHS,0.350414
     217   8,,0,0,2020,DHS,0.350414
     217   9,,0,0,2020,DHS,0.350414
     217  10,,0,0,2020,DHS,0.350414
     217  11,,0,0,2020,DHS,0.350414
     217  12,,0,0,2020,DHS,0.350414
     217  13,,0,0,2020,DHS,0.350414
     217  15,,0,0,2020,DHS,0.350414
     217  18,,0,0,2020,DHS,0.350414
     217  19,,0,0,2020,DHS,0.350414
     217  20,,0,0,2020,DHS,0.350414
     217  21,,0,0,2020,DHS,0.350414
     217  22,,0,0,2020,DHS,0.350414
     217  23,,0,0,2020,DHS,0.350414
     217  24,,0,0,2020,DHS,0.350414
     217  25,,0,0,2020,DHS,0.350414
     217  26,,0,0,2020,DHS,0.350414
     217  27,,0,0,2020,DHS,0.350414
     218   1,,0,0,2020,DHS,0.312716
     218   3,,0,0,2020,DHS,0.312716
     218   5,,0,0,2020,DHS,0.312716
     218   7,,0,0,2020,DHS,0.312716
     218   9,,0,0,2020,DHS,0.312716
     218  11,,0,0,2020,DHS,0.312716
     218  12,,0,0,2020,DHS,0.312716
     218  14,,0,0,2020,DHS,0.312716
     218  16,,0,0,2020,DHS,0.312716
     218  20,,0,0,2020,DHS,0.312716
     218  22,,0,0,2020,DHS,0.312716
     218  23,,0,0,2020,DHS,0.312716
     218  25,,0,0,2020,DHS,0.312716
     218  27,,0,0,2020,DHS,0.312716
     218  29,,0,0,2020,DHS,0.312716
     218  31,,0,0,2020,DHS,0.312716
     218  33,,0,0,2020,DHS,0.312716
     218  35,,0,0,2020,DHS,0.312716
     218  36,,0,0,2020,DHS,0.312716
     218  38,,0,0,2020,DHS,0.312716
     218  40,,0,0,2020,DHS,0.312716
     218  42,,0,0,2020,DHS,0.312716
     218  44,,0,0,2020,DHS,0.312716
     218  46,,0,0,2020,DHS,0.312716
     219   2,,0,0,2020,DHS,0.48182
     219   5,,0,0,2020,DHS,0.48182
     219   7,,0,0,2020,DHS,0.48182
     219  10,,0,0,2020,DHS,0.48182
     219  12,,0,0,2020,DHS,0.48182
     219  15,,0,0,2020,DHS,0.48182
     219  18,,0,0,2020,DHS,0.48182
     219  20,,0,0,2020,DHS,0.48182
     219  23,,0,0,2020,DHS,0.48182
     219  25,,0,0,2020,DHS,0.48182
     219  28,,0,0,2020,DHS,0.48182
     219  30,,0,0,2020,DHS,0.48182
     219  33,,0,0,2020,DHS,0.48182
     219  35,,0,0,2020,DHS,0.48182
     219  38,,0,0,2020,DHS,0.48182
     219  40,,0,0,2020,DHS,0.48182
     219  43,,0,0,2020,DHS,0.48182
     219  45,,0,0,2020,DHS,0.48182
     219  48,,0,0,2020,DHS,0.48182
     219  50,,0,0,2020,DHS,0.48182
     219  53,,0,0,2020,DHS,0.48182
     219  55,,0,0,2020,DHS,0.48182
     219  58,,0,0,2020,DHS,0.48182
     219  60,,0,0,2020,DHS,0.48182
     219  63,,0,0,2020,DHS,0.48182
     220   2,,0,0,2020,DHS,0.465205
     220   5,,0,0,2020,DHS,0.465205
     220   7,,0,0,2020,DHS,0.465205
     220  10,,0,0,2020,DHS,0.465205
     220  12,,0,0,2020,DHS,0.465205
     220  15,,0,0,2020,DHS,0.465205
     220  18,,0,0,2020,DHS,0.465205
     220  20,,0,0,2020,DHS,0.465205
     220  23,,0,0,2020,DHS,0.465205
     220  25,,0,0,2020,DHS,0.465205
     220  28,,0,0,2020,DHS,0.465205
     220  30,,0,0,2020,DHS,0.465205
     220  33,,0,0,2020,DHS,0.465205
     220  35,,0,0,2020,DHS,0.465205
     220  38,,0,0,2020,DHS,0.465205
     220  40,,0,0,2020,DHS,0.465205
     220  43,,0,0,2020,DHS,0.465205
     220  45,,0,0,2020,DHS,0.465205
     220  48,,0,0,2020,DHS,0.465205
     220  50,,0,0,2020,DHS,0.465205
     220  53,,0,0,2020,DHS,0.465205
     220  55,,0,0,2020,DHS,0.465205
     220  58,,0,0,2020,DHS,0.465205
     220  60,,0,0,2020,DHS,0.465205
     220  63,,0,0,2020,DHS,0.465205
     221   1,,0,0,2020,DHS,0.457821
     221   3,,0,0,2020,DHS,0.457821
     221   4,,0,0,2020,DHS,0.457821
     221   5,,0,0,2020,DHS,0.457821
     221   6,,0,0,2020,DHS,0.457821
     221   8,,0,0,2020,DHS,0.457821
     221   9,,0,0,2020,DHS,0.457821
     221  10,,0,0,2020,DHS,0.457821
     221  11,,0,0,2020,DHS,0.457821
     221  13,,0,0,2020,DHS,0.457821
     221  14,,0,0,2020,DHS,0.457821
     221  15,,0,0,2020,DHS,0.457821
     221  16,,0,0,2020,DHS,0.457821
     221  18,,0,0,2020,DHS,0.457821
     221  19,,0,0,2020,DHS,0.457821
     221  20,,0,0,2020,DHS,0.457821
     221  21,,0,0,2020,DHS,0.457821
     221  22,,0,0,2020,DHS,0.457821
     221  24,,0,0,2020,DHS,0.457821
     221  25,,0,0,2020,DHS,0.457821
     221  26,,0,0,2020,DHS,0.457821
     221  27,,0,0,2020,DHS,0.457821
     221  29,,0,0,2020,DHS,0.457821
     221  30,,0,0,2020,DHS,0.457821
     221  31,,0,0,2020,DHS,0.457821
     222   1,,0,0,2020,DHS,0.379011
     222   3,,0,0,2020,DHS,0.379011
     222   5,,0,0,2020,DHS,0.379011
     222   7,,0,0,2020,DHS,0.379011
     222   8,,0,0,2020,DHS,0.379011
     222  10,,0,0,2020,DHS,0.379011
     222  12,,0,0,2020,DHS,0.379011
     222  14,,0,0,2020,DHS,0.379011
     222  15,,0,0,2020,DHS,0.379011
     222  17,,0,0,2020,DHS,0.379011
     222  19,,0,0,2020,DHS,0.379011
     222  21,,0,0,2020,DHS,0.379011
     222  23,,0,0,2020,DHS,0.379011
     222  26,,0,0,2020,DHS,0.379011
     222  30,,0,0,2020,DHS,0.379011
     222  31,,0,0,2020,DHS,0.379011
     222  33,,0,0,2020,DHS,0.379011
     222  35,,0,0,2020,DHS,0.379011
     222  40,,0,0,2020,DHS,0.379011
     222  42,,0,0,2020,DHS,0.379011
     222  44,,0,0,2020,DHS,0.379011
     223   1,,0,0,2020,DHS,0.439859
     223   3,,0,0,2020,DHS,0.439859
     223   5,,0,0,2020,DHS,0.439859
     223   7,,0,0,2020,DHS,0.439859
     223   9,,0,0,2020,DHS,0.439859
     223  11,,0,0,2020,DHS,0.439859
     223  13,,0,0,2020,DHS,0.439859
     223  15,,0,0,2020,DHS,0.439859
     223  17,,0,0,2020,DHS,0.439859
     223  19,,0,0,2020,DHS,0.439859
     223  21,,0,0,2020,DHS,0.439859
     223  23,,0,0,2020,DHS,0.439859
     223  24,,0,0,2020,DHS,0.439859
     223  26,,0,0,2020,DHS,0.439859
     223  28,,0,0,2020,DHS,0.439859
     223  30,,0,0,2020,DHS,0.439859
     223  32,,0,0,2020,DHS,0.439859
     223  34,,0,0,2020,DHS,0.439859
     223  36,,0,0,2020,DHS,0.439859
     223  38,,0,0,2020,DHS,0.439859
     223  40,,0,0,2020,DHS,0.439859
     223  42,,0,0,2020,DHS,0.439859
     223  44,,0,0,2020,DHS,0.439859
     223  46,,0,0,2020,DHS,0.439859
     223  47,,0,0,2020,DHS,0.439859
     224   1,,0,0,2020,DHS,0.350772
     224   5,,0,0,2020,DHS,0.350772
     224   8,,0,0,2020,DHS,0.350772
     224  11,,0,0,2020,DHS,0.350772
     224  14,,0,0,2020,DHS,0.350772
     224  17,,0,0,2020,DHS,0.350772
     224  20,,0,0,2020,DHS,0.350772
     224  24,,0,0,2020,DHS,0.350772
     224  27,,0,0,2020,DHS,0.350772
     224  30,,0,0,2020,DHS,0.350772
     224  33,,0,0,2020,DHS,0.350772
     224  36,,0,0,2020,DHS,0.350772
     224  42,,0,0,2020,DHS,0.350772
     224  46,,0,0,2020,DHS,0.350772
     224  49,,0,0,2020,DHS,0.350772
     224  52,,0,0,2020,DHS,0.350772
     224  55,,0,0,2020,DHS,0.350772
     224  58,,0,0,2020,DHS,0.350772
     224  61,,0,0,2020,DHS,0.350772
     224  65,,0,0,2020,DHS,0.350772
     224  68,,0,0,2020,DHS,0.350772
     224  71,,0,0,2020,DHS,0.350772
     224  74,,0,0,2020,DHS,0.350772
     224  77,,0,0,2020,DHS,0.350772
     225   1,,0,0,2020,DHS,0.297764
     225   4,,0,0,2020,DHS,0.297764
     225   6,,0,0,2020,DHS,0.297764
     225   8,,0,0,2020,DHS,0.297764
     225  10,,0,0,2020,DHS,0.297764
     225  13,,0,0,2020,DHS,0.297764
     225  15,,0,0,2020,DHS,0.297764
     225  17,,0,0,2020,DHS,0.297764
     225  19,,0,0,2020,DHS,0.297764
     225  22,,0,0,2020,DHS,0.297764
     225  24,,0,0,2020,DHS,0.297764
     225  26,,0,0,2020,DHS,0.297764
     225  28,,0,0,2020,DHS,0.297764
     225  31,,0,0,2020,DHS,0.297764
     225  33,,0,0,2020,DHS,0.297764
     225  35,,0,0,2020,DHS,0.297764
     225  37,,0,0,2020,DHS,0.297764
     225  39,,0,0,2020,DHS,0.297764
     225  42,,0,0,2020,DHS,0.297764
     225  44,,0,0,2020,DHS,0.297764
     225  46,,0,0,2020,DHS,0.297764
     225  48,,0,0,2020,DHS,0.297764
     225  51,,0,0,2020,DHS,0.297764
     225  53,,0,0,2020,DHS,0.297764
     225  55,,0,0,2020,DHS,0.297764
     226   3,,0,0,2020,DHS,0.416012
     226   7,,0,0,2020,DHS,0.416012
     226  10,,0,0,2020,DHS,0.416012
     226  14,,0,0,2020,DHS,0.416012
     226  17,,0,0,2020,DHS,0.416012
     226  20,,0,0,2020,DHS,0.416012
     226  27,,0,0,2020,DHS,0.416012
     226  31,,0,0,2020,DHS,0.416012
     226  34,,0,0,2020,DHS,0.416012
     226  37,,0,0,2020,DHS,0.416012
     226  41,,0,0,2020,DHS,0.416012
     226  44,,0,0,2020,DHS,0.416012
     226  48,,0,0,2020,DHS,0.416012
     226  51,,0,0,2020,DHS,0.416012
     226  54,,0,0,2020,DHS,0.416012
     226  58,,0,0,2020,DHS,0.416012
     226  61,,0,0,2020,DHS,0.416012
     226  65,,0,0,2020,DHS,0.416012
     226  68,,0,0,2020,DHS,0.416012
     226  71,,0,0,2020,DHS,0.416012
     226  75,,0,0,2020,DHS,0.416012
     226  78,,0,0,2020,DHS,0.416012
     226  82,,0,0,2020,DHS,0.416012
     226  85,,0,0,2020,DHS,0.416012
     227   2,,0,0,2020,DHS,0.290589
     227   5,,0,0,2020,DHS,0.290589
     227   7,,0,0,2020,DHS,0.290589
     227   9,,0,0,2020,DHS,0.290589
     227  11,,0,0,2020,DHS,0.290589
     227  14,,0,0,2020,DHS,0.290589
     227  16,,0,0,2020,DHS,0.290589
     227  18,,0,0,2020,DHS,0.290589
     227  20,,0,0,2020,DHS,0.290589
     227  23,,0,0,2020,DHS,0.290589
     227  25,,0,0,2020,DHS,0.290589
     227  27,,0,0,2020,DHS,0.290589
     227  29,,0,0,2020,DHS,0.290589
     227  32,,0,0,2020,DHS,0.290589
     227  34,,0,0,2020,DHS,0.290589
     227  36,,0,0,2020,DHS,0.290589
     227  38,,0,0,2020,DHS,0.290589
     227  40,,0,0,2020,DHS,0.290589
     227  43,,0,0,2020,DHS,0.290589
     227  45,,0,0,2020,DHS,0.290589
     227  47,,0,0,2020,DHS,0.290589
     227  49,,0,0,2020,DHS,0.290589
     227  52,,0,0,2020,DHS,0.290589
     227  54,,0,0,2020,DHS,0.290589
     227  56,,0,0,2020,DHS,0.290589
     228   3,,0,0,2020,DHS,0.340249
     228   7,,0,0,2020,DHS,0.340249
     228  10,,0,0,2020,DHS,0.340249
     228  13,,0,0,2020,DHS,0.340249
     228  16,,0,0,2020,DHS,0.340249
     228  19,,0,0,2020,DHS,0.340249
     228  22,,0,0,2020,DHS,0.340249
     228  26,,0,0,2020,DHS,0.340249
     228  29,,0,0,2020,DHS,0.340249
     228  32,,0,0,2020,DHS,0.340249
     228  35,,0,0,2020,DHS,0.340249
     228  38,,0,0,2020,DHS,0.340249
     228  41,,0,0,2020,DHS,0.340249
     228  44,,0,0,2020,DHS,0.340249
     228  48,,0,0,2020,DHS,0.340249
     228  51,,0,0,2020,DHS,0.340249
     228  54,,0,0,2020,DHS,0.340249
     228  57,,0,0,2020,DHS,0.340249
     228  60,,0,0,2020,DHS,0.340249
     228  63,,0,0,2020,DHS,0.340249
     228  67,,0,0,2020,DHS,0.340249
     228  70,,0,0,2020,DHS,0.340249
     228  73,,0,0,2020,DHS,0.340249
     228  76,,0,0,2020,DHS,0.340249
     228  79,,0,0,2020,DHS,0.340249
     229   1,,0,0,2020,DHS,0.583343
     229   3,,0,0,2020,DHS,0.583343
     229   5,,0,0,2020,DHS,0.583343
     229   7,,0,0,2020,DHS,0.583343
     229   8,,0,0,2020,DHS,0.583343
     229  10,,0,0,2020,DHS,0.583343
     229  12,,0,0,2020,DHS,0.583343
     229  13,,0,0,2020,DHS,0.583343
     229  15,,0,0,2020,DHS,0.583343
     229  17,,0,0,2020,DHS,0.583343
     229  19,,0,0,2020,DHS,0.583343
     229  20,,0,0,2020,DHS,0.583343
     229  22,,0,0,2020,DHS,0.583343
     229  24,,0,0,2020,DHS,0.583343
     229  25,,0,0,2020,DHS,0.583343
     229  27,,0,0,2020,DHS,0.583343
     229  29,,0,0,2020,DHS,0.583343
     229  31,,0,0,2020,DHS,0.583343
     229  32,,0,0,2020,DHS,0.583343
     229  34,,0,0,2020,DHS,0.583343
     229  36,,0,0,2020,DHS,0.583343
     229  38,,0,0,2020,DHS,0.583343
     229  39,,0,0,2020,DHS,0.583343
     229  41,,0,0,2020,DHS,0.583343
     229  43,,0,0,2020,DHS,0.583343
     230   1,,0,0,2020,DHS,0.329145
     230   4,,0,0,2020,DHS,0.329145
     230   7,,0,0,2020,DHS,0.329145
     230  10,,0,0,2020,DHS,0.329145
     230  13,,0,0,2020,DHS,0.329145
     230  16,,0,0,2020,DHS,0.329145
     230  19,,0,0,2020,DHS,0.329145
     230  22,,0,0,2020,DHS,0.329145
     230  25,,0,0,2020,DHS,0.329145
     230  28,,0,0,2020,DHS,0.329145
     230  31,,0,0,2020,DHS,0.329145
     230  34,,0,0,2020,DHS,0.329145
     230  37,,0,0,2020,DHS,0.329145
     230  40,,0,0,2020,DHS,0.329145
     230  43,,0,0,2020,DHS,0.329145
     230  46,,0,0,2020,DHS,0.329145
     230  49,,0,0,2020,DHS,0.329145
     230  52,,0,0,2020,DHS,0.329145
     230  55,,0,0,2020,DHS,0.329145
     230  58,,0,0,2020,DHS,0.329145
     230  61,,0,0,2020,DHS,0.329145
     230  64,,0,0,2020,DHS,0.329145
     230  67,,0,0,2020,DHS,0.329145
     230  72,,0,0,2020,DHS,0.329145
     231   1,,0,0,2020,DHS,0.922497
     231   3,,0,0,2020,DHS,0.922497
     231   5,,0,0,2020,DHS,0.922497
     231   8,,0,0,2020,DHS,0.922497
     231  10,,0,0,2020,DHS,0.922497
     231  12,,0,0,2020,DHS,0.922497
     231  14,,0,0,2020,DHS,0.922497
     231  16,,0,0,2020,DHS,0.922497
     231  18,,0,0,2020,DHS,0.922497
     231  20,,0,0,2020,DHS,0.922497
     231  22,,0,0,2020,DHS,0.922497
     231  24,,0,0,2020,DHS,0.922497
     231  26,,0,0,2020,DHS,0.922497
     231  28,,0,0,2020,DHS,0.922497
     231  30,,0,0,2020,DHS,0.922497
     231  32,,0,0,2020,DHS,0.922497
     231  34,,0,0,2020,DHS,0.922497
     231  36,,0,0,2020,DHS,0.922497
     231  38,,0,0,2020,DHS,0.922497
     231  40,,0,0,2020,DHS,0.922497
     231  42,,0,0,2020,DHS,0.922497
     231  44,,0,0,2020,DHS,0.922497
     231  46,,0,0,2020,DHS,0.922497
     231  48,,0,0,2020,DHS,0.922497
     231  50,,0,0,2020,DHS,0.922497
     232   1,,0,0,2020,DHS,0.680217
     232   9,,0,0,2020,DHS,0.680217
     232  12,,0,0,2020,DHS,0.680217
     232  16,,0,0,2020,DHS,0.680217
     232  19,,0,0,2020,DHS,0.680217
     232  23,,0,0,2020,DHS,0.680217
     232  26,,0,0,2020,DHS,0.680217
     232  30,,0,0,2020,DHS,0.680217
     232  33,,0,0,2020,DHS,0.680217
     232  37,,0,0,2020,DHS,0.680217
     232  41,,0,0,2020,DHS,0.680217
     232  44,,0,0,2020,DHS,0.680217
     232  51,,0,0,2020,DHS,0.680217
     232  55,,0,0,2020,DHS,0.680217
     232  58,,0,0,2020,DHS,0.680217
     232  62,,0,0,2020,DHS,0.680217
     232  65,,0,0,2020,DHS,0.680217
     232  69,,0,0,2020,DHS,0.680217
     232  73,,0,0,2020,DHS,0.680217
     232  76,,0,0,2020,DHS,0.680217
     232  83,,0,0,2020,DHS,0.680217
     232  87,,0,0,2020,DHS,0.680217
     233   1,,0,0,2020,DHS,0.790711
     233   3,,0,0,2020,DHS,0.790711
     233   5,,0,0,2020,DHS,0.790711
     233   8,,0,0,2020,DHS,0.790711
     233  10,,0,0,2020,DHS,0.790711
     233  12,,0,0,2020,DHS,0.790711
     233  14,,0,0,2020,DHS,0.790711
     233  16,,0,0,2020,DHS,0.790711
     233  18,,0,0,2020,DHS,0.790711
     233  20,,0,0,2020,DHS,0.790711
     233  22,,0,0,2020,DHS,0.790711
     233  24,,0,0,2020,DHS,0.790711
     233  26,,0,0,2020,DHS,0.790711
     233  28,,0,0,2020,DHS,0.790711
     233  30,,0,0,2020,DHS,0.790711
     233  32,,0,0,2020,DHS,0.790711
     233  34,,0,0,2020,DHS,0.790711
     233  36,,0,0,2020,DHS,0.790711
     233  38,,0,0,2020,DHS,0.790711
     233  40,,0,0,2020,DHS,0.790711
     233  42,,0,0,2020,DHS,0.790711
     233  44,,0,0,2020,DHS,0.790711
     233  46,,0,0,2020,DHS,0.790711
     233  48,,0,0,2020,DHS,0.790711
     233  50,,0,0,2020,DHS,0.790711
     234   2,,0,0,2020,DHS,0.582841
     234   5,,0,0,2020,DHS,0.582841
     234   7,,0,0,2020,DHS,0.582841
     234  12,,0,0,2020,DHS,0.582841
     234  14,,0,0,2020,DHS,0.582841
     234  16,,0,0,2020,DHS,0.582841
     234  19,,0,0,2020,DHS,0.582841
     234  21,,0,0,2020,DHS,0.582841
     234  23,,0,0,2020,DHS,0.582841
     234  26,,0,0,2020,DHS,0.582841
     234  28,,0,0,2020,DHS,0.582841
     234  30,,0,0,2020,DHS,0.582841
     234  33,,0,0,2020,DHS,0.582841
     234  35,,0,0,2020,DHS,0.582841
     234  37,,0,0,2020,DHS,0.582841
     234  40,,0,0,2020,DHS,0.582841
     234  42,,0,0,2020,DHS,0.582841
     234  44,,0,0,2020,DHS,0.582841
     234  46,,0,0,2020,DHS,0.582841
     234  49,,0,0,2020,DHS,0.582841
     234  51,,0,0,2020,DHS,0.582841
     234  53,,0,0,2020,DHS,0.582841
     234  56,,0,0,2020,DHS,0.582841
     234  58,,0,0,2020,DHS,0.582841
     235   1,,0,0,2020,DHS,0.50873
     235   3,,0,0,2020,DHS,0.50873
     235   5,,0,0,2020,DHS,0.50873
     235   7,,0,0,2020,DHS,0.50873
     235   9,,0,0,2020,DHS,0.50873
     235  10,,0,0,2020,DHS,0.50873
     235  12,,0,0,2020,DHS,0.50873
     235  14,,0,0,2020,DHS,0.50873
     235  16,,0,0,2020,DHS,0.50873
     235  18,,0,0,2020,DHS,0.50873
     235  19,,0,0,2020,DHS,0.50873
     235  21,,0,0,2020,DHS,0.50873
     235  23,,0,0,2020,DHS,0.50873
     235  27,,0,0,2020,DHS,0.50873
     235  28,,0,0,2020,DHS,0.50873
     235  30,,0,0,2020,DHS,0.50873
     235  32,,0,0,2020,DHS,0.50873
     235  34,,0,0,2020,DHS,0.50873
     235  36,,0,0,2020,DHS,0.50873
     235  37,,0,0,2020,DHS,0.50873
     235  39,,0,0,2020,DHS,0.50873
     235  41,,0,0,2020,DHS,0.50873
     235  43,,0,0,2020,DHS,0.50873
     235  45,,0,0,2020,DHS,0.50873
     236   2,,0,0,2020,DHS,0.440899
     236   5,,0,0,2020,DHS,0.440899
     236   8,,0,0,2020,DHS,0.440899
     236  10,,0,0,2020,DHS,0.440899
     236  13,,0,0,2020,DHS,0.440899
     236  15,,0,0,2020,DHS,0.440899
     236  18,,0,0,2020,DHS,0.440899
     236  21,,0,0,2020,DHS,0.440899
     236  23,,0,0,2020,DHS,0.440899
     236  26,,0,0,2020,DHS,0.440899
     236  28,,0,0,2020,DHS,0.440899
     236  31,,0,0,2020,DHS,0.440899
     236  34,,0,0,2020,DHS,0.440899
     236  36,,0,0,2020,DHS,0.440899
     236  39,,0,0,2020,DHS,0.440899
     236  41,,0,0,2020,DHS,0.440899
     236  44,,0,0,2020,DHS,0.440899
     236  47,,0,0,2020,DHS,0.440899
     236  49,,0,0,2020,DHS,0.440899
     236  52,,0,0,2020,DHS,0.440899
     236  54,,0,0,2020,DHS,0.440899
     236  60,,0,0,2020,DHS,0.440899
     236  62,,0,0,2020,DHS,0.440899
     236  65,,0,0,2020,DHS,0.440899
     237   1,,0,0,2020,DHS,0.434116
     237   3,,0,0,2020,DHS,0.434116
     237   4,,0,0,2020,DHS,0.434116
     237   5,,0,0,2020,DHS,0.434116
     237   6,,0,0,2020,DHS,0.434116
     237   7,,0,0,2020,DHS,0.434116
     237   8,,0,0,2020,DHS,0.434116
     237   9,,0,0,2020,DHS,0.434116
     237  10,,0,0,2020,DHS,0.434116
     237  11,,0,0,2020,DHS,0.434116
     237  13,,0,0,2020,DHS,0.434116
     237  14,,0,0,2020,DHS,0.434116
     237  15,,0,0,2020,DHS,0.434116
     237  16,,0,0,2020,DHS,0.434116
     237  17,,0,0,2020,DHS,0.434116
     237  18,,0,0,2020,DHS,0.434116
     237  19,,0,0,2020,DHS,0.434116
     237  20,,0,0,2020,DHS,0.434116
     237  22,,0,0,2020,DHS,0.434116
     237  23,,0,0,2020,DHS,0.434116
     237  24,,0,0,2020,DHS,0.434116
     237  25,,0,0,2020,DHS,0.434116
     237  26,,0,0,2020,DHS,0.434116
     237  27,,0,0,2020,DHS,0.434116
     237  28,,0,0,2020,DHS,0.434116
     238   2,,0,0,2020,DHS,0.711666
     238   6,,0,0,2020,DHS,0.711666
     238   9,,0,0,2020,DHS,0.711666
     238  12,,0,0,2020,DHS,0.711666
     238  15,,0,0,2020,DHS,0.711666
     238  18,,0,0,2020,DHS,0.711666
     238  22,,0,0,2020,DHS,0.711666
     238  25,,0,0,2020,DHS,0.711666
     238  28,,0,0,2020,DHS,0.711666
     238  31,,0,0,2020,DHS,0.711666
     238  38,,0,0,2020,DHS,0.711666
     238  41,,0,0,2020,DHS,0.711666
     238  44,,0,0,2020,DHS,0.711666
     238  47,,0,0,2020,DHS,0.711666
     238  54,,0,0,2020,DHS,0.711666
     238  60,,0,0,2020,DHS,0.711666
     238  63,,0,0,2020,DHS,0.711666
     238  66,,0,0,2020,DHS,0.711666
     238  70,,0,0,2020,DHS,0.711666
     238  73,,0,0,2020,DHS,0.711666
     239   1,,0,0,2020,DHS,0.521774
     239   2,,0,0,2020,DHS,0.521774
     239   3,,0,0,2020,DHS,0.521774
     239   4,,0,0,2020,DHS,0.521774
     239   5,,0,0,2020,DHS,0.521774
     239   6,,0,0,2020,DHS,0.521774
     239   7,,0,0,2020,DHS,0.521774
     239   8,,0,0,2020,DHS,0.521774
     239   9,,0,0,2020,DHS,0.521774
     239  10,,0,0,2020,DHS,0.521774
     239  11,,0,0,2020,DHS,0.521774
     239  12,,0,0,2020,DHS,0.521774
     239  13,,0,0,2020,DHS,0.521774
     239  14,,0,0,2020,DHS,0.521774
     239  15,,0,0,2020,DHS,0.521774
     239  16,,0,0,2020,DHS,0.521774
     239  17,,0,0,2020,DHS,0.521774
     239  18,,0,0,2020,DHS,0.521774
     239  19,,0,0,2020,DHS,0.521774
     239  20,,0,0,2020,DHS,0.521774
     239  21,,0,0,2020,DHS,0.521774
     240   1,,0,0,2020,DHS,0.355186
     240   3,,0,0,2020,DHS,0.355186
     240   4,,0,0,2020,DHS,0.355186
     240   6,,0,0,2020,DHS,0.355186
     240   7,,0,0,2020,DHS,0.355186
     240   9,,0,0,2020,DHS,0.355186
     240  10,,0,0,2020,DHS,0.355186
     240  11,,0,0,2020,DHS,0.355186
     240  13,,0,0,2020,DHS,0.355186
     240  14,,0,0,2020,DHS,0.355186
     240  16,,0,0,2020,DHS,0.355186
     240  17,,0,0,2020,DHS,0.355186
     240  19,,0,0,2020,DHS,0.355186
     240  20,,0,0,2020,DHS,0.355186
     240  22,,0,0,2020,DHS,0.355186
     240  23,,0,0,2020,DHS,0.355186
     240  24,,0,0,2020,DHS,0.355186
     240  26,,0,0,2020,DHS,0.355186
     240  27,,0,0,2020,DHS,0.355186
     240  29,,0,0,2020,DHS,0.355186
     240  30,,0,0,2020,DHS,0.355186
     240  32,,0,0,2020,DHS,0.355186
     240  33,,0,0,2020,DHS,0.355186
     240  35,,0,0,2020,DHS,0.355186
     240  36,,0,0,2020,DHS,0.355186
     241   1,,0,0,2020,DHS,0.459161
     241   3,,0,0,2020,DHS,0.459161
     241   4,,0,0,2020,DHS,0.459161
     241   5,,0,0,2020,DHS,0.459161
     241   7,,0,0,2020,DHS,0.459161
     241   8,,0,0,2020,DHS,0.459161
     241   9,,0,0,2020,DHS,0.459161
     241  11,,0,0,2020,DHS,0.459161
     241  12,,0,0,2020,DHS,0.459161
     241  13,,0,0,2020,DHS,0.459161
     241  15,,0,0,2020,DHS,0.459161
     241  16,,0,0,2020,DHS,0.459161
     241  17,,0,0,2020,DHS,0.459161
     241  19,,0,0,2020,DHS,0.459161
     241  20,,0,0,2020,DHS,0.459161
     241  21,,0,0,2020,DHS,0.459161
     241  23,,0,0,2020,DHS,0.459161
     241  24,,0,0,2020,DHS,0.459161
     241  25,,0,0,2020,DHS,0.459161
     241  26,,0,0,2020,DHS,0.459161
     241  28,,0,0,2020,DHS,0.459161
     241  29,,0,0,2020,DHS,0.459161
     241  30,,0,0,2020,DHS,0.459161
     241  32,,0,0,2020,DHS,0.459161
     241  33,,0,0,2020,DHS,0.459161
     242   2,,0,0,2020,DHS,0.416276
     242   5,,0,0,2020,DHS,0.416276
     242   7,,0,0,2020,DHS,0.416276
     242   9,,0,0,2020,DHS,0.416276
     242  11,,0,0,2020,DHS,0.416276
     242  14,,0,0,2020,DHS,0.416276
     242  16,,0,0,2020,DHS,0.416276
     242  18,,0,0,2020,DHS,0.416276
     242  20,,0,0,2020,DHS,0.416276
     242  23,,0,0,2020,DHS,0.416276
     242  25,,0,0,2020,DHS,0.416276
     242  27,,0,0,2020,DHS,0.416276
     242  32,,0,0,2020,DHS,0.416276
     242  34,,0,0,2020,DHS,0.416276
     242  36,,0,0,2020,DHS,0.416276
     242  38,,0,0,2020,DHS,0.416276
     242  40,,0,0,2020,DHS,0.416276
     242  43,,0,0,2020,DHS,0.416276
     242  45,,0,0,2020,DHS,0.416276
     242  47,,0,0,2020,DHS,0.416276
     242  49,,0,0,2020,DHS,0.416276
     242  52,,0,0,2020,DHS,0.416276
     242  54,,0,0,2020,DHS,0.416276
     242  56,,0,0,2020,DHS,0.416276
     243   1,,0,0,2020,DHS,0.427189
     243   3,,0,0,2020,DHS,0.427189
     243   4,,0,0,2020,DHS,0.427189
     243   6,,0,0,2020,DHS,0.427189
     243   7,,0,0,2020,DHS,0.427189
     243   9,,0,0,2020,DHS,0.427189
     243  10,,0,0,2020,DHS,0.427189
     243  12,,0,0,2020,DHS,0.427189
     243  13,,0,0,2020,DHS,0.427189
     243  15,,0,0,2020,DHS,0.427189
     243  16,,0,0,2020,DHS,0.427189
     243  18,,0,0,2020,DHS,0.427189
     243  19,,0,0,2020,DHS,0.427189
     243  21,,0,0,2020,DHS,0.427189
     243  22,,0,0,2020,DHS,0.427189
     243  24,,0,0,2020,DHS,0.427189
     243  25,,0,0,2020,DHS,0.427189
     243  27,,0,0,2020,DHS,0.427189
     243  28,,0,0,2020,DHS,0.427189
     243  30,,0,0,2020,DHS,0.427189
     243  31,,0,0,2020,DHS,0.427189
     243  32,,0,0,2020,DHS,0.427189
     243  34,,0,0,2020,DHS,0.427189
     243  35,,0,0,2020,DHS,0.427189
     243  37,,0,0,2020,DHS,0.427189
     244   2,,0,0,2020,DHS,0.379852
     244   5,,0,0,2020,DHS,0.379852
     244   7,,0,0,2020,DHS,0.379852
     244   9,,0,0,2020,DHS,0.379852
     244  11,,0,0,2020,DHS,0.379852
     244  14,,0,0,2020,DHS,0.379852
     244  16,,0,0,2020,DHS,0.379852
     244  18,,0,0,2020,DHS,0.379852
     244  20,,0,0,2020,DHS,0.379852
     244  23,,0,0,2020,DHS,0.379852
     244  25,,0,0,2020,DHS,0.379852
     244  27,,0,0,2020,DHS,0.379852
     244  29,,0,0,2020,DHS,0.379852
     244  32,,0,0,2020,DHS,0.379852
     244  34,,0,0,2020,DHS,0.379852
     244  36,,0,0,2020,DHS,0.379852
     244  38,,0,0,2020,DHS,0.379852
     244  40,,0,0,2020,DHS,0.379852
     244  43,,0,0,2020,DHS,0.379852
     244  45,,0,0,2020,DHS,0.379852
     244  47,,0,0,2020,DHS,0.379852
     244  49,,0,0,2020,DHS,0.379852
     244  52,,0,0,2020,DHS,0.379852
     244  54,,0,0,2020,DHS,0.379852
     244  56,,0,0,2020,DHS,0.379852
     245   1,,0,0,2020,DHS,0.904408
     245   3,,0,0,2020,DHS,0.904408
     245   4,,0,0,2020,DHS,0.904408
     245   6,,0,0,2020,DHS,0.904408
     245   7,,0,0,2020,DHS,0.904408
     245   8,,0,0,2020,DHS,0.904408
     245  10,,0,0,2020,DHS,0.904408
     245  11,,0,0,2020,DHS,0.904408
     245  13,,0,0,2020,DHS,0.904408
     245  14,,0,0,2020,DHS,0.904408
     245  15,,0,0,2020,DHS,0.904408
     245  17,,0,0,2020,DHS,0.904408
     245  18,,0,0,2020,DHS,0.904408
     245  20,,0,0,2020,DHS,0.904408
     245  21,,0,0,2020,DHS,0.904408
     245  22,,0,0,2020,DHS,0.904408
     245  24,,0,0,2020,DHS,0.904408
     245  25,,0,0,2020,DHS,0.904408
     245  27,,0,0,2020,DHS,0.904408
     245  28,,0,0,2020,DHS,0.904408
     245  29,,0,0,2020,DHS,0.904408
     245  31,,0,0,2020,DHS,0.904408
     245  32,,0,0,2020,DHS,0.904408
     245  34,,0,0,2020,DHS,0.904408
     245  35,,0,0,2020,DHS,0.904408
     246   4,,0,0,2020,DHS,0.612988
     246   6,,0,0,2020,DHS,0.612988
     246   9,,0,0,2020,DHS,0.612988
     246  11,,0,0,2020,DHS,0.612988
     246  14,,0,0,2020,DHS,0.612988
     246  16,,0,0,2020,DHS,0.612988
     246  18,,0,0,2020,DHS,0.612988
     246  21,,0,0,2020,DHS,0.612988
     246  23,,0,0,2020,DHS,0.612988
     246  26,,0,0,2020,DHS,0.612988
     246  28,,0,0,2020,DHS,0.612988
     246  31,,0,0,2020,DHS,0.612988
     246  33,,0,0,2020,DHS,0.612988
     246  36,,0,0,2020,DHS,0.612988
     246  38,,0,0,2020,DHS,0.612988
     246  40,,0,0,2020,DHS,0.612988
     246  43,,0,0,2020,DHS,0.612988
     246  45,,0,0,2020,DHS,0.612988
     246  48,,0,0,2020,DHS,0.612988
     246  50,,0,0,2020,DHS,0.612988
     246  53,,0,0,2020,DHS,0.612988
     246  55,,0,0,2020,DHS,0.612988
     246  58,,0,0,2020,DHS,0.612988
     246  60,,0,0,2020,DHS,0.612988
     247   1,,0,0,2020,DHS,0.271323
     247   3,,0,0,2020,DHS,0.271323
     247   4,,0,0,2020,DHS,0.271323
     247   6,,0,0,2020,DHS,0.271323
     247   7,,0,0,2020,DHS,0.271323
     247   8,,0,0,2020,DHS,0.271323
     247  10,,0,0,2020,DHS,0.271323
     247  11,,0,0,2020,DHS,0.271323
     247  13,,0,0,2020,DHS,0.271323
     247  14,,0,0,2020,DHS,0.271323
     247  15,,0,0,2020,DHS,0.271323
     247  17,,0,0,2020,DHS,0.271323
     247  18,,0,0,2020,DHS,0.271323
     247  20,,0,0,2020,DHS,0.271323
     247  21,,0,0,2020,DHS,0.271323
     247  22,,0,0,2020,DHS,0.271323
     247  24,,0,0,2020,DHS,0.271323
     247  25,,0,0,2020,DHS,0.271323
     247  27,,0,0,2020,DHS,0.271323
     247  28,,0,0,2020,DHS,0.271323
     247  29,,0,0,2020,DHS,0.271323
     247  31,,0,0,2020,DHS,0.271323
     247  32,,0,0,2020,DHS,0.271323
     247  34,,0,0,2020,DHS,0.271323
     247  35,,0,0,2020,DHS,0.271323
     248   1,,0,0,2020,DHS,0.446369
     248   3,,0,0,2020,DHS,0.446369
     248   5,,0,0,2020,DHS,0.446369
     248   8,,0,0,2020,DHS,0.446369
     248  10,,0,0,2020,DHS,0.446369
     248  12,,0,0,2020,DHS,0.446369
     248  14,,0,0,2020,DHS,0.446369
     248  16,,0,0,2020,DHS,0.446369
     248  18,,0,0,2020,DHS,0.446369
     248  20,,0,0,2020,DHS,0.446369
     248  22,,0,0,2020,DHS,0.446369
     248  24,,0,0,2020,DHS,0.446369
     248  26,,0,0,2020,DHS,0.446369
     248  30,,0,0,2020,DHS,0.446369
     248  32,,0,0,2020,DHS,0.446369
     248  34,,0,0,2020,DHS,0.446369
     248  36,,0,0,2020,DHS,0.446369
     248  38,,0,0,2020,DHS,0.446369
     248  40,,0,0,2020,DHS,0.446369
     248  42,,0,0,2020,DHS,0.446369
     248  44,,0,0,2020,DHS,0.446369
     248  46,,0,0,2020,DHS,0.446369
     248  48,,0,0,2020,DHS,0.446369
     248  50,,0,0,2020,DHS,0.446369
     249   1,,0,0,2020,DHS,0.50598
     249   4,,0,0,2020,DHS,0.50598
     249   7,,0,0,2020,DHS,0.50598
     249  10,,0,0,2020,DHS,0.50598
     249  12,,0,0,2020,DHS,0.50598
     249  15,,0,0,2020,DHS,0.50598
     249  18,,0,0,2020,DHS,0.50598
     249  21,,0,0,2020,DHS,0.50598
     249  23,,0,0,2020,DHS,0.50598
     249  26,,0,0,2020,DHS,0.50598
     249  29,,0,0,2020,DHS,0.50598
     249  32,,0,0,2020,DHS,0.50598
     249  35,,0,0,2020,DHS,0.50598
     249  37,,0,0,2020,DHS,0.50598
     249  40,,0,0,2020,DHS,0.50598
     249  43,,0,0,2020,DHS,0.50598
     249  46,,0,0,2020,DHS,0.50598
     249  48,,0,0,2020,DHS,0.50598
     249  51,,0,0,2020,DHS,0.50598
     249  54,,0,0,2020,DHS,0.50598
     249  57,,0,0,2020,DHS,0.50598
     249  59,,0,0,2020,DHS,0.50598
     249  62,,0,0,2020,DHS,0.50598
     249  65,,0,0,2020,DHS,0.50598
     249  68,,0,0,2020,DHS,0.50598
     250   1,,0,0,2020,DHS,0.66901
     250   3,,0,0,2020,DHS,0.66901
     250   5,,0,0,2020,DHS,0.66901
     250   6,,0,0,2020,DHS,0.66901
     250   8,,0,0,2020,DHS,0.66901
     250   9,,0,0,2020,DHS,0.66901
     250  11,,0,0,2020,DHS,0.66901
     250  13,,0,0,2020,DHS,0.66901
     250  14,,0,0,2020,DHS,0.66901
     250  16,,0,0,2020,DHS,0.66901
     250  17,,0,0,2020,DHS,0.66901
     250  21,,0,0,2020,DHS,0.66901
     250  22,,0,0,2020,DHS,0.66901
     250  24,,0,0,2020,DHS,0.66901
     250  27,,0,0,2020,DHS,0.66901
     250  29,,0,0,2020,DHS,0.66901
     250  30,,0,0,2020,DHS,0.66901
     250  32,,0,0,2020,DHS,0.66901
     250  33,,0,0,2020,DHS,0.66901
     250  35,,0,0,2020,DHS,0.66901
     250  37,,0,0,2020,DHS,0.66901
     250  40,,0,0,2020,DHS,0.66901
     251   1,,0,0,2020,DHS,0.764902
     251   3,,0,0,2020,DHS,0.764902
     251   5,,0,0,2020,DHS,0.764902
     251   7,,0,0,2020,DHS,0.764902
     251   9,,0,0,2020,DHS,0.764902
     251  13,,0,0,2020,DHS,0.764902
     251  15,,0,0,2020,DHS,0.764902
     251  17,,0,0,2020,DHS,0.764902
     251  19,,0,0,2020,DHS,0.764902
     251  21,,0,0,2020,DHS,0.764902
     251  25,,0,0,2020,DHS,0.764902
     251  27,,0,0,2020,DHS,0.764902
     251  29,,0,0,2020,DHS,0.764902
     251  31,,0,0,2020,DHS,0.764902
     251  33,,0,0,2020,DHS,0.764902
     251  37,,0,0,2020,DHS,0.764902
     251  43,,0,0,2020,DHS,0.764902
     251  45,,0,0,2020,DHS,0.764902
     251  46,,0,0,2020,DHS,0.764902
     251  48,,0,0,2020,DHS,0.764902
     252   2,,0,0,2020,DHS,0.600655
     252   5,,0,0,2020,DHS,0.600655
     252   9,,0,0,2020,DHS,0.600655
     252  12,,0,0,2020,DHS,0.600655
     252  14,,0,0,2020,DHS,0.600655
     252  17,,0,0,2020,DHS,0.600655
     252  19,,0,0,2020,DHS,0.600655
     252  21,,0,0,2020,DHS,0.600655
     252  26,,0,0,2020,DHS,0.600655
     252  28,,0,0,2020,DHS,0.600655
     252  31,,0,0,2020,DHS,0.600655
     252  33,,0,0,2020,DHS,0.600655
     252  35,,0,0,2020,DHS,0.600655
     252  38,,0,0,2020,DHS,0.600655
     252  40,,0,0,2020,DHS,0.600655
     252  43,,0,0,2020,DHS,0.600655
     252  47,,0,0,2020,DHS,0.600655
     252  50,,0,0,2020,DHS,0.600655
     252  52,,0,0,2020,DHS,0.600655
     252  57,,0,0,2020,DHS,0.600655
     252  59,,0,0,2020,DHS,0.600655
     253   1,,0,0,2020,DHS,0.887319
     253   4,,0,0,2020,DHS,0.887319
     253   6,,0,0,2020,DHS,0.887319
     253   8,,0,0,2020,DHS,0.887319
     253  12,,0,0,2020,DHS,0.887319
     253  14,,0,0,2020,DHS,0.887319
     253  17,,0,0,2020,DHS,0.887319
     253  19,,0,0,2020,DHS,0.887319
     253  21,,0,0,2020,DHS,0.887319
     253  23,,0,0,2020,DHS,0.887319
     253  25,,0,0,2020,DHS,0.887319
     253  27,,0,0,2020,DHS,0.887319
     253  29,,0,0,2020,DHS,0.887319
     253  32,,0,0,2020,DHS,0.887319
     253  34,,0,0,2020,DHS,0.887319
     253  38,,0,0,2020,DHS,0.887319
     253  40,,0,0,2020,DHS,0.887319
     253  42,,0,0,2020,DHS,0.887319
     253  45,,0,0,2020,DHS,0.887319
     253  47,,0,0,2020,DHS,0.887319
     253  49,,0,0,2020,DHS,0.887319
     253  53,,0,0,2020,DHS,0.887319
     254   1,,0,0,2020,DHS,0.509629
     254   4,,0,0,2020,DHS,0.509629
     254   7,,0,0,2020,DHS,0.509629
     254  10,,0,0,2020,DHS,0.509629
     254  13,,0,0,2020,DHS,0.509629
     254  16,,0,0,2020,DHS,0.509629
     254  19,,0,0,2020,DHS,0.509629
     254  22,,0,0,2020,DHS,0.509629
     254  25,,0,0,2020,DHS,0.509629
     254  31,,0,0,2020,DHS,0.509629
     254  34,,0,0,2020,DHS,0.509629
     254  37,,0,0,2020,DHS,0.509629
     254  40,,0,0,2020,DHS,0.509629
     254  43,,0,0,2020,DHS,0.509629
     254  46,,0,0,2020,DHS,0.509629
     254  49,,0,0,2020,DHS,0.509629
     254  52,,0,0,2020,DHS,0.509629
     254  55,,0,0,2020,DHS,0.509629
     254  58,,0,0,2020,DHS,0.509629
     254  61,,0,0,2020,DHS,0.509629
     254  64,,0,0,2020,DHS,0.509629
     254  67,,0,0,2020,DHS,0.509629
     254  69,,0,0,2020,DHS,0.509629
     254  72,,0,0,2020,DHS,0.509629
     255   1,,0,0,2020,DHS,0.358117
     255   3,,0,0,2020,DHS,0.358117
     255   5,,0,0,2020,DHS,0.358117
     255   6,,0,0,2020,DHS,0.358117
     255   9,,0,0,2020,DHS,0.358117
     255  11,,0,0,2020,DHS,0.358117
     255  12,,0,0,2020,DHS,0.358117
     255  15,,0,0,2020,DHS,0.358117
     255  19,,0,0,2020,DHS,0.358117
     255  20,,0,0,2020,DHS,0.358117
     255  23,,0,0,2020,DHS,0.358117
     255  25,,0,0,2020,DHS,0.358117
     255  26,,0,0,2020,DHS,0.358117
     255  28,,0,0,2020,DHS,0.358117
     255  29,,0,0,2020,DHS,0.358117
     255  31,,0,0,2020,DHS,0.358117
     255  33,,0,0,2020,DHS,0.358117
     255  34,,0,0,2020,DHS,0.358117
     255  36,,0,0,2020,DHS,0.358117
     255  37,,0,0,2020,DHS,0.358117
     255  39,,0,0,2020,DHS,0.358117
     256   7,,0,0,2020,DHS,0.529878
     256  13,,0,0,2020,DHS,0.529878
     256  24,,0,0,2020,DHS,0.529878
     256  30,,0,0,2020,DHS,0.529878
     256  35,,0,0,2020,DHS,0.529878
     256  41,,0,0,2020,DHS,0.529878
     256  47,,0,0,2020,DHS,0.529878
     256  53,,0,0,2020,DHS,0.529878
     256  58,,0,0,2020,DHS,0.529878
     256  64,,0,0,2020,DHS,0.529878
     256  70,,0,0,2020,DHS,0.529878
     256  75,,0,0,2020,DHS,0.529878
     256  81,,0,0,2020,DHS,0.529878
     256  87,,0,0,2020,DHS,0.529878
     256  92,,0,0,2020,DHS,0.529878
     256  98,,0,0,2020,DHS,0.529878
     256 104,,0,0,2020,DHS,0.529878
     256 115,,0,0,2020,DHS,0.529878
     256 126,,0,0,2020,DHS,0.529878
     256 132,,0,0,2020,DHS,0.529878
     257   2,,0,0,2020,DHS,0.507333
     257   7,,0,0,2020,DHS,0.507333
     257   9,,0,0,2020,DHS,0.507333
     257  11,,0,0,2020,DHS,0.507333
     257  13,,0,0,2020,DHS,0.507333
     257  17,,0,0,2020,DHS,0.507333
     257  21,,0,0,2020,DHS,0.507333
     257  23,,0,0,2020,DHS,0.507333
     257  27,,0,0,2020,DHS,0.507333
     257  29,,0,0,2020,DHS,0.507333
     257  32,,0,0,2020,DHS,0.507333
     257  34,,0,0,2020,DHS,0.507333
     257  36,,0,0,2020,DHS,0.507333
     257  38,,0,0,2020,DHS,0.507333
     257  40,,0,0,2020,DHS,0.507333
     257  42,,0,0,2020,DHS,0.507333
     257  44,,0,0,2020,DHS,0.507333
     257  46,,0,0,2020,DHS,0.507333
     257  48,,0,0,2020,DHS,0.507333
     257  50,,0,0,2020,DHS,0.507333
     257  52,,0,0,2020,DHS,0.507333
     258   1,,0,0,2020,DHS,0.653863
     258   3,,0,0,2020,DHS,0.653863
     258   4,,0,0,2020,DHS,0.653863
     258   6,,0,0,2020,DHS,0.653863
     258   7,,0,0,2020,DHS,0.653863
     258   9,,0,0,2020,DHS,0.653863
     258  10,,0,0,2020,DHS,0.653863
     258  12,,0,0,2020,DHS,0.653863
     258  13,,0,0,2020,DHS,0.653863
     258  15,,0,0,2020,DHS,0.653863
     258  18,,0,0,2020,DHS,0.653863
     258  19,,0,0,2020,DHS,0.653863
     258  21,,0,0,2020,DHS,0.653863
     258  22,,0,0,2020,DHS,0.653863
     258  24,,0,0,2020,DHS,0.653863
     258  25,,0,0,2020,DHS,0.653863
     258  27,,0,0,2020,DHS,0.653863
     258  28,,0,0,2020,DHS,0.653863
     258  30,,0,0,2020,DHS,0.653863
     258  32,,0,0,2020,DHS,0.653863
     258  34,,0,0,2020,DHS,0.653863
     258  35,,0,0,2020,DHS,0.653863
     258  37,,0,0,2020,DHS,0.653863
     259   2,,0,0,2020,DHS,0.80942
     259   5,,0,0,2020,DHS,0.80942
     259   8,,0,0,2020,DHS,0.80942
     259  11,,0,0,2020,DHS,0.80942
     259  14,,0,0,2020,DHS,0.80942
     259  16,,0,0,2020,DHS,0.80942
     259  19,,0,0,2020,DHS,0.80942
     259  25,,0,0,2020,DHS,0.80942
     259  28,,0,0,2020,DHS,0.80942
     259  30,,0,0,2020,DHS,0.80942
     259  33,,0,0,2020,DHS,0.80942
     259  36,,0,0,2020,DHS,0.80942
     259  39,,0,0,2020,DHS,0.80942
     259  42,,0,0,2020,DHS,0.80942
     259  44,,0,0,2020,DHS,0.80942
     259  47,,0,0,2020,DHS,0.80942
     259  50,,0,0,2020,DHS,0.80942
     259  53,,0,0,2020,DHS,0.80942
     259  56,,0,0,2020,DHS,0.80942
     259  61,,0,0,2020,DHS,0.80942
     259  64,,0,0,2020,DHS,0.80942
     259  67,,0,0,2020,DHS,0.80942
     259  70,,0,0,2020,DHS,0.80942
     260   1,,0,0,2020,DHS,0.510881
     260   3,,0,0,2020,DHS,0.510881
     260   4,,0,0,2020,DHS,0.510881
     260   5,,0,0,2020,DHS,0.510881
     260   6,,0,0,2020,DHS,0.510881
     260   7,,0,0,2020,DHS,0.510881
     260   9,,0,0,2020,DHS,0.510881
     260  10,,0,0,2020,DHS,0.510881
     260  11,,0,0,2020,DHS,0.510881
     260  12,,0,0,2020,DHS,0.510881
     260  13,,0,0,2020,DHS,0.510881
     260  15,,0,0,2020,DHS,0.510881
     260  16,,0,0,2020,DHS,0.510881
     260  17,,0,0,2020,DHS,0.510881
     260  19,,0,0,2020,DHS,0.510881
     260  21,,0,0,2020,DHS,0.510881
     260  23,,0,0,2020,DHS,0.510881
     260  24,,0,0,2020,DHS,0.510881
     260  25,,0,0,2020,DHS,0.510881
     260  27,,0,0,2020,DHS,0.510881
     260  28,,0,0,2020,DHS,0.510881
     260  29,,0,0,2020,DHS,0.510881
     260  30,,0,0,2020,DHS,0.510881
     261   1,,0,0,2020,DHS,0.498199
     261   2,,0,0,2020,DHS,0.498199
     261   3,,0,0,2020,DHS,0.498199
     261   4,,0,0,2020,DHS,0.498199
     261   5,,0,0,2020,DHS,0.498199
     261   6,,0,0,2020,DHS,0.498199
     261   7,,0,0,2020,DHS,0.498199
     261   8,,0,0,2020,DHS,0.498199
     261   9,,0,0,2020,DHS,0.498199
     261  10,,0,0,2020,DHS,0.498199
     261  11,,0,0,2020,DHS,0.498199
     261  12,,0,0,2020,DHS,0.498199
     261  13,,0,0,2020,DHS,0.498199
     261  14,,0,0,2020,DHS,0.498199
     261  15,,0,0,2020,DHS,0.498199
     261  16,,0,0,2020,DHS,0.498199
     261  17,,0,0,2020,DHS,0.498199
     261  18,,0,0,2020,DHS,0.498199
     261  19,,0,0,2020,DHS,0.498199
     261  20,,0,0,2020,DHS,0.498199
     261  21,,0,0,2020,DHS,0.498199
     261  22,,0,0,2020,DHS,0.498199
     262   1,,0,0,2020,DHS,0.361104
     262   3,,0,0,2020,DHS,0.361104
     262   4,,0,0,2020,DHS,0.361104
     262   5,,0,0,2020,DHS,0.361104
     262   7,,0,0,2020,DHS,0.361104
     262   9,,0,0,2020,DHS,0.361104
     262  10,,0,0,2020,DHS,0.361104
     262  12,,0,0,2020,DHS,0.361104
     262  13,,0,0,2020,DHS,0.361104
     262  14,,0,0,2020,DHS,0.361104
     262  15,,0,0,2020,DHS,0.361104
     262  17,,0,0,2020,DHS,0.361104
     262  18,,0,0,2020,DHS,0.361104
     262  19,,0,0,2020,DHS,0.361104
     262  21,,0,0,2020,DHS,0.361104
     262  24,,0,0,2020,DHS,0.361104
     262  26,,0,0,2020,DHS,0.361104
     262  27,,0,0,2020,DHS,0.361104
     262  28,,0,0,2020,DHS,0.361104
     262  30,,0,0,2020,DHS,0.361104
     262  31,,0,0,2020,DHS,0.361104
     262  32,,0,0,2020,DHS,0.361104
     263   1,,0,0,2020,DHS,0.610429
     263   3,,0,0,2020,DHS,0.610429
     263   5,,0,0,2020,DHS,0.610429
     263   7,,0,0,2020,DHS,0.610429
     263   8,,0,0,2020,DHS,0.610429
     263  10,,0,0,2020,DHS,0.610429
     263  12,,0,0,2020,DHS,0.610429
     263  13,,0,0,2020,DHS,0.610429
     263  15,,0,0,2020,DHS,0.610429
     263  17,,0,0,2020,DHS,0.610429
     263  20,,0,0,2020,DHS,0.610429
     263  22,,0,0,2020,DHS,0.610429
     263  24,,0,0,2020,DHS,0.610429
     263  27,,0,0,2020,DHS,0.610429
     263  29,,0,0,2020,DHS,0.610429
     263  32,,0,0,2020,DHS,0.610429
     263  34,,0,0,2020,DHS,0.610429
     263  36,,0,0,2020,DHS,0.610429
     263  38,,0,0,2020,DHS,0.610429
     263  39,,0,0,2020,DHS,0.610429
     263  41,,0,0,2020,DHS,0.610429
     263  43,,0,0,2020,DHS,0.610429
     264   1,,0,0,2020,DHS,1.283501
     264   4,,0,0,2020,DHS,1.283501
     264   7,,0,0,2020,DHS,1.283501
     264   9,,0,0,2020,DHS,1.283501
     264  12,,0,0,2020,DHS,1.283501
     264  14,,0,0,2020,DHS,1.283501
     264  17,,0,0,2020,DHS,1.283501
     264  22,,0,0,2020,DHS,1.283501
     264  27,,0,0,2020,DHS,1.283501
     264  30,,0,0,2020,DHS,1.283501
     264  32,,0,0,2020,DHS,1.283501
     264  35,,0,0,2020,DHS,1.283501
     264  37,,0,0,2020,DHS,1.283501
     264  40,,0,0,2020,DHS,1.283501
     264  42,,0,0,2020,DHS,1.283501
     264  45,,0,0,2020,DHS,1.283501
     264  47,,0,0,2020,DHS,1.283501
     264  50,,0,0,2020,DHS,1.283501
     264  53,,0,0,2020,DHS,1.283501
     264  55,,0,0,2020,DHS,1.283501
     264  58,,0,0,2020,DHS,1.283501
     264  60,,0,0,2020,DHS,1.283501
     264  63,,0,0,2020,DHS,1.283501
     265   1,,0,0,2020,DHS,0.541477
     265   3,,0,0,2020,DHS,0.541477
     265   4,,0,0,2020,DHS,0.541477
     265   5,,0,0,2020,DHS,0.541477
     265   7,,0,0,2020,DHS,0.541477
     265   9,,0,0,2020,DHS,0.541477
     265  11,,0,0,2020,DHS,0.541477
     265  12,,0,0,2020,DHS,0.541477
     265  13,,0,0,2020,DHS,0.541477
     265  15,,0,0,2020,DHS,0.541477
     265  16,,0,0,2020,DHS,0.541477
     265  17,,0,0,2020,DHS,0.541477
     265  19,,0,0,2020,DHS,0.541477
     265  20,,0,0,2020,DHS,0.541477
     265  21,,0,0,2020,DHS,0.541477
     265  23,,0,0,2020,DHS,0.541477
     265  24,,0,0,2020,DHS,0.541477
     265  26,,0,0,2020,DHS,0.541477
     265  28,,0,0,2020,DHS,0.541477
     265  29,,0,0,2020,DHS,0.541477
     265  30,,0,0,2020,DHS,0.541477
     265  32,,0,0,2020,DHS,0.541477
     265  33,,0,0,2020,DHS,0.541477
     266   1,,0,0,2020,DHS,1.228351
     266   3,,0,0,2020,DHS,1.228351
     266   4,,0,0,2020,DHS,1.228351
     266   7,,0,0,2020,DHS,1.228351
     266   8,,0,0,2020,DHS,1.228351
     266  10,,0,0,2020,DHS,1.228351
     266  11,,0,0,2020,DHS,1.228351
     266  13,,0,0,2020,DHS,1.228351
     266  14,,0,0,2020,DHS,1.228351
     266  17,,0,0,2020,DHS,1.228351
     266  18,,0,0,2020,DHS,1.228351
     266  20,,0,0,2020,DHS,1.228351
     266  21,,0,0,2020,DHS,1.228351
     266  22,,0,0,2020,DHS,1.228351
     266  24,,0,0,2020,DHS,1.228351
     266  27,,0,0,2020,DHS,1.228351
     266  28,,0,0,2020,DHS,1.228351
     266  29,,0,0,2020,DHS,1.228351
     266  32,,0,0,2020,DHS,1.228351
     266  34,,0,0,2020,DHS,1.228351
     266  35,,0,0,2020,DHS,1.228351
     268   1,,0,0,2020,DHS,0.58458
     268   3,,0,0,2020,DHS,0.58458
     268   4,,0,0,2020,DHS,0.58458
     268   5,,0,0,2020,DHS,0.58458
     268   6,,0,0,2020,DHS,0.58458
     268   8,,0,0,2020,DHS,0.58458
     268   9,,0,0,2020,DHS,0.58458
     268  10,,0,0,2020,DHS,0.58458
     268  11,,0,0,2020,DHS,0.58458
     268  13,,0,0,2020,DHS,0.58458
     268  14,,0,0,2020,DHS,0.58458
     268  15,,0,0,2020,DHS,0.58458
     268  16,,0,0,2020,DHS,0.58458
     268  18,,0,0,2020,DHS,0.58458
     268  19,,0,0,2020,DHS,0.58458
     268  20,,0,0,2020,DHS,0.58458
     268  21,,0,0,2020,DHS,0.58458
     268  22,,0,0,2020,DHS,0.58458
     268  24,,0,0,2020,DHS,0.58458
     268  25,,0,0,2020,DHS,0.58458
     268  26,,0,0,2020,DHS,0.58458
     268  27,,0,0,2020,DHS,0.58458
     268  29,,0,0,2020,DHS,0.58458
     268  30,,0,0,2020,DHS,0.58458
     268  31,,0,0,2020,DHS,0.58458
     269   1,,0,0,2020,DHS,0.535359
     269   2,,0,0,2020,DHS,0.535359
     269   3,,0,0,2020,DHS,0.535359
     269   4,,0,0,2020,DHS,0.535359
     269   5,,0,0,2020,DHS,0.535359
     269   6,,0,0,2020,DHS,0.535359
     269   7,,0,0,2020,DHS,0.535359
     269   8,,0,0,2020,DHS,0.535359
     269   9,,0,0,2020,DHS,0.535359
     269  10,,0,0,2020,DHS,0.535359
     269  11,,0,0,2020,DHS,0.535359
     269  12,,0,0,2020,DHS,0.535359
     269  13,,0,0,2020,DHS,0.535359
     269  14,,0,0,2020,DHS,0.535359
     269  15,,0,0,2020,DHS,0.535359
     269  16,,0,0,2020,DHS,0.535359
     269  17,,0,0,2020,DHS,0.535359
     269  18,,0,0,2020,DHS,0.535359
     269  19,,0,0,2020,DHS,0.535359
     269  20,,0,0,2020,DHS,0.535359
     269  21,,0,0,2020,DHS,0.535359
     270   1,,0,0,2020,DHS,0.57796
     270   3,,0,0,2020,DHS,0.57796
     270   5,,0,0,2020,DHS,0.57796
     270   7,,0,0,2020,DHS,0.57796
     270   8,,0,0,2020,DHS,0.57796
     270  10,,0,0,2020,DHS,0.57796
     270  12,,0,0,2020,DHS,0.57796
     270  13,,0,0,2020,DHS,0.57796
     270  15,,0,0,2020,DHS,0.57796
     270  17,,0,0,2020,DHS,0.57796
     270  19,,0,0,2020,DHS,0.57796
     270  20,,0,0,2020,DHS,0.57796
     270  22,,0,0,2020,DHS,0.57796
     270  24,,0,0,2020,DHS,0.57796
     270  25,,0,0,2020,DHS,0.57796
     270  27,,0,0,2020,DHS,0.57796
     270  29,,0,0,2020,DHS,0.57796
     270  31,,0,0,2020,DHS,0.57796
     270  32,,0,0,2020,DHS,0.57796
     270  34,,0,0,2020,DHS,0.57796
     270  36,,0,0,2020,DHS,0.57796
     270  38,,0,0,2020,DHS,0.57796
     270  39,,0,0,2020,DHS,0.57796
     270  41,,0,0,2020,DHS,0.57796
     270  43,,0,0,2020,DHS,0.57796
     271   1,,0,0,2020,DHS,0.519225
     271   4,,0,0,2020,DHS,0.519225
     271   6,,0,0,2020,DHS,0.519225
     271   9,,0,0,2020,DHS,0.519225
     271  11,,0,0,2020,DHS,0.519225
     271  13,,0,0,2020,DHS,0.519225
     271  16,,0,0,2020,DHS,0.519225
     271  18,,0,0,2020,DHS,0.519225
     271  21,,0,0,2020,DHS,0.519225
     271  23,,0,0,2020,DHS,0.519225
     271  25,,0,0,2020,DHS,0.519225
     271  28,,0,0,2020,DHS,0.519225
     271  30,,0,0,2020,DHS,0.519225
     271  33,,0,0,2020,DHS,0.519225
     271  35,,0,0,2020,DHS,0.519225
     271  37,,0,0,2020,DHS,0.519225
     271  40,,0,0,2020,DHS,0.519225
     271  42,,0,0,2020,DHS,0.519225
     271  45,,0,0,2020,DHS,0.519225
     271  47,,0,0,2020,DHS,0.519225
     271  49,,0,0,2020,DHS,0.519225
     271  52,,0,0,2020,DHS,0.519225
     271  54,,0,0,2020,DHS,0.519225
     271  57,,0,0,2020,DHS,0.519225
     271  59,,0,0,2020,DHS,0.519225
     272   1,,0,0,2020,DHS,0.620237
     272   2,,0,0,2020,DHS,0.620237
     272   4,,0,0,2020,DHS,0.620237
     272   5,,0,0,2020,DHS,0.620237
     272   6,,0,0,2020,DHS,0.620237
     272   7,,0,0,2020,DHS,0.620237
     272   8,,0,0,2020,DHS,0.620237
     272   9,,0,0,2020,DHS,0.620237
     272  10,,0,0,2020,DHS,0.620237
     272  11,,0,0,2020,DHS,0.620237
     272  12,,0,0,2020,DHS,0.620237
     272  13,,0,0,2020,DHS,0.620237
     272  14,,0,0,2020,DHS,0.620237
     272  15,,0,0,2020,DHS,0.620237
     272  17,,0,0,2020,DHS,0.620237
     272  18,,0,0,2020,DHS,0.620237
     272  19,,0,0,2020,DHS,0.620237
     272  20,,0,0,2020,DHS,0.620237
     272  21,,0,0,2020,DHS,0.620237
     272  23,,0,0,2020,DHS,0.620237
     272  24,,0,0,2020,DHS,0.620237
     272  25,,0,0,2020,DHS,0.620237
     272  26,,0,0,2020,DHS,0.620237
     272  27,,0,0,2020,DHS,0.620237
     273   1,,0,0,2020,DHS,0.487329
     273   2,,0,0,2020,DHS,0.487329
     273   4,,0,0,2020,DHS,0.487329
     273   5,,0,0,2020,DHS,0.487329
     273   6,,0,0,2020,DHS,0.487329
     273   7,,0,0,2020,DHS,0.487329
     273   8,,0,0,2020,DHS,0.487329
     273   9,,0,0,2020,DHS,0.487329
     273  10,,0,0,2020,DHS,0.487329
     273  11,,0,0,2020,DHS,0.487329
     273  12,,0,0,2020,DHS,0.487329
     273  13,,0,0,2020,DHS,0.487329
     273  14,,0,0,2020,DHS,0.487329
     273  15,,0,0,2020,DHS,0.487329
     273  17,,0,0,2020,DHS,0.487329
     273  18,,0,0,2020,DHS,0.487329
     273  19,,0,0,2020,DHS,0.487329
     273  20,,0,0,2020,DHS,0.487329
     273  21,,0,0,2020,DHS,0.487329
     273  22,,0,0,2020,DHS,0.487329
     273  23,,0,0,2020,DHS,0.487329
     273  24,,0,0,2020,DHS,0.487329
     273  25,,0,0,2020,DHS,0.487329
     273  26,,0,0,2020,DHS,0.487329
     273  27,,0,0,2020,DHS,0.487329
     274   1,,0,0,2020,DHS,0.551322
     274   3,,0,0,2020,DHS,0.551322
     274   7,,0,0,2020,DHS,0.551322
     274   9,,0,0,2020,DHS,0.551322
     274  11,,0,0,2020,DHS,0.551322
     274  13,,0,0,2020,DHS,0.551322
     274  15,,0,0,2020,DHS,0.551322
     274  17,,0,0,2020,DHS,0.551322
     274  19,,0,0,2020,DHS,0.551322
     274  21,,0,0,2020,DHS,0.551322
     274  23,,0,0,2020,DHS,0.551322
     274  24,,0,0,2020,DHS,0.551322
     274  26,,0,0,2020,DHS,0.551322
     274  28,,0,0,2020,DHS,0.551322
     274  30,,0,0,2020,DHS,0.551322
     274  32,,0,0,2020,DHS,0.551322
     274  34,,0,0,2020,DHS,0.551322
     274  36,,0,0,2020,DHS,0.551322
     274  38,,0,0,2020,DHS,0.551322
     274  40,,0,0,2020,DHS,0.551322
     274  42,,0,0,2020,DHS,0.551322
     274  44,,0,0,2020,DHS,0.551322
     274  46,,0,0,2020,DHS,0.551322
     274  47,,0,0,2020,DHS,0.551322
     275   1,,0,0,2020,DHS,0.797966
     275   3,,0,0,2020,DHS,0.797966
     275   4,,0,0,2020,DHS,0.797966
     275   6,,0,0,2020,DHS,0.797966
     275   9,,0,0,2020,DHS,0.797966
     275  10,,0,0,2020,DHS,0.797966
     275  11,,0,0,2020,DHS,0.797966
     275  13,,0,0,2020,DHS,0.797966
     275  14,,0,0,2020,DHS,0.797966
     275  16,,0,0,2020,DHS,0.797966
     275  17,,0,0,2020,DHS,0.797966
     275  20,,0,0,2020,DHS,0.797966
     275  22,,0,0,2020,DHS,0.797966
     275  23,,0,0,2020,DHS,0.797966
     275  24,,0,0,2020,DHS,0.797966
     275  26,,0,0,2020,DHS,0.797966
     275  27,,0,0,2020,DHS,0.797966
     275  29,,0,0,2020,DHS,0.797966
     275  30,,0,0,2020,DHS,0.797966
     275  32,,0,0,2020,DHS,0.797966
     275  33,,0,0,2020,DHS,0.797966
     275  35,,0,0,2020,DHS,0.797966
     275  36,,0,0,2020,DHS,0.797966
     276   1,,0,0,2020,DHS,0.690684
     276   3,,0,0,2020,DHS,0.690684
     276   5,,0,0,2020,DHS,0.690684
     276   6,,0,0,2020,DHS,0.690684
     276   8,,0,0,2020,DHS,0.690684
     276  10,,0,0,2020,DHS,0.690684
     276  11,,0,0,2020,DHS,0.690684
     276  13,,0,0,2020,DHS,0.690684
     276  15,,0,0,2020,DHS,0.690684
     276  16,,0,0,2020,DHS,0.690684
     276  18,,0,0,2020,DHS,0.690684
     276  19,,0,0,2020,DHS,0.690684
     276  21,,0,0,2020,DHS,0.690684
     276  23,,0,0,2020,DHS,0.690684
     276  24,,0,0,2020,DHS,0.690684
     276  26,,0,0,2020,DHS,0.690684
     276  28,,0,0,2020,DHS,0.690684
     276  29,,0,0,2020,DHS,0.690684
     276  31,,0,0,2020,DHS,0.690684
     276  33,,0,0,2020,DHS,0.690684
     276  34,,0,0,2020,DHS,0.690684
     276  36,,0,0,2020,DHS,0.690684
     276  37,,0,0,2020,DHS,0.690684
     276  39,,0,0,2020,DHS,0.690684
     276  41,,0,0,2020,DHS,0.690684
     277   1,,0,0,2020,DHS,0.523868
     277   3,,0,0,2020,DHS,0.523868
     277   4,,0,0,2020,DHS,0.523868
     277   5,,0,0,2020,DHS,0.523868
     277   7,,0,0,2020,DHS,0.523868
     277   8,,0,0,2020,DHS,0.523868
     277  10,,0,0,2020,DHS,0.523868
     277  11,,0,0,2020,DHS,0.523868
     277  12,,0,0,2020,DHS,0.523868
     277  14,,0,0,2020,DHS,0.523868
     277  15,,0,0,2020,DHS,0.523868
     277  16,,0,0,2020,DHS,0.523868
     277  18,,0,0,2020,DHS,0.523868
     277  19,,0,0,2020,DHS,0.523868
     277  20,,0,0,2020,DHS,0.523868
     277  22,,0,0,2020,DHS,0.523868
     277  23,,0,0,2020,DHS,0.523868
     277  25,,0,0,2020,DHS,0.523868
     277  26,,0,0,2020,DHS,0.523868
     277  27,,0,0,2020,DHS,0.523868
     277  29,,0,0,2020,DHS,0.523868
     277  30,,0,0,2020,DHS,0.523868
     277  33,,0,0,2020,DHS,0.523868
     278   1,,0,0,2020,DHS,0.614011
     278   3,,0,0,2020,DHS,0.614011
     278   6,,0,0,2020,DHS,0.614011
     278   8,,0,0,2020,DHS,0.614011
     278  10,,0,0,2020,DHS,0.614011
     278  12,,0,0,2020,DHS,0.614011
     278  14,,0,0,2020,DHS,0.614011
     278  16,,0,0,2020,DHS,0.614011
     278  18,,0,0,2020,DHS,0.614011
     278  20,,0,0,2020,DHS,0.614011
     278  22,,0,0,2020,DHS,0.614011
     278  24,,0,0,2020,DHS,0.614011
     278  26,,0,0,2020,DHS,0.614011
     278  28,,0,0,2020,DHS,0.614011
     278  31,,0,0,2020,DHS,0.614011
     278  33,,0,0,2020,DHS,0.614011
     278  35,,0,0,2020,DHS,0.614011
     278  39,,0,0,2020,DHS,0.614011
     278  41,,0,0,2020,DHS,0.614011
     278  43,,0,0,2020,DHS,0.614011
     278  47,,0,0,2020,DHS,0.614011
     278  51,,0,0,2020,DHS,0.614011
     279   1,,0,0,2020,DHS,0.564039
     279   2,,0,0,2020,DHS,0.564039
     279   3,,0,0,2020,DHS,0.564039
     279   4,,0,0,2020,DHS,0.564039
     279   5,,0,0,2020,DHS,0.564039
     279   6,,0,0,2020,DHS,0.564039
     279   7,,0,0,2020,DHS,0.564039
     279   8,,0,0,2020,DHS,0.564039
     279   9,,0,0,2020,DHS,0.564039
     279  10,,0,0,2020,DHS,0.564039
     279  11,,0,0,2020,DHS,0.564039
     279  12,,0,0,2020,DHS,0.564039
     279  13,,0,0,2020,DHS,0.564039
     279  14,,0,0,2020,DHS,0.564039
     279  15,,0,0,2020,DHS,0.564039
     279  16,,0,0,2020,DHS,0.564039
     279  17,,0,0,2020,DHS,0.564039
     279  19,,0,0,2020,DHS,0.564039
     279  20,,0,0,2020,DHS,0.564039
     280   1,,0,0,2020,DHS,0.577576
     280   3,,0,0,2020,DHS,0.577576
     280   4,,0,0,2020,DHS,0.577576
     280   5,,0,0,2020,DHS,0.577576
     280   7,,0,0,2020,DHS,0.577576
     280   8,,0,0,2020,DHS,0.577576
     280   9,,0,0,2020,DHS,0.577576
     280  10,,0,0,2020,DHS,0.577576
     280  12,,0,0,2020,DHS,0.577576
     280  13,,0,0,2020,DHS,0.577576
     280  14,,0,0,2020,DHS,0.577576
     280  15,,0,0,2020,DHS,0.577576
     280  17,,0,0,2020,DHS,0.577576
     280  18,,0,0,2020,DHS,0.577576
     280  19,,0,0,2020,DHS,0.577576
     280  21,,0,0,2020,DHS,0.577576
     280  22,,0,0,2020,DHS,0.577576
     280  23,,0,0,2020,DHS,0.577576
     280  24,,0,0,2020,DHS,0.577576
     280  26,,0,0,2020,DHS,0.577576
     280  27,,0,0,2020,DHS,0.577576
     280  28,,0,0,2020,DHS,0.577576
     280  30,,0,0,2020,DHS,0.577576
     280  31,,0,0,2020,DHS,0.577576
     280  32,,0,0,2020,DHS,0.577576
     281   1,,0,0,2020,DHS,0.590524
     281   3,,0,0,2020,DHS,0.590524
     281   5,,0,0,2020,DHS,0.590524
     281   7,,0,0,2020,DHS,0.590524
     281   8,,0,0,2020,DHS,0.590524
     281  10,,0,0,2020,DHS,0.590524
     281  12,,0,0,2020,DHS,0.590524
     281  13,,0,0,2020,DHS,0.590524
     281  15,,0,0,2020,DHS,0.590524
     281  17,,0,0,2020,DHS,0.590524
     281  19,,0,0,2020,DHS,0.590524
     281  20,,0,0,2020,DHS,0.590524
     281  22,,0,0,2020,DHS,0.590524
     281  24,,0,0,2020,DHS,0.590524
     281  25,,0,0,2020,DHS,0.590524
     281  27,,0,0,2020,DHS,0.590524
     281  29,,0,0,2020,DHS,0.590524
     281  31,,0,0,2020,DHS,0.590524
     281  32,,0,0,2020,DHS,0.590524
     281  34,,0,0,2020,DHS,0.590524
     281  36,,0,0,2020,DHS,0.590524
     281  38,,0,0,2020,DHS,0.590524
     281  39,,0,0,2020,DHS,0.590524
     281  41,,0,0,2020,DHS,0.590524
     281  43,,0,0,2020,DHS,0.590524
findex_21_0,,1,0,2021,Findex,0.496558394070504
findex_21_1,,0,0,2021,Findex,1.87877911757088
findex_21_2,,0,0,2021,Findex,0.220205562269706
findex_21_3,,0,0,2021,Findex,0.939389558785442
findex_21_4,,0,0,2021,Findex,0.504958184000407
findex_21_5,,0,0,2021,Findex,0.777770637946124
findex_21_6,,0,0,2021,Findex,0.574275619511349
findex_21_7,,1,0,2021,Findex,1.46226374371639
findex_21_8,,1,0,2021,Findex,0.185539238362971
findex_21_9,,0,0,2021,Findex,1.83015140432104
findex_21_10,,0,0,2021,Findex,0.455225219682731
findex_21_11,,1,1,2021,Findex,0.487479994716934
findex_21_12,,1,1,2021,Findex,1.2691150613529
findex_21_13,,1,0,2021,Findex,0.869146677456653
findex_21_14,,1,1,2021,Findex,1.98055083180137
findex_21_15,,0,0,2021,Findex,1.00991636800081
findex_21_16,,0,1,2021,Findex,1.36410911582267
findex_21_17,,1,0,2021,Findex,1.25072747592356
findex_21_18,,0,0,2021,Findex,0.513696660853838
findex_21_19,,0,0,2021,Findex,0.642430339065979
findex_21_20,,0,0,2021,Findex,1.17916340483022
findex_21_21,,0,0,2021,Findex,2.38335010287517
findex_21_22,,1,0,2021,Findex,3.00106912418754
findex_21_23,,0,0,2021,Findex,0.524223807400038
findex_21_24,,0,0,2021,Findex,1.19167505143759
findex_21_25,,0,1,2021,Findex,0.566983006858019
findex_21_26,,0,1,2021,Findex,0.859753085390886
findex_21_27,,0,0,2021,Findex,0.519309268659036
findex_21_28,,1,1,2021,Findex,0.673485975234834
findex_21_29,,0,1,2021,Findex,0.604582889783076
findex_21_30,,1,0,2021,Findex,0.843918759268575
findex_21_31,,0,1,2021,Findex,0.364959845247662
findex_21_32,,1,0,2021,Findex,0.644178728706777
findex_21_33,,1,0,2021,Findex,0.554227625304055
findex_21_34,,0,0,2021,Findex,0.838961663681973
findex_21_35,,0,0,2021,Findex,0.381164022896684
findex_21_36,,1,0,2021,Findex,0.253401920459907
findex_21_37,,0,0,2021,Findex,0.530310209880254
findex_21_38,,0,1,2021,Findex,0.227578495428312
findex_21_39,,1,0,2021,Findex,0.986909428861886
findex_21_40,,1,1,2021,Findex,1.7341580509607
findex_21_41,,0,0,2021,Findex,1.53390324502231
findex_21_42,,1,1,2021,Findex,0.350575653795396
findex_21_43,,0,0,2021,Findex,0.457501071203679
findex_21_44,,1,0,2021,Findex,1.83015140432104
findex_21_45,,0,0,2021,Findex,2.78291597298618
findex_21_46,,1,0,2021,Findex,1.15269283466209
findex_21_47,,0,0,2021,Findex,0.334182617886444
findex_21_48,,1,0,2021,Findex,0.377988671238679
findex_21_49,,1,1,2021,Findex,0.670235424885137
findex_21_50,,1,0,2021,Findex,0.569044037441362
findex_21_51,,0,0,2021,Findex,0.513189918598226
findex_21_52,,0,1,2021,Findex,1.30176517308183
findex_21_53,,0,0,2021,Findex,1.0370275172615
findex_21_54,,0,0,2021,Findex,0.476923443434495
findex_21_55,,1,0,2021,Findex,0.54390645486553
findex_21_56,,1,0,2021,Findex,2.34847389696361
findex_21_57,,0,0,2021,Findex,0.45559071603454
findex_21_58,,0,0,2021,Findex,1.76735364400142
findex_21_59,,1,0,2021,Findex,0.838961663681973
findex_21_60,,0,0,2021,Findex,0.833818317282372
findex_21_61,,0,0,2021,Findex,0.517121768621215
findex_21_62,,0,1,2021,Findex,1.83015140432104
findex_21_63,,0,0,2021,Findex,3.00106912418754
findex_21_64,,0,0,2021,Findex,0.612771432417039
findex_21_65,,1,1,2021,Findex,1.09552564339447
findex_21_66,,0,0,2021,Findex,0.631944524136449
findex_21_67,,0,1,2021,Findex,0.833818317282372
findex_21_68,,0,0,2021,Findex,2.01983273600163
findex_21_69,,1,0,2021,Findex,1.26997633524228
findex_21_70,,0,1,2021,Findex,2.35720091332192
findex_21_71,,1,0,2021,Findex,1.13318127747869
findex_21_72,,1,0,2021,Findex,1.73066820459005
findex_21_73,,0,1,2021,Findex,0.944971678096699
findex_21_74,,1,0,2021,Findex,1.51487455200122
findex_21_75,,1,0,2021,Findex,0.575213716883366
findex_21_76,,0,1,2021,Findex,1.15363910925744
findex_21_77,,1,1,2021,Findex,2.1830770397924
findex_21_78,,1,0,2021,Findex,0.514362081803169
findex_21_79,,1,1,2021,Findex,0.760361749647588
findex_21_80,,0,1,2021,Findex,2.24632662927486
findex_21_81,,1,0,2021,Findex,0.934953038653176
findex_21_82,,0,0,2021,Findex,0.817028576556052
findex_21_83,,0,1,2021,Findex,1.34697195046967
findex_21_84,,1,0,2021,Findex,0.569917071629532
findex_21_85,,1,0,2021,Findex,1.19500354682745
findex_21_86,,1,1,2021,Findex,1.34322204569852
findex_21_87,,1,0,2021,Findex,3.00106912418754
findex_21_88,,1,1,2021,Findex,0.53231129832865
findex_21_89,,1,0,2021,Findex,0.419480831840987
findex_21_90,,0,0,2021,Findex,0.998029651553995
findex_21_91,,1,0,2021,Findex,1.76874510724533
findex_21_92,,1,0,2021,Findex,0.961637551802469
findex_21_93,,1,0,2021,Findex,0.493454714430943
findex_21_94,,0,0,2021,Findex,0.906765046137353
findex_21_95,,0,1,2021,Findex,1.0313642532503
findex_21_96,,0,0,2021,Findex,2.49602187505755
findex_21_97,,1,0,2021,Findex,1.0370275172615
findex_21_98,,0,0,2021,Findex,1.19371927442802
findex_21_99,,1,0,2021,Findex,0.959005058186003
findex_21_100,,1,1,2021,Findex,0.307298554678611
findex_21_101,,1,0,2021,Findex,0.319701316346633
findex_21_102,,1,0,2021,Findex,1.01521453421078
findex_21_103,,0,0,2021,Findex,0.765134859327628
findex_21_104,,0,0,2021,Findex,0.383475811255577
findex_21_105,,0,1,2021,Findex,1.78406720997244
findex_21_106,,1,1,2021,Findex,1.20378564897195
findex_21_107,,0,1,2021,Findex,1.5658591514575
findex_21_108,,1,0,2021,Findex,1.13789247714156
findex_21_109,,0,1,2021,Findex,0.622236717951572
findex_21_110,,1,0,2021,Findex,0.440411124539412
findex_21_111,,0,0,2021,Findex,0.362024733853786
findex_21_112,,1,0,2021,Findex,1.52958187817711
findex_21_113,,0,0,2021,Findex,1.72665564742356
findex_21_114,,1,0,2021,Findex,1.28196309662659
findex_21_115,,0,0,2021,Findex,0.476923443434495
findex_21_116,,1,0,2021,Findex,0.559375186777141
findex_21_117,,0,0,2021,Findex,0.701151307590792
findex_21_118,,1,1,2021,Findex,0.892033604986221
findex_21_119,,1,0,2021,Findex,0.668180731940804
findex_21_120,,1,0,2021,Findex,0.470503408451177
findex_21_121,,1,1,2021,Findex,1.24928339399433
findex_21_122,,0,0,2021,Findex,0.479502529093001
findex_21_123,,1,0,2021,Findex,0.905061834634464
findex_21_124,,0,1,2021,Findex,0.682054557911334
findex_21_125,,1,0,2021,Findex,0.856145107495698
findex_21_126,,0,1,2021,Findex,1.81881215443023
findex_21_127,,0,1,2021,Findex,0.668180731940804
findex_21_128,,0,0,2021,Findex,1.42241935834292
findex_21_129,,0,0,2021,Findex,1.22366550254168
findex_21_130,,1,0,2021,Findex,0.186990607730635
findex_21_131,,0,0,2021,Findex,3.00106912418754
findex_21_132,,0,1,2021,Findex,0.958689528138943
findex_21_133,,0,0,2021,Findex,0.460415624604754
findex_21_134,,1,1,2021,Findex,0.309294820709739
findex_21_135,,1,0,2021,Findex,0.185539238362971
findex_21_136,,0,0,2021,Findex,0.504958184000407
findex_21_137,,0,0,2021,Findex,3.00106912418754
findex_21_138,,1,0,2021,Findex,1.30372001618498
findex_21_139,,0,0,2021,Findex,2.60241523662132
findex_21_140,,1,0,2021,Findex,1.4128727067623
findex_21_141,,0,0,2021,Findex,0.578602146434435
findex_21_142,,0,0,2021,Findex,0.747921667833501
findex_21_143,,0,1,2021,Findex,0.954439764879157
findex_21_144,,0,0,2021,Findex,0.595837525718793
findex_21_145,,1,0,2021,Findex,0.279687593388571
findex_21_146,,1,0,2021,Findex,1.57492461185347
findex_21_147,,1,0,2021,Findex,0.457501071203679
findex_21_148,,0,0,2021,Findex,0.457501071203679
findex_21_149,,1,0,2021,Findex,0.256594959299113
findex_21_150,,0,1,2021,Findex,0.260353034616365
findex_21_151,,0,0,2021,Findex,3.00106912418754
findex_21_152,,0,1,2021,Findex,0.495036130413788
findex_21_153,,0,0,2021,Findex,0.392972393951097
findex_21_154,,0,0,2021,Findex,1.15042743376673
findex_21_155,,0,1,2021,Findex,1.11972011296197
findex_21_156,,1,0,2021,Findex,0.711000129821879
findex_21_157,,1,0,2021,Findex,0.377727092492898
findex_21_158,,0,1,2021,Findex,1.18178578458072
findex_21_159,,0,0,2021,Findex,0.578602146434435
findex_21_160,,1,1,2021,Findex,0.359626896819751
findex_21_161,,1,0,2021,Findex,0.865428517965696
findex_21_162,,0,0,2021,Findex,0.423503680717173
findex_21_163,,1,1,2021,Findex,1.50658617586271
findex_21_164,,0,0,2021,Findex,0.185539238362971
findex_21_165,,1,0,2021,Findex,0.722116226783372
findex_21_166,,1,0,2021,Findex,0.846650890161518
findex_21_167,,1,0,2021,Findex,1.46226374371639
findex_21_168,,1,0,2021,Findex,0.56138393459317
findex_21_169,,0,0,2021,Findex,0.217286669364163
findex_21_170,,0,1,2021,Findex,1.3698577622769
findex_21_171,,1,0,2021,Findex,0.529827265035861
findex_21_172,,0,0,2021,Findex,0.698965076533383
findex_21_173,,0,0,2021,Findex,1.02872416360634
findex_21_174,,1,0,2021,Findex,0.256406593188653
findex_21_175,,1,0,2021,Findex,0.482779378295663
findex_21_176,,1,0,2021,Findex,1.67792332736395
findex_21_177,,1,0,2021,Findex,0.590596729445052
findex_21_178,,1,0,2021,Findex,0.321852918863775
findex_21_179,,1,0,2021,Findex,0.390144309346376
findex_21_180,,0,0,2021,Findex,0.71339208780895
findex_21_181,,1,0,2021,Findex,0.217286669364163
findex_21_182,,1,0,2021,Findex,0.192867382144812
findex_21_183,,1,0,2021,Findex,1.42200025964376
findex_21_184,,1,0,2021,Findex,1.60125374921288
findex_21_185,,1,1,2021,Findex,0.496558394070504
findex_21_186,,1,0,2021,Findex,0.578602146434435
findex_21_187,,1,1,2021,Findex,0.273881410848617
findex_21_188,,0,1,2021,Findex,0.604582889783076
findex_21_189,,1,0,2021,Findex,1.26068561620736
findex_21_190,,1,1,2021,Findex,0.725208606487373
findex_21_191,,1,1,2021,Findex,0.604582889783076
findex_21_192,,0,1,2021,Findex,3.00106912418754
findex_21_193,,1,0,2021,Findex,1.495843335667
findex_21_194,,0,1,2021,Findex,0.545769259948101
findex_21_195,,1,0,2021,Findex,0.599378161366252
findex_21_196,,0,1,2021,Findex,0.574321787242396
findex_21_197,,1,0,2021,Findex,0.974462793945781
findex_21_198,,1,0,2021,Findex,0.595837525718793
findex_21_199,,1,0,2021,Findex,0.833818317282372
findex_21_200,,0,1,2021,Findex,1.32700158035778
findex_21_201,,1,1,2021,Findex,0.434791261500456
findex_21_202,,1,0,2021,Findex,0.373960833916751
findex_21_203,,0,0,2021,Findex,0.442645094388069
findex_21_204,,1,0,2021,Findex,1.01521453421078
findex_21_205,,0,1,2021,Findex,1.29280442155304
findex_21_206,,1,0,2021,Findex,0.888750162277349
findex_21_207,,1,0,2021,Findex,0.330024086942525
findex_21_208,,0,0,2021,Findex,2.20088551617309
findex_21_209,,0,0,2021,Findex,0.768461889774729
findex_21_210,,1,0,2021,Findex,1.51145722445769
findex_21_211,,1,0,2021,Findex,3.00106912418754
findex_21_212,,1,0,2021,Findex,2.26691261534338
findex_21_213,,0,0,2021,Findex,1.46226374371639
findex_21_214,,1,0,2021,Findex,2.38335010287517
findex_21_215,,0,0,2021,Findex,0.346612876916343
findex_21_216,,1,1,2021,Findex,2.86234323275689
findex_21_217,,1,0,2021,Findex,0.833818317282372
findex_21_218,,1,1,2021,Findex,1.5217694152516
findex_21_219,,0,1,2021,Findex,0.986909428861886
findex_21_220,,1,0,2021,Findex,0.614597109357222
findex_21_221,,0,1,2021,Findex,0.576819554628718
findex_21_222,,1,0,2021,Findex,0.460947832017916
findex_21_223,,0,0,2021,Findex,0.481355832669453
findex_21_224,,1,0,2021,Findex,0.379778074496974
findex_21_225,,0,0,2021,Findex,0.731131871858195
findex_21_226,,1,0,2021,Findex,1.06100390048044
findex_21_227,,0,0,2021,Findex,0.479502529093001
findex_21_228,,0,1,2021,Findex,1.05344490045268
findex_21_229,,1,1,2021,Findex,0.760361749647588
findex_21_230,,1,0,2021,Findex,1.81353009227471
findex_21_231,,0,0,2021,Findex,0.34083134760929
findex_21_232,,1,0,2021,Findex,1.06650019473282
findex_21_233,,1,0,2021,Findex,0.590596729445052
findex_21_234,,0,0,2021,Findex,0.313192762002137
findex_21_235,,0,1,2021,Findex,0.944971678096699
findex_21_236,,0,1,2021,Findex,2.57597413619177
findex_21_237,,0,0,2021,Findex,0.562612506179049
findex_21_238,,1,0,2021,Findex,0.325704689083218
findex_21_239,,1,0,2021,Findex,0.60912872052647
findex_21_240,,1,1,2021,Findex,2.33596775303985
findex_21_241,,1,0,2021,Findex,0.185539238362971
findex_21_242,,1,0,2021,Findex,0.185539238362971
findex_21_243,,0,0,2021,Findex,0.482779378295663
findex_21_244,,1,0,2021,Findex,0.283211849822432
findex_21_245,,1,0,2021,Findex,1.85106469885412
findex_21_246,,1,0,2021,Findex,0.724049467707571
findex_21_247,,1,0,2021,Findex,0.185539238362971
findex_21_248,,0,0,2021,Findex,1.43117161637845
findex_21_249,,1,0,2021,Findex,2.11550251297613
findex_21_250,,1,0,2021,Findex,0.45655662393937
findex_21_251,,1,0,2021,Findex,0.513189918598226
findex_21_252,,1,0,2021,Findex,0.504958184000407
findex_21_253,,0,0,2021,Findex,1.78955331595143
findex_21_254,,0,0,2021,Findex,1.17916340483022
findex_21_255,,0,0,2021,Findex,0.449117509419386
findex_21_256,,1,0,2021,Findex,1.5605772373855
findex_21_257,,0,0,2021,Findex,0.343788084416766
findex_21_258,,1,0,2021,Findex,0.185539238362971
findex_21_259,,1,0,2021,Findex,0.493454714430943
findex_21_260,,1,0,2021,Findex,2.65547250637217
findex_21_261,,0,0,2021,Findex,1.6432884650917
findex_21_262,,1,0,2021,Findex,0.686251606805519
findex_21_263,,1,1,2021,Findex,0.300946412242988
findex_21_264,,0,0,2021,Findex,0.611051130192466
findex_21_265,,1,1,2021,Findex,1.11504200623278
findex_21_266,,0,1,2021,Findex,0.684834935909055
findex_21_267,,0,1,2021,Findex,0.663500790178889
findex_21_268,,0,1,2021,Findex,0.53394818520159
findex_21_269,,1,0,2021,Findex,2.08282427693092
findex_21_270,,1,0,2021,Findex,1.03093508776534
findex_21_271,,1,1,2021,Findex,0.755977342477359
findex_21_272,,0,0,2021,Findex,1.66763663456474
findex_21_273,,0,1,2021,Findex,1.33805040747933
findex_21_274,,0,1,2021,Findex,1.0313642532503
findex_21_275,,1,0,2021,Findex,1.10312041275628
findex_21_276,,0,1,2021,Findex,1.65875197544722
findex_21_277,,0,1,2021,Findex,1.02608476370937
findex_21_278,,1,0,2021,Findex,1.94968499162185
findex_21_279,,0,0,2021,Findex,0.917749126906264
findex_21_280,,1,0,2021,Findex,0.882576217778742
findex_21_281,,1,0,2021,Findex,1.19167505143759
findex_21_282,,0,1,2021,Findex,1.87915657201282
findex_21_283,,1,0,2021,Findex,0.62922124776148
findex_21_284,,1,1,2021,Findex,1.81881215443023
findex_21_285,,0,1,2021,Findex,1.00943422060026
findex_21_286,,1,0,2021,Findex,0.256524125642977
findex_21_287,,1,0,2021,Findex,0.276962195354743
findex_21_288,,1,1,2021,Findex,0.599378161366252
findex_21_289,,1,0,2021,Findex,1.22318888393342
findex_21_290,,1,0,2021,Findex,1.79283825051476
findex_21_291,,0,0,2021,Findex,0.595837525718793
findex_21_292,,1,0,2021,Findex,0.998864337053811
findex_21_293,,0,1,2021,Findex,1.7956483364914
findex_21_294,,0,0,2021,Findex,0.383475811255577
findex_21_295,,0,1,2021,Findex,0.185539238362971
findex_21_296,,0,1,2021,Findex,0.894776657975717
findex_21_297,,0,1,2021,Findex,2.89026341826784
findex_21_298,,1,1,2021,Findex,0.185539238362971
findex_21_299,,1,0,2021,Findex,1.81881215443023
findex_21_300,,0,1,2021,Findex,0.849401005528801
findex_21_301,,0,0,2021,Findex,1.11504200623278
findex_21_302,,1,1,2021,Findex,1.68474541434308
findex_21_303,,1,0,2021,Findex,0.835456544716109
findex_21_304,,1,0,2021,Findex,1.25072747592356
findex_21_305,,1,0,2021,Findex,0.566423699644864
findex_21_306,,0,0,2021,Findex,0.349482538266692
findex_21_307,,0,0,2021,Findex,1.44406749800836
findex_21_308,,1,0,2021,Findex,0.607781889568256
findex_21_309,,1,0,2021,Findex,1.1437526780092
findex_21_310,,0,0,2021,Findex,0.373981215461271
findex_21_311,,0,0,2021,Findex,0.766951622511154
findex_21_312,,0,0,2021,Findex,0.52930524170007
findex_21_313,,1,0,2021,Findex,1.21855311976366
findex_21_314,,1,0,2021,Findex,1.57492461185347
findex_21_315,,1,0,2021,Findex,1.73829335491331
findex_21_316,,1,0,2021,Findex,0.324986663144623
findex_21_317,,1,0,2021,Findex,0.75743727600061
findex_21_318,,1,0,2021,Findex,0.312962160157741
findex_21_319,,1,0,2021,Findex,0.668365235772888
findex_21_320,,1,0,2021,Findex,0.675556982097608
findex_21_321,,0,0,2021,Findex,2.38335010287517
findex_21_322,,0,0,2021,Findex,0.60912872052647
findex_21_323,,0,1,2021,Findex,0.41094179609541
findex_21_324,,0,0,2021,Findex,1.08781290973106
findex_21_325,,0,1,2021,Findex,1.50456789943405
findex_21_326,,1,0,2021,Findex,0.41196901809667
findex_21_327,,0,1,2021,Findex,0.547439767871493
findex_21_328,,1,0,2021,Findex,0.533250097366409
findex_21_329,,0,0,2021,Findex,0.283211849822432
findex_21_330,,1,0,2021,Findex,0.915075702160521
findex_21_331,,0,1,2021,Findex,1.23590705429001
findex_21_332,,1,1,2021,Findex,1.02924003147376
findex_21_333,,1,1,2021,Findex,0.965230361161748
findex_21_334,,0,0,2021,Findex,0.70467399338325
findex_21_335,,1,0,2021,Findex,2.34847389696361
findex_21_336,,0,1,2021,Findex,1.45041721297475
findex_21_337,,0,0,2021,Findex,0.986909428861886
findex_21_338,,0,0,2021,Findex,0.906874334674614
findex_21_339,,1,0,2021,Findex,0.711702197022479
findex_21_340,,0,0,2021,Findex,1.10044275808655
findex_21_341,,1,0,2021,Findex,2.44733100508337
findex_21_342,,1,0,2021,Findex,0.499014825776997
findex_21_343,,1,0,2021,Findex,0.725208606487373
findex_21_344,,1,0,2021,Findex,0.388240565879813
findex_21_345,,1,0,2021,Findex,1.12188250175025
findex_21_346,,0,0,2021,Findex,0.885290188776139
findex_21_347,,0,1,2021,Findex,1.19791129173649
findex_21_348,,0,0,2021,Findex,0.565858859218526
findex_21_349,,0,0,2021,Findex,0.995802189889563
findex_21_350,,1,0,2021,Findex,2.49687230733132
findex_21_351,,0,1,2021,Findex,2.23870340949753
findex_21_352,,1,0,2021,Findex,0.369598757330278
findex_21_353,,1,1,2021,Findex,0.555945862391023
findex_21_354,,1,0,2021,Findex,0.514362081803169
findex_21_355,,1,1,2021,Findex,0.760361749647588
findex_21_356,,0,1,2021,Findex,0.593212964070366
findex_21_357,,0,0,2021,Findex,2.69470505651632
findex_21_358,,1,0,2021,Findex,1.02557047730128
findex_21_359,,0,1,2021,Findex,0.721024443285898
findex_21_360,,0,0,2021,Findex,0.89375628857819
findex_21_361,,1,0,2021,Findex,1.78751257715638
findex_21_362,,1,0,2021,Findex,0.873951431631593
findex_21_363,,1,1,2021,Findex,0.604582889783076
findex_21_364,,1,0,2021,Findex,0.721024443285898
findex_21_365,,1,0,2021,Findex,1.97381885772377
findex_21_366,,1,0,2021,Findex,2.41151854934551
findex_21_367,,0,0,2021,Findex,0.578602146434435
findex_21_368,,1,0,2021,Findex,1.02557047730128
findex_21_369,,0,1,2021,Findex,1.3698577622769
findex_21_370,,1,0,2021,Findex,0.519309268659036
findex_21_371,,1,0,2021,Findex,0.340831347609289
findex_21_372,,1,0,2021,Findex,1.48036414329283
findex_21_373,,1,0,2021,Findex,0.861413429267023
findex_21_374,,1,0,2021,Findex,0.390144309346376
findex_21_375,,0,1,2021,Findex,0.962711665338905
findex_21_376,,0,0,2021,Findex,0.513370855017578
findex_21_377,,1,1,2021,Findex,0.906874334674614
findex_21_378,,1,1,2021,Findex,0.652186892250684
findex_21_379,,1,0,2021,Findex,2.08454579320593
findex_21_380,,1,0,2021,Findex,0.619616936400499
findex_21_381,,1,0,2021,Findex,0.46629958061926
findex_21_382,,0,1,2021,Findex,1.51090836997159
findex_21_383,,1,0,2021,Findex,1.28835745741355
findex_21_384,,1,0,2021,Findex,0.460947832017916
findex_21_385,,1,1,2021,Findex,0.359626896819751
findex_21_386,,1,1,2021,Findex,0.364959845247662
findex_21_387,,1,0,2021,Findex,0.253401920459907
findex_21_388,,1,0,2021,Findex,0.54390645486553
findex_21_389,,0,1,2021,Findex,0.954325206497116
findex_21_390,,0,0,2021,Findex,3.00106912418754
findex_21_391,,0,0,2021,Findex,1.35111396419522
findex_21_392,,1,0,2021,Findex,0.494344136725305
findex_21_393,,0,0,2021,Findex,0.477219882439579
findex_21_394,,1,1,2021,Findex,1.24685999754925
findex_21_395,,1,1,2021,Findex,0.377727092492898
findex_21_396,,0,1,2021,Findex,0.275780103189071
findex_21_397,,0,0,2021,Findex,0.892033604986221
findex_21_398,,1,0,2021,Findex,1.5457243950382
findex_21_399,,0,1,2021,Findex,0.262916216829291
findex_21_400,,1,0,2021,Findex,0.686251606805519
findex_21_401,,0,0,2021,Findex,0.964607419738202
findex_21_402,,0,0,2021,Findex,0.944971678096698
findex_21_403,,0,0,2021,Findex,0.413670154783606
findex_21_404,,0,0,2021,Findex,2.27642334148737
findex_21_405,,0,0,2021,Findex,0.70467399338325
findex_21_406,,0,0,2021,Findex,0.570763404997132
findex_21_407,,0,1,2021,Findex,2.28305361998853
findex_21_408,,1,0,2021,Findex,3.00106912418754
findex_21_409,,0,0,2021,Findex,0.501273926829666
findex_21_410,,1,0,2021,Findex,0.755454184985796
findex_21_411,,0,0,2021,Findex,0.873951431631593
findex_21_412,,0,1,2021,Findex,0.611906492872065
findex_21_413,,0,0,2021,Findex,0.434573338728327
findex_21_414,,0,0,2021,Findex,0.252479092000203
findex_21_415,,0,0,2021,Findex,0.574275619511349
findex_21_416,,0,0,2021,Findex,0.645679789655448
findex_21_417,,0,0,2021,Findex,0.917749126906264
findex_21_418,,0,1,2021,Findex,1.30176517308183
findex_21_419,,1,0,2021,Findex,3.00106912418754
findex_21_420,,0,0,2021,Findex,0.936008203146581
findex_21_421,,0,0,2021,Findex,0.408514288278026
findex_21_422,,0,0,2021,Findex,0.980118747396531
findex_21_423,,1,0,2021,Findex,0.715385165151743
findex_21_424,,0,0,2021,Findex,0.917749126906264
findex_21_425,,0,0,2021,Findex,1.2430375877744
findex_21_426,,0,0,2021,Findex,2.08707323045868
findex_21_427,,0,0,2021,Findex,0.959005058186003
findex_21_428,,0,1,2021,Findex,0.538187644517743
findex_21_429,,1,1,2021,Findex,0.760361749647588
findex_21_430,,0,0,2021,Findex,0.424817774733648
findex_21_431,,0,0,2021,Findex,1.18381852847813
findex_21_432,,1,1,2021,Findex,1.32700158035778
findex_21_433,,1,0,2021,Findex,0.699218983471426
findex_21_434,,0,0,2021,Findex,1.495843335667
findex_21_435,,1,0,2021,Findex,0.611906492872065
findex_21_436,,1,1,2021,Findex,0.954439764879157
findex_21_437,,1,0,2021,Findex,1.14529391561612
findex_21_438,,0,0,2021,Findex,1.39248020485934
findex_21_439,,0,0,2021,Findex,0.647037704900641
findex_21_440,,1,1,2021,Findex,0.256524125642976
findex_21_441,,1,0,2021,Findex,0.185539238362971
findex_21_442,,1,1,2021,Findex,3.00106912418754
findex_21_443,,0,0,2021,Findex,2.24558754709693
findex_21_444,,1,0,2021,Findex,2.14615104414686
findex_21_445,,1,0,2021,Findex,0.605106224254755
findex_21_446,,1,0,2021,Findex,0.289655063187753
findex_21_447,,0,0,2021,Findex,0.513696660853838
findex_21_448,,0,0,2021,Findex,1.12052390657173
findex_21_449,,1,1,2021,Findex,0.487479994716934
findex_21_450,,0,0,2021,Findex,0.256594959299113
findex_21_451,,0,0,2021,Findex,0.959005058186003
findex_21_452,,0,1,2021,Findex,0.663868126593042
findex_21_453,,1,1,2021,Findex,1.37875008201083
findex_21_454,,0,0,2021,Findex,0.590596729445052
findex_21_455,,0,0,2021,Findex,0.585319898450665
findex_21_456,,0,0,2021,Findex,0.261700043888534
findex_21_457,,1,1,2021,Findex,1.20378564897195
findex_21_458,,1,0,2021,Findex,1.495843335667
findex_21_459,,1,0,2021,Findex,2.38335010287517
findex_21_460,,1,0,2021,Findex,0.51546754388267
findex_21_461,,0,1,2021,Findex,2.05216952741874
findex_21_462,,1,1,2021,Findex,0.755977342477359
findex_21_463,,0,0,2021,Findex,2.24376500350051
findex_21_464,,1,0,2021,Findex,0.495036130413788
findex_21_465,,1,0,2021,Findex,0.301709799294209
findex_21_466,,1,0,2021,Findex,2.074055034523
findex_21_467,,0,0,2021,Findex,1.20378564897195
findex_21_468,,1,1,2021,Findex,2.57828037725702
findex_21_469,,0,1,2021,Findex,2.49856678798867
findex_21_470,,1,0,2021,Findex,1.14171173498864
findex_21_471,,1,1,2021,Findex,0.460510098284684
findex_21_472,,1,0,2021,Findex,0.185539238362971
findex_21_473,,1,1,2021,Findex,2.8535683512358
findex_21_474,,1,0,2021,Findex,0.483134046530083
findex_21_475,,0,0,2021,Findex,1.33673047154578
findex_21_476,,0,1,2021,Findex,1.37261355324078
findex_21_477,,0,0,2021,Findex,2.32353844307565
findex_21_478,,1,1,2021,Findex,0.412665883233718
findex_21_479,,1,0,2021,Findex,0.346206179106024
findex_21_480,,1,0,2021,Findex,1.02562637275461
findex_21_481,,0,1,2021,Findex,0.856161101423063
findex_21_482,,1,0,2021,Findex,0.222815263664735
findex_21_483,,1,0,2021,Findex,1.02128572069507
findex_21_484,,0,0,2021,Findex,0.765134859327628
findex_21_485,,0,1,2021,Findex,0.959005058186003
findex_21_486,,0,1,2021,Findex,0.258560884310608
findex_21_487,,0,0,2021,Findex,0.299477822934122
findex_21_488,,0,0,2021,Findex,0.883045441726435
findex_21_489,,0,0,2021,Findex,0.276962195354743
findex_21_490,,0,1,2021,Findex,0.419849446896723
findex_21_491,,0,0,2021,Findex,1.30281875633287
findex_21_492,,0,1,2021,Findex,1.66571119199245
findex_21_493,,0,0,2021,Findex,1.53539115179494
findex_21_494,,1,0,2021,Findex,0.394374325243937
findex_21_495,,1,0,2021,Findex,1.03424353724243
findex_21_496,,0,1,2021,Findex,0.575318514533575
findex_21_497,,1,0,2021,Findex,1.39793015306677
findex_21_498,,0,0,2021,Findex,0.978906576859997
findex_21_499,,1,0,2021,Findex,1.02562637275461
findex_21_500,,0,0,2021,Findex,0.307298554678611
findex_21_501,,0,0,2021,Findex,1.03269489400083
findex_21_502,,1,0,2021,Findex,0.609550546574698
findex_21_503,,1,0,2021,Findex,3.00106912418754
findex_21_504,,0,0,2021,Findex,0.611832751270842
findex_21_505,,0,1,2021,Findex,0.493130155314493
findex_21_506,,1,0,2021,Findex,0.331038929380336
findex_21_507,,1,0,2021,Findex,1.55554127589225
findex_21_508,,0,1,2021,Findex,0.276131803431161
findex_21_509,,0,1,2021,Findex,1.29280442155304
findex_21_510,,1,0,2021,Findex,0.565858859218526
findex_21_511,,1,0,2021,Findex,0.865428517965696
findex_21_512,,0,0,2021,Findex,0.335117712442569
findex_21_513,,0,0,2021,Findex,0.619406225836935
findex_21_514,,0,0,2021,Findex,0.599378161366252
findex_21_515,,1,1,2021,Findex,1.09552564339447
findex_21_516,,0,1,2021,Findex,1.23619157470718
findex_21_517,,1,1,2021,Findex,1.81374866934923
findex_21_518,,0,0,2021,Findex,1.14529391561612
findex_21_519,,0,0,2021,Findex,0.633845890636304
findex_21_520,,1,0,2021,Findex,0.385734764289623
findex_21_521,,0,1,2021,Findex,0.725208606487373
findex_21_522,,1,1,2021,Findex,0.324986663144623
findex_21_523,,1,0,2021,Findex,1.50044313718881
findex_21_524,,1,1,2021,Findex,0.915075702160521
findex_21_525,,0,0,2021,Findex,1.02637983719645
findex_21_526,,1,0,2021,Findex,2.23944022592393
findex_21_527,,1,0,2021,Findex,0.768246386696527
findex_21_528,,1,0,2021,Findex,0.71339208780895
findex_21_529,,0,0,2021,Findex,0.363587871869027
findex_21_530,,1,1,2021,Findex,1.25885242391427
findex_21_531,,0,1,2021,Findex,0.493454714430943
findex_21_532,,1,0,2021,Findex,0.865229331943078
findex_21_533,,0,0,2021,Findex,1.25844249552296
findex_21_534,,1,0,2021,Findex,0.574321787242396
findex_21_535,,0,0,2021,Findex,2.69394390093934
findex_21_536,,0,0,2021,Findex,0.469694779392721
findex_21_537,,1,1,2021,Findex,0.924301005110248
findex_21_538,,0,1,2021,Findex,0.359626896819751
findex_21_539,,1,0,2021,Findex,0.220644054444685
findex_21_540,,1,0,2021,Findex,0.228278311969685
findex_21_541,,0,0,2021,Findex,1.2430375877744
findex_21_542,,1,0,2021,Findex,2.53538356254522
findex_21_543,,1,0,2021,Findex,0.747921667833501
findex_21_544,,1,0,2021,Findex,1.70220720463279
findex_21_545,,0,0,2021,Findex,0.763529277077413
findex_21_546,,0,0,2021,Findex,0.731131871858195
findex_21_547,,0,1,2021,Findex,0.687576168833532
findex_21_548,,1,0,2021,Findex,3.00106912418754
findex_21_549,,1,0,2021,Findex,0.335210248038388
findex_21_550,,1,0,2021,Findex,1.19791129173649
findex_21_551,,0,1,2021,Findex,0.651409378166436
findex_21_552,,1,0,2021,Findex,1.39248020485934
findex_21_553,,0,0,2021,Findex,2.23944022592393
findex_21_554,,1,0,2021,Findex,0.349482538266692
findex_21_555,,0,1,2021,Findex,0.75236603060747
findex_21_556,,0,0,2021,Findex,0.185539238362971
findex_21_557,,0,0,2021,Findex,1.01521453421078
findex_21_558,,1,0,2021,Findex,0.186990607730635
findex_21_559,,1,0,2021,Findex,1.48036414329283
findex_21_560,,1,0,2021,Findex,0.461700977799296
findex_21_561,,1,0,2021,Findex,0.52672245022634
findex_21_562,,1,0,2021,Findex,0.906874334674614
findex_21_563,,1,0,2021,Findex,0.575213716883366
findex_21_564,,1,1,2021,Findex,0.575213716883366
findex_21_565,,1,0,2021,Findex,0.384892438948669
findex_21_566,,0,0,2021,Findex,3.00106912418754
findex_21_567,,0,0,2021,Findex,1.0583136127019
findex_21_568,,0,0,2021,Findex,0.185539238362971
findex_21_569,,1,0,2021,Findex,0.974842495810927
findex_21_570,,0,0,2021,Findex,1.29280442155304
findex_21_571,,0,0,2021,Findex,1.06650019473282
findex_21_572,,1,0,2021,Findex,1.02557047730128
findex_21_573,,0,0,2021,Findex,0.617507356343246
findex_21_574,,0,1,2021,Findex,0.185539238362971
findex_21_575,,1,0,2021,Findex,1.4267841756179
findex_21_576,,0,0,2021,Findex,1.94968499162185
findex_21_577,,1,0,2021,Findex,0.288409777314359
findex_21_578,,0,1,2021,Findex,1.24685999754925
findex_21_579,,0,0,2021,Findex,0.833818317282372
findex_21_580,,1,0,2021,Findex,0.869146677456653
findex_21_581,,0,1,2021,Findex,0.663500790178889
findex_21_582,,0,1,2021,Findex,1.67958016944295
findex_21_583,,1,1,2021,Findex,0.829648957268762
findex_21_584,,1,0,2021,Findex,0.185539238362971
findex_21_585,,0,0,2021,Findex,0.4697826622555
findex_21_586,,1,0,2021,Findex,0.416909158641186
findex_21_587,,0,0,2021,Findex,0.917749126906264
findex_21_588,,0,0,2021,Findex,0.392550065832801
findex_21_589,,0,1,2021,Findex,2.49687230733132
findex_21_590,,0,0,2021,Findex,0.346393041930392
findex_21_591,,0,0,2021,Findex,1.34697195046967
findex_21_592,,1,0,2021,Findex,0.203968830957355
findex_21_593,,1,0,2021,Findex,0.185539238362971
findex_21_594,,1,0,2021,Findex,1.34084099215355
findex_21_595,,1,0,2021,Findex,2.78496040971867
findex_21_596,,1,1,2021,Findex,0.766951622511154
findex_21_597,,0,1,2021,Findex,3.00106912418754
findex_21_598,,1,0,2021,Findex,0.288409777314359
findex_21_599,,0,0,2021,Findex,0.849635549467297
findex_21_600,,1,1,2021,Findex,0.675556982097608
findex_21_601,,0,0,2021,Findex,2.1083753762484
findex_21_602,,0,0,2021,Findex,0.330024086942525
findex_21_603,,1,0,2021,Findex,2.85427933747161
findex_21_604,,0,0,2021,Findex,0.722033749004179
findex_21_605,,1,1,2021,Findex,1.34322204569852
findex_21_606,,1,1,2021,Findex,1.5866268847321
findex_21_607,,0,0,2021,Findex,0.281306253089525
findex_21_608,,1,1,2021,Findex,2.05216952741874
findex_21_609,,0,1,2021,Findex,1.42690851249283
findex_21_610,,0,1,2021,Findex,0.247238314941435
findex_21_611,,1,0,2021,Findex,1.78406720997244
findex_21_612,,0,0,2021,Findex,1.32773625318608
findex_21_613,,0,0,2021,Findex,2.84483871668585
findex_21_614,,1,0,2021,Findex,1.6340571531121
findex_21_615,,1,0,2021,Findex,0.185539238362971
findex_21_616,,1,0,2021,Findex,0.349482538266692
findex_21_617,,0,0,2021,Findex,1.29407540980128
findex_21_618,,0,0,2021,Findex,1.08781290973106
findex_21_619,,1,0,2021,Findex,1.05775125648807
findex_21_620,,0,1,2021,Findex,1.2272295334169
findex_21_621,,0,1,2021,Findex,1.0646225966573
findex_21_622,,1,0,2021,Findex,0.504958184000407
findex_21_623,,1,1,2021,Findex,0.755977342477359
findex_21_624,,0,0,2021,Findex,1.51195468495472
findex_21_625,,1,0,2021,Findex,0.974842495810927
findex_21_626,,0,1,2021,Findex,1.88863546246449
findex_21_627,,0,0,2021,Findex,1.13821167074368
findex_21_628,,1,0,2021,Findex,0.226666645636995
findex_21_629,,1,0,2021,Findex,1.495843335667
findex_21_630,,0,1,2021,Findex,0.687576168833533
findex_21_631,,1,0,2021,Findex,0.408514288278026
findex_21_632,,0,1,2021,Findex,1.28260595463671
findex_21_633,,1,0,2021,Findex,0.294443681133514
findex_21_634,,0,1,2021,Findex,0.496558394070504
findex_21_635,,0,0,2021,Findex,0.534171479864131
findex_21_636,,1,1,2021,Findex,1.30281875633287
findex_21_637,,0,0,2021,Findex,1.89655914445723
findex_21_638,,1,1,2021,Findex,0.567743576346856
findex_21_639,,0,0,2021,Findex,0.817028576556052
findex_21_640,,0,0,2021,Findex,0.58429275632566
findex_21_641,,0,0,2021,Findex,1.51090836997159
findex_21_642,,0,0,2021,Findex,1.99160437977913
findex_21_643,,1,0,2021,Findex,1.89787252539328
findex_21_644,,0,1,2021,Findex,0.669025203739666
findex_21_645,,0,0,2021,Findex,0.907844950155331
findex_21_646,,1,1,2021,Findex,0.227351519303778
findex_21_647,,0,0,2021,Findex,1.11504200623278
findex_21_648,,0,0,2021,Findex,1.66063845971912
findex_21_649,,0,0,2021,Findex,0.408514288278026
findex_21_650,,1,0,2021,Findex,1.13318127747869
findex_21_651,,1,0,2021,Findex,1.19167505143759
findex_21_652,,0,1,2021,Findex,1.13396601371604
findex_21_653,,1,1,2021,Findex,1.8972480909316
findex_21_654,,1,0,2021,Findex,1.66571119199245
findex_21_655,,0,1,2021,Findex,0.614597109357221
findex_21_656,,0,0,2021,Findex,0.47955197451995
findex_21_657,,0,0,2021,Findex,0.670420496076775
findex_21_658,,1,1,2021,Findex,0.460510098284684
findex_21_659,,1,0,2021,Findex,0.502849665490349
findex_21_660,,0,0,2021,Findex,0.524223807400038
findex_21_661,,0,0,2021,Findex,1.30120761831066
findex_21_662,,0,0,2021,Findex,1.19167505143759
findex_21_663,,0,1,2021,Findex,1.56105880872589
findex_21_664,,0,0,2021,Findex,0.945514212155521
findex_21_665,,0,1,2021,Findex,0.346612876916343
findex_21_666,,0,0,2021,Findex,1.02128572069507
findex_21_667,,0,1,2021,Findex,0.766951622511154
findex_21_668,,1,0,2021,Findex,2.33068345312556
findex_21_669,,0,1,2021,Findex,1.15042743376673
findex_21_670,,0,0,2021,Findex,1.26239546000102
findex_21_671,,1,0,2021,Findex,2.11550251297613
findex_21_672,,0,0,2021,Findex,0.501273926829666
findex_21_673,,0,1,2021,Findex,1.56105880872589
findex_21_674,,1,1,2021,Findex,1.56596381001068
findex_21_675,,0,0,2021,Findex,0.36663067811548
findex_21_676,,0,1,2021,Findex,0.185539238362971
findex_21_677,,1,0,2021,Findex,0.793313442366051
findex_21_678,,1,1,2021,Findex,0.623429998774627
findex_21_679,,1,1,2021,Findex,1.48342988964861
findex_21_680,,0,0,2021,Findex,0.81587532382942
findex_21_681,,1,1,2021,Findex,0.668180731940804
findex_21_682,,0,0,2021,Findex,0.203968830957355
findex_21_683,,1,0,2021,Findex,0.627337877934903
findex_21_684,,1,0,2021,Findex,0.390144309346376
findex_21_685,,0,0,2021,Findex,0.944971678096699
findex_21_686,,1,0,2021,Findex,1.56996855589022
findex_21_687,,1,0,2021,Findex,0.197737654690122
findex_21_688,,1,0,2021,Findex,0.538187644517743
findex_21_689,,0,0,2021,Findex,0.185539238362971
findex_21_690,,0,0,2021,Findex,0.626385524004274
findex_21_691,,1,0,2021,Findex,0.62922124776148
findex_21_692,,0,0,2021,Findex,1.05775125648807
findex_21_693,,0,1,2021,Findex,2.05216952741874
findex_21_694,,1,0,2021,Findex,0.703484915231346
findex_21_695,,1,0,2021,Findex,0.939389558785442
findex_21_696,,0,0,2021,Findex,0.302811871468938
findex_21_697,,1,0,2021,Findex,0.4697826622555
findex_21_698,,0,0,2021,Findex,0.244420452076986
findex_21_699,,1,0,2021,Findex,0.513189918598226
findex_21_700,,0,0,2021,Findex,0.843918759268575
findex_21_701,,0,1,2021,Findex,1.10312041275628
findex_21_702,,0,0,2021,Findex,0.964607419738202
findex_21_703,,0,1,2021,Findex,0.334090365970402
findex_21_704,,1,0,2021,Findex,0.995802189889563
findex_21_705,,1,1,2021,Findex,0.613085728962918
findex_21_706,,0,1,2021,Findex,1.67958016944295
findex_21_707,,1,0,2021,Findex,0.20065163019238
findex_21_708,,1,0,2021,Findex,0.721024443285898
findex_21_709,,0,0,2021,Findex,1.66268287591216
findex_21_710,,1,0,2021,Findex,0.185539238362971
findex_21_711,,1,0,2021,Findex,0.303483479788488
findex_21_712,,1,0,2021,Findex,1.60521304153904
findex_21_713,,1,0,2021,Findex,0.793313442366051
findex_21_714,,1,1,2021,Findex,1.51398287025828
findex_21_715,,1,0,2021,Findex,0.58429275632566
findex_21_716,,1,0,2021,Findex,0.849635549467297
findex_21_717,,1,0,2021,Findex,1.32625487560055
findex_21_718,,1,0,2021,Findex,0.896419125257381
findex_21_719,,0,1,2021,Findex,0.781059103849096
findex_21_720,,0,0,2021,Findex,1.78751257715638
findex_21_721,,1,1,2021,Findex,1.22919421871444
findex_21_722,,0,0,2021,Findex,0.684834935909055
findex_21_723,,0,0,2021,Findex,0.873951431631593
findex_21_724,,1,0,2021,Findex,0.408514288278026
findex_21_725,,0,0,2021,Findex,0.569044037441362
findex_21_726,,0,1,2021,Findex,0.551560206378142
findex_21_727,,0,0,2021,Findex,0.927649417280233
findex_21_728,,1,1,2021,Findex,0.547762821697233
findex_21_729,,0,0,2021,Findex,1.19533951855416
findex_21_730,,1,0,2021,Findex,3.00106912418754
findex_21_731,,1,0,2021,Findex,1.46226374371639
findex_21_732,,0,0,2021,Findex,0.501273926829666
findex_21_733,,0,0,2021,Findex,1.76735364400142
findex_21_734,,1,0,2021,Findex,1.73829335491331
findex_21_735,,1,0,2021,Findex,1.62434325473725
findex_21_736,,1,0,2021,Findex,0.279687593388571
findex_21_737,,0,0,2021,Findex,0.835456544716109
findex_21_738,,0,1,2021,Findex,1.33077824582163
findex_21_739,,1,1,2021,Findex,1.10410802422337
findex_21_740,,1,0,2021,Findex,1.02442623113506
findex_21_741,,1,0,2021,Findex,1.78406720997244
findex_21_742,,0,0,2021,Findex,0.185539238362971
findex_21_743,,0,1,2021,Findex,0.821644232545849
findex_21_744,,1,0,2021,Findex,0.552054012111683
findex_21_745,,1,1,2021,Findex,2.75030467533413
findex_21_746,,1,0,2021,Findex,1.05324087356075
findex_21_747,,1,0,2021,Findex,0.668365235772888
findex_21_748,,0,1,2021,Findex,0.902839236728964
findex_21_749,,1,0,2021,Findex,0.513189918598226
findex_21_750,,0,0,2021,Findex,0.528875628244034
findex_21_751,,1,0,2021,Findex,0.964336910724058
findex_21_752,,1,0,2021,Findex,1.22651687968012
findex_21_753,,1,0,2021,Findex,0.419480831840987
findex_21_754,,0,0,2021,Findex,0.425551801158198
findex_21_755,,0,0,2021,Findex,0.514362081803169
findex_21_756,,0,0,2021,Findex,1.0443601536445
findex_21_757,,0,0,2021,Findex,0.252479092000203
findex_21_758,,1,0,2021,Findex,1.28835745741355
findex_21_759,,0,0,2021,Findex,0.663868126593042
findex_21_760,,0,0,2021,Findex,0.576819554628718
findex_21_761,,0,0,2021,Findex,0.964607419738202
findex_21_762,,1,0,2021,Findex,0.595837525718793
findex_21_763,,0,0,2021,Findex,0.434791261500456
findex_21_764,,0,0,2021,Findex,2.14141462944795
findex_21_765,,1,1,2021,Findex,1.95951019768344
findex_21_766,,1,0,2021,Findex,0.528875628244034
findex_21_767,,0,0,2021,Findex,0.929235685364396
findex_21_768,,1,0,2021,Findex,0.460415624604754
findex_21_769,,1,0,2021,Findex,1.05775125648807
findex_21_770,,0,1,2021,Findex,1.13396601371604
findex_21_771,,1,0,2021,Findex,3.00106912418754
findex_21_772,,1,1,2021,Findex,0.604582889783076
findex_21_773,,0,0,2021,Findex,0.513696660853838
findex_21_774,,0,0,2021,Findex,0.865229331943078
findex_21_775,,1,0,2021,Findex,1.83549825381253
findex_21_776,,0,1,2021,Findex,0.185539238362971
findex_21_777,,1,0,2021,Findex,2.47762490334774
findex_21_778,,1,0,2021,Findex,0.189889037248487
findex_21_779,,1,0,2021,Findex,1.57188957580439
findex_21_780,,1,0,2021,Findex,0.58429275632566
findex_21_781,,0,0,2021,Findex,0.453829668191067
findex_21_782,,0,0,2021,Findex,2.29728714896958
findex_21_783,,0,1,2021,Findex,0.578052683653568
findex_21_784,,0,0,2021,Findex,0.764605364577955
findex_21_785,,1,1,2021,Findex,0.189078578828373
findex_21_786,,0,0,2021,Findex,0.185539238362971
findex_21_787,,1,0,2021,Findex,0.826155915200665
findex_21_788,,1,0,2021,Findex,3.00106912418754
findex_21_789,,0,0,2021,Findex,0.550221379043274
findex_21_790,,1,0,2021,Findex,0.50468645244823
findex_21_791,,1,0,2021,Findex,1.06650019473282
findex_21_792,,1,0,2021,Findex,2.21569756283794
findex_21_793,,1,0,2021,Findex,0.574275619511349
findex_21_794,,1,0,2021,Findex,0.838961663681973
findex_21_795,,1,0,2021,Findex,0.493454714430943
findex_21_796,,1,0,2021,Findex,1.21021244850951
findex_21_797,,1,1,2021,Findex,0.856161101423063
findex_21_798,,1,1,2021,Findex,0.672314343943035
findex_21_799,,1,0,2021,Findex,0.832855595996223
findex_21_800,,1,0,2021,Findex,0.238581301624279
findex_21_801,,0,0,2021,Findex,1.12188250175025
findex_21_802,,1,0,2021,Findex,0.724049467707571
findex_21_803,,1,0,2021,Findex,1.05344490045268
findex_21_804,,1,0,2021,Findex,2.991686671334
findex_21_805,,0,0,2021,Findex,0.359626896819751
findex_21_806,,0,1,2021,Findex,0.684928881138451
findex_21_807,,1,1,2021,Findex,1.05331244285046
findex_21_808,,1,1,2021,Findex,1.63175064765884
findex_21_809,,0,0,2021,Findex,1.21855311976366
findex_21_810,,0,0,2021,Findex,0.380945913216021
findex_21_811,,1,1,2021,Findex,0.962711665338905
findex_21_812,,1,0,2021,Findex,0.185539238362971
findex_21_813,,0,0,2021,Findex,0.731131871858195
findex_21_814,,1,0,2021,Findex,0.335210248038388
findex_21_815,,0,0,2021,Findex,0.451419618364482
findex_21_816,,1,0,2021,Findex,1.50044313718881
findex_21_817,,1,0,2021,Findex,0.843918759268575
findex_21_818,,1,1,2021,Findex,0.839234949276181
findex_21_819,,0,0,2021,Findex,1.12052390657173
findex_21_820,,0,0,2021,Findex,0.595837525718793
findex_21_821,,0,1,2021,Findex,0.185539238362971
findex_21_822,,1,0,2021,Findex,2.32353844307565
findex_21_823,,1,0,2021,Findex,2.2971024780454
findex_21_824,,0,0,2021,Findex,0.906510758109217
findex_21_825,,1,0,2021,Findex,0.906510758109217
findex_21_826,,1,0,2021,Findex,0.316922945318152
findex_21_827,,0,0,2021,Findex,0.355500064910939
findex_21_828,,0,1,2021,Findex,1.04141213846546
findex_21_829,,0,1,2021,Findex,1.93218904239089
findex_21_830,,1,0,2021,Findex,0.279687593388571
findex_21_831,,0,0,2021,Findex,0.257181040901584
findex_21_832,,1,0,2021,Findex,2.34847389696361
findex_21_833,,1,0,2021,Findex,1.495843335667
findex_21_834,,0,1,2021,Findex,1.07337871228383
findex_21_835,,1,0,2021,Findex,1.10322027222343
findex_21_836,,1,1,2021,Findex,0.81587532382942
findex_21_837,,0,0,2021,Findex,2.074055034523
findex_21_838,,1,0,2021,Findex,0.545381807803541
findex_21_839,,1,0,2021,Findex,0.873309864734265
findex_21_840,,0,1,2021,Findex,1.78348021952237
findex_21_841,,1,1,2021,Findex,0.394374325243937
findex_21_842,,1,0,2021,Findex,0.328497492770518
findex_21_843,,0,0,2021,Findex,0.950768835954456
findex_21_844,,1,0,2021,Findex,0.785944787902195
findex_21_845,,1,0,2021,Findex,0.434573338728327
findex_21_846,,1,0,2021,Findex,0.185539238362971
findex_21_847,,1,0,2021,Findex,2.074055034523
findex_21_848,,0,0,2021,Findex,0.287137809755675
findex_21_849,,1,0,2021,Findex,0.601954890577139
findex_21_850,,1,1,2021,Findex,0.821644232545849
findex_21_851,,1,0,2021,Findex,1.39566073121146
findex_21_852,,0,1,2021,Findex,1.81374866934923
findex_21_853,,1,0,2021,Findex,0.393731152963368
findex_21_854,,1,0,2021,Findex,0.87481335969449
findex_21_855,,1,0,2021,Findex,0.413077957600333
findex_21_856,,1,0,2021,Findex,0.382567429663814
findex_21_857,,1,1,2021,Findex,0.21303772120741
findex_21_858,,1,0,2021,Findex,1.46818291144346
findex_21_859,,1,0,2021,Findex,0.614597109357222
findex_21_860,,0,0,2021,Findex,1.71256760248296
findex_21_861,,0,0,2021,Findex,0.457501071203679
findex_21_862,,1,0,2021,Findex,0.927649417280233
findex_21_863,,1,0,2021,Findex,2.23944022592393
findex_21_864,,0,1,2021,Findex,0.902242423226603
findex_21_865,,1,0,2021,Findex,0.221449264894415
findex_21_866,,0,1,2021,Findex,2.29728714896958
findex_21_867,,1,0,2021,Findex,0.445630527329469
findex_21_868,,0,1,2021,Findex,0.53231129832865
findex_21_869,,1,0,2021,Findex,0.185539238362971
findex_21_870,,0,1,2021,Findex,0.657290542073228
findex_21_871,,0,0,2021,Findex,0.330024086942525
findex_21_872,,1,0,2021,Findex,1.5866268847321
findex_21_873,,1,0,2021,Findex,1.30120761831066
findex_21_874,,1,1,2021,Findex,0.225560605806651
findex_21_875,,0,0,2021,Findex,1.0583136127019
findex_21_876,,1,0,2021,Findex,0.777770637946123
findex_21_877,,1,1,2021,Findex,0.798466947492976
findex_21_878,,1,0,2021,Findex,0.288846490713349
findex_21_879,,0,0,2021,Findex,0.513696660853838
findex_21_880,,0,0,2021,Findex,0.945514212155521
findex_21_881,,0,1,2021,Findex,1.68371493808709
findex_21_882,,0,0,2021,Findex,0.192867382144812
findex_21_883,,0,1,2021,Findex,0.264437814122017
findex_21_884,,0,0,2021,Findex,0.851103602316395
findex_21_885,,0,0,2021,Findex,0.406085813684313
findex_21_886,,0,1,2021,Findex,1.64787607238668
findex_21_887,,1,0,2021,Findex,1.13318127747869
findex_21_888,,1,0,2021,Findex,1.25467575586981
findex_21_889,,1,0,2021,Findex,1.02442623113506
findex_21_890,,0,0,2021,Findex,1.8582186775108
findex_21_891,,1,1,2021,Findex,1.57571437944095
findex_21_892,,0,0,2021,Findex,2.39582258347298
findex_21_893,,0,1,2021,Findex,0.480977026060994
findex_21_894,,0,0,2021,Findex,0.828081018167525
findex_21_895,,0,0,2021,Findex,0.747921667833501
findex_21_896,,1,0,2021,Findex,0.492746239155777
findex_21_897,,0,0,2021,Findex,0.644814814043165
findex_21_898,,1,0,2021,Findex,2.074055034523
findex_21_899,,1,0,2021,Findex,1.21172162687108
findex_21_900,,1,0,2021,Findex,0.441665521700271
findex_21_901,,0,0,2021,Findex,0.974842495810927
findex_21_902,,1,1,2021,Findex,1.56873346920042
findex_21_903,,1,0,2021,Findex,0.256594959299113
findex_21_904,,1,0,2021,Findex,0.316922945318152
findex_21_905,,1,0,2021,Findex,1.66063845971912
findex_21_906,,0,0,2021,Findex,2.57597413619177
findex_21_907,,0,0,2021,Findex,1.48959381429698
findex_21_908,,1,0,2021,Findex,0.906666582547981
findex_21_909,,1,1,2021,Findex,0.487479994716934
findex_21_910,,1,0,2021,Findex,1.12052390657173
findex_21_911,,0,0,2021,Findex,0.469694779392721
findex_21_912,,0,0,2021,Findex,0.87370634566673
findex_21_913,,0,0,2021,Findex,0.641487398247782
findex_21_914,,0,0,2021,Findex,0.89375628857819
findex_21_915,,0,0,2021,Findex,1.87877911757088
findex_21_916,,0,0,2021,Findex,1.1861703283708
findex_21_917,,1,0,2021,Findex,1.25844249552296
findex_21_918,,1,0,2021,Findex,1.22742834207612
findex_21_919,,0,0,2021,Findex,1.0443601536445
findex_21_920,,1,0,2021,Findex,0.670420496076775
findex_21_921,,1,0,2021,Findex,0.289655063187753
findex_21_922,,1,0,2021,Findex,0.519309268659036
findex_21_923,,1,0,2021,Findex,0.434573338728327
findex_21_924,,0,0,2021,Findex,1.76515243555748
findex_21_925,,1,0,2021,Findex,0.843113646183591
findex_21_926,,0,0,2021,Findex,1.5866268847321
findex_21_927,,0,1,2021,Findex,0.842372485978072
findex_21_928,,1,1,2021,Findex,0.825331766467437
findex_21_929,,1,0,2021,Findex,1.89410964556501
findex_21_930,,0,0,2021,Findex,0.619406225836935
findex_21_931,,1,0,2021,Findex,1.42980000897309
findex_21_932,,0,0,2021,Findex,0.575213716883366
findex_21_933,,0,1,2021,Findex,0.359626896819751
findex_21_934,,0,1,2021,Findex,1.02739332170768
findex_21_935,,0,0,2021,Findex,0.86747174554044
findex_21_936,,0,0,2021,Findex,1.5866268847321
findex_21_937,,0,0,2021,Findex,1.76874510724533
findex_21_938,,0,1,2021,Findex,0.725208606487373
findex_21_939,,0,0,2021,Findex,0.697830365605732
findex_21_940,,1,0,2021,Findex,0.647037704900641
findex_21_941,,0,0,2021,Findex,0.500170726816423
findex_21_942,,1,0,2021,Findex,0.322089364353388
findex_21_943,,1,1,2021,Findex,1.1861703283708
findex_21_944,,1,0,2021,Findex,0.998029651553995
findex_21_945,,0,0,2021,Findex,0.896504638915623
findex_21_946,,0,1,2021,Findex,1.58016735067902
findex_21_947,,1,0,2021,Findex,0.86747174554044
findex_21_948,,0,1,2021,Findex,1.66571119199245
findex_21_949,,1,0,2021,Findex,2.49856678798867
findex_21_950,,1,0,2021,Findex,1.81353009227471
findex_21_951,,1,0,2021,Findex,0.89375628857819
findex_21_952,,1,0,2021,Findex,0.185539238362971
findex_21_953,,0,0,2021,Findex,1.88863546246449
findex_21_954,,1,0,2021,Findex,0.692412358212048
findex_21_955,,1,0,2021,Findex,1.47269765562108
findex_21_956,,0,0,2021,Findex,0.89375628857819
findex_21_957,,0,1,2021,Findex,1.73916504600183
findex_21_958,,1,1,2021,Findex,1.56211820769819
findex_21_959,,0,0,2021,Findex,1.15538596285339
findex_21_960,,0,0,2021,Findex,0.480718845376719
findex_21_961,,0,0,2021,Findex,0.473527411391251
findex_21_962,,0,1,2021,Findex,0.829648957268762
findex_21_963,,0,1,2021,Findex,2.65547250637217
findex_21_964,,1,1,2021,Findex,0.54390645486553
findex_21_965,,1,0,2021,Findex,1.34462868788607
findex_21_966,,0,0,2021,Findex,1.4469111296073
findex_21_967,,1,1,2021,Findex,0.233717102530264
findex_21_968,,1,0,2021,Findex,0.777770637946124
findex_21_969,,1,0,2021,Findex,1.52958187817711
findex_21_970,,0,0,2021,Findex,0.731131871858195
findex_21_971,,0,0,2021,Findex,3.00106912418754
findex_21_972,,1,1,2021,Findex,1.56596381001068
findex_21_973,,0,0,2021,Findex,1.42980000897309
findex_21_974,,1,0,2021,Findex,1.495843335667
findex_21_975,,0,0,2021,Findex,1.19167505143759
findex_21_976,,1,0,2021,Findex,0.696926764023297
findex_21_977,,1,0,2021,Findex,0.454703038607556
findex_21_978,,0,0,2021,Findex,0.838961663681973
findex_21_979,,0,0,2021,Findex,0.289655063187753
findex_21_980,,0,1,2021,Findex,1.75197581477989
findex_21_981,,0,0,2021,Findex,0.185539238362971
findex_21_982,,0,1,2021,Findex,1.49738911467061
findex_21_983,,0,1,2021,Findex,0.451419618364482
findex_21_984,,1,0,2021,Findex,0.533250097366409
findex_21_985,,0,0,2021,Findex,1.87877911757088
findex_21_986,,1,0,2021,Findex,0.185539238362971
findex_21_987,,0,0,2021,Findex,1.64787607238668
findex_21_988,,1,0,2021,Findex,0.533250097366409
findex_21_989,,1,0,2021,Findex,0.528875628244034
findex_21_990,,1,0,2021,Findex,0.917749126906264
findex_21_991,,1,0,2021,Findex,2.78496040971867
findex_21_992,,1,0,2021,Findex,1.2430375877744
findex_21_993,,1,1,2021,Findex,0.566983006858019
findex_21_994,,1,0,2021,Findex,1.52100668554914
findex_21_995,,0,0,2021,Findex,2.21569756283794
findex_21_996,,0,1,2021,Findex,1.35111396419522
findex_21_997,,1,1,2021,Findex,0.496418134493661
findex_21_998,,1,0,2021,Findex,0.37398121546127
findex_21_999,,0,1,2021,Findex,1.36966987181811
findex_24_0,,1,0,2024,Findex,0.344393188000585
findex_24_1,,0,1,2024,Findex,0.609211624834282
findex_24_2,,0,0,2024,Findex,0.798520089037316
findex_24_3,,0,0,2024,Findex,0.25324331197111
findex_24_4,,1,0,2024,Findex,0.531982522559654
findex_24_5,,0,1,2024,Findex,1.50089396383522
findex_24_6,,0,1,2024,Findex,0.973399029708216
findex_24_7,,1,1,2024,Findex,1.16865224201694
findex_24_8,,0,0,2024,Findex,0.826982673084199
findex_24_9,,1,0,2024,Findex,1.85312555944724
findex_24_10,,1,0,2024,Findex,0.882829521765659
findex_24_11,,0,0,2024,Findex,0.285080425069735
findex_24_12,,0,1,2024,Findex,0.624760345804823
findex_24_13,,0,1,2024,Findex,1.13383841654215
findex_24_14,,1,0,2024,Findex,0.708084094961859
findex_24_15,,0,0,2024,Findex,2.49804205265329
findex_24_16,,1,0,2024,Findex,2.49804205265329
findex_24_17,,1,0,2024,Findex,0.789765688712974
findex_24_18,,0,1,2024,Findex,0.580722541204279
findex_24_19,,1,0,2024,Findex,2.49804205265329
findex_24_20,,1,1,2024,Findex,0.435131498662542
findex_24_21,,0,0,2024,Findex,1.73033922291268
findex_24_22,,1,1,2024,Findex,2.49804205265329
findex_24_23,,0,0,2024,Findex,1.76013087546758
findex_24_24,,0,0,2024,Findex,0.452605082263091
findex_24_25,,1,1,2024,Findex,1.78589154952736
findex_24_26,,1,0,2024,Findex,0.507104969412134
findex_24_27,,0,1,2024,Findex,0.567024123894347
findex_24_28,,1,0,2024,Findex,1.4256094184975
findex_24_29,,0,1,2024,Findex,0.361372968079238
findex_24_30,,0,1,2024,Findex,0.492432052729327
findex_24_31,,0,0,2024,Findex,1.79950597656666
findex_24_32,,1,1,2024,Findex,1.56077783137885
findex_24_33,,0,1,2024,Findex,1.51178455538953
findex_24_34,,1,0,2024,Findex,0.485978151999498
findex_24_35,,1,0,2024,Findex,2.49804205265329
findex_24_36,,0,1,2024,Findex,1.4518063530107
findex_24_37,,1,1,2024,Findex,0.467367464209188
findex_24_38,,0,1,2024,Findex,1.86586620191434
findex_24_39,,1,1,2024,Findex,2.24384107196326
findex_24_40,,0,0,2024,Findex,2.49804205265329
findex_24_41,,0,1,2024,Findex,0.686636353769552
findex_24_42,,0,0,2024,Findex,1.10050700413397
findex_24_43,,1,1,2024,Findex,0.258340713293897
findex_24_44,,1,1,2024,Findex,0.766204870696274
findex_24_45,,0,0,2024,Findex,2.49804205265329
findex_24_46,,1,0,2024,Findex,2.12425228488558
findex_24_47,,0,0,2024,Findex,1.26376388259116
findex_24_48,,1,0,2024,Findex,0.483620475054231
findex_24_49,,1,1,2024,Findex,0.85053618584152
findex_24_50,,0,0,2024,Findex,1.38600915687257
findex_24_51,,0,0,2024,Findex,1.48564256216562
findex_24_52,,1,0,2024,Findex,1.73383718257398
findex_24_53,,0,1,2024,Findex,0.950406278998334
findex_24_54,,0,1,2024,Findex,1.94681330502049
findex_24_55,,1,1,2024,Findex,0.25324331197111
findex_24_56,,1,1,2024,Findex,0.756436168090899
findex_24_57,,1,0,2024,Findex,1.37563375516746
findex_24_58,,0,0,2024,Findex,0.893380385310165
findex_24_59,,0,1,2024,Findex,0.25324331197111
findex_24_60,,1,0,2024,Findex,0.732515170027855
findex_24_61,,1,0,2024,Findex,1.11792812465224
findex_24_62,,1,1,2024,Findex,0.811709846802491
findex_24_63,,1,0,2024,Findex,0.644771083048618
findex_24_64,,1,1,2024,Findex,0.874131705882645
findex_24_65,,0,1,2024,Findex,1.19967065104444
findex_24_66,,0,1,2024,Findex,1.66533671872385
findex_24_67,,0,1,2024,Findex,2.49804205265329
findex_24_68,,0,1,2024,Findex,0.363207089623303
findex_24_69,,1,0,2024,Findex,0.286579706103808
findex_24_70,,1,0,2024,Findex,0.531982522559654
findex_24_71,,1,0,2024,Findex,0.285080425069735
findex_24_72,,1,1,2024,Findex,1.10175095105061
findex_24_73,,1,0,2024,Findex,0.354655015039769
findex_24_74,,0,0,2024,Findex,0.535369466339519
findex_24_75,,1,1,2024,Findex,0.990430271888187
findex_24_76,,1,1,2024,Findex,1.5128723361818
findex_24_77,,0,1,2024,Findex,0.335780640024202
findex_24_78,,1,0,2024,Findex,1.91873140776354
findex_24_79,,0,1,2024,Findex,1.91304673550707
findex_24_80,,1,0,2024,Findex,0.461004517647395
findex_24_81,,1,1,2024,Findex,1.16665016392483
findex_24_82,,1,1,2024,Findex,1.44687545567343
findex_24_83,,1,1,2024,Findex,0.899752988283329
findex_24_84,,1,0,2024,Findex,0.390233490354857
findex_24_85,,1,1,2024,Findex,0.455905896477259
findex_24_86,,0,0,2024,Findex,0.433462036237046
findex_24_87,,1,0,2024,Findex,0.949133497654246
findex_24_88,,1,0,2024,Findex,1.29328158599793
findex_24_89,,0,1,2024,Findex,1.01198185927269
findex_24_90,,1,1,2024,Findex,0.580722541204279
findex_24_91,,1,0,2024,Findex,0.880724758474132
findex_24_92,,1,0,2024,Findex,0.384705442600441
findex_24_93,,0,1,2024,Findex,1.75104295780775
findex_24_94,,0,0,2024,Findex,0.291394102153988
findex_24_95,,1,0,2024,Findex,1.10090594809267
findex_24_96,,0,0,2024,Findex,0.399591230921905
findex_24_97,,1,0,2024,Findex,2.40729342282976
findex_24_98,,1,1,2024,Findex,1.0092640317813
findex_24_99,,0,0,2024,Findex,0.293006068011142
findex_24_100,,1,1,2024,Findex,2.49804205265329
findex_24_101,,1,1,2024,Findex,0.402796868136514
findex_24_102,,0,0,2024,Findex,0.47911205342239
findex_24_103,,1,1,2024,Findex,0.805674213064765
findex_24_104,,1,0,2024,Findex,0.330699588004518
findex_24_105,,0,0,2024,Findex,1.66173934551818
findex_24_106,,0,1,2024,Findex,1.01987935753896
findex_24_107,,1,1,2024,Findex,0.467367464209188
findex_24_108,,1,1,2024,Findex,0.55199359507532
findex_24_109,,1,1,2024,Findex,1.15580064390191
findex_24_110,,1,1,2024,Findex,0.406141083222855
findex_24_111,,1,0,2024,Findex,0.25324331197111
findex_24_112,,1,0,2024,Findex,0.25324331197111
findex_24_113,,1,0,2024,Findex,1.95244678899217
findex_24_114,,1,1,2024,Findex,0.68999199384415
findex_24_115,,1,1,2024,Findex,1.13002867154135
findex_24_116,,0,0,2024,Findex,0.25324331197111
findex_24_117,,0,0,2024,Findex,0.25324331197111
findex_24_118,,1,1,2024,Findex,2.49804205265329
findex_24_119,,0,1,2024,Findex,0.25324331197111
findex_24_120,,0,0,2024,Findex,0.968043898287467
findex_24_121,,1,0,2024,Findex,0.990251294666338
findex_24_122,,1,1,2024,Findex,1.28551746621864
findex_24_123,,0,1,2024,Findex,0.787810962049777
findex_24_124,,1,1,2024,Findex,0.883986160110941
findex_24_125,,1,0,2024,Findex,0.409767201745656
findex_24_126,,1,0,2024,Findex,0.7606574541182
findex_24_127,,1,1,2024,Findex,0.31963458221506
findex_24_128,,1,1,2024,Findex,0.783488160056471
findex_24_129,,1,1,2024,Findex,1.87340718289253
findex_24_130,,0,0,2024,Findex,0.716191783681615
findex_24_131,,0,0,2024,Findex,0.40032943567006
findex_24_132,,0,0,2024,Findex,0.691506776471092
findex_24_133,,0,1,2024,Findex,1.2586768841604
findex_24_134,,1,0,2024,Findex,0.522459730575901
findex_24_135,,1,1,2024,Findex,0.299391629009148
findex_24_136,,1,1,2024,Findex,0.618461228377574
findex_24_137,,1,1,2024,Findex,0.621232897186646
findex_24_138,,1,1,2024,Findex,0.46384592128318
findex_24_139,,0,0,2024,Findex,2.49804205265329
findex_24_140,,0,0,2024,Findex,2.44892507485224
findex_24_141,,1,1,2024,Findex,0.409233026031932
findex_24_142,,0,0,2024,Findex,1.18800784874792
findex_24_143,,1,1,2024,Findex,0.289448494165735
findex_24_144,,1,0,2024,Findex,0.633078640279054
findex_24_145,,0,0,2024,Findex,0.456564613305493
findex_24_146,,1,1,2024,Findex,1.72625490086123
findex_24_147,,1,0,2024,Findex,0.879275889276464
findex_24_148,,1,0,2024,Findex,0.25324331197111
findex_24_149,,1,0,2024,Findex,0.321087850740117
findex_24_150,,1,1,2024,Findex,0.388782521599598
findex_24_151,,1,1,2024,Findex,1.56680192879937
findex_24_152,,1,0,2024,Findex,0.660543568855599
findex_24_153,,1,1,2024,Findex,0.777466173833273
findex_24_154,,1,1,2024,Findex,0.713275062766668
findex_24_155,,1,0,2024,Findex,0.531982522559654
findex_24_156,,1,0,2024,Findex,0.328288035152885
findex_24_157,,1,1,2024,Findex,0.544496616503786
findex_24_158,,0,1,2024,Findex,0.847521503656011
findex_24_159,,1,0,2024,Findex,0.25647029506696
findex_24_160,,0,1,2024,Findex,2.49804205265329
findex_24_161,,1,1,2024,Findex,0.25324331197111
findex_24_162,,0,0,2024,Findex,0.328288035152885
findex_24_163,,1,0,2024,Findex,0.25324331197111
findex_24_164,,1,1,2024,Findex,0.439560623769909
findex_24_165,,1,1,2024,Findex,0.25324331197111
findex_24_166,,0,0,2024,Findex,2.49804205265329
findex_24_167,,1,1,2024,Findex,0.283037257304645
findex_24_168,,0,0,2024,Findex,0.59983532552222
findex_24_169,,0,1,2024,Findex,0.756436168090899
findex_24_170,,1,0,2024,Findex,0.809291747742449
findex_24_171,,1,1,2024,Findex,1.2256835256139
findex_24_172,,1,0,2024,Findex,0.439509102016713
findex_24_173,,0,1,2024,Findex,0.959267763663681
findex_24_174,,1,1,2024,Findex,0.446551858640738
findex_24_175,,1,1,2024,Findex,0.322535277330783
findex_24_176,,0,1,2024,Findex,2.49804205265329
findex_24_177,,0,0,2024,Findex,2.12837637714364
findex_24_178,,0,0,2024,Findex,0.855241275209205
findex_24_179,,1,1,2024,Findex,1.87340718289253
findex_24_180,,1,1,2024,Findex,1.12794389829067
findex_24_181,,1,1,2024,Findex,1.91348813123951
findex_24_182,,1,0,2024,Findex,1.38984416958543
findex_24_183,,1,0,2024,Findex,0.891671991458825
findex_24_184,,1,1,2024,Findex,0.25324331197111
findex_24_185,,1,1,2024,Findex,1.15580064390191
findex_24_186,,0,1,2024,Findex,1.02140293801158
findex_24_187,,0,0,2024,Findex,1.19967065104444
findex_24_188,,0,1,2024,Findex,1.13002867154135
findex_24_189,,1,0,2024,Findex,0.431170951672643
findex_24_190,,1,0,2024,Findex,0.531982522559654
findex_24_191,,0,1,2024,Findex,0.25324331197111
findex_24_192,,1,1,2024,Findex,0.609211624834282
findex_24_193,,0,1,2024,Findex,0.484276119497737
findex_24_194,,0,0,2024,Findex,0.803054199509278
findex_24_195,,1,1,2024,Findex,0.815565040833918
findex_24_196,,1,1,2024,Findex,1.34491526988516
findex_24_197,,1,0,2024,Findex,0.341583399939478
findex_24_198,,0,0,2024,Findex,1.07434879002042
findex_24_199,,1,1,2024,Findex,0.435111827690461
findex_24_200,,1,0,2024,Findex,0.926562779723621
findex_24_201,,0,1,2024,Findex,0.907913722676963
findex_24_202,,0,1,2024,Findex,0.909450894753844
findex_24_203,,1,0,2024,Findex,0.316539320139527
findex_24_204,,0,0,2024,Findex,0.751802430076544
findex_24_205,,0,1,2024,Findex,0.25324331197111
findex_24_206,,0,1,2024,Findex,2.49804205265329
findex_24_207,,1,0,2024,Findex,0.440362379237066
findex_24_208,,0,0,2024,Findex,0.759126854557946
findex_24_209,,0,0,2024,Findex,0.921393303498469
findex_24_210,,0,0,2024,Findex,0.328288035152885
findex_24_211,,0,0,2024,Findex,1.13151270565773
findex_24_212,,1,0,2024,Findex,0.992292216815106
findex_24_213,,1,1,2024,Findex,0.537062490848686
findex_24_214,,1,0,2024,Findex,0.660543568855599
findex_24_215,,1,1,2024,Findex,0.984864105458655
findex_24_216,,0,1,2024,Findex,0.719243933805944
findex_24_217,,0,0,2024,Findex,0.485805639423174
findex_24_218,,0,1,2024,Findex,0.773647908964427
findex_24_219,,1,1,2024,Findex,0.435597293203029
findex_24_220,,0,1,2024,Findex,1.86348450420337
findex_24_221,,0,0,2024,Findex,0.25324331197111
findex_24_222,,1,0,2024,Findex,0.411459165693719
findex_24_223,,0,0,2024,Findex,0.826982673084199
findex_24_224,,1,1,2024,Findex,1.12340361278352
findex_24_225,,1,1,2024,Findex,0.777466173833273
findex_24_226,,0,0,2024,Findex,0.485978151999498
findex_24_227,,0,0,2024,Findex,0.485978151999498
findex_24_228,,1,1,2024,Findex,1.39841365920016
findex_24_229,,1,1,2024,Findex,0.608782385101869
findex_24_230,,1,1,2024,Findex,0.25324331197111
findex_24_231,,1,1,2024,Findex,2.34175897861566
findex_24_232,,0,1,2024,Findex,0.454726814723481
findex_24_233,,1,0,2024,Findex,0.25324331197111
findex_24_234,,0,0,2024,Findex,0.803054199509278
findex_24_235,,1,0,2024,Findex,1.60630339496028
findex_24_236,,1,0,2024,Findex,0.662311822312837
findex_24_237,,0,0,2024,Findex,1.54262095946237
findex_24_238,,1,0,2024,Findex,0.616511604198909
findex_24_239,,1,1,2024,Findex,0.783488160056471
findex_24_240,,1,0,2024,Findex,0.88564799698427
findex_24_241,,1,1,2024,Findex,0.372739738311987
findex_24_242,,1,0,2024,Findex,0.25324331197111
findex_24_243,,0,1,2024,Findex,0.535369466339519
findex_24_244,,1,1,2024,Findex,0.25324331197111
findex_24_245,,0,0,2024,Findex,1.98886246992873
findex_24_246,,1,0,2024,Findex,1.10288472169043
findex_24_247,,1,0,2024,Findex,1.43246505336056
findex_24_248,,1,0,2024,Findex,0.25324331197111
findex_24_249,,1,0,2024,Findex,0.688663226896354
findex_24_250,,1,1,2024,Findex,1.24952069160965
findex_24_251,,1,0,2024,Findex,0.864005708180303
findex_24_252,,0,1,2024,Findex,0.773076535471967
findex_24_253,,1,0,2024,Findex,0.688663226896354
findex_24_254,,1,1,2024,Findex,0.632605712131622
findex_24_255,,0,1,2024,Findex,0.535369466339519
findex_24_256,,0,0,2024,Findex,1.37786166782846
findex_24_257,,1,1,2024,Findex,0.598783258018296
findex_24_258,,0,0,2024,Findex,0.594003924373959
findex_24_259,,1,0,2024,Findex,0.616511604198909
findex_24_260,,1,1,2024,Findex,0.27599679753766
findex_24_261,,1,0,2024,Findex,2.49804205265329
findex_24_262,,0,0,2024,Findex,0.632605712131622
findex_24_263,,0,1,2024,Findex,1.26072694681817
findex_24_264,,1,0,2024,Findex,0.297223997152942
findex_24_265,,1,0,2024,Findex,0.485805639423174
findex_24_266,,1,0,2024,Findex,0.999041583213035
findex_24_267,,1,1,2024,Findex,0.815565040833918
findex_24_268,,1,0,2024,Findex,0.354655015039769
findex_24_269,,0,0,2024,Findex,1.2404740096263
findex_24_270,,0,0,2024,Findex,0.990428374777078
findex_24_271,,1,0,2024,Findex,0.650389150591428
findex_24_272,,1,0,2024,Findex,0.921393303498469
findex_24_273,,1,0,2024,Findex,0.670035288982624
findex_24_274,,0,1,2024,Findex,0.25324331197111
findex_24_275,,0,1,2024,Findex,1.13002867154135
findex_24_276,,0,1,2024,Findex,1.78016832458773
findex_24_277,,1,0,2024,Findex,0.481631776110176
findex_24_278,,0,0,2024,Findex,0.803054199509278
findex_24_279,,0,0,2024,Findex,0.816308358284079
findex_24_280,,0,1,2024,Findex,1.26376388259116
findex_24_281,,1,0,2024,Findex,0.502894535847879
findex_24_282,,0,1,2024,Findex,0.936466698827312
findex_24_283,,0,0,2024,Findex,0.783488160056471
findex_24_284,,1,0,2024,Findex,2.26638424284787
findex_24_285,,0,0,2024,Findex,2.00619197490062
findex_24_286,,1,1,2024,Findex,1.00858155745453
findex_24_287,,1,1,2024,Findex,0.83301379440643
findex_24_288,,0,0,2024,Findex,0.69290069782358
findex_24_289,,1,0,2024,Findex,1.10636098377766
findex_24_290,,0,1,2024,Findex,2.38118873270314
findex_24_291,,0,1,2024,Findex,0.752165266882479
findex_24_292,,1,0,2024,Findex,0.287352851816746
findex_24_293,,1,0,2024,Findex,2.49804205265329
findex_24_294,,0,1,2024,Findex,1.34930914569692
findex_24_295,,0,1,2024,Findex,0.440553999107979
findex_24_296,,0,0,2024,Findex,2.49804205265329
findex_24_297,,1,0,2024,Findex,2.49804205265329
findex_24_298,,0,1,2024,Findex,0.680369412799297
findex_24_299,,1,1,2024,Findex,0.817122350409267
findex_24_300,,1,1,2024,Findex,0.33023902863187
findex_24_301,,1,1,2024,Findex,1.13002867154135
findex_24_302,,0,0,2024,Findex,1.48314790535373
findex_24_303,,1,1,2024,Findex,1.70344830198938
findex_24_304,,1,0,2024,Findex,0.440362379237066
findex_24_305,,0,1,2024,Findex,2.49804205265329
findex_24_306,,1,0,2024,Findex,0.467704684173371
findex_24_307,,1,0,2024,Findex,0.640435842802455
findex_24_308,,1,0,2024,Findex,1.89126053908467
findex_24_309,,1,0,2024,Findex,1.12306640752062
findex_24_310,,1,0,2024,Findex,0.787774801207451
findex_24_311,,1,1,2024,Findex,2.09008406363157
findex_24_312,,1,1,2024,Findex,0.375793971866028
findex_24_313,,1,1,2024,Findex,2.49302266713265
findex_24_314,,1,0,2024,Findex,0.397355593846347
findex_24_315,,0,0,2024,Findex,0.25324331197111
findex_24_316,,0,0,2024,Findex,2.49804205265329
findex_24_317,,1,1,2024,Findex,0.294747383157539
findex_24_318,,1,0,2024,Findex,0.651089578746378
findex_24_319,,0,1,2024,Findex,1.04126724300804
findex_24_320,,0,0,2024,Findex,1.70945062895846
findex_24_321,,0,1,2024,Findex,2.18857306352795
findex_24_322,,0,0,2024,Findex,0.25324331197111
findex_24_323,,1,1,2024,Findex,0.933320131139867
findex_24_324,,1,1,2024,Findex,0.653858121641767
findex_24_325,,1,0,2024,Findex,0.328288035152885
findex_24_326,,1,0,2024,Findex,1.38984416958543
findex_24_327,,0,1,2024,Findex,0.25324331197111
findex_24_328,,0,1,2024,Findex,0.680369412799297
findex_24_329,,1,0,2024,Findex,2.49804205265329
findex_24_330,,1,0,2024,Findex,0.769526171670142
findex_24_331,,0,1,2024,Findex,0.756436168090899
findex_24_332,,1,1,2024,Findex,2.49804205265329
findex_24_333,,1,0,2024,Findex,0.616511604198909
findex_24_334,,0,1,2024,Findex,2.37065227497618
findex_24_335,,0,0,2024,Findex,0.783488160056471
findex_24_336,,1,1,2024,Findex,0.987205539650491
findex_24_337,,1,0,2024,Findex,0.413393113883127
findex_24_338,,0,0,2024,Findex,1.22322883121407
findex_24_339,,0,0,2024,Findex,1.98886246992873
findex_24_340,,0,0,2024,Findex,2.49804205265329
findex_24_341,,1,1,2024,Findex,1.08592856159996
findex_24_342,,1,1,2024,Findex,0.665360862533024
findex_24_343,,0,1,2024,Findex,1.26376388259116
findex_24_344,,0,1,2024,Findex,0.265078991999726
findex_24_345,,1,1,2024,Findex,0.686636353769552
findex_24_346,,0,1,2024,Findex,0.322269685225906
findex_24_347,,0,1,2024,Findex,1.58935075069282
findex_24_348,,1,0,2024,Findex,2.49804205265329
findex_24_349,,1,1,2024,Findex,0.300866106752991
findex_24_350,,0,0,2024,Findex,1.83659907893761
findex_24_351,,1,0,2024,Findex,2.0674566827105
findex_24_352,,1,1,2024,Findex,0.762295263105301
findex_24_353,,0,1,2024,Findex,0.803054199509278
findex_24_354,,1,0,2024,Findex,0.520154443484455
findex_24_355,,0,0,2024,Findex,0.577247835721709
findex_24_356,,1,1,2024,Findex,0.543889784613076
findex_24_357,,1,0,2024,Findex,0.614650802618484
findex_24_358,,0,0,2024,Findex,1.66173934551818
findex_24_359,,0,1,2024,Findex,0.820720087882212
findex_24_360,,0,0,2024,Findex,1.48564256216562
findex_24_361,,0,0,2024,Findex,0.559634400040336
findex_24_362,,1,0,2024,Findex,0.47480898020929
findex_24_363,,1,1,2024,Findex,0.309230614188787
findex_24_364,,0,0,2024,Findex,0.826982673084199
findex_24_365,,1,0,2024,Findex,0.293006068011142
findex_24_366,,1,1,2024,Findex,1.16047186344664
findex_24_367,,1,1,2024,Findex,0.582788204307975
findex_24_368,,1,1,2024,Findex,0.484276119497737
findex_24_369,,0,0,2024,Findex,2.49804205265329
findex_24_370,,1,0,2024,Findex,0.25324331197111
findex_24_371,,1,0,2024,Findex,0.712176738013355
findex_24_372,,0,0,2024,Findex,0.328288035152885
findex_24_373,,0,1,2024,Findex,0.624760345804823
findex_24_374,,0,1,2024,Findex,1.02841397297491
findex_24_375,,1,0,2024,Findex,1.15905541692699
findex_24_376,,0,0,2024,Findex,0.25324331197111
findex_24_377,,1,1,2024,Findex,0.915515138359402
findex_24_378,,1,1,2024,Findex,0.756436168090899
findex_24_379,,0,1,2024,Findex,1.14814424119069
findex_24_380,,0,0,2024,Findex,0.59983532552222
findex_24_381,,1,1,2024,Findex,0.71280470924875
findex_24_382,,0,0,2024,Findex,1.60610839901856
findex_24_383,,0,0,2024,Findex,1.2586768841604
findex_24_384,,1,0,2024,Findex,0.573159412207616
findex_24_385,,0,1,2024,Findex,2.00093749515174
findex_24_386,,0,0,2024,Findex,0.59983532552222
findex_24_387,,1,1,2024,Findex,0.756436168090899
findex_24_388,,1,1,2024,Findex,0.535862230368885
findex_24_389,,1,0,2024,Findex,0.291394102153988
findex_24_390,,1,0,2024,Findex,0.488414465416703
findex_24_391,,1,1,2024,Findex,0.55199359507532
findex_24_392,,1,0,2024,Findex,0.42403616568951
findex_24_393,,0,1,2024,Findex,1.15580064390191
findex_24_394,,1,1,2024,Findex,0.328288035152885
findex_24_395,,1,1,2024,Findex,0.691904526535896
findex_24_396,,0,1,2024,Findex,0.883986160110941
findex_24_397,,0,1,2024,Findex,1.79972445270609
findex_24_398,,0,0,2024,Findex,0.308255802099454
findex_24_399,,1,0,2024,Findex,0.301494975070264
findex_24_400,,0,0,2024,Findex,0.319408035614927
findex_24_401,,0,1,2024,Findex,1.02841397297491
findex_24_402,,1,1,2024,Findex,0.912516990408778
findex_24_403,,1,0,2024,Findex,1.98050258933268
findex_24_404,,0,0,2024,Findex,0.910270276097797
findex_24_405,,1,1,2024,Findex,1.21674878713527
findex_24_406,,1,0,2024,Findex,0.541148201817773
findex_24_407,,0,0,2024,Findex,2.07864347811024
findex_24_408,,1,0,2024,Findex,0.431029277725119
findex_24_409,,1,1,2024,Findex,1.34930914569692
findex_24_410,,1,0,2024,Findex,0.321087850740117
findex_24_411,,1,1,2024,Findex,2.4583572924348
findex_24_412,,1,0,2024,Findex,0.880724758474132
findex_24_413,,1,0,2024,Findex,0.507104969412134
findex_24_414,,0,0,2024,Findex,1.77486739294247
findex_24_415,,0,0,2024,Findex,0.660543568855599
findex_24_416,,1,0,2024,Findex,0.666027722142024
findex_24_417,,1,1,2024,Findex,1.96159951372225
findex_24_418,,1,1,2024,Findex,0.641944921590585
findex_24_419,,1,1,2024,Findex,2.34175897861566
findex_24_420,,0,0,2024,Findex,0.25324331197111
findex_24_421,,1,1,2024,Findex,0.25324331197111
findex_24_422,,0,0,2024,Findex,1.59727243217432
findex_24_423,,1,0,2024,Findex,0.599386846382857
findex_24_424,,1,0,2024,Findex,0.409767201745656
findex_24_425,,1,0,2024,Findex,0.411459165693719
findex_24_426,,1,1,2024,Findex,0.671328113560857
findex_24_427,,1,0,2024,Findex,1.22103616354176
findex_24_428,,1,0,2024,Findex,0.598024857537312
findex_24_429,,0,0,2024,Findex,2.49804205265329
findex_24_430,,0,0,2024,Findex,1.6539653461684
findex_24_431,,0,1,2024,Findex,1.8846555419651
findex_24_432,,0,0,2024,Findex,0.88564799698427
findex_24_433,,1,0,2024,Findex,2.49804205265329
findex_24_434,,0,0,2024,Findex,0.415082351392741
findex_24_435,,1,0,2024,Findex,0.409767201745656
findex_24_436,,1,0,2024,Findex,0.25324331197111
findex_24_437,,1,0,2024,Findex,0.388782521599598
findex_24_438,,1,0,2024,Findex,0.886637537599423
findex_24_439,,1,1,2024,Findex,1.58935075069282
findex_24_440,,1,1,2024,Findex,2.36343288614933
findex_24_441,,0,1,2024,Findex,2.49804205265329
findex_24_442,,1,1,2024,Findex,0.537062490848686
findex_24_443,,1,1,2024,Findex,0.341929422357944
findex_24_444,,0,1,2024,Findex,0.762295263105301
findex_24_445,,1,1,2024,Findex,2.49804205265329
findex_24_446,,1,1,2024,Findex,2.38118873270314
findex_24_447,,0,0,2024,Findex,1.33958899428123
findex_24_448,,0,1,2024,Findex,1.96668583394784
findex_24_449,,0,1,2024,Findex,0.686636353769552
findex_24_450,,1,1,2024,Findex,1.66321098824708
findex_24_451,,1,1,2024,Findex,0.594872598671893
findex_24_452,,0,0,2024,Findex,0.291586891199699
findex_24_453,,0,0,2024,Findex,0.485978151999498
findex_24_454,,0,0,2024,Findex,0.427620637604602
findex_24_455,,1,0,2024,Findex,0.384705442600441
findex_24_456,,1,0,2024,Findex,0.531982522559654
findex_24_457,,0,1,2024,Findex,1.96668583394784
findex_24_458,,0,1,2024,Findex,1.08592856159996
findex_24_459,,0,1,2024,Findex,1.75104295780775
findex_24_460,,1,1,2024,Findex,1.16665016392483
findex_24_461,,0,0,2024,Findex,0.924767406298363
findex_24_462,,1,1,2024,Findex,1.13002867154135
findex_24_463,,1,1,2024,Findex,0.25324331197111
findex_24_464,,0,1,2024,Findex,1.40238269042033
findex_24_465,,1,0,2024,Findex,0.708084094961859
findex_24_466,,0,0,2024,Findex,0.952322548227862
findex_24_467,,0,0,2024,Findex,0.992292216815106
findex_24_468,,1,0,2024,Findex,0.344393188000585
findex_24_469,,1,0,2024,Findex,0.431029277725119
findex_24_470,,0,1,2024,Findex,0.583173782399397
findex_24_471,,1,1,2024,Findex,0.305689312614287
findex_24_472,,1,1,2024,Findex,0.682088171065383
findex_24_473,,0,0,2024,Findex,1.01982032352975
findex_24_474,,1,1,2024,Findex,0.43428257144105
findex_24_475,,0,1,2024,Findex,0.909450894753844
findex_24_476,,0,0,2024,Findex,0.735561879197982
findex_24_477,,1,0,2024,Findex,1.56285382666143
findex_24_478,,1,1,2024,Findex,0.438066594768345
findex_24_479,,0,1,2024,Findex,1.86586620191434
findex_24_480,,1,1,2024,Findex,0.25324331197111
findex_24_481,,1,1,2024,Findex,1.06484828811621
findex_24_482,,0,1,2024,Findex,1.62109919319453
findex_24_483,,1,1,2024,Findex,0.770533762601271
findex_24_484,,1,0,2024,Findex,0.809676065705288
findex_24_485,,1,1,2024,Findex,1.042845674687
findex_24_486,,1,0,2024,Findex,1.85312555944724
findex_24_487,,1,1,2024,Findex,0.910270276097797
findex_24_488,,0,0,2024,Findex,1.33133569395247
findex_24_489,,0,0,2024,Findex,0.319408035614927
findex_24_490,,1,1,2024,Findex,0.400170568445897
findex_24_491,,0,0,2024,Findex,1.27148060055425
findex_24_492,,0,1,2024,Findex,1.11632416190103
findex_24_493,,1,1,2024,Findex,0.438066594768345
findex_24_494,,1,1,2024,Findex,2.20668563759395
findex_24_495,,0,1,2024,Findex,2.49804205265329
findex_24_496,,0,0,2024,Findex,0.328288035152885
findex_24_497,,1,0,2024,Findex,0.467704684173371
findex_24_498,,1,1,2024,Findex,1.14439392294925
findex_24_499,,1,1,2024,Findex,1.86348450420337
findex_24_500,,0,0,2024,Findex,0.492432052729327
findex_24_501,,0,0,2024,Findex,0.25324331197111
findex_24_502,,1,1,2024,Findex,0.25324331197111
findex_24_503,,1,0,2024,Findex,0.465063984818841
findex_24_504,,1,1,2024,Findex,0.638816071229853
findex_24_505,,1,0,2024,Findex,1.77529091931859
findex_24_506,,0,0,2024,Findex,0.506084569705297
findex_24_507,,0,0,2024,Findex,0.535369466339519
findex_24_508,,1,1,2024,Findex,0.322535277330783
findex_24_509,,1,0,2024,Findex,1.29600856227045
findex_24_510,,1,0,2024,Findex,0.586012136022284
findex_24_511,,0,1,2024,Findex,0.535369466339519
findex_24_512,,0,1,2024,Findex,0.537062490848686
findex_24_513,,0,0,2024,Findex,0.630219840965961
findex_24_514,,1,1,2024,Findex,1.34930914569692
findex_24_515,,1,1,2024,Findex,0.518310782555515
findex_24_516,,0,0,2024,Findex,0.759126854557946
findex_24_517,,0,1,2024,Findex,1.1348921533462
findex_24_518,,0,1,2024,Findex,0.475203139499167
findex_24_519,,1,1,2024,Findex,1.46524339625011
findex_24_520,,0,0,2024,Findex,0.46007688155027
findex_24_521,,0,1,2024,Findex,1.75104295780775
findex_24_522,,0,1,2024,Findex,0.328288035152885
findex_24_523,,0,0,2024,Findex,0.893380385310165
findex_24_524,,0,1,2024,Findex,0.83301379440643
findex_24_525,,1,1,2024,Findex,0.273613147809961
findex_24_526,,1,1,2024,Findex,1.96159951372225
findex_24_527,,1,1,2024,Findex,1.13002867154135
findex_24_528,,1,1,2024,Findex,0.680369412799297
findex_24_529,,0,1,2024,Findex,1.41253583942669
findex_24_530,,1,0,2024,Findex,0.822918331387438
findex_24_531,,1,1,2024,Findex,1.56415368886817
findex_24_532,,0,0,2024,Findex,1.49243535169069
findex_24_533,,0,1,2024,Findex,0.642129575640887
findex_24_534,,1,1,2024,Findex,0.762295263105301
findex_24_535,,1,0,2024,Findex,0.642175701480235
findex_24_536,,0,1,2024,Findex,1.12624156994224
findex_24_537,,0,1,2024,Findex,0.437602237109642
findex_24_538,,0,1,2024,Findex,1.01982032352975
findex_24_539,,0,1,2024,Findex,0.547949678959821
findex_24_540,,1,0,2024,Findex,1.53249346578482
findex_24_541,,0,1,2024,Findex,0.765429494127126
findex_24_542,,0,0,2024,Findex,2.24613281504123
findex_24_543,,1,1,2024,Findex,1.60630339496028
findex_24_544,,1,1,2024,Findex,1.12340361278352
findex_24_545,,1,0,2024,Findex,0.424986986206563
findex_24_546,,0,1,2024,Findex,0.601732213505983
findex_24_547,,1,1,2024,Findex,0.25324331197111
findex_24_548,,0,1,2024,Findex,0.632605712131622
findex_24_549,,1,1,2024,Findex,0.567024123894347
findex_24_550,,0,1,2024,Findex,2.39548592667656
findex_24_551,,1,0,2024,Findex,0.25324331197111
findex_24_552,,1,0,2024,Findex,0.594447994305884
findex_24_553,,0,1,2024,Findex,0.289536647102235
findex_24_554,,0,1,2024,Findex,0.41919437560429
findex_24_555,,1,1,2024,Findex,0.871083811806418
findex_24_556,,1,0,2024,Findex,0.536626250476673
findex_24_557,,0,0,2024,Findex,1.42848382234179
findex_24_558,,0,0,2024,Findex,1.87379313218832
findex_24_559,,0,1,2024,Findex,0.539432950354458
findex_24_560,,1,1,2024,Findex,0.893905682478985
findex_24_561,,1,0,2024,Findex,1.18889598861177
findex_24_562,,0,0,2024,Findex,1.19967065104444
findex_24_563,,0,0,2024,Findex,1.25829907473838
findex_24_564,,1,1,2024,Findex,0.543572522793808
findex_24_565,,0,0,2024,Findex,0.632605712131622
findex_24_566,,1,1,2024,Findex,2.49804205265329
findex_24_567,,1,1,2024,Findex,0.537062490848686
findex_24_568,,1,1,2024,Findex,0.626323286443381
findex_24_569,,1,0,2024,Findex,0.47480898020929
findex_24_570,,1,1,2024,Findex,0.33023902863187
findex_24_571,,1,1,2024,Findex,0.455905896477259
findex_24_572,,1,0,2024,Findex,2.49804205265329
findex_24_573,,1,1,2024,Findex,2.49804205265329
findex_24_574,,1,1,2024,Findex,1.35465844284353
findex_24_575,,0,0,2024,Findex,1.07073893267904
findex_24_576,,0,0,2024,Findex,0.712176738013355
findex_24_577,,1,1,2024,Findex,0.752165266882479
findex_24_578,,0,0,2024,Findex,0.748710938347077
findex_24_579,,1,1,2024,Findex,1.41616818992372
findex_24_580,,0,1,2024,Findex,2.49804205265329
findex_24_581,,0,1,2024,Findex,1.0119041765404
findex_24_582,,1,0,2024,Findex,0.25324331197111
findex_24_583,,1,1,2024,Findex,0.701051196313782
findex_24_584,,0,0,2024,Findex,0.742063289956643
findex_24_585,,1,1,2024,Findex,1.78589154952736
findex_24_586,,0,0,2024,Findex,1.61891097458521
findex_24_587,,0,1,2024,Findex,0.262839956861007
findex_24_588,,1,0,2024,Findex,0.49195291074343
findex_24_589,,0,1,2024,Findex,1.08322618507813
findex_24_590,,0,1,2024,Findex,0.644539370451812
findex_24_591,,0,0,2024,Findex,2.2948650129558
findex_24_592,,1,0,2024,Findex,0.25324331197111
findex_24_593,,1,0,2024,Findex,1.07434879002042
findex_24_594,,1,1,2024,Findex,0.71280470924875
findex_24_595,,0,1,2024,Findex,1.3999801967098
findex_24_596,,0,1,2024,Findex,1.26396891918027
findex_24_597,,0,0,2024,Findex,1.25829907473838
findex_24_598,,0,0,2024,Findex,0.435597293203029
findex_24_599,,1,1,2024,Findex,1.63975434472035
findex_24_600,,1,1,2024,Findex,0.881107998215957
findex_24_601,,1,1,2024,Findex,0.983342916973922
findex_24_602,,1,1,2024,Findex,0.983342916973922
findex_24_603,,0,0,2024,Findex,1.19967065104444
findex_24_604,,1,1,2024,Findex,0.752165266882479
findex_24_605,,1,1,2024,Findex,0.542853214301313
findex_24_606,,0,0,2024,Findex,1.38984416958543
findex_24_607,,0,0,2024,Findex,0.803054199509278
findex_24_608,,0,1,2024,Findex,0.6999900983549
findex_24_609,,1,0,2024,Findex,1.10788762048834
findex_24_610,,1,1,2024,Findex,1.68663643212115
findex_24_611,,1,0,2024,Findex,1.76765283607124
findex_24_612,,1,1,2024,Findex,0.567024123894347
findex_24_613,,1,0,2024,Findex,0.459190917334113
findex_24_614,,1,1,2024,Findex,1.41616818992372
findex_24_615,,1,1,2024,Findex,1.17404876982664
findex_24_616,,1,1,2024,Findex,1.34930914569692
findex_24_617,,1,0,2024,Findex,2.49804205265329
findex_24_618,,1,1,2024,Findex,1.66533671872385
findex_24_619,,1,1,2024,Findex,1.50065192710331
findex_24_620,,1,1,2024,Findex,1.24900253904289
findex_24_621,,0,0,2024,Findex,0.476161274113931
findex_24_622,,0,0,2024,Findex,0.805134542712973
findex_24_623,,0,1,2024,Findex,0.688930833914229
findex_24_624,,1,0,2024,Findex,0.25324331197111
findex_24_625,,1,1,2024,Findex,1.26072694681817
findex_24_626,,1,0,2024,Findex,2.42646153966817
findex_24_627,,1,1,2024,Findex,0.71280470924875
findex_24_628,,0,0,2024,Findex,0.930263236137016
findex_24_629,,1,0,2024,Findex,1.48850896500241
findex_24_630,,1,1,2024,Findex,1.13002867154135
findex_24_631,,0,0,2024,Findex,1.25889344357438
findex_24_632,,0,0,2024,Findex,1.86348450420337
findex_24_633,,1,1,2024,Findex,0.593996308913221
findex_24_634,,1,1,2024,Findex,0.428086383760591
findex_24_635,,1,1,2024,Findex,0.349512081524749
findex_24_636,,0,1,2024,Findex,1.43729155600593
findex_24_637,,1,1,2024,Findex,1.00858155745453
findex_24_638,,1,0,2024,Findex,0.476161274113931
findex_24_639,,1,0,2024,Findex,2.44892507485224
findex_24_640,,0,0,2024,Findex,0.535369466339519
findex_24_641,,1,0,2024,Findex,1.27496095861969
findex_24_642,,1,0,2024,Findex,0.372051187855073
findex_24_643,,1,0,2024,Findex,0.253552484706067
findex_24_644,,0,0,2024,Findex,0.25324331197111
findex_24_645,,0,0,2024,Findex,2.49804205265329
findex_24_646,,1,1,2024,Findex,0.357601595185411
findex_24_647,,0,0,2024,Findex,0.427620637604602
findex_24_648,,0,0,2024,Findex,0.842329799748746
findex_24_649,,1,0,2024,Findex,0.448534614801867
findex_24_650,,1,1,2024,Findex,1.25405043817894
findex_24_651,,1,1,2024,Findex,0.33023902863187
findex_24_652,,1,0,2024,Findex,1.96159951372225
findex_24_653,,0,1,2024,Findex,0.762295263105301
findex_24_654,,0,0,2024,Findex,0.396002616249306
findex_24_655,,0,1,2024,Findex,0.680369412799297
findex_24_656,,1,0,2024,Findex,0.648431875242426
findex_24_657,,1,1,2024,Findex,1.57562192409955
findex_24_658,,1,1,2024,Findex,0.43428257144105
findex_24_659,,0,1,2024,Findex,1.21674878713527
findex_24_660,,0,0,2024,Findex,0.254741093845239
findex_24_661,,0,1,2024,Findex,0.425890007098248
findex_24_662,,1,0,2024,Findex,0.803054199509278
findex_24_663,,1,0,2024,Findex,0.452605082263091
findex_24_664,,1,0,2024,Findex,0.409767201745656
findex_24_665,,0,1,2024,Findex,0.435597293203029
findex_24_666,,0,0,2024,Findex,0.71615779555588
findex_24_667,,1,1,2024,Findex,2.49804205265329
findex_24_668,,0,1,2024,Findex,0.285080425069735
findex_24_669,,0,1,2024,Findex,1.14735956782877
findex_24_670,,1,1,2024,Findex,0.656369501761993
findex_24_671,,1,0,2024,Findex,1.84466894764689
findex_24_672,,1,0,2024,Findex,0.452605082263091
findex_24_673,,0,0,2024,Findex,1.19967065104444
findex_24_674,,0,1,2024,Findex,0.817122350409267
findex_24_675,,0,0,2024,Findex,1.75104295780775
findex_24_676,,1,0,2024,Findex,0.666027722142024
findex_24_677,,1,1,2024,Findex,0.543738070430263
findex_24_678,,1,1,2024,Findex,2.0185280635626
findex_24_679,,0,0,2024,Findex,1.06484828811621
findex_24_680,,0,0,2024,Findex,2.0398555199666
findex_24_681,,1,1,2024,Findex,1.14439392294925
findex_24_682,,1,0,2024,Findex,0.328288035152885
findex_24_683,,0,1,2024,Findex,2.31677896877024
findex_24_684,,0,0,2024,Findex,0.25324331197111
findex_24_685,,0,1,2024,Findex,1.41253583942669
findex_24_686,,1,1,2024,Findex,0.508758545491215
findex_24_687,,1,0,2024,Findex,2.44892507485224
findex_24_688,,1,1,2024,Findex,0.537062490848686
findex_24_689,,0,1,2024,Findex,0.879018204033427
findex_24_690,,1,0,2024,Findex,2.04822991416478
findex_24_691,,1,1,2024,Findex,0.958224106844779
findex_24_692,,1,1,2024,Findex,1.8140877389443
findex_24_693,,1,1,2024,Findex,1.04126724300804
findex_24_694,,0,0,2024,Findex,1.84466894764689
findex_24_695,,0,1,2024,Findex,2.00093749515174
findex_24_696,,0,0,2024,Findex,0.328288035152885
findex_24_697,,0,0,2024,Findex,0.996284916490145
findex_24_698,,1,0,2024,Findex,1.2404740096263
findex_24_699,,0,0,2024,Findex,0.831457391244095
findex_24_700,,1,0,2024,Findex,0.25324331197111
findex_24_701,,1,1,2024,Findex,0.555307889063229
findex_24_702,,0,0,2024,Findex,0.328288035152885
findex_24_703,,0,1,2024,Findex,0.89305932952082
findex_24_704,,0,0,2024,Findex,0.527171426776351
findex_24_705,,0,1,2024,Findex,1.18800784874792
findex_24_706,,1,0,2024,Findex,1.73033922291268
findex_24_707,,1,1,2024,Findex,1.4256094184975
findex_24_708,,0,0,2024,Findex,1.50909833085425
findex_24_709,,0,0,2024,Findex,1.30774914432763
findex_24_710,,1,1,2024,Findex,0.875204474219285
findex_24_711,,1,1,2024,Findex,0.427923936178196
findex_24_712,,1,1,2024,Findex,0.443966379224946
findex_24_713,,1,1,2024,Findex,0.258779902211981
findex_24_714,,1,1,2024,Findex,0.871044452628686
findex_24_715,,1,0,2024,Findex,0.409767201745656
findex_24_716,,1,1,2024,Findex,0.27599679753766
findex_24_717,,1,0,2024,Findex,2.49804205265329
findex_24_718,,1,1,2024,Findex,0.262839956861007
findex_24_719,,1,1,2024,Findex,1.51178455538953
findex_24_720,,1,0,2024,Findex,0.464392112501213
findex_24_721,,1,1,2024,Findex,0.74847907252287
findex_24_722,,0,1,2024,Findex,0.25324331197111
findex_24_723,,1,1,2024,Findex,1.79972445270609
findex_24_724,,0,0,2024,Findex,0.270574100908886
findex_24_725,,1,1,2024,Findex,0.853134250492681
findex_24_726,,1,1,2024,Findex,0.260077221742228
findex_24_727,,0,0,2024,Findex,2.2854822263276
findex_24_728,,1,0,2024,Findex,2.49804205265329
findex_24_729,,0,1,2024,Findex,1.21674878713527
findex_24_730,,1,0,2024,Findex,0.867189693092121
findex_24_731,,1,0,2024,Findex,2.49804205265329
findex_24_732,,0,0,2024,Findex,0.803054199509278
findex_24_733,,1,0,2024,Findex,1.25701522448018
findex_24_734,,1,1,2024,Findex,1.60630339496028
findex_24_735,,1,1,2024,Findex,0.773076535471967
findex_24_736,,1,1,2024,Findex,0.350453275814676
findex_24_737,,0,1,2024,Findex,1.04126724300804
findex_24_738,,1,0,2024,Findex,1.52438153521188
findex_24_739,,0,1,2024,Findex,1.22977929843126
findex_24_740,,1,0,2024,Findex,0.25324331197111
findex_24_741,,0,1,2024,Findex,0.402796868136514
findex_24_742,,1,0,2024,Findex,0.459108817930903
findex_24_743,,1,1,2024,Findex,0.783488160056471
findex_24_744,,1,0,2024,Findex,1.10788762048834
findex_24_745,,1,0,2024,Findex,2.04822991416478
findex_24_746,,1,1,2024,Findex,0.488414465416703
findex_24_747,,0,0,2024,Findex,0.424568489742064
findex_24_748,,1,0,2024,Findex,0.666027722142024
findex_24_749,,0,0,2024,Findex,0.826982673084199
findex_24_750,,1,0,2024,Findex,2.49804205265329
findex_24_751,,1,0,2024,Findex,0.515351523242899
findex_24_752,,1,1,2024,Findex,0.582788204307975
findex_24_753,,1,1,2024,Findex,0.485978151999498
findex_24_754,,0,0,2024,Findex,0.25324331197111
findex_24_755,,1,0,2024,Findex,2.49804205265329
findex_24_756,,0,0,2024,Findex,0.328288035152885
findex_24_757,,1,0,2024,Findex,1.10782623034546
findex_24_758,,1,1,2024,Findex,0.352557476289896
findex_24_759,,1,1,2024,Findex,0.25324331197111
findex_24_760,,0,1,2024,Findex,2.49804205265329
findex_24_761,,1,1,2024,Findex,0.358685294220244
findex_24_762,,1,1,2024,Findex,0.670885011329507
findex_24_763,,1,1,2024,Findex,0.409233026031932
findex_24_764,,1,0,2024,Findex,0.286579706103808
findex_24_765,,0,0,2024,Findex,1.76796893377457
findex_24_766,,1,0,2024,Findex,0.797366476716416
findex_24_767,,1,0,2024,Findex,0.678907623394636
findex_24_768,,1,1,2024,Findex,1.13002867154135
findex_24_769,,1,1,2024,Findex,2.44602739421977
findex_24_770,,1,0,2024,Findex,2.49804205265329
findex_24_771,,1,1,2024,Findex,1.21141631704815
findex_24_772,,0,0,2024,Findex,0.71229219060933
findex_24_773,,1,1,2024,Findex,0.761445698458306
findex_24_774,,1,0,2024,Findex,1.38984416958543
findex_24_775,,0,1,2024,Findex,0.447665502481207
findex_24_776,,1,0,2024,Findex,2.12493493103281
findex_24_777,,1,0,2024,Findex,0.574705703633492
findex_24_778,,1,0,2024,Findex,1.77844512441386
findex_24_779,,0,1,2024,Findex,0.780231665226683
findex_24_780,,0,1,2024,Findex,0.356923559203136
findex_24_781,,1,1,2024,Findex,0.283926671398832
findex_24_782,,1,0,2024,Findex,0.388782521599598
findex_24_783,,0,1,2024,Findex,2.49800507808578
findex_24_784,,0,0,2024,Findex,1.98868025451896
findex_24_785,,1,1,2024,Findex,1.58935075069282
findex_24_786,,0,1,2024,Findex,1.12192053598163
findex_24_787,,1,0,2024,Findex,0.759126854557945
findex_24_788,,1,0,2024,Findex,1.05633053121208
findex_24_789,,1,1,2024,Findex,0.255401623565425
findex_24_790,,0,0,2024,Findex,0.535369466339519
findex_24_791,,1,1,2024,Findex,0.402796868136514
findex_24_792,,1,0,2024,Findex,0.25324331197111
findex_24_793,,1,0,2024,Findex,0.678907623394636
findex_24_794,,0,0,2024,Findex,0.95822410684478
findex_24_795,,1,1,2024,Findex,0.444246311250583
findex_24_796,,1,1,2024,Findex,1.66321098824708
findex_24_797,,0,1,2024,Findex,0.484276119497737
findex_24_798,,1,1,2024,Findex,1.78589154952736
findex_24_799,,0,1,2024,Findex,1.01982032352975
findex_24_800,,1,1,2024,Findex,0.811709846802491
findex_24_801,,1,1,2024,Findex,1.41253583942669
findex_24_802,,1,0,2024,Findex,1.38984416958543
findex_24_803,,1,0,2024,Findex,0.780186502822948
findex_24_804,,0,1,2024,Findex,1.18171644307467
findex_24_805,,1,0,2024,Findex,1.025521238039
findex_24_806,,0,1,2024,Findex,1.13383841654215
findex_24_807,,1,0,2024,Findex,1.3680657390498
findex_24_808,,1,1,2024,Findex,1.33958899428123
findex_24_809,,1,0,2024,Findex,1.96162371649145
findex_24_810,,0,0,2024,Findex,0.432002854090152
findex_24_811,,0,0,2024,Findex,0.424986986206563
findex_24_812,,0,0,2024,Findex,0.550253502066984
findex_24_813,,0,1,2024,Findex,1.60610839901856
findex_24_814,,0,0,2024,Findex,1.68288080397244
findex_24_815,,0,1,2024,Findex,1.79972445270609
findex_24_816,,1,0,2024,Findex,0.321087850740117
findex_24_817,,1,0,2024,Findex,0.862187723998623
findex_24_818,,0,0,2024,Findex,0.285080425069735
findex_24_819,,0,1,2024,Findex,1.24862226510308
findex_24_820,,1,1,2024,Findex,0.992292216815106
findex_24_821,,1,1,2024,Findex,1.39303698716373
findex_24_822,,1,1,2024,Findex,2.48607808741092
findex_24_823,,1,1,2024,Findex,0.83301379440643
findex_24_824,,0,1,2024,Findex,1.2256835256139
findex_24_825,,0,0,2024,Findex,0.425749926652782
findex_24_826,,0,1,2024,Findex,1.79972445270609
findex_24_827,,0,0,2024,Findex,0.485978151999498
findex_24_828,,1,0,2024,Findex,0.263255229570991
findex_24_829,,1,1,2024,Findex,0.522157798395051
findex_24_830,,0,0,2024,Findex,0.511541282539914
findex_24_831,,1,0,2024,Findex,0.452605082263091
findex_24_832,,0,1,2024,Findex,2.44602739421977
findex_24_833,,1,0,2024,Findex,1.38984416958543
findex_24_834,,1,0,2024,Findex,0.666027722142024
findex_24_835,,1,0,2024,Findex,0.440362379237066
findex_24_836,,1,1,2024,Findex,1.03662156511103
findex_24_837,,1,1,2024,Findex,0.636617540612874
findex_24_838,,0,1,2024,Findex,1.79972445270609
findex_24_839,,1,0,2024,Findex,0.25324331197111
findex_24_840,,1,0,2024,Findex,2.45955859686252
findex_24_841,,1,0,2024,Findex,1.42848382234179
findex_24_842,,0,1,2024,Findex,1.19967065104444
findex_24_843,,0,0,2024,Findex,0.328288035152885
findex_24_844,,0,0,2024,Findex,1.18171644307467
findex_24_845,,1,0,2024,Findex,0.614650802618484
findex_24_846,,1,0,2024,Findex,0.740082114423081
findex_24_847,,0,1,2024,Findex,1.08073279546302
findex_24_848,,1,0,2024,Findex,1.25829907473838
findex_24_849,,1,0,2024,Findex,0.285080425069735
findex_24_850,,1,0,2024,Findex,2.36343288614933
findex_24_851,,0,1,2024,Findex,0.670134310328611
findex_24_852,,1,0,2024,Findex,0.429869559155712
findex_24_853,,1,0,2024,Findex,2.49804205265329
findex_24_854,,0,1,2024,Findex,0.88755712930165
findex_24_855,,1,1,2024,Findex,1.13002867154135
findex_24_856,,0,0,2024,Findex,0.926562779723621
findex_24_857,,0,0,2024,Findex,0.656576070305769
findex_24_858,,1,1,2024,Findex,0.902688487565113
findex_24_859,,1,0,2024,Findex,1.2404740096263
findex_24_860,,1,1,2024,Findex,1.01535270805714
findex_24_861,,1,1,2024,Findex,1.54729581792885
findex_24_862,,1,1,2024,Findex,0.383102435348137
findex_24_863,,1,1,2024,Findex,0.968666337150255
findex_24_864,,0,0,2024,Findex,1.60610839901856
findex_24_865,,0,0,2024,Findex,1.66321098824708
findex_24_866,,1,0,2024,Findex,1.86348450420337
findex_24_867,,1,1,2024,Findex,1.08322618507813
findex_24_868,,0,0,2024,Findex,1.03239074457029
findex_24_869,,1,1,2024,Findex,0.388782521599598
findex_24_870,,1,1,2024,Findex,0.68999199384415
findex_24_871,,0,1,2024,Findex,1.01198185927269
findex_24_872,,0,0,2024,Findex,2.49804205265329
findex_24_873,,1,0,2024,Findex,0.722461205298559
findex_24_874,,1,0,2024,Findex,0.258779902211981
findex_24_875,,1,0,2024,Findex,0.849973972413125
findex_24_876,,1,1,2024,Findex,1.89729812199561
findex_24_877,,1,0,2024,Findex,0.574705703633492
findex_24_878,,0,0,2024,Findex,1.41616818992372
findex_24_879,,1,0,2024,Findex,0.553180491888828
findex_24_880,,1,0,2024,Findex,2.00619197490062
findex_24_881,,0,1,2024,Findex,1.91638874134125
findex_24_882,,1,1,2024,Findex,0.583469649479523
findex_24_883,,0,0,2024,Findex,0.372364094281288
findex_24_884,,1,0,2024,Findex,0.459190917334113
findex_24_885,,1,0,2024,Findex,0.550253502066984
findex_24_886,,0,0,2024,Findex,1.52989163997495
findex_24_887,,0,0,2024,Findex,1.68465959949749
findex_24_888,,1,1,2024,Findex,0.25324331197111
findex_24_889,,0,0,2024,Findex,1.86348450420337
findex_24_890,,1,0,2024,Findex,2.49804205265329
findex_24_891,,1,1,2024,Findex,0.798636216087159
findex_24_892,,1,0,2024,Findex,0.25324331197111
findex_24_893,,0,1,2024,Findex,2.16146559092604
findex_24_894,,1,1,2024,Findex,0.439820832723794
findex_24_895,,1,1,2024,Findex,0.601732213505983
findex_24_896,,0,0,2024,Findex,2.49804205265329
findex_24_897,,1,0,2024,Findex,1.2703179460099
findex_24_898,,1,1,2024,Findex,0.773076535471967
findex_24_899,,1,1,2024,Findex,0.83301379440643
findex_24_900,,1,0,2024,Findex,2.12425228488558
findex_24_901,,0,0,2024,Findex,0.59983532552222
findex_24_902,,1,1,2024,Findex,0.529776791444027
findex_24_903,,0,1,2024,Findex,1.00858155745453
findex_24_904,,0,0,2024,Findex,0.804422143381833
findex_24_905,,1,1,2024,Findex,0.409233026031932
findex_24_906,,0,1,2024,Findex,0.363207089623303
findex_24_907,,0,1,2024,Findex,0.41399519630649
findex_24_908,,0,1,2024,Findex,1.08592856159996
findex_24_909,,1,1,2024,Findex,0.344393188000585
findex_24_910,,0,1,2024,Findex,0.811709846802491
findex_24_911,,0,1,2024,Findex,2.01040293098583
findex_24_912,,0,1,2024,Findex,2.38155990806373
findex_24_913,,1,1,2024,Findex,0.390936264119169
findex_24_914,,1,0,2024,Findex,1.13151270565773
findex_24_915,,1,1,2024,Findex,2.49804205265329
findex_24_916,,0,0,2024,Findex,0.921393303498469
findex_24_917,,1,1,2024,Findex,1.58935075069282
findex_24_918,,1,0,2024,Findex,2.49804205265329
findex_24_919,,0,1,2024,Findex,1.42996411321622
findex_24_920,,0,1,2024,Findex,0.25324331197111
findex_24_921,,0,0,2024,Findex,0.594447994305884
findex_24_922,,1,1,2024,Findex,1.58935075069282
findex_24_923,,0,0,2024,Findex,0.784639805488899
findex_24_924,,0,1,2024,Findex,0.762295263105301
findex_24_925,,1,0,2024,Findex,0.452605082263091
findex_24_926,,1,1,2024,Findex,1.56285382666143
findex_24_927,,0,1,2024,Findex,0.915515138359402
findex_24_928,,1,1,2024,Findex,0.58642777696506
findex_24_929,,0,0,2024,Findex,1.6539653461684
findex_24_930,,0,0,2024,Findex,0.492432052729327
findex_24_931,,1,1,2024,Findex,1.59727243217432
findex_24_932,,0,0,2024,Findex,0.328288035152885
findex_24_933,,1,1,2024,Findex,2.49804205265329
findex_24_934,,1,0,2024,Findex,0.354655015039769
findex_24_935,,1,1,2024,Findex,2.49804205265329
findex_24_936,,1,0,2024,Findex,0.431093861999311
findex_24_937,,1,0,2024,Findex,0.25324331197111
findex_24_938,,1,1,2024,Findex,1.95025178202922
findex_24_939,,1,1,2024,Findex,0.81444642119997
findex_24_940,,0,0,2024,Findex,0.334940208133568
findex_24_941,,1,1,2024,Findex,0.745347596475261
findex_24_942,,1,1,2024,Findex,0.383102435348137
findex_24_943,,1,1,2024,Findex,1.39303698716373
findex_24_944,,1,1,2024,Findex,0.938492213320901
findex_24_945,,0,0,2024,Findex,0.264903729230898
findex_24_946,,1,0,2024,Findex,0.483578312286463
findex_24_947,,0,0,2024,Findex,1.79950597656666
findex_24_948,,0,1,2024,Findex,0.847521503656011
findex_24_949,,1,1,2024,Findex,0.25324331197111
findex_24_950,,0,1,2024,Findex,0.934921793613555
findex_24_951,,1,1,2024,Findex,0.461373764509159
findex_24_952,,0,1,2024,Findex,1.70344830198938
findex_24_953,,1,1,2024,Findex,0.501058629154705
findex_24_954,,1,0,2024,Findex,0.25324331197111
findex_24_955,,1,1,2024,Findex,0.541613092539067
findex_24_956,,0,0,2024,Findex,1.10636098377766
findex_24_957,,0,0,2024,Findex,1.04376749199153
findex_24_958,,0,0,2024,Findex,0.465063984818841
findex_24_959,,0,1,2024,Findex,1.26376388259116
findex_24_960,,1,0,2024,Findex,2.12493493103281
findex_24_961,,1,1,2024,Findex,1.57562192409955
findex_24_962,,1,1,2024,Findex,0.542853214301313
findex_24_963,,0,1,2024,Findex,0.749558649289188
findex_24_964,,0,1,2024,Findex,1.06843828591399
findex_24_965,,0,1,2024,Findex,0.353438655999635
findex_24_966,,1,1,2024,Findex,0.799107458212206
findex_24_967,,1,1,2024,Findex,2.49804205265329
findex_24_968,,1,0,2024,Findex,1.3210871377112
findex_24_969,,1,0,2024,Findex,2.49804205265329
findex_24_970,,1,1,2024,Findex,1.0162982951384
findex_24_971,,0,0,2024,Findex,2.08605903921586
findex_24_972,,0,1,2024,Findex,1.43511609842963
findex_24_973,,1,0,2024,Findex,2.49804205265329
findex_24_974,,0,0,2024,Findex,0.25324331197111
findex_24_975,,1,0,2024,Findex,0.712176738013355
findex_24_976,,0,0,2024,Findex,0.509482187690477
findex_24_977,,0,1,2024,Findex,0.756436168090899
findex_24_978,,0,0,2024,Findex,0.506084569705297
findex_24_979,,0,1,2024,Findex,0.83301379440643
findex_24_980,,0,1,2024,Findex,1.33106036014527
findex_24_981,,1,1,2024,Findex,0.79863621608716
findex_24_982,,1,0,2024,Findex,1.25829907473838
findex_24_983,,1,0,2024,Findex,0.25324331197111
findex_24_984,,1,1,2024,Findex,0.545121970857705
findex_24_985,,0,1,2024,Findex,0.677329221421766
findex_24_986,,0,1,2024,Findex,1.60630339496028
findex_24_987,,1,0,2024,Findex,0.678907623394636
findex_24_988,,1,1,2024,Findex,0.777466173833273
findex_24_989,,0,0,2024,Findex,2.49804205265329
findex_24_990,,0,1,2024,Findex,0.319408035614927
findex_24_991,,1,0,2024,Findex,0.481631776110176
findex_24_992,,1,0,2024,Findex,0.71280470924875
findex_24_993,,1,0,2024,Findex,0.25324331197111
findex_24_994,,1,1,2024,Findex,0.437602237109642
findex_24_995,,1,0,2024,Findex,0.328288035152885
findex_24_996,,1,1,2024,Findex,1.91529203466973
findex_24_997,,1,1,2024,Findex,0.31676541893813
findex_24_998,,1,0,2024,Findex,2.45955859686252
findex_24_999,,1,0,2024,Findex,1.13151270565773
findex_24_1000,,1,1,2024,Findex,1.3456853757084
findex_24_1001,,0,1,2024,Findex,1.50089396383522
findex_24_1002,,1,1,2024,Findex,0.909450894753844
findex_24_1003,,0,0,2024,Findex,0.328288035152885
findex_24_1004,,1,1,2024,Findex,0.777492068372004
findex_24_1005,,1,1,2024,Findex,0.671328113560857
findex_24_1006,,1,0,2024,Findex,0.483620475054231
findex_24_1007,,0,1,2024,Findex,0.79863621608716
