"economy","economycode","wpid_random","wgt","female","age","educ","inc_q","emp_in","urbanicity_f2f","account","account_fin","account_mob","fin1_1a","fin1_1b","fin2","fin4","fin4a","fin5","fin6","fin7","fin8","fin8a","fin8b","fin9","fin9a","fin10","fin10a","fin10b","fin11_1","fin11a","fin11b","fin11c","fin11d","fin11e","fin11f","fin11g","fin11h","fin13_1a","fin13_1b","fin13_1c","fin13_1d","fin13_1e","fin13_1f","fin13a","fin13b","fin13c","fin13d","fin14_1","fin14_2","fin14_2_China","fin14a","fin14a1","fin14b","fin14c","fin14c_2","fin14c_2_China","fin16","fin17a","fin17a1","fin17b","fin20","fin22a","fin22b","fin22c","fin24","fin24a","fin24b","fin26","fin27_1","fin27c1","fin27c2","fin28","fin29_1","fin29c1","fin29c2","fin30","fin31a","fin31b","fin31b1","fin31b1_China","fin31c","fin32","fin33","fin34a","fin34b","fin34d","fin34e","fin35","fin37","fin38","fin39a","fin39b","fin39d","fin39e","fin42","fin42a","fin43a","fin43b","fin43d","fin43e","fin44a","fin44b","fin44c","fin44d","fin45","fin45_1","fin45_1_China","saved","borrowed","receive_wages","receive_transfers","receive_pension","receive_agriculture","pay_utilities","remittances","mobileowner","internetaccess","anydigpayment","merchantpay_dig"
"Gambia, The","GMB",180762676,0.496558394070504,2,48,2,4,1,2,1,1,0,,,2,,,,,,,,,,,,,,,2,2,2,2,2,1,2,2,2,2,1,2,2,2,,,,,2,,,2,2,2,,,,2,2,,2,2,2,2,,1,1,1,2,,,,2,,,,1,1,2,1,,,2,,,,,,,2,2,,,,,2,,,,,,5,1,1,1,4,2,,1,0,4,4,4,4,1,5,1,1,1,0
"Gambia, The","GMB",116822573,1.87877911757088,1,33,1,4,2,2,0,0,0,,,2,,,,,,,,,,,,,,1,2,2,2,2,2,1,3,2,3,3,2,2,2,2,,,,,2,,,2,2,2,,,,2,2,,2,2,2,2,,2,1,1,2,,,,2,,,,2,,,,,,2,,,,,,,2,2,,,,,2,,,,,,1,1,2,1,4,1,,0,0,4,4,4,4,4,5,1,2,0,0
"Gambia, The","GMB",192766570,0.220205562269706,2,62,2,3,1,2,1,1,0,1,1,2,,,2,2,2,,,,2,,2,,2,,,,,,,,,,2,2,2,1,2,2,,,,,2,,,2,2,2,,,,2,2,,2,1,2,1,,2,1,1,2,,,,2,,,,1,2,2,,,1,2,,,,,,,2,1,1,2,,,1,1,2,2,1,,1,1,1,1,4,1,,0,1,4,4,1,2,2,5,1,2,1,0
"Gambia, The","GMB",210512025,0.939389558785442,1,26,1,4,2,2,0,0,0,,,2,,,,,,,,,,,,,,2,2,2,2,2,2,1,2,2,2,2,2,2,2,2,,,,,2,,,2,2,2,,,,2,2,,2,1,2,1,,2,1,1,2,,,,2,,,,2,,,,,,2,,,,,,,2,2,,,,,2,,,,,,1,1,1,2,3,1,,0,1,4,4,4,4,4,5,1,1,0,0
"Gambia, The","GMB",114960103,0.504958184000407,1,33,1,2,2,2,0,0,0,,,2,,,,,,,,,,,,,,1,2,2,2,2,2,2,2,2,2,2,2,2,2,2,,,,,2,,,2,2,2,,,,2,2,,2,2,2,2,,2,4,5,2,,,,1,2,1,2,1,2,2,,,1,2,,,,,,,2,2,,,,,2,,,,,,1,1,3,2,1,3,,0,0,4,4,4,4,2,3,1,2,0,0
"Gambia, The","GMB",116733516,0.777770637946124,2,26,2,4,2,2,0,0,0,,,2,,,,,,,,,,,,,,1,2,2,2,2,2,1,2,2,2,2,2,2,2,2,,,,,2,,,2,2,2,,,,2,2,,2,2,2,2,,2,1,1,2,,,,2,,,,2,,,,,,2,,,,,,,2,2,,,,,2,,,,,,3,2,2,3,3,3,,0,0,4,4,4,4,4,5,1,1,0,0
"Gambia, The","GMB",129328115,0.574275619511349,2,35,2,5,1,2,1,1,0,2,2,2,,,2,2,2,,,,2,,2,,2,,,,,,,,,,2,2,2,2,2,2,,,,,2,,,2,2,2,,,,2,2,,2,2,2,2,,7,,,2,,,,2,,,,2,,,,,,2,,,,,,,2,2,,,,,2,,,,,,4,1,4,3,,2,,0,0,4,4,4,4,4,5,1,1,0,0
"Gambia, The","GMB",195892622,1.46226374371639,1,23,2,2,1,2,1,1,0,,,1,2,,1,2,2,,,,2,,2,,2,,,,,,,,,,2,2,1,1,2,2,,,,,1,3,,2,2,2,,,,2,2,,1,1,2,1,1,8,,,1,2,3,3,1,2,1,2,1,2,2,,,1,2,,,,,,,2,1,2,2,2,2,2,,,,,,1,1,1,1,2,1,,1,1,4,4,3,4,2,3,1,1,1,1
"Gambia, The","GMB",198212569,0.185539238362971,2,30,2,5,1,2,1,1,0,2,2,1,1,2,2,1,1,1,2,1,1,1,1,1,1,,,,,,,,,,2,2,2,2,2,2,,,,,2,,,2,2,2,,,,2,1,,2,2,2,2,,1,2,2,2,,,,2,,,,1,2,2,,,1,1,1,1,2,,,1,2,2,,,,,2,,,,,,3,1,3,2,2,1,,1,1,1,4,4,4,2,5,1,1,1,0
"Gambia, The","GMB",149315565,1.83015140432104,1,70,1,3,2,2,0,0,0,,,2,,,,,,,,,,,,,,2,2,2,2,2,2,1,2,1,1,1,2,2,2,2,,,,,2,,,2,2,2,,,,2,2,,2,2,2,2,,7,,,2,,,,2,,,,2,,,,,,2,,,,,,,2,2,,,,,2,,,,,,3,3,3,3,,3,,0,0,4,4,4,4,4,5,2,2,0,0
"Gambia, The","GMB",147148702,0.455225219682731,1,47,2,3,1,2,1,1,0,1,2,2,,,2,2,2,,,,1,2,1,2,2,,,,,,,,,,2,2,2,1,2,2,,,,,2,,,2,2,2,,,,2,2,,2,2,1,1,,2,1,1,2,,,,2,,,,1,2,2,,,1,1,2,1,2,,,2,2,2,,,,,2,,,,,,1,3,2,1,4,2,,0,1,1,4,4,4,2,5,1,1,1,0
"Gambia, The","GMB",186034659,0.487479994716934,1,25,2,5,2,1,1,1,1,2,2,2,,,2,2,2,,,,1,2,1,2,1,,,,,,,,,,2,2,2,2,2,2,,,,,2,,,2,2,2,,,,2,1,,1,2,2,2,2,1,3,3,2,,,,2,,,,2,,,,,,2,,,,,,,1,2,2,1,,,1,1,2,2,1,,1,1,2,1,4,1,,1,0,4,1,4,2,4,5,1,1,1,0
"Gambia, The","GMB",162212144,1.2691150613529,1,20,2,2,2,1,1,1,0,2,2,1,1,2,1,2,2,,,,1,2,1,2,1,,,,,,,,,,2,1,1,1,2,2,,,,,2,,,2,2,2,,,,2,1,,2,2,2,2,,1,3,2,2,,,,2,,,,2,,,,,,2,,,,,,,2,2,,,,,2,,,,,,1,1,1,1,4,1,,1,0,4,4,4,4,4,5,1,1,1,0
"Gambia, The","GMB",185479136,0.869146677456653,2,25,2,2,1,2,1,1,1,2,2,1,2,,2,1,2,,,,1,1,1,1,1,,,,,,,,,,,,,,,,1,1,2,1,2,,,2,2,2,,,,1,1,1,2,2,2,2,,1,3,3,2,,,,2,,,,1,2,1,2,,,2,,,,,,,2,2,,,,,2,,,,,,1,3,1,1,4,1,,1,0,4,4,4,4,1,5,1,1,1,0
"Gambia, The","GMB",131651548,1.98055083180137,1,24,1,4,1,1,0,0,0,,,2,,,,,,,,,,,,,,1,2,1,2,1,2,1,1,2,1,1,2,1,2,2,,,,,2,,,2,2,2,,,,2,2,,2,2,2,2,,1,2,1,2,,,,2,,,,2,,,,,,2,,,,,,,2,2,,,,,2,,,,,,1,1,1,1,4,1,,1,0,4,4,4,4,4,5,1,1,0,0
"Gambia, The","GMB",171133972,1.00991636800081,1,30,1,3,1,2,0,0,0,,,2,,,,,,,,,,,,,,1,2,2,2,2,2,1,2,2,2,1,2,2,2,1,,,,,2,,,2,2,2,,,,2,2,,2,2,2,2,,7,,,2,,,,2,,,,2,,,,,,2,,,,,,,2,2,,,,,2,,,,,,2,2,4,1,2,2,,0,0,4,4,4,4,4,5,1,1,0,0
"Gambia, The","GMB",159535182,1.36410911582267,1,30,1,1,1,1,0,0,0,,,2,,,,,,,,,,,,,,2,2,1,2,2,1,1,2,2,2,2,2,1,2,2,,,,,2,,,2,2,2,,,,2,2,,2,2,2,2,,2,1,1,2,,,,2,,,,2,,,,,,2,,,,,,,2,2,,,,,2,,,,,,1,1,1,1,4,1,,0,0,4,4,4,4,4,5,1,2,0,0
"Gambia, The","GMB",127912493,1.25072747592356,1,26,1,2,1,2,0,0,0,,,2,,,,,,,,,,,,,,1,2,2,2,2,2,1,2,2,2,2,2,2,2,2,,,,,2,,,2,2,2,,,,2,2,,1,1,2,1,2,2,1,1,2,,,,1,2,2,1,2,,,,,,2,,,,,,,2,2,,,,,2,,,,,,1,1,1,1,2,1,,1,1,4,4,4,4,4,2,1,1,0,0
"Gambia, The","GMB",117294043,0.513696660853838,1,44,1,5,2,2,0,0,0,,,2,,,,,,,,,,,,,,1,2,2,1,2,2,1,2,2,2,2,1,1,2,1,,,,,2,,,2,2,2,,,,2,2,,2,2,2,2,,5,1,1,2,,,,1,2,2,1,2,,,,,,2,,,,,,,2,2,,,,,1,1,2,2,1,,1,1,1,1,3,1,,0,0,4,4,4,2,4,2,1,1,0,0
"Gambia, The","GMB",154369774,0.642430339065979,2,24,1,5,1,2,0,0,0,,,2,,,,,,,,,,,,,,1,2,2,2,2,2,1,2,2,2,1,2,1,2,2,,,,,2,,,2,1,2,,,,2,2,,2,1,2,1,,2,1,1,2,,,,1,2,1,2,1,2,2,,,1,2,,,,,,,2,2,,,,,2,,,,,,1,1,1,1,3,1,,0,1,4,4,4,4,2,3,1,1,0,0
"Gambia, The","GMB",159558720,1.17916340483022,2,26,1,4,1,2,0,0,0,,,2,,,,,,,,,,,,,,2,2,2,2,2,2,2,2,2,2,2,2,2,2,2,,,,,2,,,2,1,2,,,,2,2,,2,1,2,1,,3,3,2,1,2,2,1,2,,,,1,2,2,,,1,2,,,,,,,2,2,,,,,2,,,,,,3,2,2,3,2,2,,0,1,4,4,4,4,2,2,1,2,0,0
"Gambia, The","GMB",166225491,2.38335010287517,1,,2,1,2,2,0,0,0,,,2,,,,,,,,,,,,,,2,2,2,2,2,2,2,2,2,2,2,2,2,2,2,,,,,2,,,2,2,2,,,,2,2,,2,2,2,2,,7,,,2,,,,2,,,,2,,,,,,2,,,,,,,2,2,,,,,2,,,,,,1,1,1,1,2,2,,0,0,4,4,4,4,4,5,2,2,0,0
"Gambia, The","GMB",126028082,3.00106912418754,2,18,1,4,1,2,1,1,0,2,2,2,,,2,1,2,,,,1,2,1,1,1,,,,,,,,,,2,1,1,1,2,1,,,,,2,,,2,2,2,,,,2,1,,2,1,2,1,,2,3,3,1,1,,,2,,,,2,,,,,,1,2,2,2,1,,,2,2,,,,,2,,,,,,1,1,4,4,1,1,,1,1,2,4,4,4,4,1,1,1,1,0
"Gambia, The","GMB",116025813,0.524223807400038,2,40,3,5,2,2,1,1,0,2,2,2,,,1,2,2,,,,1,2,2,,1,,,,,,,,,,1,2,2,2,2,2,,,,,2,,,2,2,2,,,,2,2,,2,2,2,2,,1,2,2,2,,,,2,,,,1,2,2,,,1,2,,,,,,,2,2,,,,,2,,,,,,1,1,1,1,4,1,,0,0,4,4,4,4,2,5,1,1,1,0
"Gambia, The","GMB",127335319,1.19167505143759,1,15,1,1,2,2,0,0,0,,,2,,,,,,,,,,,,,,2,2,1,1,2,2,1,2,2,2,2,2,2,2,2,,,,,2,,,2,2,2,,,,2,2,,2,2,2,2,,5,1,2,2,,,,2,,,,2,,,,,,2,,,,,,,2,2,,,,,2,,,,,,1,1,1,1,4,2,,0,0,4,4,4,4,4,5,2,2,0,0
"Gambia, The","GMB",116024465,0.566983006858019,1,27,1,3,1,1,0,0,0,,,2,,,,,,,,,,,,,,2,2,2,1,2,2,2,2,2,2,2,2,1,2,1,,,,,2,,,2,2,2,,,,2,2,,2,1,2,1,,2,1,1,2,,,,2,,,,2,,,,,,2,,,,,,,2,2,,,,,2,,,,,,1,1,1,1,4,1,,0,1,4,4,4,4,4,5,2,2,0,0
"Gambia, The","GMB",199950794,0.859753085390886,2,39,1,3,1,1,1,1,0,,,2,,,,,,,,,,,,,,,2,2,2,2,2,1,2,2,1,2,2,1,2,2,,,,,2,,,2,2,2,,,,2,2,,2,2,2,2,,3,2,1,2,,,,2,,,,2,,,,,,1,2,1,2,,,1,2,2,,,,,1,1,2,2,1,,1,1,1,1,2,1,,0,0,1,4,4,2,4,5,1,2,1,0
"Gambia, The","GMB",183025859,0.519309268659036,1,27,2,3,2,2,0,0,0,,,2,,,,,,,,,,,,,,2,2,2,2,2,2,1,2,2,2,2,2,1,2,2,,,,,2,,,1,2,2,,,,2,2,,2,2,2,2,,2,1,1,2,,,,1,2,2,2,1,2,1,2,,,2,,,,,,,2,2,,,,,2,,,,,,2,1,2,2,2,3,,0,0,4,4,4,4,1,4,1,1,0,0
"Gambia, The","GMB",171557438,0.673485975234834,2,23,1,5,1,1,1,1,0,,,2,,,,,,,,,,,,,,,1,2,2,2,2,1,2,2,1,2,2,1,2,2,,,,,2,,,2,1,2,,,,1,2,,2,2,2,1,,3,1,1,2,,,,2,,,,2,,,,,,1,2,2,2,2,2,,1,2,1,2,,,2,,,,,,1,1,1,1,2,1,,1,1,3,1,4,4,4,5,1,1,1,0
"Gambia, The","GMB",132689635,0.604582889783076,1,25,1,2,1,1,0,0,0,,,2,,,,,,,,,,,,,,1,2,2,2,1,2,1,2,2,1,2,1,2,2,2,,,,,2,,,1,2,2,,,,2,2,,2,1,2,2,,4,1,1,2,,,,1,2,1,2,1,2,2,,,2,1,2,2,2,1,,,2,2,,,,,1,3,2,2,1,,1,1,1,1,2,1,,0,1,2,4,4,2,3,3,1,1,0,0
"Gambia, The","GMB",155935455,0.843918759268575,2,29,1,2,1,2,1,1,0,2,2,2,,,1,1,2,,,,1,2,1,2,1,,,,,,,,,,2,2,2,1,2,2,,,,,2,,,2,1,2,,,,2,1,,2,2,2,1,,3,2,2,1,2,1,1,2,,,,1,2,2,,,2,1,1,2,2,1,,,2,2,,,,,2,,,,,,1,1,1,1,1,1,,1,1,2,4,4,4,3,2,1,1,1,0
"Gambia, The","GMB",148611846,0.364959845247662,1,18,2,5,2,1,0,0,0,,,2,,,,,,,,,,,,,,2,1,1,1,2,2,1,2,2,2,1,1,1,2,2,,,,,2,,,2,2,2,,,,2,2,,2,1,2,2,,6,1,1,2,,,,2,,,,1,2,1,1,,,2,,,,,,,2,2,,,,,2,,,,,,1,1,1,1,5,1,,0,1,4,4,4,4,1,5,1,1,0,0
"Gambia, The","GMB",146468848,0.644178728706777,2,40,2,4,1,2,1,1,0,2,1,1,2,,1,1,2,,,,1,2,1,1,1,,,,,,,,,,2,2,2,2,2,2,,,,,2,,,2,2,2,,,,2,1,,2,2,2,2,,3,2,1,1,1,,,1,1,,,2,,,,,,2,,,,,,,1,2,1,2,,,2,,,,,,3,2,2,3,2,2,,1,0,4,1,4,4,4,1,1,1,1,0
"Gambia, The","GMB",157698170,0.554227625304055,1,23,1,4,1,2,0,0,0,,,2,,,,,,,,,,,,,,2,1,2,2,2,1,1,2,2,2,1,2,1,2,2,,,,,2,,,2,2,2,,,,2,2,,1,2,2,2,2,3,1,1,1,1,,,2,,,,2,,,,,,2,,,,,,,2,2,,,,,2,,,,,,3,3,3,3,,2,,1,0,4,4,4,4,4,1,1,1,0,0
"Gambia, The","GMB",201307367,0.838961663681973,2,21,2,1,2,2,0,0,0,,,2,,,,,,,,,,,,,,2,2,2,2,2,2,1,2,2,2,2,2,1,2,2,,,,,2,,,2,2,2,,,,2,2,,2,2,2,2,,2,1,1,2,,,,1,2,1,1,2,,,,,,2,,,,,,,2,2,,,,,2,,,,,,2,2,4,4,2,1,,0,0,4,4,4,4,4,2,1,1,0,0
"Gambia, The","GMB",111846412,0.381164022896684,2,44,2,2,1,2,1,1,0,1,2,2,,,2,2,2,,,,1,1,1,1,2,,,,,,,,,,2,1,2,1,2,2,,,,,2,,,2,2,2,,,,2,2,,2,2,2,1,,2,1,1,2,,,,1,1,,,2,,,,,,1,2,1,2,,,1,2,2,,,,,2,,,,,,1,1,1,1,3,2,,0,1,1,4,4,4,4,1,1,1,1,0
"Gambia, The","GMB",122832104,0.253401920459907,2,39,2,4,1,2,1,1,0,2,1,2,,,2,1,2,,,,2,,2,,1,,,,,,,,,,2,2,2,2,2,2,,,,,2,,,2,2,2,,,,1,2,,2,2,2,2,,1,1,1,2,,,,2,,,,2,,,,,,2,,,,,,,2,2,,,,,2,,,,,,1,2,2,2,3,2,,1,0,4,4,4,4,4,5,1,1,0,0
"Gambia, The","GMB",133703062,0.530310209880254,2,35,2,5,1,2,0,0,0,,,2,,,,,,,,,,,,,,1,2,2,2,2,2,2,2,2,2,1,2,1,2,2,,,,,2,,,2,1,2,,,,2,2,,2,1,2,1,,2,1,1,2,,,,2,,,,1,2,2,,,1,2,,,,,,,2,2,,,,,2,,,,,,1,1,1,1,4,1,,0,1,4,4,4,4,2,5,1,2,0,0
"Gambia, The","GMB",192777119,0.227578495428312,2,24,2,5,1,1,0,0,0,,,2,,,,,,,,,,,,,,1,2,2,2,2,2,1,2,2,2,2,2,2,2,2,,,,,2,,,2,2,2,,,,2,2,,2,2,2,2,,2,1,1,1,1,,,2,,,,2,,,,,,2,,,,,,,2,2,,,,,2,,,,,,1,1,1,1,2,1,,0,0,4,4,4,4,4,1,1,1,0,0
"Gambia, The","GMB",162802468,0.986909428861886,1,53,1,5,2,2,0,0,0,,,2,,,,,,,,,,,,,,2,2,2,2,2,2,2,2,2,2,2,2,2,2,2,,,,,2,,,2,2,2,,,,2,2,,1,2,2,2,2,2,1,1,2,,,,1,1,,,1,2,2,,,1,2,,,,,,,2,2,,,,,1,1,2,2,1,,1,1,1,1,4,1,,1,0,4,4,4,2,2,1,1,1,0,0
"Gambia, The","GMB",159389751,1.7341580509607,2,65,1,3,1,1,0,0,0,,,2,,,,,,,,,,,,,,1,1,2,2,2,2,1,2,2,1,2,1,2,2,2,,,,,2,,,2,2,2,,,,2,2,,2,2,2,2,,2,3,3,2,,,,2,,,,2,,,,,,2,,,,,,,2,2,,,,,1,1,2,2,1,,3,1,1,1,2,2,,1,0,4,4,4,2,4,5,1,1,0,0
"Gambia, The","GMB",130493805,1.53390324502231,1,15,1,4,2,2,0,0,0,,,2,,,,,,,,,,,,,,2,2,2,2,2,2,1,2,2,2,2,2,1,2,1,,,,,2,,,2,2,2,,,,2,2,,2,2,2,1,,3,1,1,2,,,,1,2,1,2,2,,,,,,2,,,,,,,2,2,,,,,1,1,2,2,1,,1,1,1,1,4,1,,0,1,4,4,4,2,4,3,2,2,0,0
"Gambia, The","GMB",132731988,0.350575653795396,1,25,1,4,2,1,0,0,0,,,2,,,,,,,,,,,,,,1,2,2,2,2,2,1,2,2,1,1,1,1,2,2,,,,,2,,,2,2,2,,,,2,2,,1,1,2,1,2,3,1,1,2,,,,2,,,,2,,,,,,2,,,,,,,2,2,,,,,2,,,,,,1,1,1,1,2,1,,1,1,4,4,4,4,4,5,1,1,0,0
"Gambia, The","GMB",113269571,0.457501071203679,1,35,2,2,1,2,0,0,0,,,2,,,,,,,,,,,,,,1,2,2,2,2,2,1,2,2,2,2,2,1,2,2,,,,,2,,,2,2,2,,,,2,2,,2,1,2,1,,8,,,2,,,,2,,,,1,2,1,1,,,2,,,,,,,2,2,,,,,2,,,,,,1,1,1,1,2,1,,0,1,4,4,4,4,1,5,1,1,0,0
"Gambia, The","GMB",192135489,1.83015140432104,1,60,1,1,1,2,1,1,0,2,2,3,,,2,2,2,,,,2,,2,,1,,,,,,,,,,3,3,2,1,2,1,,,,,2,,,2,2,2,,,,1,1,,2,2,2,2,,3,1,4,2,,,,2,,,,2,,,,,,2,,,,,,,2,2,,,,,2,,,,,,1,1,4,4,2,1,,1,0,4,4,4,4,4,5,1,2,0,0
"Gambia, The","GMB",129356863,2.78291597298618,1,33,1,5,2,2,0,0,0,,,2,,,,,,,,,,,,,,1,2,2,2,2,2,1,2,2,2,2,2,1,2,2,,,,,2,,,2,2,2,,,,2,2,,2,2,2,2,,6,1,1,2,,,,2,,,,1,2,2,,,1,2,,,,,,,2,2,,,,,2,,,,,,1,1,2,2,2,1,,0,0,4,4,4,4,2,5,2,2,0,0
"Gambia, The","GMB",164348148,1.15269283466209,1,33,1,4,1,2,0,0,0,,,2,,,,,,,,,,,,,,1,2,2,2,2,2,1,2,2,2,2,2,1,2,2,,,,,2,,,2,2,2,,,,2,2,,1,1,2,1,2,5,2,1,2,,,,1,2,1,2,1,2,1,1,,,2,,,,,,,2,2,,,,,2,,,,,,1,1,1,1,2,1,,1,1,4,4,4,4,1,3,1,2,0,0
"Gambia, The","GMB",165898949,0.334182617886444,1,19,2,5,1,2,1,1,1,,,1,1,1,2,2,2,,,,2,,2,,2,,,,,,,,,,2,3,2,2,2,1,,,,,2,2,,2,2,2,,,,2,2,,2,2,2,1,,5,2,1,2,,,,1,1,,,2,,,,,,1,2,2,1,,,2,2,2,,,,,2,,,,,,3,2,4,2,2,2,,0,1,1,4,4,4,4,1,1,1,1,1
"Gambia, The","GMB",119445259,0.377988671238679,1,30,1,5,1,2,0,0,0,,,2,,,,,,,,,,,,,,1,1,2,1,1,1,1,2,2,1,1,1,1,2,1,,,,,2,,,2,2,2,,,,2,2,,1,1,2,1,2,2,1,1,2,,,,2,,,,2,,,,,,1,2,2,2,1,,,2,2,,,,,1,3,2,2,1,,1,1,1,1,3,1,,1,1,2,4,4,2,4,5,1,1,0,0
"Gambia, The","GMB",185717664,0.670235424885137,2,46,2,4,1,1,1,1,0,2,2,2,,,2,2,2,,,,2,,1,2,2,,,,,,,,,,2,1,1,1,2,1,,,,,2,,,2,2,2,,,,2,2,,2,2,2,1,,3,1,4,2,,,,2,,,,2,,,,,,2,,,,,,,2,2,,,,,2,,,,,,1,1,1,1,3,1,,1,1,4,4,4,4,4,5,1,1,0,0
"Gambia, The","GMB",127995444,0.569044037441362,2,58,2,3,1,2,0,0,0,,,2,,,,,,,,,,,,,,1,2,2,2,2,2,1,2,2,2,2,2,1,2,1,,,,,2,,,2,2,2,,,,1,2,,2,2,2,1,,2,1,1,2,,,,2,,,,2,,,,,,2,,,,,,,2,2,,,,,2,,,,,,1,2,2,2,1,2,,1,1,4,4,4,4,4,5,1,1,0,0
"Gambia, The","GMB",150082153,0.513189918598226,1,35,2,5,1,2,1,1,0,1,2,2,,,2,2,2,,,,2,,2,,1,,,,,,,,,,2,2,2,2,2,2,,,,,2,,,2,2,2,,,,2,2,,2,2,2,2,,1,2,2,2,,,,2,,,,1,2,2,,,1,2,,,,,,,2,2,,,,,2,,,,,,1,1,1,1,5,1,,0,0,4,4,4,4,2,5,1,1,0,0
"Gambia, The","GMB",121332068,1.30176517308183,2,55,1,3,1,1,0,0,0,,,2,,,,,,,,,,,,,,2,2,2,2,1,2,1,2,2,2,2,2,2,2,2,,,,,2,,,2,2,2,,,,2,2,,2,2,2,2,,2,3,3,1,1,,,2,,,,2,,,,,,2,,,,,,,2,2,,,,,2,,,,,,1,1,1,1,1,1,,0,0,4,4,4,4,4,1,1,1,0,0
"Gambia, The","GMB",190487402,1.0370275172615,2,31,2,2,1,2,0,0,0,,,2,,,,,,,,,,,,,,1,1,3,1,1,2,1,2,1,2,3,2,1,2,2,,,,,2,,,2,2,2,,,,2,2,,2,2,2,1,,2,1,1,2,,,,2,,,,2,,,,,,1,2,2,2,1,,,2,2,,,,,2,,,,,,1,1,2,1,1,1,,0,1,2,4,4,4,4,5,2,1,0,0
"Gambia, The","GMB",123937942,0.476923443434495,2,57,2,4,1,2,0,0,0,,,2,,,,,,,,,,,,,,1,2,2,2,2,2,1,2,2,2,1,2,1,2,1,,,,,2,,,2,2,2,,,,2,2,,2,2,2,2,,2,1,1,2,,,,2,,,,1,2,2,,,1,2,,,,,,,2,2,,,,,2,,,,,,1,1,1,1,4,1,,0,0,4,4,4,4,2,5,1,2,0,0
"Gambia, The","GMB",203980646,0.54390645486553,1,17,2,4,2,2,1,1,0,2,2,1,2,,2,2,2,,,,1,2,1,2,1,,,,,,,,,,2,2,2,2,2,1,,,,,2,,,2,2,2,,,,2,1,,1,2,2,2,2,2,3,2,1,2,1,2,1,2,1,1,2,,,,,,2,,,,,,,2,2,,,,,2,,,,,,3,3,3,3,,1,,1,0,4,4,4,4,4,2,1,1,0,0
"Gambia, The","GMB",121985975,2.34847389696361,1,30,1,1,1,2,0,0,0,,,2,,,,,,,,,,,,,,2,2,1,2,2,2,1,2,2,2,2,2,1,2,2,,,,,2,,,2,2,2,,,,2,2,,1,1,2,2,1,7,,,2,,,,1,2,1,2,1,2,2,,,1,2,,,,,,,2,2,,,,,2,,,,,,1,1,1,1,2,1,,1,1,4,4,4,4,2,3,1,2,0,0
"Gambia, The","GMB",126438349,0.45559071603454,2,40,2,3,1,2,1,1,0,1,2,2,,,2,2,2,,,,1,2,2,,2,,,,,,,,,,1,1,2,1,1,2,,,,,2,,,2,2,2,,,,2,2,,2,2,1,2,,4,1,1,1,1,,,2,,,,1,2,2,,,1,1,2,1,2,,,1,2,2,,,,,2,,,,,,1,1,1,1,2,1,,0,1,1,4,4,4,2,1,1,1,1,0
"Gambia, The","GMB",128589986,1.76735364400142,1,31,1,3,1,2,0,0,0,,,2,,,,,,,,,,,,,,1,2,2,2,2,2,1,2,2,2,2,2,2,2,2,,,,,2,,,2,2,2,,,,2,2,,2,2,2,2,,7,,,2,,,,1,1,,,2,,,,,,2,,,,,,,2,2,,,,,2,,,,,,1,1,3,1,2,1,,0,0,4,4,4,4,4,1,1,1,0,0
"Gambia, The","GMB",169979239,0.838961663681973,2,22,2,3,1,2,1,1,0,2,2,2,,,2,1,2,,,,1,1,1,1,1,,,,,,,,,,2,2,2,2,2,2,,,,,2,,,2,3,2,,,,1,1,,2,2,2,2,,1,3,3,3,,,,1,1,,,2,,,,,,1,1,1,2,,,1,1,2,1,2,,,2,,,,,,1,2,3,1,2,1,,1,0,1,1,4,4,4,1,1,1,1,0
"Gambia, The","GMB",192972665,0.833818317282372,1,27,1,2,2,2,0,0,0,,,2,,,,,,,,,,,,,,2,2,2,2,2,2,1,2,2,2,2,2,1,2,2,,,,,2,,,2,2,2,,,,2,2,,2,2,2,1,,2,1,1,2,,,,2,,,,2,,,,,,2,,,,,,,2,2,,,,,2,,,,,,1,1,1,1,4,1,,0,1,4,4,4,4,4,5,1,1,0,0
"Gambia, The","GMB",115540282,0.517121768621215,2,42,1,4,1,2,1,1,0,,,2,,,,,,,,,,,,,,,2,2,2,2,2,1,2,2,2,2,2,2,2,2,,,,,2,,,2,2,2,,,,2,2,,2,2,2,1,,5,1,1,1,2,1,2,2,,,,1,1,2,3,,,2,,,,,,,2,2,,,,,2,,,,,,1,1,1,1,2,1,,0,1,4,4,4,4,1,3,1,1,1,0
"Gambia, The","GMB",123743654,1.83015140432104,1,55,1,3,2,1,0,0,0,,,2,,,,,,,,,,,,,,2,2,2,2,2,2,2,2,2,2,2,2,2,2,2,,,,,2,,,2,2,2,,,,2,2,,2,2,2,2,,7,,,2,,,,2,,,,2,,,,,,2,,,,,,,2,2,,,,,1,1,2,2,1,,1,1,1,1,2,1,,0,0,4,4,4,2,4,5,1,2,0,0
"Gambia, The","GMB",170736456,3.00106912418754,2,42,1,3,2,2,0,0,0,,,2,,,,,,,,,,,,,,1,2,2,2,2,2,1,3,2,2,2,2,2,2,2,,,,,2,,,2,2,2,,,,2,2,,2,2,2,2,,5,1,1,2,,,,2,,,,1,2,2,,,1,2,,,,,,,2,2,,,,,1,1,2,2,1,,1,1,1,1,4,1,,0,0,4,4,4,2,2,5,1,1,0,0
"Gambia, The","GMB",141637484,0.612771432417039,1,20,2,5,2,2,0,0,0,,,2,,,,,,,,,,,,,,1,2,2,1,2,2,2,2,2,2,2,2,1,2,2,,,,,2,,,2,2,2,,,,2,2,,2,2,2,2,,3,2,1,2,,,,2,,,,2,,,,,,2,,,,,,,2,2,,,,,2,,,,,,2,3,3,3,,2,,0,0,4,4,4,4,4,5,1,2,0,0
"Gambia, The","GMB",144683051,1.09552564339447,1,36,1,2,1,1,0,0,0,,,2,,,,,,,,,,,,,,2,2,2,2,2,2,1,2,2,3,2,2,2,2,2,,,,,2,,,2,2,2,,,,2,2,,2,2,2,2,,7,,,2,,,,2,,,,1,2,2,,,1,2,,,,,,,2,2,,,,,2,,,,,,1,1,1,1,3,1,,1,0,4,4,4,4,2,5,1,1,0,0
"Gambia, The","GMB",140824148,0.631944524136449,1,27,2,3,2,2,0,0,0,,,2,,,,,,,,,,,,,,2,1,1,2,2,2,2,2,2,2,1,2,2,2,2,,,,,2,,,2,2,2,,,,2,2,,2,2,2,1,,2,1,1,2,,,,2,,,,2,,,,,,1,2,2,2,2,2,,2,2,,,,,2,,,,,,5,1,1,1,3,1,,0,1,3,4,4,4,4,5,1,1,0,0
"Gambia, The","GMB",160927081,0.833818317282372,1,28,1,1,2,1,0,0,0,,,2,,,,,,,,,,,,,,2,2,2,2,2,2,1,2,2,2,2,2,1,2,2,,,,,2,,,2,2,2,,,,2,2,,2,1,2,1,,2,1,1,2,,,,2,,,,1,2,2,,,1,2,,,,,,,2,2,,,,,2,,,,,,1,1,1,1,4,1,,0,1,4,4,4,4,2,5,2,2,0,0
"Gambia, The","GMB",128966666,2.01983273600163,1,28,1,1,2,2,0,0,0,,,2,,,,,,,,,,,,,,1,2,2,2,2,2,1,2,2,2,2,2,2,2,2,,,,,2,,,2,2,2,,,,2,2,,2,2,2,2,,2,1,1,2,,,,2,,,,2,,,,,,2,,,,,,,2,2,,,,,2,,,,,,1,1,1,1,4,1,,0,0,4,4,4,4,4,5,1,1,0,0
"Gambia, The","GMB",114526477,1.26997633524228,2,66,2,3,1,2,1,1,0,2,2,1,2,,2,2,2,,,,1,1,1,1,1,,,,,,,,,,1,2,2,1,2,2,,,,,2,,,2,2,2,,,,2,1,,2,2,2,1,,1,2,1,2,,,,1,1,,,1,2,2,,,1,1,1,1,2,,,2,2,2,,,,,1,1,2,2,1,,1,1,2,2,1,1,,1,1,1,4,4,2,2,1,1,1,1,0
"Gambia, The","GMB",177391784,2.35720091332192,2,16,1,5,2,1,0,0,0,,,2,,,,,,,,,,,,,,1,2,1,2,2,1,2,2,1,2,2,2,1,2,1,,,,,2,,,2,2,2,,,,2,2,,2,2,2,2,,2,1,1,2,,,,2,,,,2,,,,,,2,,,,,,,2,2,,,,,2,,,,,,3,3,4,4,,4,,0,0,4,4,4,4,4,5,2,2,0,0
"Gambia, The","GMB",126922168,1.13318127747869,1,35,1,3,1,2,0,0,0,,,2,,,,,,,,,,,,,,1,1,2,2,2,2,1,2,2,2,2,2,2,2,2,,,,,2,,,2,2,2,,,,2,2,,1,2,2,1,2,7,,,2,,,,2,,,,2,,,,,,2,,,,,,,2,2,,,,,2,,,,,,2,1,4,1,4,2,,1,1,4,4,4,4,4,5,1,2,0,0
"Gambia, The","GMB",114833171,1.73066820459005,2,43,1,1,1,2,0,0,0,,,2,,,,,,,,,,,,,,2,2,2,2,1,2,1,2,2,2,2,2,2,2,2,,,,,2,,,2,2,2,,,,2,2,,1,2,2,2,1,2,1,1,2,,,,2,,,,1,2,1,1,,,2,,,,,,,2,2,,,,,2,,,,,,1,1,1,1,4,1,,1,1,4,4,4,4,1,5,1,2,0,0
"Gambia, The","GMB",200196286,0.944971678096699,1,32,1,3,1,1,0,0,0,,,2,,,,,,,,,,,,,,1,1,2,2,2,2,1,2,2,1,3,2,1,2,2,,,,,2,,,2,2,2,,,,2,2,,2,1,2,1,,2,1,1,2,,,,2,,,,2,,,,,,2,,,,,,,2,2,,,,,2,,,,,,1,1,2,1,2,1,,0,1,4,4,4,4,4,5,1,2,0,0
"Gambia, The","GMB",161914583,1.51487455200122,1,27,1,3,2,2,0,0,0,,,2,,,,,,,,,,,,,,2,1,3,1,2,2,1,1,1,2,2,1,1,2,1,,,,,2,,,2,2,2,,,,2,2,,2,2,2,1,,2,1,4,2,,,,2,,,,1,2,2,,,1,2,,,,,,,2,2,,,,,2,,,,,,3,1,3,2,2,1,,1,1,4,4,4,4,2,5,2,1,0,0
"Gambia, The","GMB",141086077,0.575213716883366,1,17,1,3,1,2,0,0,0,,,2,,,,,,,,,,,,,,1,2,2,1,2,2,2,2,1,2,2,1,1,2,1,,,,,2,,,2,2,2,,,,2,2,,2,2,2,2,,2,1,1,2,,,,2,,,,2,,,,,,2,,,,,,,2,2,,,,,2,,,,,,1,1,1,1,4,1,,1,1,4,4,4,4,4,5,1,2,0,0
"Gambia, The","GMB",144145439,1.15363910925744,1,15,1,1,2,1,0,0,0,,,2,,,,,,,,,,,,,,2,2,2,1,1,2,2,2,2,2,2,2,2,2,2,,,,,2,,,2,2,2,,,,2,2,,2,2,2,2,,2,1,1,2,,,,2,,,,1,2,2,,,2,2,,,,,,,2,2,,,,,1,2,2,2,2,2,1,1,1,1,2,1,,0,0,4,4,4,3,3,5,2,2,0,0
"Gambia, The","GMB",125268339,2.1830770397924,2,34,1,2,2,1,0,0,0,,,2,,,,,,,,,,,,,,2,2,3,2,2,2,1,2,2,1,1,2,1,2,2,,,,,2,,,2,2,2,,,,2,2,,2,2,2,2,,5,1,1,2,,,,1,2,1,2,2,,,,,,1,2,2,2,1,,,3,2,,,,,1,1,2,2,1,,2,1,1,1,2,1,,1,1,2,5,4,2,4,3,1,1,0,0
"Gambia, The","GMB",112019039,0.514362081803169,2,45,2,5,1,2,1,1,0,1,2,2,,,2,2,2,,,,2,,1,2,1,,,,,,,,,,2,2,2,2,1,2,,,,,2,,,2,2,2,,,,1,1,,2,2,2,2,,3,3,3,2,,,,2,,,,2,,,,,,1,2,1,2,,,1,2,2,,,,,2,,,,,,1,1,1,1,2,1,,1,0,1,4,4,4,4,5,1,2,1,0
"Gambia, The","GMB",165676822,0.760361749647588,1,37,1,5,1,1,1,1,0,2,2,2,,,2,2,2,,,,1,2,2,,1,,,,,,,,,,2,1,1,1,2,2,,,,,2,,,2,1,2,,,,1,1,,2,2,2,2,,1,1,1,1,2,1,2,2,,,,2,,,,,,2,,,,,,,2,2,,,,,2,,,,,,1,1,1,1,1,1,,1,1,4,4,4,4,4,3,1,1,1,0
"Gambia, The","GMB",205005597,2.24632662927486,2,50,1,1,1,1,0,0,0,,,2,,,,,,,,,,,,,,1,2,2,2,2,2,1,1,2,2,1,2,1,2,2,,,,,2,,,2,2,2,,,,2,2,,2,2,2,2,,2,1,1,2,,,,1,2,2,1,2,,,,,,2,,,,,,,2,2,,,,,2,,,,,,1,1,3,1,4,1,,0,0,4,4,4,4,4,2,1,1,0,0
"Gambia, The","GMB",200342461,0.934953038653176,1,29,2,4,2,2,0,0,0,,,2,,,,,,,,,,,,,,2,2,2,2,2,2,1,2,2,2,2,2,2,2,2,,,,,2,,,2,2,2,,,,2,2,,1,2,2,2,2,2,1,4,2,,,,2,,,,1,2,2,,,1,2,,,,,,,2,2,,,,,2,,,,,,1,1,1,1,2,1,,1,0,4,4,4,4,2,5,1,1,0,0
"Gambia, The","GMB",136230693,0.817028576556052,1,21,2,4,1,2,0,0,0,,,2,,,,,,,,,,,,,,1,2,2,2,2,2,1,2,2,,,,,,,,,,,1,3,,2,2,2,,,,2,2,2,2,2,2,1,,5,1,4,2,,,,2,,,,2,,,,,,2,,,,,,,1,2,2,2,2,2,2,,,,,,1,1,4,1,4,1,,0,1,4,3,4,4,4,5,1,1,0,0
"Gambia, The","GMB",133744459,1.34697195046967,2,18,1,1,2,1,0,0,0,,,2,,,,,,,,,,,,,,1,1,1,1,2,2,1,2,2,2,2,2,1,2,2,,,,,2,,,2,2,2,,,,2,2,,2,1,2,2,,3,1,1,2,,,,2,,,,2,,,,,,2,,,,,,,2,2,,,,,2,,,,,,2,3,3,3,,1,,0,1,4,4,4,4,4,5,1,2,0,0
"Gambia, The","GMB",199987663,0.569917071629532,1,67,2,4,2,2,1,1,0,1,1,1,2,,2,1,2,,,,1,2,1,1,1,,,,,,,,,,2,2,2,1,2,2,,,,,2,,,2,2,2,,,,2,1,,2,2,2,2,,1,2,1,1,2,1,1,1,2,2,1,2,,,,,,1,1,1,2,,,3,2,2,,,,,2,,,,,,2,3,4,1,4,2,,1,0,1,4,4,4,4,2,1,1,1,0
"Gambia, The","GMB",163160000,1.19500354682745,2,55,1,5,2,2,0,0,0,,,2,,,,,,,,,,,,,,1,2,2,2,2,2,1,2,2,2,2,2,1,2,1,,,,,2,,,2,2,2,,,,1,2,,2,1,2,2,,3,3,1,2,,,,2,,,,2,,,,,,2,,,,,,,2,2,,,,,2,,,,,,1,2,1,1,1,1,,1,1,4,4,4,4,4,5,1,2,0,0
"Gambia, The","GMB",142280487,1.34322204569852,2,20,1,4,1,1,0,0,0,,,2,,,,,,,,,,,,,,1,1,2,1,2,2,1,2,1,2,1,2,1,2,2,,,,,2,,,2,2,2,,,,2,2,,2,2,2,2,,3,1,1,2,,,,2,,,,1,2,2,,,1,2,,,,,,,2,2,,,,,1,1,2,2,1,,1,1,3,1,2,1,,1,0,4,4,4,2,2,5,1,1,0,0
"Gambia, The","GMB",156916043,3.00106912418754,1,30,1,2,1,2,0,0,0,,,2,,,,,,,,,,,,,,2,2,1,2,2,1,1,2,2,2,2,2,1,1,2,,,,,2,,,2,2,2,,,,2,1,,2,2,2,2,,2,3,1,1,1,,,2,,,,1,2,2,,,1,2,,,,,,,2,2,,,,,2,,,,,,1,1,1,1,1,1,,1,0,4,4,4,4,2,1,1,1,0,0
"Gambia, The","GMB",180570252,0.53231129832865,1,15,1,3,2,1,0,0,0,,,2,,,,,,,,,,,,,,1,2,2,1,2,2,1,2,2,2,2,1,1,2,2,,,,,2,,,2,2,2,,,,2,2,,1,2,2,2,1,5,2,1,2,,,,1,2,1,2,2,,,,,,2,,,,,,,2,2,,,,,2,,,,,,2,1,2,1,2,2,,1,1,4,4,4,4,4,3,1,1,0,0
"Gambia, The","GMB",134815474,0.419480831840987,2,24,2,5,1,2,0,0,0,,,2,,,,,,,,,,,,,,1,2,2,2,2,2,2,2,2,2,2,2,2,2,2,,,,,2,,,1,1,2,,,,2,2,,2,2,2,2,,3,1,4,1,2,1,2,1,2,1,2,2,,,,,,1,2,2,2,1,,,2,2,,,,,2,,,,,,2,1,2,4,3,1,,1,0,2,4,4,4,4,3,1,1,0,0
"Gambia, The","GMB",139663950,0.998029651553995,1,57,1,3,1,2,0,0,0,,,2,,,,,,,,,,,,,,1,2,2,2,2,2,1,2,2,3,3,2,1,2,2,,,,,2,,,2,2,2,,,,2,2,,2,2,2,2,,2,1,1,2,,,,2,,,,2,,,,,,2,,,,,,,2,2,,,,,1,2,2,2,1,,1,1,1,2,4,1,,0,0,4,4,4,2,4,5,1,2,0,0
"Gambia, The","GMB",158641550,1.76874510724533,2,26,1,4,2,2,0,0,0,,,2,,,,,,,,,,,,,,1,2,2,2,2,2,2,2,2,2,2,2,2,2,2,,,,,2,,,1,2,2,,,,2,2,,2,2,2,1,,2,1,1,2,,,,1,1,,,1,2,2,,,1,2,,,,,,,2,2,,,,,2,,,,,,1,1,1,1,1,1,,1,1,4,4,4,4,2,1,1,1,0,0
"Gambia, The","GMB",119541760,0.961637551802469,1,49,2,2,1,2,1,1,0,2,2,2,,,2,2,2,,,,2,,1,1,1,,,,,,,,,,2,1,1,1,2,2,,,,,2,,,2,2,2,,,,1,1,,2,2,2,1,,2,1,1,2,,,,1,2,2,1,1,2,2,,,1,2,,,,,,,2,2,,,,,2,,,,,,2,2,3,2,4,1,,1,1,4,4,4,4,2,2,1,1,0,0
"Gambia, The","GMB",119854191,0.493454714430943,1,50,1,5,2,2,1,1,0,2,2,2,,,2,2,2,,,,2,,2,,2,,,,,,,,,,2,2,2,2,2,2,,,,,2,,,2,2,2,,,,2,2,,1,1,2,1,2,2,2,4,2,,,,1,2,1,1,1,2,2,,,1,2,,,,,,,2,2,,,,,2,,,,,,2,2,2,3,2,2,,1,1,4,4,4,4,2,2,1,1,0,0
"Gambia, The","GMB",123626312,0.906765046137353,1,22,1,1,2,2,0,0,0,,,2,,,,,,,,,,,,,,3,3,3,3,3,2,1,3,3,2,3,2,1,1,2,,,,,3,,,2,2,2,,,,2,3,,2,3,2,2,,2,1,1,3,,,,3,,,,1,3,2,,,1,2,,,,,,,2,2,,,,,2,,,,,,1,1,1,1,3,1,,0,1,4,4,4,4,2,6,2,2,0,0
"Gambia, The","GMB",178905602,1.0313642532503,2,43,1,1,2,1,0,0,0,,,2,,,,,,,,,,,,,,1,1,1,2,2,2,2,2,2,2,1,2,2,2,2,,,,,2,,,2,2,2,,,,2,2,,2,2,2,2,,2,1,1,2,,,,2,,,,2,,,,,,2,,,,,,,2,2,,,,,1,1,2,2,1,,1,1,1,1,2,1,,0,0,4,4,4,2,4,5,1,2,0,0
"Gambia, The","GMB",124173186,2.49602187505755,2,20,1,4,2,2,1,1,0,2,2,2,,,2,2,2,,,,2,,2,,1,,,,,,,,,,2,2,3,2,2,1,,,,,2,,,2,2,2,,,,2,2,,2,2,2,1,,2,1,1,2,,,,1,2,2,2,2,,,,,,1,2,2,2,1,,,2,2,,,,,2,,,,,,3,3,3,1,,3,,0,1,2,4,4,4,4,4,2,2,0,0
"Gambia, The","GMB",128393319,1.0370275172615,2,29,2,3,2,2,0,0,0,,,2,,,,,,,,,,,,,,2,2,2,2,2,2,1,2,2,2,1,2,1,2,1,,,,,2,,,2,2,2,,,,2,2,,2,2,2,2,,5,1,1,2,,,,2,,,,2,,,,,,2,,,,,,,2,2,,,,,2,,,,,,1,1,1,1,4,2,,1,1,4,4,4,4,4,5,2,2,0,0
"Gambia, The","GMB",170755902,1.19371927442802,2,65,2,1,2,2,0,0,0,,,2,,,,,,,,,,,,,,2,2,2,1,1,1,1,1,2,2,1,1,1,2,1,,,,,2,,,2,2,2,,,,2,2,,2,1,2,1,,6,1,1,2,,,,2,,,,1,2,2,,,1,2,,,,,,,2,2,,,,,2,,,,,,1,1,1,1,4,1,,0,1,4,4,4,4,2,5,1,2,0,0
"Gambia, The","GMB",112418449,0.959005058186003,1,15,1,2,1,2,0,0,0,,,2,,,,,,,,,,,,,,1,1,1,1,2,2,1,1,2,1,1,1,1,2,1,,,,,2,,,2,2,2,,,,2,2,,1,2,2,2,2,5,1,1,2,,,,2,,,,1,2,2,,,1,2,,,,,,,2,2,,,,,1,1,2,2,1,,1,1,1,1,4,1,,1,0,4,4,4,2,2,5,2,2,0,0
"Gambia, The","GMB",194041785,0.307298554678611,1,26,2,5,1,1,1,1,1,1,1,1,2,,1,1,2,,,,1,2,1,1,1,,,,,,,,,,,,,,,,1,2,2,2,2,,,2,1,2,,,,2,1,2,1,2,2,1,2,1,2,2,1,1,,,2,,,,2,,,,,,1,1,1,1,,,1,2,2,,,,,2,,,,,,1,2,3,2,1,1,,1,1,1,4,4,4,4,1,1,1,1,0
"Gambia, The","GMB",173746200,0.319701316346633,1,25,2,4,1,2,0,0,0,,,2,,,,,,,,,,,,,,1,2,2,2,2,2,1,2,2,2,2,2,2,2,2,,,,,2,,,2,1,2,,,,2,2,,2,1,2,2,,1,1,1,2,,,,1,2,2,1,1,2,2,,,1,1,2,2,2,2,2,,2,2,,,,,2,,,,,,1,1,1,1,2,1,,1,1,3,4,4,4,2,2,1,2,0,0
"Gambia, The","GMB",203077621,1.01521453421078,1,40,1,1,2,2,0,0,0,,,2,,,,,,,,,,,,,,1,2,2,1,1,1,2,2,2,2,2,2,1,2,2,,,,,2,,,2,2,2,,,,2,2,,1,2,2,1,2,2,1,1,1,2,1,2,1,2,1,2,2,,,,,,2,,,,,,,2,2,,,,,2,,,,,,1,1,1,1,1,1,,1,1,4,4,4,4,4,3,1,1,0,0
"Gambia, The","GMB",118700793,0.765134859327628,2,25,1,4,1,2,0,0,0,,,2,,,,,,,,,,,,,,1,2,2,2,2,1,1,2,2,1,1,2,1,2,1,,,,,2,,,2,2,2,,,,2,2,,2,2,2,2,,3,1,1,1,1,,,2,,,,2,,,,,,2,,,,,,,2,2,,,,,1,1,2,2,1,,1,1,1,1,3,1,,0,0,4,4,4,2,4,1,1,1,0,0
"Gambia, The","GMB",132659721,0.383475811255577,1,17,2,5,2,2,0,0,0,,,2,,,,,,,,,,,,,,2,1,1,1,2,2,2,2,2,1,2,1,2,2,2,,,,,2,,,2,2,2,,,,2,2,,2,2,2,1,,7,,,2,,,,2,,,,2,,,,,,2,,,,,,,2,2,,,,,2,,,,,,1,1,1,1,4,4,,0,1,4,4,4,4,4,5,2,2,0,0
"Gambia, The","GMB",114908001,1.78406720997244,1,15,1,1,2,1,1,0,1,,,2,,,,,,,,,,,,,,,1,1,1,2,2,1,2,2,,,,,,,2,2,1,2,1,2,,2,2,2,,,,2,2,2,2,2,2,1,,3,1,1,2,,,,1,1,,,1,2,1,2,,,2,,,,,,,2,2,,,,,1,1,2,2,1,,1,1,1,1,4,1,,0,1,4,4,4,2,1,1,1,1,1,1
"Gambia, The","GMB",203100653,1.20378564897195,2,15,2,5,1,1,0,0,0,,,2,,,,,,,,,,,,,,1,2,2,1,2,2,1,2,2,1,1,1,1,2,1,,,,,2,,,2,2,2,,,,1,2,,2,2,2,2,,3,1,1,2,,,,2,,,,2,,,,,,2,,,,,,,2,2,,,,,1,1,2,2,1,,1,1,1,1,1,1,,1,0,4,4,4,2,4,5,2,2,0,0
"Gambia, The","GMB",111880943,1.5658591514575,1,45,1,2,1,1,0,0,0,,,2,,,,,,,,,,,,,,1,2,1,1,2,2,1,2,2,1,1,1,1,2,1,,,,,2,,,2,2,2,,,,2,2,,2,1,2,1,,2,1,1,2,,,,2,,,,2,,,,,,2,,,,,,,2,2,,,,,1,1,2,2,1,,1,1,1,1,4,1,,0,1,4,4,4,2,4,5,2,2,0,0
"Gambia, The","GMB",114457544,1.13789247714156,2,24,2,2,1,2,0,0,0,,,2,,,,,,,,,,,,,,1,2,2,2,2,2,1,2,2,2,2,2,1,2,2,,,,,2,,,2,2,2,,,,2,2,,2,2,2,1,,2,2,2,2,,,,1,2,1,1,2,,,,,,2,,,,,,,2,2,,,,,2,,,,,,1,1,1,1,4,1,,1,1,4,4,4,4,4,2,1,1,0,0
"Gambia, The","GMB",153972733,0.622236717951572,1,75,1,3,2,1,0,0,0,,,2,,,,,,,,,,,,,,1,2,3,2,2,2,1,2,2,2,2,2,1,2,2,,,,,2,,,2,2,2,,,,2,2,,2,2,2,2,,2,2,5,2,,,,1,2,1,1,1,2,2,,,2,2,,,,,,,2,2,,,,,2,,,,,,1,1,2,1,2,3,,0,0,4,4,4,4,3,2,1,1,0,0
"Gambia, The","GMB",199132773,0.440411124539412,2,60,2,2,1,2,1,1,0,1,1,2,,,2,1,2,,,,2,,1,1,1,,,,,,,,,,2,2,2,2,2,2,,,,,2,,,2,2,2,,,,1,1,,2,2,2,2,,1,3,3,2,,,,2,,,,1,2,2,,,1,2,,,,,,,2,1,1,2,,,2,,,,,,1,1,1,1,4,1,,1,0,4,4,1,4,2,5,1,1,1,0
"Gambia, The","GMB",179178278,0.362024733853786,2,16,1,3,2,2,0,0,0,,,2,,,,,,,,,,,,,,1,2,2,1,2,2,1,2,2,2,2,1,1,2,1,,,,,2,,,2,2,2,,,,2,2,,2,2,2,1,,2,1,1,1,2,2,2,2,,,,2,,,,,,2,,,,,,,2,2,,,,,2,,,,,,1,1,1,1,2,1,,0,1,4,4,4,4,4,4,2,2,0,0
"Gambia, The","GMB",208319350,1.52958187817711,2,22,2,4,2,2,1,1,0,2,2,2,,,2,2,2,,,,1,2,1,2,1,,,,,,,,,,2,1,1,1,2,2,,,,,2,,,2,2,2,,,,2,1,,2,1,2,1,,2,1,1,1,2,2,1,1,2,1,1,1,2,2,,,1,2,,,,,,,2,2,,,,,2,,,,,,1,1,1,1,4,1,,1,1,4,4,4,4,2,2,1,1,0,0
"Gambia, The","GMB",127304126,1.72665564742356,2,15,1,1,1,2,0,0,0,,,2,,,,,,,,,,,,,,1,1,1,2,1,2,1,2,2,1,1,1,1,2,2,,,,,2,,,2,2,2,,,,2,2,,2,1,2,1,,2,1,1,2,,,,1,2,1,1,2,,,,,,2,,,,,,,2,2,,,,,2,,,,,,1,1,1,1,1,1,,0,1,4,4,4,4,4,2,1,3,0,0
"Gambia, The","GMB",179171191,1.28196309662659,2,24,2,4,1,2,1,1,0,2,2,1,2,,1,1,2,,,,1,2,1,2,1,,,,,,,,,,2,2,2,2,2,2,,,,,2,,,2,2,1,1,2,,2,1,,2,2,2,2,,3,3,3,1,2,1,1,2,,,,1,2,2,,,1,2,,,,,,,2,2,,,,,2,,,,,,2,3,3,3,,2,,1,0,4,4,4,4,2,2,1,1,1,1
"Gambia, The","GMB",121772742,0.476923443434495,2,60,3,1,1,2,1,1,0,2,2,2,,,2,2,2,,,,2,,2,,2,,,,,,,,,,2,2,2,1,2,2,,,,,2,,,2,2,2,,,,2,2,,2,2,2,1,,2,2,1,2,,,,1,2,1,1,1,2,2,,,1,2,,,,,,,2,2,,,,,2,,,,,,1,1,1,1,4,1,,0,1,4,4,4,4,2,2,1,1,0,0
"Gambia, The","GMB",123940606,0.559375186777141,2,34,2,3,1,2,1,1,0,2,2,1,1,2,2,2,2,,,,1,2,2,,1,,,,,,,,,,1,1,1,1,2,1,,,,,2,,,2,2,2,,,,2,1,,2,2,2,2,,1,2,2,2,,,,2,,,,2,,,,,,2,,,,,,,2,2,,,,,2,,,,,,2,2,2,2,4,2,,1,0,4,4,4,4,4,5,1,1,1,0
"Gambia, The","GMB",202799762,0.701151307590792,1,31,1,2,1,2,0,0,0,,,2,,,,,,,,,,,,,,1,2,2,2,2,2,1,2,2,2,2,2,1,2,2,,,,,2,,,2,2,2,,,,2,2,,2,2,1,2,,2,2,1,1,2,1,1,2,,,,2,,,,,,2,,,,,,,2,2,,,,,2,,,,,,1,1,1,1,2,1,,0,1,4,4,4,4,4,2,1,2,0,0
"Gambia, The","GMB",133344700,0.892033604986221,1,20,1,3,1,1,0,0,0,,,2,,,,,,,,,,,,,,2,2,2,2,2,2,1,2,2,2,2,2,1,2,2,,,,,2,,,2,2,2,,,,2,2,,2,2,2,2,,1,3,1,1,2,2,2,1,2,1,1,2,,,,,,2,,,,,,,2,2,,,,,2,,,,,,1,1,1,1,1,1,,1,0,4,4,4,4,4,2,1,1,0,0
"Gambia, The","GMB",137624305,0.668180731940804,2,21,1,1,1,2,0,0,0,,,2,,,,,,,,,,,,,,1,1,2,1,1,2,1,2,2,2,1,1,1,2,2,,,,,2,,,2,2,2,,,,2,2,,2,1,2,1,,2,1,1,2,,,,2,,,,2,,,,,,2,,,,,,,2,2,,,,,2,,,,,,1,1,1,1,2,1,,1,1,4,4,4,4,4,5,1,1,0,0
"Gambia, The","GMB",181483767,0.470503408451177,1,37,2,5,1,2,0,0,0,,,2,,,,,,,,,,,,,,2,2,2,1,2,2,1,2,1,2,2,1,1,2,2,,,,,2,,,2,2,2,,,,1,2,,1,2,2,2,2,2,2,1,2,,,,2,,,,2,,,,,,2,,,,,,,2,2,,,,,2,,,,,,1,2,3,2,4,2,,1,0,4,4,4,4,4,5,1,1,0,0
"Gambia, The","GMB",190833094,1.24928339399433,2,68,1,2,1,1,1,1,0,1,2,2,,,2,2,2,,,,1,2,1,2,1,,,,,,,,,,2,2,2,1,2,2,,,,,2,,,2,2,2,,,,2,1,,2,2,2,2,,6,2,2,1,2,1,2,1,1,,,2,,,,,,1,2,1,2,,,1,2,2,,,,,2,,,,,,2,1,2,2,2,1,,1,0,1,4,4,4,4,1,1,1,1,0
"Gambia, The","GMB",131752303,0.479502529093001,1,21,1,4,1,2,0,0,0,,,2,,,,,,,,,,,,,,2,1,1,1,2,2,1,2,2,1,1,1,1,2,1,,,,,2,,,2,2,2,,,,2,2,,2,2,2,2,,3,1,1,2,,,,2,,,,2,,,,,,2,,,,,,,2,2,,,,,1,3,2,2,1,,1,1,1,1,3,1,,0,0,4,4,4,2,4,5,1,1,0,0
"Gambia, The","GMB",118150824,0.905061834634464,2,21,2,5,2,2,0,0,0,,,2,,,,,,,,,,,,,,1,2,2,2,2,2,1,2,2,2,2,2,1,2,2,,,,,2,,,2,2,2,,,,1,2,,1,2,2,1,1,2,1,1,2,,,,2,,,,2,,,,,,1,2,2,2,1,,,2,2,,,,,2,,,,,,1,1,1,1,1,1,,1,1,2,4,4,4,4,5,1,1,0,0
"Gambia, The","GMB",132709764,0.682054557911334,1,30,1,3,2,1,0,0,0,,,2,,,,,,,,,,,,,,1,2,2,2,2,2,1,2,2,2,2,2,1,2,2,,,,,2,,,2,2,2,,,,2,2,,2,1,2,1,,2,2,3,2,,,,2,,,,1,2,2,,,1,2,,,,,,,2,2,,,,,2,,,,,,1,1,1,1,3,1,,0,1,4,4,4,4,2,5,1,2,0,0
"Gambia, The","GMB",142878872,0.856145107495698,2,32,1,4,1,2,0,0,0,,,2,,,,,,,,,,,,,,2,2,2,2,2,2,1,2,2,1,2,1,1,2,2,,,,,2,,,2,2,2,,,,2,1,,2,2,2,1,,5,1,1,1,2,1,2,1,1,,,2,,,,,,2,,,,,,,2,2,,,,,2,,,,,,1,1,1,1,2,1,,1,1,4,4,4,4,4,1,1,1,0,0
"Gambia, The","GMB",112998200,1.81881215443023,1,27,1,1,2,1,0,0,0,,,2,,,,,,,,,,,,,,1,2,2,2,1,2,1,2,2,2,2,2,1,2,2,,,,,2,,,2,2,2,,,,2,2,,2,1,2,1,,2,1,1,2,,,,2,,,,2,,,,,,2,,,,,,,2,2,,,,,2,,,,,,1,1,1,1,2,1,,0,1,4,4,4,4,4,5,1,2,0,0
"Gambia, The","GMB",135829314,0.668180731940804,2,18,1,4,1,1,0,0,0,,,2,,,,,,,,,,,,,,1,1,2,1,2,2,1,2,2,2,1,1,1,2,2,,,,,2,,,2,2,2,,,,2,2,,2,2,2,2,,1,3,3,2,,,,2,,,,2,,,,,,2,,,,,,,2,2,,,,,1,1,2,2,1,,1,1,1,1,4,1,,0,0,4,4,4,2,4,5,1,2,0,0
"Gambia, The","GMB",113433592,1.42241935834292,2,40,1,3,1,2,0,0,0,,,2,,,,,,,,,,,,,,1,2,2,2,2,2,1,2,2,2,2,2,1,2,2,,,,,2,,,2,2,2,,,,2,2,,2,2,2,2,,3,1,1,1,1,,,2,,,,2,,,,,,1,2,2,2,2,2,,2,2,,,,,2,,,,,,1,1,1,1,4,1,,0,0,3,4,4,4,4,1,1,1,0,0
"Gambia, The","GMB",196723534,1.22366550254168,2,16,2,4,2,2,0,0,0,,,2,,,,,,,,,,,,,,1,2,2,2,2,2,2,2,2,2,2,2,2,2,1,,,,,2,,,2,2,2,,,,2,2,,2,2,2,1,,7,,,2,,,,2,,,,2,,,,,,2,,,,,,,2,2,,,,,2,,,,,,3,3,3,3,,3,,0,1,4,4,4,4,4,5,1,1,0,0
"Gambia, The","GMB",130394982,0.186990607730635,1,27,2,5,1,2,1,1,0,2,2,2,,,2,2,2,,,,2,,2,,1,,,,,,,,,,1,1,2,1,2,2,,,,,2,,,2,2,2,,,,1,1,,1,1,2,1,2,2,1,4,2,,,,1,1,,,2,,,,,,2,,,,,,,2,2,,,,,2,,,,,,1,1,1,1,1,1,,1,1,4,4,4,4,4,1,1,1,1,0
"Gambia, The","GMB",130648972,3.00106912418754,2,15,1,4,1,2,0,0,0,,,2,,,,,,,,,,,,,,2,2,1,1,2,1,1,2,1,1,1,1,1,2,2,,,,,2,,,2,2,2,,,,2,2,,2,2,2,2,,3,1,1,2,,,,2,,,,2,,,,,,2,,,,,,,2,2,,,,,2,,,,,,1,1,1,1,4,1,,0,0,4,4,4,4,4,5,2,2,0,0
"Gambia, The","GMB",206397438,0.958689528138943,1,15,1,5,2,1,0,0,0,,,2,,,,,,,,,,,,,,2,2,2,2,2,2,1,2,2,,,,,,,,,,,2,,,2,2,2,,,,2,2,2,2,2,2,2,,2,2,1,2,,,,1,2,2,2,2,,,,,,1,2,2,2,1,,,2,2,,,,,2,,,,,,3,2,1,1,2,2,,0,0,2,4,4,4,4,4,2,2,0,0
"Gambia, The","GMB",115989289,0.460415624604754,2,70,2,5,2,2,0,0,0,,,2,,,,,,,,,,,,,,1,2,2,2,2,2,1,2,2,,,,,,,,,,,2,,,2,2,2,,,,2,2,2,2,1,2,2,,1,3,2,2,,,,1,1,,,2,,,,,,2,,,,,,,2,2,,,,,2,,,,,,1,1,3,3,2,3,,0,1,4,4,4,4,4,1,1,1,0,0
"Gambia, The","GMB",164805481,0.309294820709739,1,31,2,4,1,1,0,0,0,,,2,,,,,,,,,,,,,,2,1,1,2,2,2,2,3,2,2,1,2,2,2,2,,,,,2,,,2,2,2,,,,2,2,,2,2,2,1,,6,2,2,2,,,,2,,,,2,,,,,,2,,,,,,,2,2,,,,,2,,,,,,1,2,2,2,2,2,,1,1,4,4,4,4,4,5,1,1,0,0
"Gambia, The","GMB",115515291,0.185539238362971,2,26,2,5,1,2,1,1,0,2,2,2,,,2,2,2,,,,1,1,2,,1,,,,,,,,,,2,2,2,2,2,2,,,,,2,,,2,2,2,,,,1,1,,2,2,2,2,,1,3,3,2,,,,2,,,,1,2,2,,,1,1,2,2,2,1,,,2,2,,,,,2,,,,,,1,3,3,3,,1,,1,0,2,4,4,4,2,5,1,1,0,0
"Gambia, The","GMB",172936980,0.504958184000407,1,25,2,5,1,2,1,1,0,1,2,2,,,2,2,2,,,,2,,1,1,1,,,,,,,,,,1,1,2,1,2,1,,,,,2,,,2,2,2,,,,2,2,,2,2,2,1,,2,2,3,2,,,,2,,,,2,,,,,,2,,,,,,,2,2,,,,,2,,,,,,3,1,2,3,2,1,,0,1,4,4,4,4,4,5,1,2,0,0
"Gambia, The","GMB",158866374,3.00106912418754,1,20,1,1,2,2,0,0,0,,,2,,,,,,,,,,,,,,2,2,2,2,2,2,1,2,2,2,2,2,1,2,2,,,,,2,,,2,2,2,,,,2,2,,2,2,2,2,,7,,,2,,,,2,,,,2,,,,,,2,,,,,,,2,2,,,,,2,,,,,,1,1,1,1,3,1,,0,0,4,4,4,4,4,5,2,2,0,0
"Gambia, The","GMB",124158632,1.30372001618498,2,26,2,4,2,2,1,1,0,,,1,2,,2,2,2,,,,2,,2,,2,,,,,,,,,,2,1,1,1,2,1,,,,,2,,,2,2,2,,,,1,2,,2,1,2,1,,1,2,2,1,2,1,2,1,1,,,1,2,2,,,1,1,2,1,2,,,1,2,2,,,,,2,,,,,,2,1,2,2,2,1,,1,1,1,4,4,4,2,1,1,1,1,0
"Gambia, The","GMB",151907498,2.60241523662132,1,25,1,4,2,2,0,0,0,,,2,,,,,,,,,,,,,,1,2,2,2,2,2,1,2,2,2,2,2,1,2,2,,,,,2,,,2,2,2,,,,2,2,,2,1,2,1,,2,1,1,2,,,,2,,,,1,2,2,,,1,2,,,,,,,2,2,,,,,2,,,,,,1,1,1,1,4,1,,0,1,4,4,4,4,2,5,1,2,0,0
"Gambia, The","GMB",132730298,1.4128727067623,2,57,3,5,2,2,1,1,1,2,2,1,1,1,1,1,1,1,1,2,1,1,1,1,1,,,,,,,,,,,,,,,,2,2,2,1,1,2,,1,1,1,1,2,,1,1,2,2,2,2,2,,1,3,3,1,1,,,1,2,1,1,1,1,2,1,,,2,,,,,,,2,2,,,,,2,,,,,,3,3,3,4,,3,,1,1,4,4,4,4,1,1,1,1,1,1
"Gambia, The","GMB",116590908,0.578602146434435,2,30,2,5,1,2,0,0,0,,,2,,,,,,,,,,,,,,2,1,2,1,2,2,1,2,2,2,2,2,1,2,2,,,,,2,,,2,2,2,,,,2,2,,2,1,2,1,,2,3,3,2,,,,2,,,,2,,,,,,2,,,,,,,2,2,,,,,2,,,,,,3,3,3,3,,2,,0,1,4,4,4,4,4,5,1,2,0,0
"Gambia, The","GMB",129921271,0.747921667833501,2,19,2,2,2,2,1,1,0,,,2,,,,,,,,,,,,,,,2,2,2,2,2,1,2,2,2,2,2,1,2,2,,,,,2,,,2,2,2,,,,2,2,,2,2,2,2,,2,2,1,2,,,,2,,,,2,,,,,,2,,,,,,,1,3,1,2,,,2,,,,,,2,1,2,2,1,2,,0,0,4,1,5,4,4,5,1,1,1,0
"Gambia, The","GMB",130613521,0.954439764879157,2,40,1,3,1,1,0,0,0,,,2,,,,,,,,,,,,,,1,1,2,2,2,2,1,2,2,2,1,2,1,2,2,,,,,2,,,2,2,2,,,,2,2,,2,2,2,1,,2,1,1,2,,,,2,,,,1,2,2,,,1,2,,,,,,,2,1,2,2,2,2,2,,,,,,1,1,1,1,3,1,,0,1,4,4,3,4,2,5,1,1,0,0
"Gambia, The","GMB",158023521,0.595837525718793,1,21,1,1,1,2,1,1,0,2,2,2,,,2,1,2,,,,2,,1,2,1,,,,,,,,,,1,3,1,1,2,2,,,,,2,,,2,2,2,,,,2,2,,2,1,1,1,,2,1,1,2,,,,2,,,,1,2,2,,,1,2,,,,,,,2,2,,,,,2,,,,,,1,2,1,1,2,1,,0,1,4,4,4,4,2,5,1,1,0,0
"Gambia, The","GMB",189401494,0.279687593388571,2,27,2,5,1,2,1,1,0,2,2,1,2,,2,2,2,,,,1,1,2,,1,,,,,,,,,,1,2,2,2,2,2,,,,,1,1,,1,1,2,,,,1,1,,2,2,2,1,,1,2,3,1,2,1,2,2,,,,2,,,,,,1,2,2,2,2,2,,2,2,,,,,1,1,2,2,1,,1,1,1,3,5,3,,1,1,3,4,4,2,4,3,1,1,1,1
"Gambia, The","GMB",126220697,1.57492461185347,2,35,2,1,1,2,1,1,0,,,2,,,,,,,,,,,,,,,2,2,1,2,2,1,2,2,1,2,2,2,2,2,,,,,2,,,2,1,2,,,,1,1,,1,2,2,2,2,2,2,3,1,2,2,2,2,,,,1,1,2,1,,,1,2,2,2,1,,,2,2,,,,,2,,,,,,1,1,1,1,1,3,,1,0,2,4,4,4,1,4,1,2,1,0
"Gambia, The","GMB",201155612,0.457501071203679,1,43,1,5,2,2,0,0,0,,,2,,,,,,,,,,,,,,1,1,2,2,2,2,1,2,2,1,3,2,1,2,2,,,,,2,,,2,2,2,,,,2,2,,1,1,2,1,1,2,1,1,1,2,1,1,1,1,,,2,,,,,,2,,,,,,,2,2,,,,,2,,,,,,1,1,1,1,4,1,,1,1,4,4,4,4,4,1,1,2,0,0
"Gambia, The","GMB",169840076,0.457501071203679,1,37,2,5,2,2,0,0,0,,,2,,,,,,,,,,,,,,2,2,2,2,2,2,1,2,2,2,2,2,1,2,2,,,,,2,,,2,2,2,,,,2,2,,2,2,2,2,,7,,,2,,,,2,,,,2,,,,,,2,,,,,,,2,2,,,,,2,,,,,,1,1,1,2,4,1,,0,0,4,4,4,4,4,5,1,1,0,0
"Gambia, The","GMB",114141085,0.256594959299113,1,40,2,3,1,2,1,1,0,1,2,2,,,1,2,2,,,,1,3,2,,2,,,,,,,,,,2,2,2,2,2,2,,,,,2,,,2,2,2,,,,2,2,,1,1,2,1,2,2,2,2,2,,,,1,2,2,2,1,2,2,,,1,1,2,2,2,1,,,2,2,,,,,2,,,,,,3,3,3,3,,2,,1,1,2,4,4,4,2,4,1,1,1,0
"Gambia, The","GMB",119657545,0.260353034616365,2,60,1,5,1,1,0,0,0,,,2,,,,,,,,,,,,,,2,2,2,2,2,2,1,2,2,2,2,2,1,2,1,,,,,2,,,2,2,2,,,,2,2,,2,2,2,2,,2,1,1,2,,,,2,,,,2,,,,,,2,,,,,,,1,2,2,2,1,,1,1,2,2,1,,1,1,1,3,3,1,,0,0,4,2,4,2,4,5,2,2,0,0
"Gambia, The","GMB",125874925,3.00106912418754,2,47,1,1,1,2,0,0,0,,,2,,,,,,,,,,,,,,2,2,2,2,2,2,2,2,2,2,2,2,2,2,2,,,,,2,,,2,2,2,,,,2,2,,2,1,2,1,,7,,,2,,,,2,,,,2,,,,,,2,,,,,,,2,2,,,,,2,,,,,,1,1,1,1,2,1,,0,1,4,4,4,4,4,5,1,2,0,0
"Gambia, The","GMB",140291965,0.495036130413788,2,19,2,4,1,1,0,0,0,,,2,,,,,,,,,,,,,,2,2,2,2,1,1,1,2,2,2,1,2,1,2,3,,,,,2,,,2,2,2,,,,2,2,,2,1,2,2,,2,1,2,2,,,,2,,,,2,,,,,,2,,,,,,,2,2,,,,,2,,,,,,1,1,1,1,2,1,,0,1,4,4,4,4,4,5,1,2,0,0
"Gambia, The","GMB",186457580,0.392972393951097,1,35,1,5,1,2,0,0,0,,,2,,,,,,,,,,,,,,1,2,1,2,2,2,1,2,2,2,2,2,1,2,2,,,,,2,,,2,2,2,,,,2,2,,2,1,2,1,,2,1,1,2,,,,2,,,,1,2,2,,,1,2,,,,,,,2,2,,,,,2,,,,,,1,1,1,1,3,1,,0,1,4,4,4,4,2,5,1,2,0,0
"Gambia, The","GMB",124189117,1.15042743376673,1,15,1,1,2,2,0,0,0,,,2,,,,,,,,,,,,,,2,2,2,1,1,2,1,1,2,2,2,1,1,2,2,,,,,2,,,2,2,2,,,,2,2,,2,2,2,2,,2,3,3,2,,,,2,,,,2,,,,,,2,,,,,,,2,2,,,,,2,,,,,,3,3,3,3,,3,,0,0,4,4,4,4,4,5,1,1,0,0
"Gambia, The","GMB",125090122,1.11972011296197,2,18,1,5,1,1,0,0,0,,,2,,,,,,,,,,,,,,2,2,2,2,2,2,1,2,2,2,1,2,1,2,1,,,,,2,,,2,2,2,,,,2,2,,2,2,2,2,,6,1,1,2,,,,2,,,,2,,,,,,2,,,,,,,2,2,,,,,1,1,2,2,1,,1,1,1,1,3,1,,0,0,4,4,4,2,4,5,1,2,0,0
"Gambia, The","GMB",199688850,0.711000129821879,2,32,2,4,1,2,1,1,0,2,2,2,,,2,2,2,,,,1,2,1,2,1,,,,,,,,,,2,2,2,2,2,2,,,,,2,,,2,2,2,,,,2,1,,2,2,2,1,,1,3,3,2,,,,2,,,,1,2,2,,,1,2,,,,,,,2,2,,,,,2,,,,,,2,3,3,3,,1,,1,1,4,4,4,4,2,5,1,1,0,0
"Gambia, The","GMB",126709368,0.377727092492898,1,40,1,3,1,2,1,0,1,,,2,,,,,,,,,,,,,,,2,2,2,2,1,1,1,2,,,,,,,2,2,2,1,2,,,2,2,2,,,,2,2,2,1,2,2,2,2,7,,,2,,,,1,2,1,1,2,,,,,,2,,,,,,,2,2,,,,,2,,,,,,3,3,3,3,,3,,1,0,4,4,4,4,4,2,1,1,1,0
"Gambia, The","GMB",130315543,1.18178578458072,1,41,1,2,1,1,1,1,0,,,2,,,,,,,,,,,,,,,2,2,2,2,2,1,2,2,2,2,2,1,2,2,,,,,2,,,2,2,2,,,,2,2,,2,1,2,1,,2,1,1,2,,,,1,2,1,2,1,1,2,1,,,2,,,,,,,2,2,,,,,1,1,2,2,1,,1,1,1,1,2,1,,0,1,4,4,4,2,1,3,1,2,1,0
"Gambia, The","GMB",162109509,0.578602146434435,2,25,2,3,2,2,0,0,0,,,2,,,,,,,,,,,,,,1,2,2,2,2,2,1,2,2,2,1,2,1,2,2,,,,,2,,,2,2,2,,,,2,2,,2,1,2,1,,2,1,1,2,,,,1,2,1,2,1,2,2,,,1,2,,,,,,,2,2,,,,,2,,,,,,1,1,1,1,2,1,,0,1,4,4,4,4,2,3,1,1,0,0
"Gambia, The","GMB",191984857,0.359626896819751,1,15,2,4,2,1,0,0,0,,,2,,,,,,,,,,,,,,1,1,1,1,1,1,1,2,2,1,1,1,1,2,1,,,,,2,,,2,2,2,,,,2,2,,2,2,2,2,,4,1,1,2,,,,2,,,,2,,,,,,2,,,,,,,2,2,,,,,2,,,,,,1,2,1,1,1,1,,1,1,4,4,4,4,4,5,1,1,0,0
"Gambia, The","GMB",182069355,0.865428517965696,2,18,2,2,2,2,1,1,0,1,1,2,,,2,2,2,,,,2,,2,,2,,,,,,,,,,1,1,1,1,2,1,,,,,2,,,2,2,1,2,2,,2,2,,2,1,2,1,,3,1,1,2,,,,1,2,2,1,1,2,2,,,1,2,,,,,,,2,2,,,,,2,,,,,,1,1,1,1,4,1,,1,1,4,4,4,4,2,2,1,1,0,0
"Gambia, The","GMB",116646374,0.423503680717173,1,35,1,1,1,2,0,0,0,,,2,,,,,,,,,,,,,,1,2,2,2,2,2,1,1,2,2,2,2,2,2,2,,,,,2,,,2,2,2,,,,2,2,,2,2,2,1,,7,,,2,,,,2,,,,2,,,,,,2,,,,,,,2,2,,,,,2,,,,,,1,1,1,1,1,1,,0,1,4,4,4,4,4,5,1,2,0,0
"Gambia, The","GMB",166243895,1.50658617586271,2,36,2,3,1,1,1,1,0,2,2,2,,,2,2,2,,,,1,2,2,,1,,,,,,,,,,1,1,2,1,2,1,,,,,2,,,2,1,2,,,,1,1,,2,2,2,2,,1,2,2,1,1,,,1,2,1,1,1,1,2,1,,,2,,,,,,,2,2,,,,,1,1,2,2,1,,2,1,1,1,4,1,,1,0,4,4,4,2,1,1,1,2,1,0
"Gambia, The","GMB",123838650,0.185539238362971,1,23,2,3,1,2,0,0,0,,,2,,,,,,,,,,,,,,3,2,2,3,3,2,2,3,2,2,3,3,3,2,2,,,,,2,,,2,2,2,,,,2,3,,3,2,2,2,,2,3,5,2,,,,2,,,,2,,,,,,2,,,,,,,2,2,,,,,2,,,,,,3,5,5,5,,4,,0,0,4,4,4,4,4,5,1,1,0,0
"Gambia, The","GMB",127544197,0.722116226783372,1,33,2,4,1,2,1,1,0,1,2,2,,,2,1,2,,,,1,2,2,,2,,,,,,,,,,2,2,2,2,2,2,,,,,2,,,2,2,2,,,,2,2,,1,2,2,2,2,4,3,3,2,,,,2,,,,1,2,2,,,1,1,1,1,2,,,2,1,2,1,2,,,2,,,,,,1,1,1,1,3,1,,1,0,1,1,4,4,2,5,1,1,1,0
"Gambia, The","GMB",168826717,0.846650890161518,2,65,3,5,1,2,1,1,0,1,2,2,,,2,2,2,,,,1,2,1,1,2,,,,,,,,,,2,2,2,1,2,2,,,,,2,,,2,2,2,,,,2,2,,2,1,2,1,,4,1,1,2,,,,2,,,,1,1,2,1,,,2,,,,,,,2,1,1,2,,,2,,,,,,1,1,1,1,2,1,,1,1,4,4,1,4,1,5,1,2,1,0
"Gambia, The","GMB",130328594,1.46226374371639,1,24,2,1,1,2,0,0,0,,,2,,,,,,,,,,,,,,1,2,2,2,2,2,1,2,2,2,2,2,1,2,2,,,,,2,,,2,2,2,,,,2,2,,1,2,2,2,2,2,2,4,1,2,2,2,2,,,,2,,,,,,1,2,2,2,1,,,2,2,,,,,2,,,,,,1,1,1,3,1,1,,1,0,2,4,4,4,4,4,1,1,0,0
"Gambia, The","GMB",122196683,0.56138393459317,1,35,2,5,1,2,1,1,0,2,2,2,,,2,2,2,,,,2,,2,,2,,,,,,,,,,2,2,2,1,2,2,,,,,2,,,2,2,2,,,,2,2,,1,2,2,1,2,2,1,1,2,,,,1,2,2,1,1,2,2,,,1,2,,,,,,,2,2,,,,,2,,,,,,1,1,1,1,2,1,,1,1,4,4,4,4,2,2,1,1,0,0
"Gambia, The","GMB",196814920,0.217286669364163,2,27,2,5,2,2,0,0,0,,,2,,,,,,,,,,,,,,2,2,2,1,2,2,1,2,2,2,1,2,2,2,2,,,,,2,,,2,2,2,,,,2,2,,2,2,2,2,,3,1,1,2,,,,2,,,,2,,,,,,2,,,,,,,2,2,,,,,2,,,,,,1,1,1,1,2,1,,0,0,4,4,4,4,4,5,2,1,0,0
"Gambia, The","GMB",132015084,1.3698577622769,1,42,1,1,1,1,1,1,0,2,2,1,2,,2,2,2,,,,2,,1,2,2,,,,,,,,,,2,1,2,2,2,2,,,,,2,,,2,2,2,,,,2,2,,2,1,2,1,,2,3,3,2,,,,1,2,1,2,2,,,,,,2,,,,,,,2,2,,,,,1,1,2,2,2,2,1,1,1,1,3,1,,0,1,4,4,4,3,4,3,1,2,0,0
"Gambia, The","GMB",137762226,0.529827265035861,2,62,2,4,1,2,1,1,0,2,2,2,,,1,1,2,,,,1,2,1,1,1,,,,,,,,,,,,,,,,,,,,2,,,1,2,1,1,1,,1,1,2,2,2,2,1,,3,2,1,1,1,,,2,,,,1,2,2,,,1,2,,,,,,,2,2,,,,,2,,,,,,2,2,2,3,2,2,,1,1,4,4,4,4,2,1,1,1,1,1
"Gambia, The","GMB",206760037,0.698965076533383,2,37,2,3,1,2,1,1,0,1,1,1,2,,2,2,2,,,,2,,1,2,1,,,,,,,,,,2,1,2,1,2,2,,,,,2,,,2,2,2,,,,2,2,,2,1,2,1,,4,2,1,2,,,,2,,,,1,2,2,,,1,1,1,1,2,,,2,2,2,,,,,1,1,2,2,1,,1,1,1,1,1,1,,0,1,1,4,4,2,2,5,1,1,1,0
"Gambia, The","GMB",118752814,1.02872416360634,2,52,2,1,1,2,1,1,0,1,2,2,,,2,2,2,,,,2,,2,,2,,,,,,,,,,2,2,2,1,2,2,,,,,2,,,2,2,2,,,,2,2,,2,2,2,2,,3,1,1,2,,,,1,2,1,2,1,2,2,,,1,1,2,2,2,1,,,2,2,,,,,2,,,,,,1,1,1,1,3,1,,0,0,2,4,4,4,2,3,1,2,0,0
"Gambia, The","GMB",183539336,0.256406593188653,1,28,3,5,1,2,1,1,0,2,2,1,2,,2,1,2,,,,1,2,1,2,1,,,,,,,,,,2,2,2,2,2,2,,,,,2,,,2,2,2,,,,1,1,,1,2,2,2,2,1,3,3,1,1,,,1,1,,,1,2,2,,,1,1,1,1,2,,,2,2,2,,,,,1,1,2,2,1,,2,3,3,3,,2,,1,0,1,4,4,2,2,1,1,1,1,0
"Gambia, The","GMB",111769418,0.482779378295663,2,32,2,5,1,2,0,0,0,,,2,,,,,,,,,,,,,,1,2,1,2,1,2,1,2,2,2,3,2,1,2,2,,,,,2,,,2,2,2,,,,2,2,,2,2,2,1,,3,1,1,2,,,,2,,,,1,2,2,,,1,1,2,2,2,1,,,2,2,,,,,2,,,,,,1,1,1,1,2,1,,1,1,2,4,4,4,2,5,1,1,0,0
"Gambia, The","GMB",129174710,1.67792332736395,2,22,2,2,1,2,1,1,0,2,2,1,2,,2,2,2,,,,2,,2,,1,,,,,,,,,,,,,,,,,,,,2,,,2,2,2,,,,1,1,2,2,2,2,2,,1,1,1,2,,,,2,,,,1,2,2,,,1,2,,,,,,,2,2,,,,,2,,,,,,1,1,1,1,2,1,,1,0,4,4,4,4,2,5,1,1,0,0
"Gambia, The","GMB",193462568,0.590596729445052,2,39,2,4,1,2,1,1,1,1,2,1,1,2,1,1,2,,,,1,2,1,1,1,,,,,,,,,,,,,,,,1,1,2,1,2,,,2,2,1,1,2,,2,1,2,2,2,2,1,,1,3,3,2,,,,2,,,,2,,,,,,1,2,1,2,,,3,2,2,,,,,2,,,,,,2,3,3,4,,1,,1,1,1,4,4,4,4,5,1,1,1,1
"Gambia, The","GMB",162176407,0.321852918863775,2,25,3,5,1,2,1,1,0,2,2,1,2,,2,2,2,,,,1,2,1,1,1,,,,,,,,,,2,2,2,2,2,2,,,,,2,,,2,2,2,,,,2,1,,2,2,2,2,,1,1,1,2,,,,2,,,,1,2,2,,,1,1,2,1,2,,,1,2,2,,,,,2,,,,,,2,1,2,1,2,1,,1,0,1,4,4,4,2,5,1,1,1,0
"Gambia, The","GMB",143117897,0.390144309346376,2,55,2,5,1,2,0,0,0,,,2,,,,,,,,,,,,,,1,1,2,2,2,2,1,2,2,,,,,,,,,,,2,,,2,2,2,,,,1,1,1,1,1,2,1,2,3,1,1,1,1,,,2,,,,2,,,,,,2,,,,,,,2,2,,,,,2,,,,,,1,1,1,1,1,1,,1,1,4,4,4,4,4,1,1,1,0,0
"Gambia, The","GMB",116183647,0.71339208780895,1,24,1,5,2,2,0,0,0,,,2,,,,,,,,,,,,,,1,1,3,2,2,2,1,2,2,1,2,2,1,2,2,,,,,2,,,2,2,2,,,,2,2,,2,2,2,2,,7,,,2,,,,2,,,,2,,,,,,2,,,,,,,2,2,,,,,1,1,2,2,1,,1,2,1,3,2,3,,0,0,4,4,4,2,4,5,1,2,0,0
"Gambia, The","GMB",186764983,0.217286669364163,2,31,2,1,1,2,0,0,0,,,2,,,,,,,,,,,,,,1,2,2,2,2,2,2,1,1,1,2,2,2,1,2,,,,,2,,,2,2,2,,,,1,2,,2,2,2,2,,3,3,2,1,2,1,2,2,,,,1,2,2,,,1,2,,,,,,,2,2,,,,,2,,,,,,2,2,1,2,1,2,,1,0,4,4,4,4,2,3,1,1,0,0
"Gambia, The","GMB",175122882,0.192867382144812,2,30,2,5,1,2,1,1,0,2,2,2,,,2,1,2,,,,2,,1,1,2,,,,,,,,,,1,1,2,1,2,2,,,,,2,,,2,2,2,,,,1,2,,2,1,2,1,,2,3,3,1,2,1,2,2,,,,1,2,2,,,1,2,,,,,,,2,2,,,,,2,,,,,,2,1,2,1,2,1,,1,1,4,4,4,4,2,3,1,1,0,0
"Gambia, The","GMB",122822891,1.42200025964376,2,30,2,4,1,2,0,0,0,,,2,,,,,,,,,,,,,,1,2,1,2,2,2,2,2,2,2,3,1,1,2,2,,,,,2,,,2,2,2,,,,2,1,,1,2,2,2,2,3,2,3,1,2,1,2,2,,,,1,2,2,,,2,2,,,,,,,2,2,,,,,2,,,,,,1,5,1,1,3,1,,1,0,4,4,4,4,3,3,1,1,0,0
"Gambia, The","GMB",119640621,1.60125374921288,1,40,1,4,1,2,1,0,1,,,2,,,,,,,,,,,,,,,2,2,2,1,2,2,2,2,,,,,,,2,1,2,1,2,,,2,2,2,,,,2,1,2,2,1,1,2,,8,,,2,,,,2,,,,2,,,,,,2,,,,,,,2,2,,,,,2,,,,,,2,1,4,1,2,2,,1,1,4,4,4,4,4,5,1,2,1,0
"Gambia, The","GMB",204874408,0.496558394070504,2,51,2,4,1,1,1,1,0,1,1,2,,,2,2,2,,,,2,,1,1,1,,,,,,,,,,2,2,1,1,2,2,,,,,2,,,2,2,2,,,,2,2,,2,2,2,1,,4,2,4,2,,,,2,,,,2,,,,,,1,2,2,2,1,,,2,2,,,,,2,,,,,,1,1,1,1,2,1,,1,1,2,4,4,4,4,5,1,1,0,0
"Gambia, The","GMB",162732712,0.578602146434435,2,34,2,3,1,2,1,1,0,1,1,2,,,2,2,2,,,,1,2,2,,1,,,,,,,,,,2,1,2,2,2,2,,,,,2,,,2,2,2,,,,2,2,,1,1,2,1,2,2,2,1,2,,,,2,,,,1,2,2,,,1,1,1,1,2,,,1,2,2,,,,,2,,,,,,1,1,1,1,1,1,,1,1,1,4,4,4,2,5,1,1,1,0
"Gambia, The","GMB",124847448,0.273881410848617,1,36,1,3,1,1,0,0,0,,,2,,,,,,,,,,,,,,2,2,2,2,2,2,1,2,2,2,2,2,2,2,2,,,,,2,,,2,1,1,2,2,,1,2,,2,2,2,2,,1,1,1,1,2,2,2,2,,,,2,,,,,,2,,,,,,,1,2,2,2,1,,1,1,2,2,1,,1,3,4,1,1,1,,1,0,4,2,4,2,4,4,1,1,0,0
"Gambia, The","GMB",186683938,0.604582889783076,1,25,1,5,1,1,0,0,0,,,2,,,,,,,,,,,,,,1,2,2,2,2,2,1,2,2,2,2,2,1,2,2,,,,,2,,,2,2,2,,,,2,2,,2,1,1,1,,7,,,2,,,,2,,,,1,2,2,,,2,1,1,2,2,2,2,,2,2,,,,,1,1,2,2,1,,1,1,1,1,2,1,,0,1,3,4,4,2,3,5,1,1,0,0
"Gambia, The","GMB",133509735,1.26068561620736,1,43,1,4,1,2,0,0,0,,,2,,,,,,,,,,,,,,2,2,2,2,2,2,1,2,2,2,2,2,2,2,2,,,,,2,,,2,2,2,,,,2,2,,1,2,2,2,2,2,1,4,2,,,,2,,,,2,,,,,,2,,,,,,,2,2,,,,,2,,,,,,1,1,1,1,3,1,,1,0,4,4,4,4,4,5,1,1,0,0
"Gambia, The","GMB",189109009,0.725208606487373,1,18,2,2,2,1,0,0,0,,,2,,,,,,,,,,,,,,1,2,2,2,2,2,1,2,2,2,2,2,1,2,2,,,,,2,,,2,2,2,,,,2,2,,2,2,2,1,,3,1,1,2,,,,2,,,,2,,,,,,2,,,,,,,2,2,,,,,2,,,,,,1,1,1,1,2,1,,1,1,4,4,4,4,4,5,1,1,0,0
"Gambia, The","GMB",173510935,0.604582889783076,1,28,1,3,1,1,0,0,0,,,2,,,,,,,,,,,,,,1,2,2,2,2,2,1,2,2,2,2,2,1,2,2,,,,,2,,,2,2,2,,,,2,2,,1,2,2,2,2,2,3,1,2,,,,2,,,,2,,,,,,2,,,,,,,2,2,,,,,1,1,2,2,1,,1,1,4,1,4,1,,1,0,4,4,4,2,4,5,2,2,0,0
"Gambia, The","GMB",175648704,3.00106912418754,2,30,1,1,1,1,0,0,0,,,2,,,,,,,,,,,,,,2,2,2,2,2,2,2,2,2,2,2,2,2,2,2,,,,,2,,,2,2,2,,,,2,2,,2,2,2,2,,3,1,1,2,,,,1,2,2,2,2,,,,,,2,,,,,,,2,2,,,,,2,,,,,,1,1,1,1,6,3,,0,0,4,4,4,4,4,4,1,1,0,0
"Gambia, The","GMB",208993236,1.495843335667,2,15,1,4,1,2,0,0,0,,,2,,,,,,,,,,,,,,2,1,2,1,2,2,1,1,1,2,1,2,1,1,2,,,,,2,,,2,2,2,,,,2,2,,2,2,2,1,,2,3,3,2,,,,2,,,,2,,,,,,2,,,,,,,2,2,,,,,2,,,,,,3,3,1,3,,3,,1,1,4,4,4,4,4,5,1,1,0,0
"Gambia, The","GMB",123101803,0.545769259948101,2,25,1,5,1,1,0,0,0,,,2,,,,,,,,,,,,,,1,2,3,2,2,2,1,2,2,2,3,3,1,2,2,,,,,2,,,2,2,2,,,,2,2,,2,2,2,2,,3,1,1,2,,,,3,,,,1,2,2,,,1,2,,,,,,,2,2,,,,,2,,,,,,3,1,2,2,2,2,,0,0,4,4,4,4,2,6,1,1,0,0
"Gambia, The","GMB",134408944,0.599378161366252,1,15,1,1,1,2,0,0,0,,,2,,,,,,,,,,,,,,2,2,2,2,2,2,1,2,2,2,2,2,1,2,1,,,,,2,,,2,2,2,,,,2,2,,1,1,2,1,2,2,1,1,2,,,,2,,,,2,,,,,,2,,,,,,,2,2,,,,,1,1,2,2,1,,1,1,1,1,2,1,,1,1,4,4,4,2,4,5,2,2,0,0
"Gambia, The","GMB",122415144,0.574321787242396,2,65,1,4,2,1,0,0,0,,,2,,,,,,,,,,,,,,2,2,2,2,2,2,1,2,2,2,2,2,1,2,2,,,,,2,,,2,2,2,,,,2,2,,2,1,2,1,,2,1,1,2,,,,2,,,,2,,,,,,2,,,,,,,2,2,,,,,1,1,2,2,1,,1,1,1,1,2,1,,0,1,4,4,4,2,4,5,1,2,0,0
"Gambia, The","GMB",165581207,0.974462793945781,1,43,2,4,1,2,1,1,0,1,2,2,,,2,2,2,,,,2,,1,1,1,,,,,,,,,,2,2,2,1,2,2,,,,,2,,,2,2,2,,,,2,1,,1,2,1,1,1,1,2,1,2,,,,1,2,1,1,1,1,1,1,,,1,2,1,2,,,1,2,2,,,,,2,,,,,,1,1,1,1,3,1,,1,1,1,4,4,4,1,2,1,1,1,0
"Gambia, The","GMB",117975926,0.595837525718793,1,15,1,1,1,2,0,0,0,,,2,,,,,,,,,,,,,,1,1,2,1,1,2,1,2,1,3,3,2,3,2,1,,,,,2,,,2,2,2,,,,1,2,,2,2,2,2,,3,3,3,2,,,,2,,,,2,,,,,,2,,,,,,,2,2,,,,,2,,,,,,1,3,1,3,3,3,,1,0,4,4,4,4,4,5,2,2,0,0
"Gambia, The","GMB",171430535,0.833818317282372,1,30,1,5,1,2,1,1,0,2,2,2,,,2,2,2,,,,1,2,2,,1,,,,,,,,,,2,2,2,2,2,2,,,,,2,,,2,2,2,,,,2,2,,2,2,2,2,,1,1,1,2,,,,1,1,,,2,,,,,,1,2,1,2,,,2,2,2,,,,,2,,,,,,1,1,1,1,2,1,,1,0,1,4,4,4,4,1,1,2,1,0
"Gambia, The","GMB",127450233,1.32700158035778,1,65,1,1,2,1,1,1,0,1,2,2,,,2,2,2,,,,1,2,2,,1,,,,,,,,,,2,3,2,2,2,2,,,,,2,,,2,2,2,,,,2,2,,2,2,2,1,,2,1,1,1,1,,,1,1,,,1,2,2,,,1,1,2,2,2,2,2,,2,2,,,,,2,,,,,,2,1,3,1,4,1,,0,1,3,4,4,4,2,1,1,1,1,0
"Gambia, The","GMB",148274061,0.434791261500456,1,30,1,1,1,1,0,0,0,,,2,,,,,,,,,,,,,,1,2,2,2,1,2,2,1,2,2,2,2,2,2,2,,,,,2,,,2,1,2,,,,2,2,,1,1,1,1,1,2,1,1,2,,,,2,,,,2,,,,,,2,,,,,,,1,2,2,2,2,2,1,1,2,2,1,,1,1,1,1,4,1,,1,1,4,3,4,2,4,5,1,2,0,0
"Gambia, The","GMB",157183728,0.373960833916751,2,20,2,5,1,2,0,0,0,,,2,,,,,,,,,,,,,,1,2,2,2,2,1,1,2,2,,,,,,,,,,,2,,,2,1,2,,,,1,2,2,1,1,2,1,2,7,,,2,,,,2,,,,2,,,,,,2,,,,,,,2,2,,,,,2,,,,,,1,1,1,1,2,2,,1,1,4,4,4,4,4,5,1,2,0,0
"Gambia, The","GMB",119573545,0.442645094388069,1,50,2,5,1,2,0,0,0,,,2,,,,,,,,,,,,,,1,2,2,1,2,2,1,2,2,2,2,2,1,2,2,,,,,2,,,2,2,2,,,,2,2,,2,2,2,2,,2,1,1,2,,,,2,,,,1,2,2,,,2,2,,,,,,,2,2,,,,,2,,,,,,1,1,1,4,2,3,,0,0,4,4,4,4,3,5,1,2,0,0
"Gambia, The","GMB",180728519,1.01521453421078,1,39,2,2,1,2,1,1,0,1,2,2,,,2,2,2,,,,1,2,1,2,1,,,,,,,,,,2,2,2,1,2,2,,,,,2,,,2,2,2,,,,2,1,,1,1,1,1,2,3,2,1,2,,,,2,,,,2,,,,,,2,,,,,,,2,2,,,,,1,1,2,2,1,,1,1,4,4,2,1,,1,1,4,4,4,2,4,5,1,1,0,0
"Gambia, The","GMB",128218561,1.29280442155304,2,40,1,3,1,1,0,0,0,,,2,,,,,,,,,,,,,,1,2,2,1,2,2,1,2,2,2,1,1,1,2,1,,,,,2,,,1,2,2,,,,2,2,,2,1,2,1,,2,1,1,2,,,,2,,,,2,,,,,,2,,,,,,,2,2,,,,,2,,,,,,1,1,1,1,2,1,,0,1,4,4,4,4,4,5,1,2,0,0
"Gambia, The","GMB",132026525,0.888750162277349,2,26,2,4,1,2,1,1,0,2,2,2,,,2,1,2,,,,1,2,1,1,1,,,,,,,,,,,,,,,,,,,,2,,,2,2,1,1,2,,2,1,1,2,2,1,2,,2,2,2,2,,,,2,,,,2,,,,,,2,,,,,,,2,2,,,,,2,,,,,,1,1,2,1,1,1,,1,1,4,4,4,4,4,5,1,1,1,1
"Gambia, The","GMB",169524282,0.330024086942525,2,22,2,5,1,2,1,1,0,2,2,2,,,1,1,2,,,,2,,2,,1,,,,,,,,,,,,,,,,,,,,2,,,2,1,2,,,,1,2,1,2,2,2,1,,5,3,3,1,1,,,1,2,1,2,2,,,,,,2,,,,,,,2,2,,,,,1,1,2,2,1,,1,1,3,1,1,1,,1,1,4,4,4,2,4,1,1,1,1,0
"Gambia, The","GMB",160645073,2.20088551617309,1,15,2,4,1,2,0,0,0,,,2,,,,,,,,,,,,,,1,2,2,2,1,2,1,2,1,2,2,1,1,2,2,,,,,2,,,2,2,2,,,,2,2,,2,2,2,2,,2,1,1,2,,,,2,,,,2,,,,,,1,2,2,2,1,,,2,2,,,,,2,,,,,,1,1,1,3,2,1,,0,0,2,4,4,4,4,5,1,1,0,0
"Gambia, The","GMB",186747869,0.768461889774729,1,30,1,4,2,2,0,0,0,,,2,,,,,,,,,,,,,,1,2,1,1,2,2,1,2,2,2,1,1,1,2,1,,,,,3,,,3,2,3,,,,2,2,,2,2,2,2,,8,,,2,,,,2,,,,1,2,2,,,1,2,,,,,,,2,2,,,,,2,,,,,,1,2,1,3,3,1,,0,0,4,4,4,4,2,5,1,1,0,0
"Gambia, The","GMB",204887430,1.51145722445769,1,28,1,2,1,2,0,0,0,,,2,,,,,,,,,,,,,,1,2,1,2,2,2,1,2,2,2,1,2,1,2,1,,,,,2,,,2,2,2,,,,2,2,,1,2,1,2,2,5,1,1,2,,,,2,,,,2,,,,,,2,,,,,,,2,2,,,,,2,,,,,,1,1,3,1,2,1,,1,1,4,4,4,4,4,5,2,2,0,0
"Gambia, The","GMB",117697486,3.00106912418754,2,20,1,1,1,2,1,1,0,2,2,1,1,1,2,2,2,,,,1,2,1,2,1,,,,,,,,,,2,2,2,2,2,2,,,,,2,1,,2,2,2,,,,2,1,,1,2,2,2,2,4,2,1,2,,,,1,1,,,1,1,2,1,,,2,,,,,,,2,2,,,,,2,,,,,,1,1,1,1,2,3,,1,0,4,4,4,4,1,1,1,1,1,1
"Gambia, The","GMB",114121073,2.26691261534338,1,23,1,3,1,2,0,0,0,,,2,,,,,,,,,,,,,,2,2,2,2,2,2,1,2,2,2,2,2,1,2,2,,,,,2,,,2,2,2,,,,2,2,,1,2,2,2,2,1,3,2,2,,,,2,,,,1,2,2,,,1,2,,,,,,,2,2,,,,,1,1,2,2,2,2,1,1,2,3,2,1,,1,0,4,4,4,3,2,5,1,2,0,0
"Gambia, The","GMB",171860976,1.46226374371639,1,17,2,1,2,2,0,0,0,,,2,,,,,,,,,,,,,,2,2,2,1,2,2,2,2,2,2,2,2,2,2,2,,,,,2,,,2,2,2,,,,2,2,,2,2,2,2,,2,2,2,2,,,,2,,,,2,,,,,,2,,,,,,,2,2,,,,,2,,,,,,1,1,4,4,2,1,,0,0,4,4,4,4,4,5,1,1,0,0
"Gambia, The","GMB",118422836,2.38335010287517,1,15,2,1,1,2,0,0,0,,,2,,,,,,,,,,,,,,1,2,2,2,2,2,1,2,2,2,2,2,1,2,2,,,,,2,,,2,2,1,2,1,,1,2,,1,2,2,2,2,2,3,2,2,,,,1,2,2,1,2,,,,,,2,,,,,,,2,2,,,,,2,,,,,,1,1,2,1,4,1,,1,0,4,4,4,4,4,2,1,1,0,0
"Gambia, The","GMB",123372232,0.346612876916343,2,38,2,5,1,2,0,0,0,,,2,,,,,,,,,,,,,,1,2,1,1,2,2,1,2,2,1,1,1,1,2,1,,,,,2,,,2,2,2,,,,2,2,,2,2,2,2,,3,1,1,2,,,,2,,,,2,,,,,,2,,,,,,,1,2,2,2,1,,1,1,2,2,1,,1,1,1,1,3,1,,0,0,4,2,4,2,4,5,1,1,0,0
"Gambia, The","GMB",121113452,2.86234323275689,1,46,1,1,1,1,1,1,0,2,1,2,,,2,1,2,,,,2,,2,,1,,,,,,,,,,1,2,1,2,1,2,,,,,2,,,2,1,2,,,,1,1,,1,2,2,2,1,5,2,2,1,2,1,1,1,2,1,1,1,2,2,,,1,1,2,2,2,2,2,,2,2,,,,,1,1,2,2,1,,1,1,1,1,4,1,,1,1,3,4,4,2,2,2,1,1,1,0
"Gambia, The","GMB",176954392,0.833818317282372,1,25,1,1,1,2,0,0,0,,,2,,,,,,,,,,,,,,1,2,2,1,2,2,1,2,1,3,3,1,1,2,1,,,,,2,,,2,2,2,,,,2,2,,1,2,2,2,1,3,1,1,2,,,,2,,,,2,,,,,,2,,,,,,,2,2,,,,,2,,,,,,2,1,3,1,2,1,,1,1,4,4,4,4,4,5,1,2,0,0
"Gambia, The","GMB",122468111,1.5217694152516,1,30,1,1,1,1,1,1,0,1,2,2,,,2,2,2,,,,2,,2,,1,,,,,,,,,,2,1,1,2,2,2,,,,,2,,,2,2,2,,,,2,2,,1,2,2,1,2,2,1,1,2,,,,2,,,,2,,,,,,2,,,,,,,2,2,,,,,1,1,2,2,1,,1,1,1,1,2,1,,1,1,4,4,4,2,4,5,1,2,0,0
"Gambia, The","GMB",207200042,0.986909428861886,1,51,1,2,2,1,0,0,0,,,2,,,,,,,,,,,,,,2,2,2,2,2,2,2,2,2,2,2,2,2,2,2,,,,,2,,,2,2,2,,,,2,2,,2,2,2,2,,7,,,2,,,,2,,,,2,,,,,,2,,,,,,,2,2,,,,,2,,,,,,1,1,1,1,2,1,,0,0,4,4,4,4,4,5,2,2,0,0
"Gambia, The","GMB",133916878,0.614597109357222,1,27,2,4,1,2,0,0,0,,,2,,,,,,,,,,,,,,1,2,2,2,2,2,1,1,2,2,1,2,1,2,2,,,,,2,,,2,2,2,,,,2,2,,1,1,2,1,1,5,1,1,2,,,,2,,,,2,,,,,,2,,,,,,,2,2,,,,,2,,,,,,1,1,2,1,2,2,,1,1,4,4,4,4,4,5,1,1,0,0
"Gambia, The","GMB",119697574,0.576819554628718,1,19,2,3,2,1,0,0,0,,,2,,,,,,,,,,,,,,2,2,2,3,2,2,1,2,2,2,1,2,1,2,2,,,,,2,,,2,2,2,,,,2,2,,2,2,2,1,,2,1,1,2,,,,2,,,,2,,,,,,2,,,,,,,2,2,,,,,2,,,,,,1,1,1,1,2,1,,0,1,4,4,4,4,4,5,1,1,0,0
"Gambia, The","GMB",199620550,0.460947832017916,1,26,2,3,1,2,0,0,0,,,2,,,,,,,,,,,,,,2,2,1,1,2,2,1,2,2,2,1,2,1,2,2,,,,,2,,,2,2,2,,,,2,2,,2,1,2,1,,2,1,1,2,,,,1,2,1,3,2,,,,,,2,,,,,,,2,2,,,,,1,1,2,2,1,,1,1,1,1,2,1,,1,1,4,4,4,2,4,3,1,1,0,0
"Gambia, The","GMB",180035194,0.481355832669453,2,17,2,5,1,2,0,0,0,,,2,,,,,,,,,,,,,,1,2,2,1,2,2,2,2,1,2,2,2,2,2,2,,,,,2,,,2,2,2,,,,2,2,,2,2,2,2,,2,2,1,2,,,,2,,,,2,,,,,,2,,,,,,,2,2,,,,,1,1,2,2,1,,3,1,3,1,2,1,,0,0,4,4,4,2,4,5,1,1,0,0
"Gambia, The","GMB",205241130,0.379778074496974,2,24,2,3,1,2,0,0,0,,,2,,,,,,,,,,,,,,2,2,1,1,2,2,1,2,2,1,1,1,1,2,2,,,,,2,,,2,2,2,,,,1,2,,1,1,2,1,2,3,1,1,1,2,1,1,1,2,1,2,1,2,2,,,1,1,2,2,2,1,,,2,2,,,,,2,,,,,,1,1,1,1,4,1,,1,1,2,4,4,4,2,2,1,1,0,0
"Gambia, The","GMB",130603452,0.731131871858195,1,18,2,4,2,2,0,0,0,,,2,,,,,,,,,,,,,,1,2,2,2,2,2,1,2,2,2,2,2,1,2,2,,,,,2,,,2,2,2,,,,2,2,,2,2,2,2,,2,1,4,2,,,,1,2,1,2,2,,,,,,2,,,,,,,2,2,,,,,2,,,,,,2,3,3,3,,2,,0,0,4,4,4,4,4,3,1,1,0,0
"Gambia, The","GMB",133407639,1.06100390048044,1,45,2,4,2,2,0,0,0,,,2,,,,,,,,,,,,,,2,2,2,2,2,2,1,2,2,2,2,2,1,2,2,,,,,2,,,2,1,2,,,,2,2,,2,1,2,1,,2,2,2,1,1,,,1,2,1,1,1,2,2,,,2,2,,,,,,,2,2,,,,,2,,,,,,1,1,1,1,3,1,,1,1,4,4,4,4,3,1,1,1,0,0
"Gambia, The","GMB",184189570,0.479502529093001,1,19,1,4,1,2,0,0,0,,,2,,,,,,,,,,,,,,2,2,2,1,2,1,1,2,2,2,2,1,1,2,2,,,,,2,,,2,2,2,,,,2,2,,2,2,2,2,,5,1,1,2,,,,2,,,,2,,,,,,2,,,,,,,2,2,,,,,1,1,2,2,1,,1,1,1,1,3,1,,0,0,4,4,4,2,4,5,1,1,0,0
"Gambia, The","GMB",133134617,1.05344490045268,2,30,1,1,2,1,0,0,0,,,2,,,,,,,,,,,,,,2,2,2,2,2,2,1,2,2,2,2,2,1,2,2,,,,,2,,,1,2,2,,,,2,2,,2,1,2,2,,6,1,1,2,,,,2,,,,1,2,2,,,1,2,,,,,,,2,2,,,,,2,,,,,,1,1,1,1,3,1,,0,1,4,4,4,4,2,5,1,2,0,0
"Gambia, The","GMB",193160663,0.760361749647588,1,35,1,3,1,1,0,0,0,,,2,,,,,,,,,,,,,,1,2,2,2,2,2,1,2,2,2,2,1,1,2,2,,,,,2,,,2,2,2,,,,2,2,,1,1,2,1,2,2,1,1,2,,,,1,2,1,2,2,,,,,,2,,,,,,,2,2,,,,,1,1,2,2,1,,1,1,1,1,4,1,,1,1,4,4,4,2,4,3,1,2,0,0
"Gambia, The","GMB",210434142,1.81353009227471,1,21,1,2,1,2,0,0,0,,,2,,,,,,,,,,,,,,2,2,2,2,2,2,1,2,2,2,2,2,1,2,2,,,,,2,,,2,2,2,,,,2,2,,1,2,2,2,1,7,,,2,,,,1,2,1,2,2,,,,,,2,,,,,,,2,2,,,,,2,,,,,,1,1,1,1,2,1,,1,1,4,4,4,4,4,3,1,1,0,0
"Gambia, The","GMB",199465371,0.34083134760929,1,18,2,5,2,2,0,0,0,,,2,,,,,,,,,,,,,,1,2,2,2,2,2,1,2,2,2,3,2,1,2,2,,,,,2,,,2,2,2,,,,2,2,,2,2,2,2,,2,1,4,2,,,,1,2,1,1,2,,,,,,2,,,,,,,2,2,,,,,2,,,,,,3,2,3,3,,2,,0,0,4,4,4,4,4,2,1,1,0,0
"Gambia, The","GMB",140914770,1.06650019473282,2,31,2,3,1,2,1,1,0,2,2,1,1,1,1,1,2,,,,1,1,1,1,1,,,,,,,,,,1,2,2,2,2,2,,,,,2,1,,2,1,2,,,,2,1,,2,2,2,2,,1,3,3,1,1,,,1,1,,,1,1,1,1,,,2,,,,,,,2,2,,,,,2,,,,,,1,2,3,3,2,1,,1,0,4,4,4,4,1,1,1,1,1,1
"Gambia, The","GMB",136408945,0.590596729445052,2,38,2,5,1,2,1,1,0,1,2,2,,,2,1,2,,,,1,2,1,2,1,,,,,,,,,,2,1,2,1,2,2,,,,,2,,,2,2,2,,,,1,1,,1,2,2,2,2,1,3,1,2,,,,1,2,2,1,1,2,2,,,1,1,2,1,2,,,2,2,2,,,,,2,,,,,,1,1,1,1,2,1,,1,0,1,4,4,4,2,2,1,1,1,0
"Gambia, The","GMB",161822679,0.313192762002137,2,66,1,5,1,2,0,0,0,,,2,,,,,,,,,,,,,,2,1,1,2,2,2,2,2,2,2,2,2,2,2,2,,,,,2,,,2,2,2,,,,2,2,,2,2,2,2,,2,1,1,2,,,,2,,,,2,,,,,,2,,,,,,,1,2,2,2,2,2,2,,,,,,1,1,1,1,2,1,,0,0,4,3,4,4,4,5,1,2,0,0
"Gambia, The","GMB",148227027,0.944971678096699,1,27,1,3,1,1,0,0,0,,,2,,,,,,,,,,,,,,2,2,2,2,2,2,1,2,2,1,1,2,1,2,1,,,,,2,,,2,2,2,,,,2,2,,2,1,2,1,,5,1,1,2,,,,2,,,,2,,,,,,2,,,,,,,2,2,,,,,1,1,2,2,1,,1,1,1,1,4,1,,0,1,4,4,4,2,4,5,1,1,0,0
"Gambia, The","GMB",136666086,2.57597413619177,2,15,1,1,1,1,0,0,0,,,2,,,,,,,,,,,,,,2,1,1,1,2,1,1,2,2,,,,,,,,,,,1,1,,2,2,2,,,,2,2,2,2,2,2,1,,3,1,1,1,2,1,2,2,,,,2,,,,,,2,,,,,,,2,2,,,,,2,,,,,,1,1,1,1,1,1,,0,1,4,4,4,4,4,3,1,2,0,0
"Gambia, The","GMB",154972973,0.562612506179049,2,26,1,3,1,2,0,0,0,,,2,,,,,,,,,,,,,,1,2,2,2,2,2,1,2,2,2,2,2,1,2,2,,,,,2,,,2,2,2,,,,2,2,,2,2,2,2,,2,1,1,1,2,2,2,2,,,,1,2,2,,,1,2,,,,,,,2,2,,,,,2,,,,,,1,1,1,1,1,1,,0,0,4,4,4,4,2,4,1,2,0,0
"Gambia, The","GMB",144279088,0.325704689083218,1,20,2,2,2,2,1,1,0,2,2,1,1,2,2,1,2,,,,2,,2,,1,,,,,,,,,,2,2,2,2,2,2,,,,,2,,,2,2,2,,,,1,2,,2,2,2,2,,1,3,3,2,,,,1,1,,,2,,,,,,1,1,1,2,,,2,1,2,1,2,,,2,,,,,,3,3,3,3,,3,,1,0,1,1,4,4,4,1,1,1,1,0
"Gambia, The","GMB",167096413,0.60912872052647,1,38,2,5,1,2,1,1,0,2,2,2,,,2,2,2,,,,1,2,1,1,1,,,,,,,,,,2,2,2,2,2,2,,,,,2,,,2,2,2,,,,2,1,,1,2,1,2,2,3,3,3,2,,,,1,2,2,1,1,2,2,,,1,2,,,,,,,2,2,,,,,2,,,,,,1,3,3,3,,1,,1,1,4,4,4,4,2,2,1,1,0,0
"Gambia, The","GMB",167548834,2.33596775303985,2,37,1,2,1,1,1,1,0,,,2,,,,,,,,,,,,,,,2,2,2,2,2,1,2,2,1,1,2,2,2,1,,,,,2,,,2,2,2,,,,2,2,,1,2,2,2,2,1,3,3,2,,,,2,,,,1,1,2,1,,,2,,,,,,,2,2,,,,,1,1,2,2,2,2,1,1,1,1,1,1,,1,0,4,4,4,3,1,5,1,2,1,0
"Gambia, The","GMB",182329416,0.185539238362971,2,36,2,5,2,2,1,1,0,2,2,1,2,,2,2,2,,,,2,,1,1,1,,,,,,,,,,2,2,2,2,2,2,,,,,2,,,2,2,2,,,,1,1,,2,2,2,2,,1,3,1,1,2,1,2,1,1,,,1,2,2,,,1,1,1,1,2,,,1,2,2,,,,,2,,,,,,1,1,1,1,2,1,,1,0,1,4,4,4,2,1,1,1,1,0
"Gambia, The","GMB",156166130,0.185539238362971,1,30,3,5,2,2,1,1,0,,,2,,,,,,,,,,,,,,,1,2,2,1,2,1,1,1,2,2,2,1,2,2,,,,,1,1,,2,2,2,,,,1,1,,1,1,1,1,2,1,2,1,1,2,2,1,1,2,2,2,1,2,2,,,1,1,1,1,2,,,2,2,2,,,,,2,,,,,,1,1,2,2,2,1,,1,1,1,4,4,4,2,2,1,1,1,1
"Gambia, The","GMB",179414290,0.482779378295663,2,33,2,5,2,2,1,1,0,2,2,2,,,2,2,3,,,,2,,2,,2,,,,,,,,,,2,2,2,2,2,2,,,,,2,,,2,2,2,,,,2,2,,2,2,2,2,,1,3,3,2,,,,2,,,,2,,,,,,2,,,,,,,2,2,,,,,2,,,,,,3,3,3,3,,1,,0,0,4,4,4,4,4,5,1,1,0,0
"Gambia, The","GMB",171417968,0.283211849822432,1,25,2,5,1,2,1,1,0,2,2,2,,,2,1,2,,,,1,1,1,2,1,,,,,,,,,,2,2,2,2,2,2,,,,,2,,,2,2,1,2,1,,1,2,,1,2,2,2,2,1,3,3,2,,,,1,1,,,1,2,2,,,1,1,1,2,2,1,,,2,2,,,,,2,,,,,,1,1,1,1,3,1,,1,0,2,4,4,4,2,1,1,1,1,0
"Gambia, The","GMB",154626746,1.85106469885412,1,15,2,3,2,2,0,0,0,,,2,,,,,,,,,,,,,,2,2,2,2,2,2,1,2,2,2,2,2,1,2,2,,,,,2,,,2,2,2,,,,2,2,,1,2,2,2,2,2,3,3,2,,,,1,1,,,2,,,,,,2,,,,,,,2,2,,,,,2,,,,,,2,3,3,3,,1,,1,0,4,4,4,4,4,1,1,1,0,0
"Gambia, The","GMB",191422107,0.724049467707571,2,15,2,2,2,2,0,0,0,,,2,,,,,,,,,,,,,,2,2,1,1,2,2,1,2,2,1,1,1,1,2,1,,,,,2,,,2,2,2,,,,2,2,,2,1,2,1,,1,1,1,2,,,,2,,,,2,,,,,,2,,,,,,,2,2,,,,,2,,,,,,1,1,1,1,3,1,,1,1,4,4,4,4,4,5,2,2,0,0
"Gambia, The","GMB",132468473,0.185539238362971,1,41,2,5,2,2,1,1,0,1,2,2,,,2,2,2,,,,1,2,1,2,1,,,,,,,,,,2,1,2,1,2,2,,,,,2,,,2,2,2,,,,2,2,,2,1,1,2,,3,2,1,2,,,,2,,,,1,2,2,,,1,2,,,,,,,2,2,,,,,2,,,,,,1,1,2,1,3,1,,1,1,4,4,4,4,2,5,1,1,0,0
"Gambia, The","GMB",137909729,1.43117161637845,1,45,1,4,2,2,0,0,0,,,2,,,,,,,,,,,,,,2,2,2,2,1,2,1,2,2,2,2,2,2,2,1,,,,,2,,,2,2,2,,,,2,2,,2,2,2,2,,7,,,2,,,,1,1,,,1,2,2,,,1,2,,,,,,,2,2,,,,,2,,,,,,1,1,1,1,3,1,,0,0,4,4,4,4,2,1,1,1,0,0
"Gambia, The","GMB",132836088,2.11550251297613,1,17,2,5,1,2,1,1,0,2,2,2,,,2,2,2,,,,1,2,2,,2,,,,,,,,,,2,1,1,1,2,2,,,,,2,,,2,2,2,,,,1,1,,1,2,2,2,2,3,1,1,2,,,,2,,,,2,,,,,,2,,,,,,,2,2,,,,,2,,,,,,1,1,1,1,1,2,,1,0,4,4,4,4,4,5,1,1,0,0
"Gambia, The","GMB",154269779,0.45655662393937,2,45,2,5,1,2,1,1,0,2,2,2,,,2,2,2,,,,1,2,2,,1,,,,,,,,,,1,2,2,2,2,2,,,,,2,,,2,2,2,,,,2,2,,2,2,2,2,,1,4,2,1,2,2,1,1,2,2,1,1,2,2,,,1,1,2,1,2,,,1,2,2,,,,,2,,,,,,1,1,2,1,4,1,,1,0,1,4,4,4,2,2,1,1,1,0
"Gambia, The","GMB",179331367,0.513189918598226,1,38,2,5,2,2,1,1,0,1,2,2,,,2,2,2,,,,1,1,1,1,1,,,,,,,,,,1,3,3,3,3,3,,,,,2,,,2,2,2,,,,1,1,,1,2,2,2,2,5,3,1,1,1,,,1,1,,,1,1,2,1,,,2,,,,,,,2,2,,,,,2,,,,,,1,1,2,1,4,1,,1,0,4,4,4,4,1,1,1,1,1,0
"Gambia, The","GMB",164982742,0.504958184000407,1,29,2,4,1,2,0,0,0,,,2,,,,,,,,,,,,,,1,2,2,2,2,2,1,2,2,2,2,2,1,2,2,,,,,2,,,2,2,2,,,,2,2,,1,2,2,2,2,2,2,2,1,2,2,2,1,2,1,2,1,2,2,,,1,2,,,,,,,2,2,,,,,2,,,,,,1,1,2,4,1,1,,1,0,4,4,4,4,2,3,1,1,0,0
"Gambia, The","GMB",188722093,1.78955331595143,1,45,1,4,1,2,0,0,0,,,2,,,,,,,,,,,,,,2,2,1,1,2,2,1,2,2,1,1,2,1,2,2,,,,,2,,,2,2,2,,,,2,2,,2,2,2,1,,3,1,1,2,,,,2,,,,2,,,,,,2,,,,,,,2,2,,,,,1,1,2,2,1,,1,1,1,1,4,1,,0,1,4,4,4,2,4,5,1,1,0,0
"Gambia, The","GMB",142002686,1.17916340483022,2,25,1,1,1,2,0,0,0,,,2,,,,,,,,,,,,,,1,2,3,2,2,2,1,2,2,1,3,2,1,2,2,,,,,2,,,2,2,2,,,,2,2,,2,2,2,2,,5,1,1,1,2,2,1,2,,,,2,,,,,,2,,,,,,,2,2,,,,,2,,,,,,2,2,2,3,5,1,,0,0,4,4,4,4,4,2,1,2,0,0
"Gambia, The","GMB",112209544,0.449117509419386,2,50,1,5,1,2,0,0,0,,,2,,,,,,,,,,,,,,2,2,1,2,1,2,2,2,1,2,1,2,2,2,2,,,,,2,,,1,2,2,,,,2,2,,2,2,2,1,,3,2,2,2,,,,2,,,,1,2,2,,,1,2,,,,,,,2,2,,,,,2,,,,,,5,5,5,2,,4,,0,1,4,4,4,4,2,5,1,1,0,0
"Gambia, The","GMB",138614482,1.5605772373855,2,55,4,4,1,2,1,1,0,2,2,2,,,2,2,2,,,,2,,1,2,2,,,,,,,,,,2,3,2,1,2,1,,,,,2,,,2,2,2,,,,2,2,,2,2,2,2,,3,3,3,1,2,1,2,2,,,,1,2,2,,,1,2,,,,,,,2,2,,,,,2,,,,,,1,1,1,3,1,3,,1,0,4,4,4,4,2,3,1,1,0,0
"Gambia, The","GMB",181968150,0.343788084416766,2,43,1,5,1,2,1,1,0,1,2,2,,,2,2,2,,,,1,1,1,1,2,,,,,,,,,,2,2,2,2,2,2,,,,,2,,,2,2,2,,,,2,2,,2,2,2,2,,3,1,1,2,,,,1,1,,,1,2,2,,,1,1,1,1,2,,,1,2,2,,,,,2,,,,,,1,1,1,1,4,1,,0,0,1,4,4,4,2,1,1,1,1,0
"Gambia, The","GMB",146948427,0.185539238362971,1,32,2,5,1,2,1,1,0,,,2,,,,,,,,,,,,,,,2,2,2,2,2,1,2,2,2,2,2,1,2,2,,,,,2,,,2,2,2,,,,2,2,,1,2,2,2,2,3,1,1,2,,,,1,2,2,2,2,,,,,,1,2,1,2,,,2,2,2,,,,,1,1,2,2,1,,1,1,1,1,2,1,,1,0,1,4,4,2,4,4,1,1,1,0
"Gambia, The","GMB",140350351,0.493454714430943,1,49,1,3,1,2,1,1,0,,,1,2,,2,2,2,,,,2,,1,2,2,,,,,,,,,,2,1,2,1,2,2,,,,,2,,,2,2,2,,,,2,2,,1,2,2,1,2,2,1,1,2,,,,1,2,1,2,1,2,2,,,1,2,,,,,,,2,2,,,,,2,,,,,,1,1,1,1,2,1,,1,1,4,4,4,4,2,3,1,2,0,0
"Gambia, The","GMB",170513053,2.65547250637217,2,20,2,2,2,2,0,0,0,,,2,,,,,,,,,,,,,,1,2,1,1,2,2,1,2,2,2,2,1,1,2,2,,,,,2,,,2,2,2,,,,2,2,,2,2,2,2,,3,3,2,2,,,,2,,,,2,,,,,,2,,,,,,,2,2,,,,,2,,,,,,1,2,1,1,4,2,,1,0,4,4,4,4,4,5,1,2,0,0
"Gambia, The","GMB",153458599,1.6432884650917,1,35,1,1,1,2,1,1,0,2,2,2,,,2,2,2,,,,2,,1,1,2,,,,,,,,,,2,1,1,2,2,2,,,,,2,,,2,2,2,,,,2,2,,2,2,2,2,,2,1,1,2,,,,2,,,,2,,,,,,2,,,,,,,2,2,,,,,1,1,2,2,1,,1,2,1,1,2,1,,0,1,4,4,4,2,4,5,1,2,0,0
"Gambia, The","GMB",120822314,0.686251606805519,1,40,1,4,2,2,0,0,0,,,2,,,,,,,,,,,,,,2,2,2,2,2,2,2,1,2,2,1,2,2,1,2,,,,,2,,,2,2,2,,,,2,2,,2,2,2,2,,2,1,1,2,,,,2,,,,2,,,,,,2,,,,,,,2,2,,,,,2,,,,,,1,3,2,3,3,1,,1,0,4,4,4,4,4,5,2,2,0,0
"Gambia, The","GMB",164235940,0.300946412242988,2,24,1,5,1,1,0,0,0,,,2,,,,,,,,,,,,,,2,1,2,2,2,2,1,2,2,2,2,2,1,2,2,,,,,2,,,2,1,2,,,,1,2,,2,1,2,1,,3,3,3,1,2,2,1,2,,,,2,,,,,,2,,,,,,,2,2,,,,,2,,,,,,1,3,1,1,4,3,,1,1,4,4,4,4,4,2,1,1,0,0
"Gambia, The","GMB",207581026,0.611051130192466,1,27,2,1,1,2,0,0,0,,,2,,,,,,,,,,,,,,1,2,1,1,2,2,1,1,2,2,2,2,1,2,1,,,,,2,,,2,2,2,,,,2,2,,2,2,2,1,,7,,,2,,,,2,,,,2,,,,,,2,,,,,,,2,2,,,,,2,,,,,,1,1,1,1,2,1,,0,1,4,4,4,4,4,5,1,1,0,0
"Gambia, The","GMB",150980980,1.11504200623278,1,16,1,1,2,1,0,0,0,,,2,,,,,,,,,,,,,,2,2,2,2,2,2,2,1,1,2,1,1,1,2,1,,,,,2,,,2,2,2,,,,2,2,,1,2,2,1,1,7,,,1,1,,,1,2,2,1,2,,,,,,2,,,,,,,2,2,,,,,1,1,2,2,1,,1,1,3,1,2,1,,1,1,4,4,4,2,4,1,1,2,0,0
"Gambia, The","GMB",210924079,0.684834935909055,2,53,3,3,1,1,0,0,0,,,2,,,,,,,,,,,,,,1,2,2,2,2,2,1,2,2,2,2,2,2,2,2,,,,,2,,,2,2,2,,,,2,2,,2,2,2,2,,2,1,1,1,1,,,2,,,,1,2,2,,,1,2,,,,,,,2,2,,,,,1,1,2,2,1,,1,1,1,1,1,1,,0,0,4,4,4,2,2,1,1,1,0,0
"Gambia, The","GMB",139384690,0.663500790178889,1,58,1,5,1,1,0,0,0,,,2,,,,,,,,,,,,,,1,2,2,2,2,2,1,2,2,2,2,2,2,2,2,,,,,2,,,2,2,2,,,,2,2,,2,2,2,1,,7,,,2,,,,2,,,,1,2,2,,,1,2,,,,,,,2,2,,,,,1,1,2,2,1,,1,1,1,1,2,1,,0,1,4,4,4,2,2,5,1,1,0,0
"Gambia, The","GMB",185186442,0.53394818520159,1,50,1,4,1,1,0,0,0,,,2,,,,,,,,,,,,,,1,1,3,2,1,2,1,2,2,1,1,2,1,2,1,,,,,2,,,2,2,2,,,,2,2,,2,1,2,1,,7,,,2,,,,2,,,,2,,,,,,2,,,,,,,2,2,,,,,1,1,2,2,1,,1,1,1,1,4,1,,0,1,4,4,4,2,4,5,1,2,0,0
"Gambia, The","GMB",202545546,2.08282427693092,2,90,1,2,1,2,1,1,0,1,2,1,1,1,1,1,2,,,,1,1,2,,1,,,,,,,,,,1,1,1,1,2,2,,,,,2,1,,1,1,1,2,1,,1,1,,2,2,2,1,,1,3,2,1,2,1,2,1,2,1,2,1,2,2,,,1,1,2,2,2,1,,,2,2,,,,,2,,,,,,1,1,1,1,2,1,,1,1,2,4,4,4,2,3,1,1,1,1
"Gambia, The","GMB",150997374,1.03093508776534,1,62,1,1,1,2,0,0,0,,,2,,,,,,,,,,,,,,2,2,2,2,2,2,2,2,2,2,2,2,2,2,2,,,,,2,,,2,2,2,,,,2,2,,1,2,2,2,2,2,1,1,2,,,,1,2,1,1,2,,,,,,2,,,,,,,2,2,,,,,2,,,,,,1,1,1,1,1,1,,1,0,4,4,4,4,4,2,1,1,0,0
"Gambia, The","GMB",209293883,0.755977342477359,1,33,1,3,1,1,0,0,0,,,2,,,,,,,,,,,,,,2,2,1,1,1,1,1,2,2,1,1,1,1,2,1,,,,,2,,,2,2,2,,,,2,2,,1,2,2,2,2,3,1,1,2,,,,1,1,,,2,,,,,,2,,,,,,,2,2,,,,,1,1,2,2,1,,1,1,1,1,3,1,,1,0,4,4,4,2,4,1,1,2,0,0
"Gambia, The","GMB",203406145,1.66763663456474,1,34,1,3,1,2,0,0,0,,,2,,,,,,,,,,,,,,1,2,1,1,2,2,1,2,2,2,1,1,1,2,2,,,,,2,,,2,2,2,,,,2,2,,2,2,2,2,,2,2,1,1,2,1,2,2,,,,2,,,,,,2,,,,,,,2,2,,,,,2,,,,,,1,2,2,1,2,2,,0,0,4,4,4,4,4,3,1,1,0,0
"Gambia, The","GMB",161406290,1.33805040747933,1,23,1,4,1,1,0,0,0,,,2,,,,,,,,,,,,,,1,2,2,2,2,2,1,2,2,2,2,2,1,2,2,,,,,2,,,2,2,2,,,,2,2,,2,2,2,2,,1,3,1,2,,,,1,2,1,2,1,2,2,,,1,2,,,,,,,2,2,,,,,1,1,2,2,1,,1,1,1,1,3,1,,0,0,4,4,4,2,2,3,1,1,0,0
"Gambia, The","GMB",190388941,1.0313642532503,2,42,1,3,1,1,0,0,0,,,2,,,,,,,,,,,,,,1,2,2,1,2,2,1,2,2,2,2,2,1,2,2,,,,,2,,,2,2,2,,,,2,2,,2,2,2,2,,3,1,1,2,,,,2,,,,2,,,,,,2,,,,,,,2,2,,,,,1,1,2,2,1,,1,1,1,1,4,1,,0,0,4,4,4,2,4,5,1,1,0,0
"Gambia, The","GMB",179846077,1.10312041275628,1,18,2,4,2,2,0,0,0,,,2,,,,,,,,,,,,,,1,2,2,1,2,2,2,2,2,2,2,1,2,2,1,,,,,2,,,2,2,2,,,,2,2,,1,2,2,2,2,2,2,1,2,,,,1,1,,,2,,,,,,2,,,,,,,2,2,,,,,2,,,,,,1,1,1,1,2,2,,1,0,4,4,4,4,4,1,1,2,0,0
"Gambia, The","GMB",156569254,1.65875197544722,1,69,1,2,1,1,0,0,0,,,2,,,,,,,,,,,,,,1,2,2,2,2,2,1,2,2,2,2,2,1,2,2,,,,,2,,,2,2,2,,,,2,2,,2,2,2,1,,7,,,2,,,,1,1,,,1,2,2,,,1,2,,,,,,,2,2,,,,,1,1,2,2,1,,1,1,1,4,2,1,,0,1,4,4,4,2,2,1,1,1,0,0
"Gambia, The","GMB",188717615,1.02608476370937,1,24,1,2,1,1,0,0,0,,,2,,,,,,,,,,,,,,2,1,1,2,2,2,1,1,2,2,3,1,1,2,1,,,,,2,,,2,2,2,,,,2,2,,2,1,2,2,,8,,,2,,,,2,,,,2,,,,,,2,,,,,,,2,2,,,,,2,,,,,,1,1,1,1,2,1,,0,1,4,4,4,4,4,5,1,1,0,0
"Gambia, The","GMB",190253175,1.94968499162185,1,20,2,4,2,2,0,0,0,,,2,,,,,,,,,,,,,,1,2,1,2,2,1,1,2,1,2,2,1,1,1,2,,,,,2,,,2,2,2,,,,1,2,,2,2,1,2,,1,1,1,2,,,,2,,,,1,2,2,,,1,1,1,2,2,1,,,2,2,,,,,2,,,,,,1,1,1,3,1,3,,1,1,2,4,4,4,2,5,1,1,0,0
"Gambia, The","GMB",191454493,0.917749126906264,2,16,1,2,2,2,0,0,0,,,2,,,,,,,,,,,,,,2,2,1,2,2,2,1,2,2,2,1,2,1,2,2,,,,,2,,,2,2,2,,,,2,2,,2,2,2,2,,7,,,2,,,,2,,,,2,,,,,,2,,,,,,,2,2,,,,,2,,,,,,2,3,3,1,4,1,,0,0,4,4,4,4,4,5,2,2,0,0
"Gambia, The","GMB",191162477,0.882576217778742,1,17,2,5,2,2,1,1,0,,,2,,,,,,,,,,,,,,,1,1,1,2,2,1,2,2,1,2,1,1,2,2,,,,,2,,,2,2,2,,,,2,2,,2,2,2,1,,2,1,1,2,,,,2,,,,1,1,1,2,,,2,,,,,,,2,2,,,,,2,,,,,,1,1,1,1,4,1,,1,1,4,4,4,4,1,5,1,2,1,0
"Gambia, The","GMB",194962704,1.19167505143759,1,19,2,4,2,2,0,0,0,,,2,,,,,,,,,,,,,,1,2,2,2,2,2,1,2,2,2,2,2,1,2,2,,,,,2,,,2,2,2,,,,2,2,,1,2,2,2,2,2,4,5,2,,,,2,,,,2,,,,,,2,,,,,,,2,2,,,,,2,,,,,,3,3,1,1,4,1,,1,0,4,4,4,4,4,5,1,1,0,0
"Gambia, The","GMB",151941388,1.87915657201282,2,70,1,1,2,1,0,0,0,,,2,,,,,,,,,,,,,,2,2,3,2,2,2,1,2,2,2,3,2,2,2,2,,,,,2,,,2,2,2,,,,2,2,,2,1,2,1,,2,2,2,2,,,,2,,,,1,2,2,,,1,2,,,,,,,2,2,,,,,1,1,2,2,1,,1,2,2,2,2,1,,0,1,4,4,4,2,2,5,1,2,0,0
"Gambia, The","GMB",203977634,0.62922124776148,2,21,2,4,2,2,1,1,1,2,2,2,,,2,1,2,,,,1,1,1,1,1,,,,,,,,,,2,2,2,2,2,2,,,,,2,,,2,2,2,,,,2,2,,2,2,2,2,,1,1,4,2,,,,2,,,,2,,,,,,1,1,1,1,,,3,2,2,,,,,2,,,,,,2,1,3,1,2,2,,1,0,1,4,4,4,4,5,1,1,1,0
"Gambia, The","GMB",156908776,1.81881215443023,1,25,1,2,1,1,1,1,0,,,2,,,,,,,,,,,,,,,1,2,2,2,1,2,2,1,2,1,1,2,2,1,,,,,2,,,2,2,2,,,,1,2,,2,1,2,1,,5,1,1,2,,,,1,2,2,2,2,,,,,,2,,,,,,,1,2,1,2,,,2,,,,,,1,1,1,1,2,1,,1,1,4,1,4,4,4,4,1,1,1,0
"Gambia, The","GMB",111127177,1.00943422060026,1,20,1,3,2,1,0,0,0,,,2,,,,,,,,,,,,,,1,2,2,2,2,2,1,2,2,2,1,2,2,2,2,,,,,2,,,2,2,2,,,,2,2,,2,1,2,1,,7,,,2,,,,2,,,,2,,,,,,2,,,,,,,2,2,,,,,2,,,,,,1,1,1,1,2,1,,0,1,4,4,4,4,4,5,1,1,0,0
"Gambia, The","GMB",171697803,0.256524125642977,2,39,1,5,1,2,0,0,0,,,2,,,,,,,,,,,,,,1,2,3,2,3,2,1,2,1,2,3,2,1,2,2,,,,,2,,,2,2,2,,,,2,2,,2,1,2,1,,3,1,1,2,,,,2,,,,1,2,2,,,1,1,2,2,2,1,,,2,2,,,,,2,,,,,,1,1,1,1,3,1,,1,1,2,4,4,4,2,5,1,1,0,0
"Gambia, The","GMB",210467874,0.276962195354743,2,24,2,5,1,2,0,0,0,,,2,,,,,,,,,,,,,,1,2,2,2,1,2,2,2,1,2,2,2,2,2,2,,,,,2,,,2,2,2,,,,1,2,,2,2,2,2,,1,3,3,2,,,,2,,,,1,2,2,,,1,1,2,2,2,1,,,2,2,,,,,2,,,,,,1,1,1,1,2,1,,1,0,2,4,4,4,2,5,1,1,0,0
"Gambia, The","GMB",151585029,0.599378161366252,1,20,2,4,1,1,1,1,0,2,2,2,,,2,1,2,,,,1,2,1,2,1,,,,,,,,,,1,1,1,1,2,2,,,,,2,,,2,2,2,,,,1,1,,1,2,2,2,2,5,1,1,2,,,,2,,,,2,,,,,,2,,,,,,,2,2,,,,,1,1,2,2,1,,1,1,1,1,4,1,,1,0,4,4,4,2,4,5,1,1,0,0
"Gambia, The","GMB",111450940,1.22318888393342,2,36,2,2,1,2,0,0,0,,,2,,,,,,,,,,,,,,1,1,2,2,1,1,1,1,2,,,,,,,,,,,2,,,1,2,2,,,,1,2,2,2,1,2,1,,2,1,1,2,,,,1,2,1,1,2,,,,,,2,,,,,,,2,2,,,,,1,1,2,2,1,,2,1,3,1,4,2,,1,1,4,4,4,2,4,2,1,1,0,0
"Gambia, The","GMB",131227251,1.79283825051476,1,30,2,5,1,2,1,1,0,1,1,2,,,2,2,2,,,,1,2,2,,1,,,,,,,,,,2,2,2,1,2,2,,,,,2,,,2,2,2,,,,2,1,,1,2,2,1,1,2,2,1,2,,,,2,,,,1,2,2,,,1,1,1,1,2,,,1,2,2,,,,,2,,,,,,1,3,3,3,,3,,1,1,1,4,4,4,2,5,1,2,1,0
"Gambia, The","GMB",150664022,0.595837525718793,1,22,2,3,2,2,0,0,0,,,2,,,,,,,,,,,,,,2,2,2,2,2,2,2,2,2,2,2,2,2,2,2,,,,,2,,,2,2,2,,,,2,2,,2,2,2,2,,2,3,3,2,,,,1,2,2,1,1,2,2,,,1,2,,,,,,,2,2,,,,,2,,,,,,3,3,3,3,,1,,0,0,4,4,4,4,2,2,1,1,0,0
"Gambia, The","GMB",184572976,0.998864337053811,2,45,2,4,1,2,1,1,1,,,2,,,,,,,,,,,,,,,1,3,2,2,2,1,2,2,1,3,2,1,2,2,,,,,2,,,2,2,2,,,,1,1,,2,2,2,1,,2,1,1,2,,,,2,,,,2,,,,,,1,1,1,1,,,1,2,2,,,,,2,,,,,,1,1,1,1,1,1,,1,1,1,4,4,4,4,5,1,2,1,0
"Gambia, The","GMB",198565732,1.7956483364914,1,15,1,1,1,1,0,0,0,,,2,,,,,,,,,,,,,,2,2,2,2,2,2,2,2,2,2,2,2,2,2,2,,,,,2,,,2,2,2,,,,2,2,,2,2,2,1,,2,1,1,1,2,2,2,2,,,,1,2,2,,,2,2,,,,,,,2,2,,,,,2,,,,,,1,1,1,1,1,1,,0,1,4,4,4,4,3,4,2,2,0,0
"Gambia, The","GMB",157278333,0.383475811255577,1,19,2,1,2,2,1,1,0,1,2,2,,,2,2,2,,,,2,,2,,2,,,,,,,,,,2,1,1,1,1,1,,,,,2,,,2,2,2,,,,2,2,,2,2,2,2,,6,1,1,1,2,2,2,2,,,,2,,,,,,2,,,,,,,2,2,,,,,2,,,,,,1,1,2,1,4,1,,0,0,4,4,4,4,4,4,1,1,0,0
"Gambia, The","GMB",186921862,0.185539238362971,1,42,1,5,1,1,0,0,0,,,2,,,,,,,,,,,,,,2,2,2,2,2,2,1,2,2,2,1,2,1,2,1,,,,,2,,,2,2,2,,,,2,2,,2,2,1,2,,5,2,2,2,,,,1,2,1,2,1,2,2,,,1,2,,,,,,,1,2,2,2,1,,1,3,2,2,1,,1,1,1,1,4,1,,0,1,4,2,4,2,2,3,2,2,0,0
"Gambia, The","GMB",135399195,0.894776657975717,1,53,1,5,1,1,0,0,0,,,2,,,,,,,,,,,,,,2,2,1,2,3,2,1,2,2,2,2,2,1,2,1,,,,,2,,,2,1,2,,,,2,2,,2,2,2,2,,7,,,2,,,,1,2,1,2,2,,,,,,2,,,,,,,2,2,,,,,2,,,,,,1,1,1,1,2,1,,0,0,4,4,4,4,4,3,2,2,0,0
"Gambia, The","GMB",121390860,2.89026341826784,2,68,1,3,1,1,0,0,0,,,2,,,,,,,,,,,,,,1,2,2,2,2,2,1,2,2,2,2,2,1,2,2,,,,,2,,,2,2,2,,,,2,2,,2,1,2,1,,2,1,4,2,,,,2,,,,2,,,,,,2,,,,,,,2,2,,,,,2,,,,,,1,1,3,1,1,1,,0,1,4,4,4,4,4,5,1,2,0,0
"Gambia, The","GMB",158702777,0.185539238362971,1,27,1,5,1,1,1,1,0,2,2,2,,,2,2,2,,,,2,,1,1,1,,,,,,,,,,1,2,2,1,2,2,,,,,2,,,2,2,2,,,,1,1,,2,1,2,1,,5,1,1,2,,,,1,2,1,2,1,2,2,,,1,2,,,,,,,2,2,,,,,1,3,2,2,1,,1,1,1,1,1,1,,1,1,4,4,4,2,2,3,1,1,0,0
"Gambia, The","GMB",142297733,1.81881215443023,1,29,1,4,1,2,0,0,0,,,2,,,,,,,,,,,,,,1,2,3,2,1,2,1,2,2,2,2,2,2,2,2,,,,,2,,,2,2,2,,,,2,2,,1,1,2,1,2,2,1,1,2,,,,2,,,,2,,,,,,2,,,,,,,2,2,,,,,2,,,,,,1,1,1,1,2,1,,1,1,4,4,4,4,4,5,1,1,0,0
"Gambia, The","GMB",152745712,0.849401005528801,2,31,1,2,1,1,0,0,0,,,2,,,,,,,,,,,,,,1,2,1,2,1,2,1,2,2,,,,,,,,,,,2,,,2,2,2,,,,2,2,2,2,2,2,1,,5,1,1,2,,,,1,2,1,1,1,2,2,,,2,2,,,,,,,1,2,2,2,2,2,2,,,,,,1,1,1,2,1,2,,0,1,4,3,4,4,3,2,1,1,0,0
"Gambia, The","GMB",165836260,1.11504200623278,1,20,1,4,1,2,0,0,0,,,2,,,,,,,,,,,,,,1,2,2,1,2,2,1,2,2,1,1,1,1,2,2,,,,,2,,,2,2,2,,,,2,2,,2,2,2,2,,5,1,1,2,,,,2,,,,2,,,,,,2,,,,,,,2,2,,,,,1,1,2,2,1,,1,1,1,1,4,1,,0,0,4,4,4,2,4,5,1,1,0,0
"Gambia, The","GMB",187835904,1.68474541434308,2,18,1,3,1,1,0,0,0,,,2,,,,,,,,,,,,,,1,2,2,2,2,2,1,2,2,2,2,2,1,2,2,,,,,2,,,2,2,2,,,,2,2,,1,2,2,1,2,3,1,3,2,,,,1,2,1,2,2,,,,,,1,2,2,2,1,,,2,2,,,,,1,1,2,2,1,,1,1,1,1,4,1,,1,1,2,4,4,2,4,3,1,1,0,0
"Gambia, The","GMB",138315030,0.835456544716109,1,20,2,1,2,2,0,0,0,,,2,,,,,,,,,,,,,,1,2,2,2,2,2,1,2,2,2,2,2,1,2,2,,,,,2,,,2,2,2,,,,2,2,,1,2,2,1,2,2,2,2,2,,,,1,2,1,2,2,,,,,,2,,,,,,,2,2,,,,,2,,,,,,3,3,4,4,,2,,1,1,4,4,4,4,4,3,1,1,0,0
"Gambia, The","GMB",117019401,1.25072747592356,1,30,1,1,1,2,1,1,0,2,2,2,,,2,2,2,,,,2,,2,,2,,,,,,,,,,1,2,2,1,2,1,,,,,2,,,2,2,2,,,,2,1,,1,2,2,2,2,7,,,2,,,,2,,,,2,,,,,,2,,,,,,,2,2,,,,,2,,,,,,1,1,2,1,3,2,,1,0,4,4,4,4,4,5,2,2,0,0
"Gambia, The","GMB",145670660,0.566423699644864,1,32,2,3,1,2,1,1,0,2,2,2,,,2,2,2,,,,1,1,1,2,1,,,,,,,,,,1,2,1,1,2,2,,,,,2,,,2,2,1,2,1,,1,1,,2,2,2,2,,1,3,3,1,1,,,2,,,,1,2,2,,,1,2,,,,,,,2,2,,,,,2,,,,,,3,1,1,1,4,1,,1,0,4,4,4,4,2,1,1,1,1,0
"Gambia, The","GMB",180233968,0.349482538266692,2,40,3,2,1,2,1,1,0,1,1,1,2,,2,2,2,,,,1,2,1,1,1,,,,,,,,,,2,2,2,2,2,2,,,,,2,,,2,2,2,,,,2,2,,2,2,2,1,,1,3,3,2,,,,2,,,,1,1,1,2,,,1,1,1,2,,,3,2,2,,,,,2,,,,,,2,2,2,2,4,2,,0,1,1,4,4,4,1,5,1,1,1,0
"Gambia, The","GMB",158857214,1.44406749800836,2,21,2,4,1,2,0,0,0,,,2,,,,,,,,,,,,,,2,2,2,1,2,2,1,2,2,2,2,2,2,2,2,,,,,2,,,2,2,2,,,,2,2,,2,2,2,2,,2,1,1,2,,,,2,,,,2,,,,,,2,,,,,,,2,2,,,,,2,,,,,,1,1,1,1,4,1,,0,0,4,4,4,4,4,5,1,1,0,0
"Gambia, The","GMB",187864510,0.607781889568256,1,45,1,2,1,2,0,0,0,,,2,,,,,,,,,,,,,,2,2,1,1,2,2,1,2,1,1,1,1,1,2,1,,,,,2,,,2,2,2,,,,1,2,,1,2,2,1,2,3,3,2,2,,,,1,1,,,1,2,2,,,1,2,,,,,,,2,2,,,,,2,,,,,,1,1,1,2,4,2,,1,1,4,4,4,4,2,1,1,1,0,0
"Gambia, The","GMB",122849616,1.1437526780092,1,41,2,1,2,2,1,1,1,,,2,,,,,,,,,,,,,,,2,2,1,2,2,2,1,1,2,1,1,1,2,1,,,,,2,,,2,2,1,2,1,,1,2,,2,1,2,1,,1,1,1,1,2,1,2,1,1,,,2,,,,,,1,2,1,1,,,1,2,2,,,,,2,,,,,,2,2,2,2,4,1,,1,1,1,4,4,4,4,1,2,2,1,0
"Gambia, The","GMB",137686493,0.373981215461271,1,30,1,1,1,2,0,0,0,,,2,,,,,,,,,,,,,,1,2,2,2,2,2,1,2,2,2,2,2,1,2,2,,,,,2,,,2,2,2,,,,2,2,,2,1,2,1,,2,1,1,2,,,,2,,,,1,2,2,,,1,2,,,,,,,2,2,,,,,2,,,,,,1,1,1,1,3,1,,0,1,4,4,4,4,2,5,1,1,0,0
"Gambia, The","GMB",115228894,0.766951622511154,1,20,1,3,1,2,0,0,0,,,2,,,,,,,,,,,,,,1,2,2,1,1,2,1,2,2,3,2,2,1,2,2,,,,,2,,,2,2,2,,,,2,2,,2,2,2,2,,3,1,1,2,,,,2,,,,2,,,,,,1,2,2,2,1,,,2,2,,,,,2,,,,,,1,1,1,1,2,1,,0,0,2,4,4,4,4,5,1,1,0,0
"Gambia, The","GMB",206837069,0.52930524170007,2,64,1,4,2,2,0,0,0,,,2,,,,,,,,,,,,,,1,2,3,2,2,1,1,2,2,2,3,2,1,2,2,,,,,2,,,2,2,2,,,,2,2,,2,2,2,2,,6,2,2,2,,,,2,,,,2,,,,,,2,,,,,,,2,2,,,,,2,,,,,,2,3,3,2,4,2,,0,0,4,4,4,4,4,5,1,1,0,0
"Gambia, The","GMB",154560222,1.21855311976366,1,18,2,2,2,2,0,0,0,,,2,,,,,,,,,,,,,,1,2,1,2,2,2,1,2,2,1,2,2,1,2,1,,,,,2,,,2,2,2,,,,2,2,,1,2,2,2,2,2,1,1,2,,,,1,2,2,1,2,,,,,,2,,,,,,,2,2,,,,,2,,,,,,1,1,1,1,2,1,,1,0,4,4,4,4,4,2,1,1,0,0
"Gambia, The","GMB",119421920,1.57492461185347,2,35,2,4,2,2,0,0,0,,,2,,,,,,,,,,,,,,1,2,2,2,2,2,1,2,2,2,2,2,2,2,2,,,,,2,,,2,2,2,,,,2,2,,2,2,2,2,,2,3,3,2,,,,1,2,1,1,1,2,2,,,1,1,2,2,2,1,,,2,2,,,,,2,,,,,,3,1,3,1,2,1,,1,0,2,4,4,4,2,2,1,1,0,0
"Gambia, The","GMB",148282419,1.73829335491331,2,27,2,1,1,2,0,0,0,,,2,,,,,,,,,,,,,,1,2,2,2,2,2,1,2,1,2,3,2,2,2,1,,,,,2,,,2,2,2,,,,1,2,,2,2,2,2,,3,3,3,2,,,,2,,,,2,,,,,,2,,,,,,,2,2,,,,,2,,,,,,3,3,3,3,,3,,1,0,4,4,4,4,4,5,1,1,0,0
"Gambia, The","GMB",188357726,0.324986663144623,1,25,2,3,1,2,0,0,0,,,2,,,,,,,,,,,,,,2,2,2,2,2,2,2,2,2,2,2,2,2,2,2,,,,,2,,,1,2,2,,,,2,2,,2,2,2,2,,3,3,3,1,2,1,2,1,2,1,2,1,2,2,,,1,2,,,,,,,2,2,,,,,2,,,,,,3,3,3,4,,1,,1,0,4,4,4,4,2,3,1,1,0,0
"Gambia, The","GMB",139331794,0.75743727600061,1,32,2,3,1,2,0,0,0,,,2,,,,,,,,,,,,,,1,2,2,2,2,2,1,2,2,2,2,2,2,2,2,,,,,2,,,2,2,2,,,,2,2,,1,2,2,2,2,2,2,1,2,,,,2,,,,1,2,2,,,1,2,,,,,,,2,2,,,,,1,2,2,2,1,,1,1,1,2,4,2,,1,0,4,4,4,2,2,5,1,1,0,0
"Gambia, The","GMB",124453311,0.312962160157741,2,48,1,3,1,2,1,1,0,2,2,2,,,1,2,2,,,,1,2,2,,1,,,,,,,,,,2,2,2,2,2,2,,,,,2,,,2,2,2,,,,2,1,,2,2,2,1,,3,2,2,2,,,,2,,,,1,2,2,,,1,2,,,,,,,2,2,,,,,2,,,,,,1,2,2,1,4,1,,1,1,4,4,4,4,2,5,1,1,1,0
"Gambia, The","GMB",191958102,0.668365235772888,1,18,2,5,2,2,0,0,0,,,2,,,,,,,,,,,,,,2,2,1,1,2,2,1,2,2,2,2,1,1,2,1,,,,,2,,,2,2,2,,,,2,2,,2,2,2,2,,2,2,1,2,,,,2,,,,2,,,,,,2,,,,,,,2,2,,,,,2,,,,,,1,2,1,1,4,1,,1,0,4,4,4,4,4,5,1,2,0,0
"Gambia, The","GMB",184201633,0.675556982097608,2,54,1,5,1,2,1,1,0,1,2,2,,,2,2,2,,,,2,,2,,2,,,,,,,,,,2,1,1,1,2,1,,,,,2,,,2,2,2,,,,2,2,,2,2,2,1,,5,1,1,2,,,,2,,,,2,,,,,,2,,,,,,,2,2,,,,,2,,,,,,1,1,1,1,2,1,,1,1,4,4,4,4,4,5,1,2,0,0
"Gambia, The","GMB",159653525,2.38335010287517,1,15,2,1,2,2,0,0,0,,,2,,,,,,,,,,,,,,1,2,3,2,1,3,2,2,2,2,2,2,2,2,2,,,,,2,,,2,2,2,,,,2,2,,2,2,2,2,,2,3,3,2,,,,2,,,,2,,,,,,2,,,,,,,2,2,,,,,2,,,,,,3,3,3,3,,1,,0,0,4,4,4,4,4,5,2,2,0,0
"Gambia, The","GMB",202618369,0.60912872052647,1,40,2,2,1,2,0,0,0,,,2,,,,,,,,,,,,,,2,2,3,1,2,2,1,2,2,2,2,2,1,2,1,,,,,2,,,2,2,2,,,,2,2,,2,2,2,1,,7,,,2,,,,2,,,,2,,,,,,2,,,,,,,2,2,,,,,2,,,,,,1,1,2,1,1,1,,0,1,4,4,4,4,4,5,2,1,0,0
"Gambia, The","GMB",153459310,0.41094179609541,1,20,2,2,2,1,0,0,0,,,2,,,,,,,,,,,,,,1,2,2,2,2,2,1,2,1,2,2,2,1,2,2,,,,,2,,,2,2,2,,,,2,2,,2,2,2,2,,2,3,3,1,1,,,1,2,1,1,2,,,,,,2,,,,,,,2,2,,,,,1,1,2,2,1,,2,3,3,2,4,1,,0,0,4,4,4,2,4,1,1,1,0,0
"Gambia, The","GMB",205369171,1.08781290973106,1,19,2,2,2,2,0,0,0,,,2,,,,,,,,,,,,,,2,2,1,1,2,2,1,2,2,1,1,1,1,1,1,,,,,2,,,2,2,2,,,,2,2,,2,2,2,2,,2,1,1,2,,,,2,,,,2,,,,,,2,,,,,,,2,2,,,,,2,,,,,,1,1,3,1,4,2,,0,0,4,4,4,4,4,5,2,2,0,0
"Gambia, The","GMB",113104559,1.50456789943405,2,42,1,1,1,1,1,1,0,2,2,2,,,2,2,2,,,,2,,2,,2,,,,,,,,,,2,2,2,1,2,2,,,,,2,,,2,2,2,,,,2,2,,2,2,2,1,,3,1,1,2,,,,2,,,,2,,,,,,2,,,,,,,2,2,,,,,2,,,,,,1,1,1,1,2,1,,0,1,4,4,4,4,4,5,1,1,0,0
"Gambia, The","GMB",122291332,0.41196901809667,1,35,1,3,1,2,1,1,1,1,2,2,,,2,1,2,,,,2,,2,,1,,,,,,,,,,,,,,,,1,1,2,1,2,,,1,2,2,,,,1,1,1,2,2,2,1,,5,1,1,2,,,,1,2,1,1,2,,,,,,2,,,,,,,2,2,,,,,2,,,,,,1,1,1,1,4,1,,1,1,4,4,4,4,4,2,1,2,1,0
"Gambia, The","GMB",114871424,0.547439767871493,1,18,2,3,2,1,0,0,0,,,2,,,,,,,,,,,,,,1,1,1,1,1,2,2,2,2,2,1,2,1,2,1,,,,,2,,,2,2,2,,,,2,2,,2,2,2,2,,2,1,1,2,,,,2,,,,2,,,,,,2,,,,,,,2,2,,,,,2,,,,,,1,1,1,1,2,1,,0,0,4,4,4,4,4,5,2,2,0,0
"Gambia, The","GMB",157186626,0.533250097366409,2,33,2,3,1,2,1,1,0,2,1,1,2,,2,2,2,,,,2,,2,,2,,,,,,,,,,2,2,2,1,2,2,,,,,2,,,2,1,2,,,,2,1,,2,2,1,2,,1,3,1,1,2,1,2,1,2,1,1,1,2,2,,,1,2,,,,,,,2,2,,,,,2,,,,,,1,1,1,1,1,1,,1,1,4,4,4,4,2,2,1,1,1,0
"Gambia, The","GMB",157941562,0.283211849822432,1,28,2,5,1,2,1,1,0,,,2,,,,,,,,,,,,,,,2,2,2,2,2,1,2,2,1,1,1,1,1,2,,,,,2,,,2,1,2,,,,2,2,,2,1,2,1,,2,3,1,1,1,,,1,2,1,2,1,2,2,,,1,1,2,1,2,,,1,2,2,,,,,2,,,,,,1,3,2,3,1,1,,0,1,1,4,4,4,2,1,1,2,1,0
"Gambia, The","GMB",114540880,0.915075702160521,1,60,1,3,1,2,1,1,0,1,2,2,,,2,2,2,,,,2,,2,,1,,,,,,,,,,1,1,1,1,2,1,,,,,2,,,2,2,2,,,,1,1,,1,2,2,2,2,2,1,1,1,2,2,2,1,2,1,2,1,2,2,,,1,1,1,1,2,,,2,2,1,1,2,,,2,,,,,,1,1,1,2,2,1,,1,0,1,4,1,4,2,3,1,1,1,0
"Gambia, The","GMB",127820834,1.23590705429001,1,40,1,1,2,1,0,0,0,,,2,,,,,,,,,,,,,,1,2,3,2,3,1,1,2,2,2,3,2,1,2,2,,,,,2,,,2,2,2,,,,2,2,,2,1,2,1,,2,1,1,2,,,,2,,,,2,,,,,,2,,,,,,,2,2,,,,,2,,,,,,1,1,1,3,2,1,,0,1,4,4,4,4,4,5,2,2,0,0
"Gambia, The","GMB",210287541,1.02924003147376,1,47,1,1,1,1,0,0,0,,,2,,,,,,,,,,,,,,2,2,2,2,2,2,2,2,2,2,2,2,2,2,2,,,,,2,,,2,2,2,,,,2,3,,1,1,1,2,2,2,1,1,2,,,,1,1,,,2,,,,,,2,,,,,,,2,2,,,,,1,1,2,2,1,,1,1,1,1,4,1,,1,1,4,4,4,2,4,1,1,2,0,0
"Gambia, The","GMB",114890051,0.965230361161748,1,15,1,1,1,1,1,1,0,,,1,2,,2,2,2,,,,1,1,2,,1,,,,,,,,,,,,,,,,,,,,1,3,,2,1,1,4,3,,2,2,2,1,2,2,1,2,2,1,1,2,,,,1,1,,,2,,,,,,2,,,,,,,1,2,2,2,1,,1,1,2,2,1,,3,3,3,1,,1,,1,1,4,2,4,2,4,1,2,2,1,1
"Gambia, The","GMB",147623172,0.70467399338325,2,40,2,4,1,2,0,0,0,,,2,,,,,,,,,,,,,,1,2,3,2,2,2,1,2,2,2,3,2,1,2,2,,,,,2,,,2,2,2,,,,2,2,,2,2,2,2,,7,,,2,,,,2,,,,1,2,2,,,1,2,,,,,,,2,2,,,,,2,,,,,,3,2,1,2,3,2,,0,0,4,4,4,4,2,5,1,1,0,0
"Gambia, The","GMB",151252339,2.34847389696361,1,29,1,5,1,2,0,0,0,,,2,,,,,,,,,,,,,,2,2,2,2,2,2,1,2,2,2,3,2,1,2,2,,,,,2,,,2,2,2,,,,2,2,,1,1,2,2,2,2,2,1,2,,,,2,,,,1,2,2,,,1,2,,,,,,,2,2,,,,,2,,,,,,1,1,1,1,2,1,,1,1,4,4,4,4,2,5,1,2,0,0
"Gambia, The","GMB",142835628,1.45041721297475,1,15,2,5,2,1,0,0,0,,,2,,,,,,,,,,,,,,1,2,1,2,2,2,1,2,2,1,1,1,1,2,2,,,,,2,,,2,2,2,,,,2,2,,2,1,2,1,,2,1,1,2,,,,2,,,,2,,,,,,2,,,,,,,2,2,,,,,2,,,,,,1,1,2,2,4,1,,0,1,4,4,4,4,4,5,2,2,0,0
"Gambia, The","GMB",191456110,0.986909428861886,1,50,1,5,1,2,0,0,0,,,2,,,,,,,,,,,,,,2,2,2,2,2,2,2,2,2,2,2,2,2,2,2,,,,,2,,,2,2,2,,,,2,2,,2,1,2,1,,2,1,1,2,,,,2,,,,2,,,,,,1,2,2,2,1,,,2,2,,,,,1,1,2,2,1,,1,1,1,1,4,1,,0,1,2,4,4,2,4,5,1,2,0,0
"Gambia, The","GMB",144103521,0.906874334674614,1,28,1,3,2,2,0,0,0,,,2,,,,,,,,,,,,,,2,2,3,2,2,2,1,2,2,2,3,3,1,2,2,,,,,2,,,2,2,2,,,,2,2,,2,2,2,2,,7,,,2,,,,2,,,,2,,,,,,2,,,,,,,2,2,,,,,2,,,,,,1,1,1,4,2,4,,0,0,4,4,4,4,4,5,1,2,0,0
"Gambia, The","GMB",139474718,0.711702197022479,2,33,1,5,1,2,0,0,0,,,2,,,,,,,,,,,,,,1,2,2,2,2,2,1,2,2,2,1,2,1,2,2,,,,,2,,,2,2,2,,,,2,2,,1,2,2,1,2,5,1,1,2,,,,2,,,,2,,,,,,2,,,,,,,2,2,,,,,1,3,2,2,1,,1,1,1,1,2,1,,1,1,4,4,4,2,4,5,1,1,0,0
"Gambia, The","GMB",159179462,1.10044275808655,1,20,2,3,1,2,0,0,0,,,2,,,,,,,,,,,,,,1,2,1,1,2,2,2,2,2,2,1,1,1,2,2,,,,,2,,,2,2,2,,,,2,2,,2,1,2,1,,2,1,1,2,,,,1,2,1,1,2,,,,,,2,,,,,,,2,2,,,,,2,,,,,,1,1,1,1,2,1,,0,1,4,4,4,4,4,2,1,2,0,0
"Gambia, The","GMB",179679360,2.44733100508337,2,21,1,2,1,2,0,0,0,,,2,,,,,,,,,,,,,,2,2,2,1,2,2,1,2,1,1,2,1,1,2,2,,,,,2,,,2,2,2,,,,1,2,,1,2,2,2,1,2,1,4,1,2,2,1,2,,,,2,,,,,,2,,,,,,,2,2,,,,,2,,,,,,1,1,3,4,2,1,,1,1,4,4,4,4,4,2,1,1,0,0
"Gambia, The","GMB",202381555,0.499014825776997,1,80,1,5,2,2,0,0,0,,,2,,,,,,,,,,,,,,2,2,3,2,2,2,2,1,1,1,1,2,1,1,1,,,,,2,,,1,2,2,,,,1,2,,1,2,2,2,2,1,3,3,2,,,,2,,,,1,2,2,,,2,2,,,,,,,2,2,,,,,2,,,,,,3,1,1,3,2,1,,1,0,4,4,4,4,3,5,2,2,0,0
"Gambia, The","GMB",194154755,0.725208606487373,1,23,2,3,2,2,0,0,0,,,2,,,,,,,,,,,,,,1,1,1,2,2,2,1,2,2,2,1,2,1,2,2,,,,,2,,,2,1,2,,,,2,2,,1,2,2,1,2,2,1,1,2,,,,1,2,1,2,2,,,,,,2,,,,,,,2,2,,,,,2,,,,,,1,1,1,1,2,1,,1,1,4,4,4,4,4,3,1,1,0,0
"Gambia, The","GMB",139766844,0.388240565879813,2,30,2,5,1,2,1,1,0,2,2,2,,,2,2,2,,,,1,2,1,1,1,,,,,,,,,,1,1,2,1,2,2,,,,,2,,,2,2,2,,,,1,2,,2,2,2,2,,1,2,1,1,2,1,1,1,1,,,2,,,,,,1,2,1,2,,,2,2,2,,,,,2,,,,,,1,1,1,1,4,1,,1,1,1,4,4,4,4,1,1,1,1,0
"Gambia, The","GMB",180926819,1.12188250175025,2,16,1,3,2,2,0,0,0,,,2,,,,,,,,,,,,,,1,1,2,1,2,2,1,2,2,1,2,1,1,2,2,,,,,2,,,2,2,2,,,,2,2,,2,2,2,1,,2,3,2,1,2,2,1,1,2,2,1,2,,,,,,2,,,,,,,2,2,,,,,2,,,,,,3,2,3,3,,2,,1,1,4,4,4,4,4,2,1,1,0,0
"Gambia, The","GMB",143237844,0.885290188776139,1,48,2,3,2,2,0,0,0,,,2,,,,,,,,,,,,,,2,2,1,2,2,2,1,2,2,2,2,2,1,2,2,,,,,2,,,2,2,2,,,,2,2,,2,2,2,2,,2,2,1,2,,,,2,,,,2,,,,,,2,,,,,,,2,2,,,,,2,,,,,,1,1,1,1,3,1,,0,0,4,4,4,4,4,5,1,1,0,0
"Gambia, The","GMB",165659417,1.19791129173649,2,68,1,1,2,1,0,0,0,,,2,,,,,,,,,,,,,,1,1,2,2,2,2,2,2,2,2,2,2,2,2,2,,,,,2,,,2,2,2,,,,2,2,,2,1,2,2,,2,1,1,2,,,,2,,,,2,,,,,,2,,,,,,,2,2,,,,,1,1,2,2,1,,1,1,1,1,4,1,,0,1,4,4,4,2,4,5,1,2,0,0
"Gambia, The","GMB",154179580,0.565858859218526,1,15,2,2,2,2,0,0,0,,,2,,,,,,,,,,,,,,2,2,1,1,2,2,1,2,2,2,2,2,1,2,2,,,,,2,,,2,2,2,,,,2,2,,2,1,2,1,,4,2,1,2,,,,2,,,,2,,,,,,2,,,,,,,2,2,,,,,2,,,,,,1,1,1,1,4,1,,0,1,4,4,4,4,4,5,1,1,0,0
"Gambia, The","GMB",152165494,0.995802189889563,2,15,1,1,1,2,0,0,0,,,2,,,,,,,,,,,,,,2,2,2,1,2,2,1,2,2,2,2,2,1,2,2,,,,,2,,,2,2,2,,,,2,2,,2,2,2,2,,3,1,1,2,,,,2,,,,2,,,,,,1,2,2,2,1,,,2,2,,,,,2,,,,,,1,1,4,4,2,1,,0,0,2,4,4,4,4,5,1,1,0,0
"Gambia, The","GMB",178806549,2.49687230733132,1,16,1,1,2,2,0,0,0,,,2,,,,,,,,,,,,,,1,1,2,1,2,2,2,2,2,1,2,1,2,2,1,,,,,2,,,2,2,2,,,,1,2,,2,2,2,1,,4,1,1,2,,,,2,,,,2,,,,,,2,,,,,,,2,2,,,,,2,,,,,,2,1,1,1,4,1,,1,1,4,4,4,4,4,5,2,2,0,0
"Gambia, The","GMB",124528901,2.23870340949753,2,23,1,3,1,1,0,0,0,,,2,,,,,,,,,,,,,,1,1,1,1,2,2,1,2,2,1,2,2,2,2,2,,,,,2,,,2,1,2,,,,2,2,,2,2,2,2,,2,1,1,2,,,,2,,,,2,,,,,,2,,,,,,,1,2,2,2,2,2,1,1,2,2,1,,1,2,3,1,2,1,,0,0,4,3,4,2,4,5,1,1,0,0
"Gambia, The","GMB",127068590,0.369598757330278,2,40,2,4,1,2,1,1,0,,,2,,,,,,,,,,,,,,,1,1,1,1,2,1,2,1,1,2,1,2,2,2,,,,,2,,,2,2,2,,,,2,2,,2,2,2,2,,3,1,1,1,2,1,1,2,,,,1,1,1,1,,,1,1,2,2,1,,,2,2,,,,,2,,,,,,1,1,1,1,1,1,,1,0,2,4,4,4,1,2,1,2,1,0
"Gambia, The","GMB",154778136,0.555945862391023,2,37,2,4,1,1,1,1,0,1,2,2,,,2,2,2,,,,2,,2,,1,,,,,,,,,,2,2,1,2,2,1,,,,,2,,,2,2,2,,,,2,1,,2,1,2,1,,7,,,2,,,,2,,,,2,,,,,,2,,,,,,,2,2,,,,,2,,,,,,5,1,2,1,3,1,,1,1,4,4,4,4,4,5,2,1,0,0
"Gambia, The","GMB",157866177,0.514362081803169,2,50,2,5,2,2,1,1,0,2,2,1,2,,2,2,2,,,,1,1,1,1,1,,,,,,,,,,2,2,2,1,2,2,,,,,2,,,2,1,2,,,,1,1,,2,2,2,2,,5,3,3,2,,,,2,,,,1,2,2,,,1,2,,,,,,,2,2,,,,,2,,,,,,1,1,1,1,4,1,,1,0,4,4,4,4,2,5,1,1,1,0
"Gambia, The","GMB",149049446,0.760361749647588,1,35,1,1,1,1,0,0,0,,,2,,,,,,,,,,,,,,1,2,2,2,2,2,1,2,2,2,2,1,1,2,1,,,,,2,,,2,2,2,,,,2,2,,1,1,1,1,1,2,1,1,2,,,,1,1,,,2,,,,,,2,,,,,,,2,2,,,,,1,1,2,2,1,,1,1,1,1,2,1,,1,1,4,4,4,2,4,1,2,2,0,0
"Gambia, The","GMB",151087158,0.593212964070366,1,19,2,2,2,1,0,0,0,,,2,,,,,,,,,,,,,,2,1,1,1,2,2,1,1,1,2,1,1,1,2,1,,,,,2,,,2,2,2,,,,2,2,,2,1,2,1,,2,1,2,2,,,,1,2,1,2,2,,,,,,2,,,,,,,2,2,,,,,2,,,,,,1,1,1,1,2,2,,0,1,4,4,4,4,4,3,1,2,0,0
"Gambia, The","GMB",166612041,2.69470505651632,2,50,1,3,1,2,1,1,0,2,2,2,,,2,2,2,,,,2,,1,2,1,,,,,,,,,,2,2,2,1,2,2,,,,,2,,,1,2,2,,,,2,2,,2,2,2,1,,3,1,1,2,,,,1,1,,,1,2,2,,,1,2,,,,,,,2,2,,,,,1,1,2,2,1,,1,1,1,1,4,1,,0,1,4,4,4,2,2,1,1,1,1,0
"Gambia, The","GMB",142759677,1.02557047730128,2,22,2,4,1,2,1,1,0,2,2,2,,,2,2,2,,,,1,2,2,,1,,,,,,,,,,2,1,2,2,2,2,,,,,2,,,2,2,2,,,,1,2,,2,2,2,2,,3,1,1,1,2,1,2,2,,,,1,2,2,,,1,1,1,1,2,,,1,2,2,,,,,2,,,,,,1,1,1,1,4,1,,1,0,1,4,4,4,2,3,1,1,1,0
"Gambia, The","GMB",150803217,0.721024443285898,1,23,1,4,1,1,0,0,0,,,2,,,,,,,,,,,,,,2,2,2,2,2,2,1,2,2,2,1,2,2,2,2,,,,,2,,,2,2,2,,,,2,2,,2,2,2,2,,5,1,1,2,,,,2,,,,1,2,2,,,2,2,,,,,,,2,2,,,,,2,,,,,,1,1,1,1,2,1,,0,0,4,4,4,4,3,5,1,1,0,0
"Gambia, The","GMB",140906316,0.89375628857819,1,16,2,3,2,2,0,0,0,,,2,,,,,,,,,,,,,,2,2,3,2,2,2,1,2,1,2,2,2,2,2,2,,,,,2,,,2,2,2,,,,2,2,,2,2,2,2,,7,,,2,,,,2,,,,3,,,,,,2,,,,,,,2,2,,,,,2,,,,,,3,4,4,2,,1,,0,0,4,4,4,4,5,5,2,2,0,0
"Gambia, The","GMB",203525101,1.78751257715638,1,21,2,1,1,2,1,1,0,2,2,2,,,2,1,2,,,,1,2,2,,1,,,,,,,,,,2,2,2,2,2,1,,,,,2,,,2,2,2,,,,2,1,,1,2,2,2,2,2,1,4,2,,,,1,1,,,2,,,,,,2,,,,,,,2,2,,,,,2,,,,,,2,1,4,2,2,2,,1,0,4,4,4,4,4,1,1,2,1,0
"Gambia, The","GMB",197096663,0.873951431631593,2,38,1,5,1,2,1,1,0,2,2,1,2,,2,2,2,,,,2,,1,1,1,,,,,,,,,,2,2,2,2,2,2,,,,,2,,,2,2,2,,,,2,1,,2,2,2,1,,2,2,2,2,,,,2,,,,1,2,2,,,1,2,,,,,,,2,2,,,,,2,,,,,,1,1,1,1,3,1,,1,1,4,4,4,4,2,5,1,1,0,0
"Gambia, The","GMB",136046408,0.604582889783076,1,25,1,4,1,1,0,0,0,,,2,,,,,,,,,,,,,,1,1,1,1,2,2,1,2,2,1,2,1,1,2,2,,,,,2,,,2,2,2,,,,2,2,,1,2,2,2,2,7,,,2,,,,1,2,1,2,1,2,2,,,1,2,,,,,,,2,2,,,,,1,1,2,2,1,,1,1,1,1,4,1,,1,0,4,4,4,2,2,3,1,2,0,0
"Gambia, The","GMB",194772425,0.721024443285898,1,22,1,1,1,2,1,1,0,2,2,2,,,2,2,2,,,,1,3,1,2,1,,,,,,,,,,1,2,2,1,2,1,,,,,1,1,,2,2,2,,,,2,2,,1,1,1,2,2,4,2,1,1,1,,,1,1,,,2,,,,,,2,,,,,,,2,2,,,,,2,,,,,,1,1,2,2,3,1,,1,1,4,4,4,4,4,1,1,2,1,1
"Gambia, The","GMB",126931331,1.97381885772377,1,52,1,2,1,2,1,0,1,,,2,,,,,,,,,,,,,,,2,2,2,2,2,1,2,2,,,,,,,2,2,2,2,2,,,2,2,2,,,,2,2,2,1,1,1,2,2,2,1,1,2,,,,1,2,1,1,2,,,,,,2,,,,,,,2,2,,,,,2,,,,,,1,1,1,1,4,1,,1,1,4,4,4,4,4,2,1,1,1,0
"Gambia, The","GMB",159364229,2.41151854934551,2,26,1,4,1,2,0,0,0,,,2,,,,,,,,,,,,,,2,2,2,2,2,2,1,2,2,2,2,2,1,2,2,,,,,2,,,2,2,2,,,,2,2,,2,2,2,2,,2,1,1,1,2,1,2,2,,,,1,2,2,,,1,2,,,,,,,2,2,,,,,2,,,,,,3,3,1,3,,3,,1,0,4,4,4,4,2,3,2,2,0,0
"Gambia, The","GMB",193160199,0.578602146434435,2,34,2,4,1,2,1,1,0,1,2,2,,,1,1,2,,,,1,2,1,1,1,,,,,,,,,,2,2,2,2,2,2,,,,,2,,,2,1,2,,,,2,2,,2,2,1,2,,3,3,3,2,,,,1,2,2,2,2,,,,,,1,2,2,2,2,2,,2,2,,,,,2,,,,,,3,3,4,3,,2,,0,1,3,4,4,4,4,4,1,2,1,0
"Gambia, The","GMB",192792239,1.02557047730128,2,17,2,5,2,2,1,1,0,2,2,2,,,1,2,2,,,,1,2,1,1,1,,,,,,,,,,2,2,2,2,2,2,,,,,2,,,2,2,2,,,,2,2,,2,2,2,1,,2,3,3,1,1,,,1,2,1,1,2,,,,,,1,2,2,2,2,2,,1,2,2,2,1,,2,,,,,,2,2,2,3,3,2,,1,1,3,2,4,4,4,1,1,1,1,0
"Gambia, The","GMB",148707910,1.3698577622769,1,38,1,1,1,1,0,0,0,,,2,,,,,,,,,,,,,,2,2,2,1,2,2,1,2,2,2,2,1,1,2,2,,,,,2,,,2,2,2,,,,2,2,,2,2,2,2,,3,1,1,2,,,,2,,,,2,,,,,,1,2,2,2,2,2,,2,2,,,,,2,,,,,,1,1,3,1,1,1,,0,0,3,4,4,4,4,5,1,2,0,0
"Gambia, The","GMB",149700662,0.519309268659036,1,29,2,5,1,2,1,1,0,1,2,2,,,2,2,2,,,,1,2,1,1,1,,,,,,,,,,1,3,2,2,2,2,,,,,2,,,2,2,2,,,,2,2,,1,2,2,2,2,3,3,3,1,2,1,2,2,,,,2,,,,,,1,1,1,2,,,2,2,2,,,,,2,,,,,,1,1,3,3,2,1,,1,0,1,4,4,4,4,3,1,2,1,0
"Gambia, The","GMB",160887830,0.340831347609289,1,19,2,1,2,2,1,1,0,2,2,2,,,1,2,2,,,,2,,2,,2,,,,,,,,,,1,1,1,1,1,2,,,,,2,,,2,2,1,2,1,,2,2,,1,1,2,1,2,2,1,1,2,,,,1,2,1,2,2,,,,,,2,,,,,,,2,2,,,,,2,,,,,,5,3,1,3,,3,,1,1,4,4,4,4,4,3,2,1,1,0
"Gambia, The","GMB",182661642,1.48036414329283,1,50,1,4,1,2,1,1,0,2,2,2,,,2,2,2,,,,1,1,2,,1,,,,,,,,,,2,1,2,1,2,2,,,,,2,,,2,2,2,,,,2,2,,1,2,2,2,2,7,,,2,,,,2,,,,1,2,2,,,1,2,,,,,,,2,2,,,,,1,1,2,2,1,,1,1,1,1,2,1,,1,0,4,4,4,2,2,5,1,2,0,0
"Gambia, The","GMB",115365718,0.861413429267023,2,35,1,5,1,2,1,1,1,1,2,2,,,1,1,1,2,,1,1,2,2,,1,,,,,,,,,,,,,,,,1,2,2,2,2,,,2,1,2,,,,1,1,2,1,1,1,2,2,2,1,1,1,1,,,1,1,,,1,2,2,,,1,1,1,1,2,,,2,1,2,1,2,,,1,1,2,2,1,,1,1,1,1,4,1,,1,1,1,1,4,2,2,1,1,1,1,0
"Gambia, The","GMB",186591176,0.390144309346376,2,57,2,5,1,2,1,1,0,1,2,1,1,2,2,1,2,,,,1,2,1,1,1,,,,,,,,,,2,2,2,1,2,2,,,,,2,,,2,2,2,,,,2,2,,2,2,2,2,,1,3,2,1,2,1,1,2,,,,1,2,2,,,1,1,2,1,2,,,1,2,2,,,,,2,,,,,,2,2,3,1,2,1,,1,0,1,4,4,4,2,2,1,1,1,0
"Gambia, The","GMB",205706348,0.962711665338905,2,20,1,2,2,1,0,0,0,,,2,,,,,,,,,,,,,,2,2,2,2,2,2,2,2,2,2,2,2,2,2,2,,,,,2,,,2,2,2,,,,2,2,,2,2,2,2,,2,1,1,2,,,,2,,,,2,,,,,,2,,,,,,,2,2,,,,,1,3,2,2,1,,1,2,1,2,2,4,,0,0,4,4,4,2,4,5,1,1,0,0
"Gambia, The","GMB",206144093,0.513370855017578,1,50,1,5,1,2,0,0,0,,,2,,,,,,,,,,,,,,1,2,2,2,2,1,1,2,2,2,2,2,1,2,2,,,,,2,,,2,2,2,,,,2,2,,2,1,2,2,,2,1,1,2,,,,2,,,,1,2,2,,,1,2,,,,,,,2,2,,,,,2,,,,,,1,1,1,1,2,1,,0,1,4,4,4,4,2,5,1,2,0,0
"Gambia, The","GMB",205771522,0.906874334674614,1,25,1,3,1,1,0,0,0,,,2,,,,,,,,,,,,,,1,2,1,1,2,2,1,2,2,2,2,2,1,2,2,,,,,2,,,2,2,2,,,,2,2,,1,2,1,2,2,2,1,1,1,2,1,2,2,,,,2,,,,,,2,,,,,,,2,2,,,,,1,1,2,2,1,,1,3,3,3,,1,,1,1,4,4,4,2,4,3,1,1,0,0
"Gambia, The","GMB",126803156,0.652186892250684,1,30,1,3,1,1,0,0,0,,,2,,,,,,,,,,,,,,1,2,2,2,2,2,1,2,1,2,2,2,1,2,2,,,,,2,,,2,2,2,,,,2,2,,1,1,2,1,1,3,1,1,2,,,,1,1,,,2,,,,,,2,,,,,,,2,2,,,,,2,,,,,,1,1,1,3,3,3,,1,1,4,4,4,4,4,1,1,1,0,0
"Gambia, The","GMB",167859511,2.08454579320593,1,25,1,2,2,2,1,1,0,,,2,,,,,,,,,,,,,,,2,2,2,2,2,1,2,2,1,3,2,1,1,2,,,,,2,,,2,2,2,,,,2,2,,1,1,2,2,2,2,2,1,2,,,,2,,,,2,,,,,,2,,,,,,,2,2,,,,,1,1,2,2,2,1,2,2,3,3,2,2,,1,1,4,4,4,1,4,5,1,1,0,0
"Gambia, The","GMB",200153183,0.619616936400499,1,30,2,3,1,2,0,0,0,,,2,,,,,,,,,,,,,,1,2,2,1,2,2,1,2,2,2,2,1,1,2,2,,,,,2,,,2,2,2,,,,1,2,,2,2,2,2,,1,2,1,1,2,1,2,1,1,,,2,,,,,,2,,,,,,,2,2,,,,,2,,,,,,2,1,1,1,3,1,,1,1,4,4,4,4,4,1,2,1,0,0
"Gambia, The","GMB",139520820,0.46629958061926,1,29,2,4,1,2,0,0,0,,,2,,,,,,,,,,,,,,1,2,2,2,2,2,1,2,2,2,2,2,1,2,2,,,,,2,,,1,2,2,,,,2,2,,1,2,2,2,1,2,1,1,1,1,,,2,,,,2,,,,,,2,,,,,,,2,2,,,,,2,,,,,,1,1,3,1,4,2,,1,1,4,4,4,4,4,1,1,1,0,0
"Gambia, The","GMB",124189586,1.51090836997159,1,40,1,2,1,1,0,0,0,,,2,,,,,,,,,,,,,,2,2,2,2,2,2,2,2,2,2,2,2,1,2,2,,,,,2,,,2,2,2,,,,2,2,,2,1,2,1,,2,1,1,2,,,,2,,,,1,2,2,,,1,2,,,,,,,2,2,,,,,1,1,2,2,1,,1,1,1,1,2,1,,0,1,4,4,4,2,2,5,1,2,0,0
"Gambia, The","GMB",149712284,1.28835745741355,2,35,3,2,1,2,1,1,0,2,2,1,1,2,1,1,2,,,,1,1,1,1,1,,,,,,,,,,2,1,2,2,2,2,,,,,2,,,1,2,1,2,1,,2,2,,2,1,2,1,,1,3,3,2,,,,2,,,,2,,,,,,2,,,,,,,2,2,,,,,2,,,,,,1,1,1,1,1,1,,1,1,4,4,4,4,4,5,1,1,1,0
"Gambia, The","GMB",203494214,0.460947832017916,1,27,2,4,2,2,0,0,0,,,2,,,,,,,,,,,,,,1,2,2,1,2,2,1,2,2,2,2,1,1,2,2,,,,,2,,,2,2,1,2,1,,2,2,,2,2,2,2,,2,2,1,2,,,,1,2,1,2,2,,,,,,2,,,,,,,2,2,,,,,2,,,,,,4,1,2,2,5,2,,1,0,4,4,4,4,4,3,1,1,0,0
"Gambia, The","GMB",112969712,0.359626896819751,1,18,2,1,2,1,0,0,0,,,2,,,,,,,,,,,,,,1,2,2,1,1,2,1,2,2,1,2,1,1,2,1,,,,,2,,,2,2,2,,,,1,2,,2,2,2,2,,2,2,1,2,,,,2,,,,2,,,,,,2,,,,,,,2,2,,,,,1,1,2,2,1,,1,1,1,1,2,1,,1,1,4,4,4,2,4,5,1,1,0,0
"Gambia, The","GMB",201111742,0.364959845247662,1,24,2,5,1,1,1,1,1,2,2,1,2,,1,1,2,,,,1,1,1,1,1,,,,,,,,,,,,,,,,2,1,2,1,2,,,2,2,2,,,,1,1,1,1,2,2,1,1,1,3,2,1,1,,,1,1,,,2,,,,,,1,1,1,2,,,2,1,2,1,2,,,2,,,,,,1,1,1,1,2,1,,1,1,1,1,4,4,4,1,1,1,1,0
"Gambia, The","GMB",137684570,0.253401920459907,2,36,2,5,1,2,1,1,0,1,1,1,1,2,1,2,2,,,,1,1,1,1,1,,,,,,,,,,,,,,,,,,,,2,,,2,2,1,1,1,,2,1,2,2,2,1,2,,3,2,1,1,1,,,2,,,,1,2,2,,,1,1,1,1,2,,,1,2,2,,,,,1,1,2,2,1,,2,1,1,2,2,2,,1,1,1,4,4,2,2,1,1,1,1,1
"Gambia, The","GMB",115228455,0.54390645486553,1,20,2,3,2,2,0,0,0,,,2,,,,,,,,,,,,,,1,2,1,2,2,2,1,2,2,2,1,2,1,2,2,,,,,2,,,2,2,2,,,,2,2,,1,2,2,2,2,2,1,1,2,,,,2,,,,2,,,,,,2,,,,,,,2,2,,,,,2,,,,,,1,1,1,1,2,1,,1,0,4,4,4,4,4,5,1,1,0,0
"Gambia, The","GMB",112836289,0.954325206497116,1,60,1,5,1,1,0,0,0,,,2,,,,,,,,,,,,,,1,2,2,2,2,2,1,2,2,3,3,1,1,2,2,,,,,2,,,2,2,2,,,,2,2,,2,2,2,2,,2,3,3,2,,,,1,2,1,1,2,,,,,,2,,,,,,,2,2,,,,,1,1,2,2,1,,3,3,2,2,4,1,,0,0,4,4,4,2,4,2,1,2,0,0
"Gambia, The","GMB",176951049,3.00106912418754,1,70,1,3,2,2,0,0,0,,,2,,,,,,,,,,,,,,2,2,2,2,2,2,2,2,2,2,2,2,1,2,2,,,,,2,,,2,2,2,,,,2,2,,2,2,2,2,,2,1,1,2,,,,2,,,,1,2,2,,,2,2,,,,,,,2,2,,,,,2,,,,,,4,1,1,1,4,1,,0,0,4,4,4,4,3,5,1,2,0,0
"Gambia, The","GMB",145305038,1.35111396419522,2,45,1,3,1,2,0,0,0,,,2,,,,,,,,,,,,,,1,2,2,2,2,2,1,2,2,2,2,2,1,2,2,,,,,2,,,2,2,2,,,,2,2,,2,2,2,1,,2,1,1,1,2,1,2,1,2,1,1,2,,,,,,2,,,,,,,2,2,,,,,1,1,2,2,1,,3,2,1,1,3,1,,0,1,4,4,4,2,4,2,1,2,0,0
"Gambia, The","GMB",155934368,0.494344136725305,1,24,2,4,2,2,1,0,1,,,2,,,,,,,,,,,,,,,2,2,2,2,2,1,1,2,,,,,,,2,1,2,2,2,,,2,2,2,,,,2,2,1,1,2,2,2,2,2,1,1,2,,,,2,,,,1,2,2,,,1,2,,,,,,,2,2,,,,,2,,,,,,1,2,2,1,3,1,,1,0,4,4,4,4,2,5,1,1,1,0
"Gambia, The","GMB",188236128,0.477219882439579,2,40,1,4,1,2,0,0,0,,,2,,,,,,,,,,,,,,1,2,2,2,2,2,1,2,2,2,2,2,2,2,2,,,,,2,,,2,2,2,,,,2,2,,2,2,2,2,,1,1,2,2,,,,2,,,,1,2,2,,,1,2,,,,,,,2,2,,,,,2,,,,,,2,1,1,2,1,1,,0,0,4,4,4,4,2,5,1,1,0,0
"Gambia, The","GMB",131138617,1.24685999754925,2,45,1,5,1,1,0,0,0,,,2,,,,,,,,,,,,,,1,2,3,2,1,2,2,3,2,1,1,2,1,2,2,,,,,2,,,2,2,2,,,,1,1,,2,2,2,2,,1,3,3,1,2,1,1,2,,,,1,2,2,,,1,2,,,,,,,2,1,2,2,1,,1,1,2,2,1,,1,1,1,1,4,3,,1,0,4,4,2,2,2,2,1,1,0,0
"Gambia, The","GMB",159515124,0.377727092492898,1,39,1,5,1,1,0,0,0,,,2,,,,,,,,,,,,,,1,2,2,2,2,2,1,2,2,2,2,2,1,2,2,,,,,2,,,2,2,2,,,,2,2,,1,1,2,1,2,2,1,1,2,,,,2,,,,1,2,2,,,1,2,,,,,,,2,2,,,,,1,1,2,2,1,,1,1,1,1,4,1,,1,1,4,4,4,2,2,5,1,2,0,0
"Gambia, The","GMB",158376568,0.275780103189071,1,23,2,3,2,1,0,0,0,,,2,,,,,,,,,,,,,,2,2,2,2,2,1,1,2,2,2,2,2,1,2,2,,,,,2,,,2,2,2,,,,2,2,,2,1,2,1,,2,1,1,2,,,,2,,,,2,,,,,,2,,,,,,,2,2,,,,,2,,,,,,1,1,5,1,2,1,,0,1,4,4,4,4,4,5,2,1,0,0
"Gambia, The","GMB",208973023,0.892033604986221,1,22,1,1,1,2,0,0,0,,,2,,,,,,,,,,,,,,2,2,1,1,2,2,1,1,2,2,1,2,1,2,1,,,,,2,,,2,2,2,,,,2,2,,2,2,2,2,,3,1,1,2,,,,2,,,,2,,,,,,2,,,,,,,2,2,,,,,1,1,2,2,1,,1,1,1,1,2,1,,0,0,4,4,4,2,4,5,2,2,0,0
"Gambia, The","GMB",194403092,1.5457243950382,2,24,1,5,1,2,0,0,0,,,2,,,,,,,,,,,,,,1,2,2,2,2,2,1,2,2,2,2,2,1,2,2,,,,,2,,,2,2,2,,,,1,2,,1,2,2,1,2,2,3,2,1,1,,,2,,,,1,2,2,,,1,1,2,2,2,1,,,2,2,,,,,2,,,,,,1,1,3,1,1,3,,1,1,2,4,4,4,2,1,1,1,0,0
"Gambia, The","GMB",140261242,0.262916216829291,1,15,3,4,2,1,0,0,0,,,2,,,,,,,,,,,,,,2,2,2,3,2,2,2,2,2,2,2,2,2,2,2,,,,,2,,,2,2,2,,,,2,2,,2,2,2,2,,2,1,1,2,,,,2,,,,2,,,,,,2,,,,,,,2,2,,,,,2,,,,,,1,1,1,1,2,2,,0,0,4,4,4,4,4,5,2,2,0,0
"Gambia, The","GMB",148736594,0.686251606805519,1,37,2,4,1,2,0,0,0,,,2,,,,,,,,,,,,,,2,2,1,1,2,2,1,2,1,2,2,1,1,1,2,,,,,2,,,2,2,1,2,1,,2,2,,1,2,2,1,2,1,2,1,2,,,,2,,,,1,2,2,,,1,2,,,,,,,2,2,,,,,2,,,,,,2,1,1,2,2,2,,1,1,4,4,4,4,2,5,2,2,0,0
"Gambia, The","GMB",210470715,0.964607419738202,2,33,1,4,1,2,1,1,0,2,2,2,,,2,1,2,,,,1,2,2,,1,,,,,,,,,,2,2,2,1,2,2,,,,,2,,,2,1,2,,,,2,2,,2,2,2,2,,3,3,3,2,,,,2,,,,2,,,,,,2,,,,,,,2,2,,,,,2,,,,,,1,1,1,1,4,1,,0,0,4,4,4,4,4,5,1,1,1,0
"Gambia, The","GMB",125185688,0.944971678096698,1,30,1,1,2,2,0,0,0,,,2,,,,,,,,,,,,,,2,2,2,2,2,2,1,2,2,2,2,2,1,2,2,,,,,2,,,2,2,2,,,,2,2,,2,1,1,1,,4,1,1,2,,,,1,1,,,1,2,2,,,2,2,,,,,,,2,2,,,,,1,1,2,2,1,,1,1,1,1,3,1,,0,1,4,4,4,2,3,1,1,2,0,0
"Gambia, The","GMB",187103071,0.413670154783606,1,20,1,1,2,2,0,0,0,,,2,,,,,,,,,,,,,,1,2,3,2,1,2,2,2,2,2,1,2,1,2,2,,,,,2,,,1,2,2,,,,2,2,,2,2,2,2,,5,1,1,2,,,,1,2,2,2,2,,,,,,2,,,,,,,2,2,,,,,1,1,2,2,2,2,1,1,1,1,4,1,,0,0,4,4,4,3,4,4,1,1,0,0
"Gambia, The","GMB",145241699,2.27642334148737,2,21,1,1,1,2,0,0,0,,,2,,,,,,,,,,,,,,2,2,2,2,2,2,2,2,2,2,2,2,2,2,2,,,,,2,,,2,2,2,,,,2,2,,2,2,2,2,,7,,,2,,,,2,,,,2,,,,,,2,,,,,,,2,4,,,,,2,,,,,,2,2,2,2,2,1,,0,0,4,4,5,4,4,5,2,2,0,0
"Gambia, The","GMB",149824819,0.70467399338325,2,39,2,2,1,2,0,0,0,,,2,,,,,,,,,,,,,,1,2,1,1,2,2,1,2,2,,,,,,,,,,,2,,,2,1,2,,,,2,2,2,2,1,2,1,,4,1,1,2,,,,1,2,2,1,2,,,,,,2,,,,,,,2,2,,,,,2,,,,,,1,1,1,1,2,1,,0,1,4,4,4,4,4,2,1,1,0,0
"Gambia, The","GMB",159096939,0.570763404997132,2,33,1,4,1,2,1,1,0,,,1,2,,2,1,2,,,,2,,2,,2,,,,,,,,,,,,,,,,,,,,2,,,2,2,2,,,,3,2,2,2,2,2,1,,2,1,1,1,1,,,2,,,,2,,,,,,1,2,2,2,1,,,2,2,,,,,2,,,,,,1,1,1,1,2,1,,0,1,2,4,4,4,4,1,1,1,1,0
"Gambia, The","GMB",209587865,2.28305361998853,2,25,1,1,1,1,0,0,0,,,2,,,,,,,,,,,,,,2,1,2,2,2,2,2,2,2,2,2,2,1,2,2,,,,,2,,,2,2,2,,,,2,2,,2,2,2,2,,2,2,1,2,,,,2,,,,1,2,2,,,1,2,,,,,,,2,2,,,,,1,1,2,2,1,,1,1,2,3,3,1,,0,0,4,4,4,2,2,5,1,2,0,0
"Gambia, The","GMB",175295644,3.00106912418754,2,48,1,3,1,2,1,1,0,1,2,2,,,2,2,2,,,,2,,2,,1,,,,,,,,,,1,1,1,1,1,2,,,,,2,,,2,2,2,,,,2,2,,2,2,1,2,,2,2,2,2,,,,1,2,2,1,1,1,2,1,,,1,2,1,2,,,2,2,2,,,,,2,,,,,,1,1,1,1,4,2,,1,1,1,4,4,4,1,2,1,1,1,0
"Gambia, The","GMB",134473560,0.501273926829666,1,17,2,5,2,2,0,0,0,,,2,,,,,,,,,,,,,,2,2,2,2,2,2,1,2,2,2,2,2,1,2,2,,,,,2,,,2,2,2,,,,2,2,,2,2,2,2,,2,3,2,2,,,,2,,,,1,2,2,,,1,2,,,,,,,2,2,,,,,2,,,,,,2,3,3,2,4,3,,0,0,4,4,4,4,2,5,1,1,0,0
"Gambia, The","GMB",120759505,0.755454184985796,1,35,1,4,1,2,1,1,0,2,2,2,,,2,2,2,,,,2,,2,,2,,,,,,,,,,2,3,2,1,2,2,,,,,2,,,2,2,2,,,,2,1,,2,2,2,2,,1,1,1,2,,,,2,,,,2,,,,,,2,,,,,,,2,2,,,,,2,,,,,,1,1,1,1,4,1,,1,0,4,4,4,4,4,5,1,1,0,0
"Gambia, The","GMB",147051290,0.873951431631593,2,37,1,5,1,2,1,1,0,2,2,2,,,2,1,2,,,,2,,2,,1,,,,,,,,,,2,2,2,2,2,2,,,,,2,,,2,2,2,,,,2,2,,2,2,2,2,,7,,,1,2,1,1,1,2,1,1,1,2,2,,,1,2,,,,,,,2,2,,,,,2,,,,,,1,1,1,1,4,1,,0,0,4,4,4,4,2,2,1,1,0,0
"Gambia, The","GMB",121875853,0.611906492872065,2,28,2,2,1,1,0,0,0,,,2,,,,,,,,,,,,,,1,2,1,2,2,2,1,2,2,2,1,2,1,2,2,,,,,2,,,2,2,2,,,,2,2,,2,1,2,1,,2,1,1,2,,,,2,,,,2,,,,,,2,,,,,,,1,2,2,2,2,2,1,1,2,2,1,,1,1,1,1,2,1,,0,1,4,3,4,2,4,5,1,2,0,0
"Gambia, The","GMB",120644587,0.434573338728327,2,32,2,2,2,2,1,1,0,1,2,2,,,2,2,2,,,,2,,1,2,1,,,,,,,,,,,,,,,,,,,,2,,,2,2,2,,,,2,2,2,2,1,2,1,,7,,,2,,,,2,,,,1,2,1,2,,,2,,,,,,,2,2,,,,,2,,,,,,1,1,1,2,2,1,,0,1,4,4,4,4,1,5,1,1,0,0
"Gambia, The","GMB",118841617,0.252479092000203,1,27,2,4,1,2,0,0,0,,,2,,,,,,,,,,,,,,2,2,1,2,2,2,1,2,2,2,1,1,1,2,2,,,,,2,,,2,2,2,,,,2,2,,2,2,2,2,,7,,,2,,,,2,,,,1,2,2,,,1,2,,,,,,,2,2,,,,,2,,,,,,1,1,1,3,2,1,,0,0,4,4,4,4,2,5,1,1,0,0
"Gambia, The","GMB",197880394,0.574275619511349,2,35,1,5,1,2,0,0,0,,,2,,,,,,,,,,,,,,1,2,2,2,2,2,1,2,2,2,1,2,1,2,2,,,,,2,,,2,2,2,,,,2,2,,2,2,2,1,,2,1,1,2,,,,2,,,,1,2,2,,,1,2,,,,,,,1,2,2,2,2,2,2,,,,,,1,1,1,1,3,1,,0,1,4,3,4,4,2,5,1,1,0,0
"Gambia, The","GMB",131402455,0.645679789655448,2,37,2,2,1,2,0,0,0,,,2,,,,,,,,,,,,,,2,2,2,2,2,2,1,2,2,2,2,2,1,2,2,,,,,2,,,2,2,2,,,,2,2,,2,2,2,2,,5,1,1,2,,,,2,,,,1,2,2,,,1,1,1,2,2,1,,,2,2,,,,,2,,,,,,1,1,1,1,1,1,,0,0,2,4,4,4,2,5,1,1,0,0
"Gambia, The","GMB",126239706,0.917749126906264,2,24,1,5,1,2,0,0,0,,,2,,,,,,,,,,,,,,2,2,2,2,2,2,1,2,2,2,2,2,2,2,2,,,,,2,,,2,2,2,,,,2,2,,2,2,2,2,,1,2,2,2,,,,2,,,,1,2,2,,,1,1,2,2,2,1,,,2,2,,,,,2,,,,,,1,1,2,1,1,1,,0,0,2,4,4,4,2,5,1,1,0,0
"Gambia, The","GMB",111836460,1.30176517308183,2,57,1,3,1,1,0,0,0,,,2,,,,,,,,,,,,,,2,1,1,2,1,2,1,2,2,2,2,2,2,2,2,,,,,2,,,2,2,2,,,,2,2,,2,2,2,1,,2,1,1,2,,,,1,1,,,1,2,1,3,,,2,,,,,,,2,2,,,,,2,,,,,,1,1,1,1,3,1,,0,1,4,4,4,4,1,1,1,1,0,0
"Gambia, The","GMB",158237362,3.00106912418754,2,28,1,5,1,2,1,1,0,1,2,2,,,2,2,2,,,,1,1,1,2,1,,,,,,,,,,2,2,2,1,2,2,,,,,2,,,2,2,2,,,,2,1,,2,2,2,1,,3,2,1,2,,,,1,2,1,1,2,,,,,,2,,,,,,,2,2,,,,,2,,,,,,1,1,2,1,2,1,,1,1,4,4,4,4,4,2,1,2,0,0
"Gambia, The","GMB",183929036,0.936008203146581,2,16,2,5,2,2,0,0,0,,,2,,,,,,,,,,,,,,2,2,2,1,2,2,1,2,2,2,2,1,1,2,2,,,,,2,,,2,2,2,,,,2,2,,2,2,2,2,,7,,,2,,,,2,,,,2,,,,,,2,,,,,,,2,2,,,,,2,,,,,,5,5,5,5,,4,,0,0,4,4,4,4,4,5,2,2,0,0
"Gambia, The","GMB",205276391,0.408514288278026,1,24,3,5,2,2,1,1,0,2,2,2,,,2,2,2,,,,2,,2,,2,,,,,,,,,,2,2,1,1,2,2,,,,,2,,,2,2,2,,,,2,2,,2,1,2,2,,4,1,1,2,,,,2,,,,1,2,2,,,1,2,,,,,,,2,2,,,,,2,,,,,,1,1,1,1,2,1,,0,1,4,4,4,4,2,5,1,1,0,0
"Gambia, The","GMB",174323642,0.980118747396531,1,50,2,4,2,2,0,0,0,,,2,,,,,,,,,,,,,,2,2,2,2,2,2,1,2,2,2,1,1,1,2,2,,,,,2,,,2,2,2,,,,2,2,,2,2,2,2,,4,1,1,2,,,,2,,,,1,2,2,,,1,2,,,,,,,2,2,,,,,2,,,,,,1,1,1,2,2,2,,0,0,4,4,4,4,2,5,1,1,0,0
"Gambia, The","GMB",207224600,0.715385165151743,2,68,2,4,2,2,1,1,0,2,2,2,,,2,2,2,,,,2,,2,,1,,,,,,,,,,2,1,2,1,2,2,,,,,2,,,2,2,2,,,,2,1,,2,2,2,2,,1,1,1,2,,,,2,,,,2,,,,,,2,,,,,,,2,2,,,,,2,,,,,,1,1,1,1,4,1,,1,0,4,4,4,4,4,5,1,1,0,0
"Gambia, The","GMB",190105396,0.917749126906264,2,18,2,4,2,2,0,0,0,,,2,,,,,,,,,,,,,,2,1,1,1,2,2,1,2,1,2,1,1,1,2,1,,,,,2,,,2,2,2,,,,2,2,,2,2,2,2,,2,1,1,2,,,,2,,,,2,,,,,,2,,,,,,,2,2,,,,,2,,,,,,2,2,2,3,2,3,,0,0,4,4,4,4,4,5,2,2,0,0
"Gambia, The","GMB",148896752,1.2430375877744,2,18,1,5,1,2,0,0,0,,,2,,,,,,,,,,,,,,1,2,2,2,2,2,2,2,2,2,2,2,2,2,2,,,,,2,,,2,2,2,,,,2,2,,2,2,2,1,,5,3,3,2,,,,2,,,,2,,,,,,2,,,,,,,1,2,2,2,1,,2,,,,,,2,3,3,3,,3,,0,1,4,2,4,4,4,5,1,1,0,0
"Gambia, The","GMB",172668504,2.08707323045868,2,16,1,4,1,2,1,1,0,2,2,2,,,2,2,2,,,,2,,2,,2,,,,,,,,,,2,2,2,1,2,2,,,,,2,,,2,2,2,,,,2,2,,2,2,2,2,,3,3,3,2,,,,2,,,,2,,,,,,2,,,,,,,2,2,,,,,2,,,,,,3,3,3,3,,1,,0,0,4,4,4,4,4,5,1,2,0,0
"Gambia, The","GMB",209924122,0.959005058186003,1,15,2,1,1,2,0,0,0,,,2,,,,,,,,,,,,,,1,2,1,1,2,2,1,2,2,1,2,1,1,2,1,,,,,2,,,2,2,2,,,,2,2,,2,1,2,2,,3,1,1,2,,,,2,,,,2,,,,,,2,,,,,,,2,2,,,,,1,1,2,2,1,,1,1,1,1,4,1,,0,1,4,4,4,2,4,5,2,2,0,0
"Gambia, The","GMB",160661513,0.538187644517743,1,45,1,4,1,1,1,1,0,,,2,,,,,,,,,,,,,,,2,2,1,2,3,1,2,2,3,1,1,1,2,1,,,,,2,,,2,2,2,,,,2,2,,2,1,2,1,,2,1,1,2,,,,1,1,,,1,1,2,1,,,1,2,2,2,2,2,,2,2,,,,,2,,,,,,1,1,1,1,2,1,,0,1,3,4,4,4,1,1,1,2,1,0
"Gambia, The","GMB",208068204,0.760361749647588,1,42,1,2,1,1,0,0,0,,,2,,,,,,,,,,,,,,1,2,2,1,2,2,1,2,2,2,2,2,1,2,2,,,,,2,,,2,2,2,,,,2,2,,1,2,2,2,2,2,1,1,2,,,,2,,,,2,,,,,,2,,,,,,,2,2,,,,,1,1,2,2,1,,1,1,1,1,2,1,,1,0,4,4,4,2,4,5,1,1,0,0
"Gambia, The","GMB",177685103,0.424817774733648,1,31,2,2,1,2,0,0,0,,,2,,,,,,,,,,,,,,1,2,2,2,2,2,1,2,2,2,2,2,1,2,2,,,,,2,,,2,2,2,,,,2,2,,2,1,2,1,,2,2,2,1,2,2,1,2,,,,1,2,2,,,2,2,,,,,,,2,2,,,,,2,,,,,,1,1,2,1,2,2,,0,1,4,4,4,4,3,2,1,1,0,0
"Gambia, The","GMB",134401302,1.18381852847813,2,22,2,3,2,2,0,0,0,,,2,,,,,,,,,,,,,,2,2,2,2,2,2,1,2,2,2,2,2,1,2,2,,,,,2,,,2,2,2,,,,2,2,,2,1,1,1,,2,1,1,2,,,,2,,,,2,,,,,,2,,,,,,,2,2,,,,,2,,,,,,1,1,1,1,1,1,,0,1,4,4,4,4,4,5,1,1,0,0
"Gambia, The","GMB",111988467,1.32700158035778,1,60,1,4,2,1,0,0,0,,,2,,,,,,,,,,,,,,1,1,3,2,1,2,1,2,2,2,2,2,1,2,2,,,,,2,,,2,2,2,,,,2,2,,1,2,2,2,2,7,,,2,,,,2,,,,1,2,2,,,1,2,,,,,,,2,2,,,,,1,1,2,2,1,,1,1,1,1,3,1,,1,0,4,4,4,2,2,5,1,2,0,0
"Gambia, The","GMB",115179452,0.699218983471426,2,25,2,4,1,2,1,1,0,1,2,2,,,2,2,2,,,,1,2,1,1,1,,,,,,,,,,2,2,2,2,2,2,,,,,2,,,2,2,2,,,,1,1,,2,2,2,1,,1,3,3,1,2,1,1,1,2,1,2,1,2,2,,,1,1,1,1,2,,,1,2,2,,,,,2,,,,,,2,2,3,3,2,2,,1,1,1,4,4,4,2,2,2,1,1,0
"Gambia, The","GMB",141863133,1.495843335667,2,16,2,2,2,2,0,0,0,,,2,,,,,,,,,,,,,,2,2,2,1,1,2,1,2,2,2,2,1,1,2,2,,,,,2,,,2,2,2,,,,2,2,,2,2,2,1,,2,3,3,1,2,1,1,1,2,2,1,2,,,,,,2,,,,,,,2,2,,,,,2,,,,,,3,3,3,3,,1,,0,1,4,4,4,4,4,2,2,2,0,0
"Gambia, The","GMB",159599758,0.611906492872065,2,27,1,2,1,2,0,0,0,,,2,,,,,,,,,,,,,,1,1,1,2,2,2,1,2,2,1,1,2,2,2,2,,,,,2,,,2,2,2,,,,2,2,,2,1,2,1,,2,2,1,2,,,,2,,,,2,,,,,,1,2,2,2,1,,,2,2,,,,,2,,,,,,1,1,1,1,2,2,,1,1,2,4,4,4,4,5,1,1,0,0
"Gambia, The","GMB",171345260,0.954439764879157,2,35,1,3,1,1,0,0,0,,,2,,,,,,,,,,,,,,1,2,2,2,2,2,1,1,2,1,1,1,1,1,2,,,,,2,,,2,2,2,,,,2,2,,2,2,2,2,,2,1,1,2,,,,2,,,,2,,,,,,2,,,,,,,2,2,,,,,2,,,,,,1,1,1,1,4,1,,1,0,4,4,4,4,4,5,1,1,0,0
"Gambia, The","GMB",163079367,1.14529391561612,1,61,1,2,2,2,0,0,0,,,2,,,,,,,,,,,,,,2,2,2,2,2,2,1,2,2,2,2,2,1,2,2,,,,,2,,,2,2,2,,,,2,2,,1,2,2,2,1,2,1,4,2,,,,1,2,1,2,2,,,,,,2,,,,,,,2,2,,,,,2,,,,,,1,1,2,1,2,1,,1,1,4,4,4,4,4,3,1,2,0,0
"Gambia, The","GMB",146669465,1.39248020485934,1,40,1,1,2,2,0,0,0,,,2,,,,,,,,,,,,,,2,2,2,2,2,2,2,2,2,2,2,2,2,2,2,,,,,2,,,2,2,2,,,,2,2,,2,2,2,2,,2,1,1,2,,,,2,,,,1,2,2,,,1,2,,,,,,,2,2,,,,,2,,,,,,3,3,3,3,,1,,0,0,4,4,4,4,2,5,1,2,0,0
"Gambia, The","GMB",138021349,0.647037704900641,2,68,1,5,1,2,0,0,0,,,2,,,,,,,,,,,,,,2,1,1,2,1,1,1,1,1,,,,,,,,,,,2,,,2,1,2,,,,2,2,2,2,2,2,2,,3,1,2,2,,,,2,,,,1,2,2,,,1,2,,,,,,,2,2,,,,,2,,,,,,1,1,2,1,2,1,,0,0,4,4,4,4,2,5,1,2,0,0
"Gambia, The","GMB",189509787,0.256524125642976,2,35,2,5,1,1,1,1,0,2,2,2,,,2,2,2,,,,2,,2,,1,,,,,,,,,,2,2,2,1,2,2,,,,,2,,,1,2,2,,,,2,2,,1,2,2,2,2,2,1,1,1,2,1,1,1,2,1,1,1,2,1,1,,,2,,,,,,,2,2,,,,,2,,,,,,1,1,1,1,4,1,,1,1,4,4,4,4,1,2,1,1,1,0
"Gambia, The","GMB",156193741,0.185539238362971,1,28,2,4,1,2,1,1,0,2,2,2,,,2,2,2,,,,1,1,1,1,1,,,,,,,,,,2,2,2,2,2,2,,,,,2,,,2,2,2,,,,2,1,,2,2,2,2,,1,3,2,2,,,,2,,,,1,2,2,,,1,2,,,,,,,2,2,,,,,2,,,,,,1,1,1,1,4,1,,1,0,4,4,4,4,2,5,1,1,0,0
"Gambia, The","GMB",169686352,3.00106912418754,2,30,1,3,1,1,1,1,0,2,2,2,,,2,2,2,,,,1,2,2,,1,,,,,,,,,,2,1,2,1,2,2,,,,,2,,,1,2,2,,,,1,1,,1,1,2,1,2,1,3,3,2,,,,2,,,,1,2,1,1,,,2,,,,,,,2,2,,,,,2,,,,,,1,1,1,1,2,1,,1,1,4,4,4,4,1,5,1,1,1,0
"Gambia, The","GMB",114440635,2.24558754709693,2,52,1,5,1,2,0,0,0,,,2,,,,,,,,,,,,,,2,2,2,2,2,2,1,2,2,2,2,2,1,2,1,,,,,2,,,1,2,2,,,,2,2,,2,2,2,2,,3,2,1,2,,,,2,,,,1,2,2,,,1,2,,,,,,,2,2,,,,,1,2,2,2,1,,2,1,1,3,2,1,,0,0,4,4,4,2,2,5,2,1,0,0
"Gambia, The","GMB",164719373,2.14615104414686,1,22,1,2,1,2,1,0,1,,,2,,,,,,,,,,,,,,,2,3,2,2,2,1,2,2,,,,,,,1,2,2,1,1,1,,2,2,2,,,,2,2,2,1,2,2,2,2,2,1,2,2,,,,1,1,,,2,,,,,,2,,,,,,,2,2,,,,,2,,,,,,1,1,1,1,2,1,,1,1,4,4,4,4,4,1,1,1,1,1
"Gambia, The","GMB",150595361,0.605106224254755,1,22,2,1,1,2,1,1,0,2,2,2,,,2,2,2,,,,1,3,1,2,1,,,,,,,,,,2,2,2,2,2,2,,,,,2,,,2,2,2,,,,1,1,,2,2,2,1,,1,1,1,2,,,,1,2,2,2,2,,,,,,1,2,1,2,,,1,1,2,2,2,1,,2,,,,,,1,1,1,1,4,1,,1,1,1,2,4,4,4,4,1,1,1,0
"Gambia, The","GMB",136865124,0.289655063187753,1,37,2,1,1,2,0,0,0,,,2,,,,,,,,,,,,,,2,2,2,2,2,2,1,2,1,2,2,2,2,2,2,,,,,2,,,2,2,2,,,,2,2,,1,2,2,2,2,3,1,4,2,,,,2,,,,1,2,2,,,1,2,,,,,,,2,2,,,,,2,,,,,,1,1,1,1,4,1,,1,0,4,4,4,4,2,5,1,1,0,0
"Gambia, The","GMB",210710212,0.513696660853838,1,40,1,1,1,2,0,0,0,,,2,,,,,,,,,,,,,,2,2,1,1,2,2,1,2,2,1,1,1,1,2,1,,,,,2,,,2,2,2,,,,2,2,,2,2,2,2,,4,1,1,2,,,,2,,,,1,2,2,,,2,2,,,,,,,2,2,,,,,2,,,,,,1,1,1,1,4,1,,0,0,4,4,4,4,3,5,1,1,0,0
"Gambia, The","GMB",117294487,1.12052390657173,1,34,2,3,2,2,0,0,0,,,2,,,,,,,,,,,,,,1,1,1,2,2,2,1,2,2,1,1,2,1,2,2,,,,,2,,,2,2,2,,,,2,2,,2,2,1,2,,5,1,1,2,,,,2,,,,1,2,2,,,1,2,,,,,,,2,2,,,,,2,,,,,,1,1,1,1,4,1,,0,1,4,4,4,4,2,5,1,1,0,0
"Gambia, The","GMB",134955294,0.487479994716934,1,33,2,2,1,1,0,0,0,,,2,,,,,,,,,,,,,,2,2,3,2,2,2,2,2,2,2,2,2,2,2,2,,,,,1,1,,2,2,2,,,,2,2,,1,2,2,2,2,7,,,2,,,,1,2,1,1,2,,,,,,2,,,,,,,2,2,,,,,2,,,,,,1,1,1,3,3,1,,1,0,4,4,4,4,4,2,1,1,0,0
"Gambia, The","GMB",207462810,0.256594959299113,1,41,2,1,2,2,0,0,0,,,2,,,,,,,,,,,,,,1,2,2,2,2,2,1,2,2,2,2,2,1,2,2,,,,,2,,,2,2,2,,,,2,2,,2,1,2,1,,2,2,1,2,,,,1,2,2,1,1,2,2,,,1,2,,,,,,,2,2,,,,,2,,,,,,1,1,1,1,2,1,,0,1,4,4,4,4,2,2,1,1,0,0
"Gambia, The","GMB",147829467,0.959005058186003,1,23,1,1,1,2,0,0,0,,,2,,,,,,,,,,,,,,1,1,1,1,1,1,1,1,1,1,1,1,1,1,1,,,,,2,,,2,2,2,,,,2,2,,2,2,2,1,,2,1,1,1,2,2,2,2,,,,2,,,,,,2,,,,,,,2,2,,,,,1,1,2,2,1,,1,3,1,1,4,1,,0,1,4,4,4,2,4,4,1,2,0,0
"Gambia, The","GMB",165229842,0.663868126593042,2,19,1,1,1,1,0,0,0,,,2,,,,,,,,,,,,,,2,2,2,2,2,2,1,2,2,2,2,2,1,2,2,,,,,2,,,2,2,2,,,,2,2,,2,2,2,1,,3,1,4,2,,,,2,,,,2,,,,,,2,,,,,,,2,2,,,,,2,,,,,,1,1,1,1,2,4,,0,1,4,4,4,4,4,5,1,1,0,0
"Gambia, The","GMB",152362634,1.37875008201083,1,35,1,1,1,1,1,1,0,,,2,,,,,,,,,,,,,,,1,1,2,2,1,2,1,2,2,2,2,2,2,2,,,,,2,,,2,2,2,,,,2,2,,2,1,1,1,,2,1,1,2,,,,2,,,,2,,,,,,2,,,,,,,1,2,2,2,2,2,1,1,2,2,2,1,1,1,1,1,3,1,,1,1,4,3,4,1,4,5,2,2,0,0
"Gambia, The","GMB",189330257,0.590596729445052,2,35,2,5,1,2,1,1,0,2,2,2,,,2,2,2,,,,2,,2,,2,,,,,,,,,,2,1,2,1,2,2,,,,,2,,,2,2,2,,,,2,2,,2,1,2,1,,2,1,4,2,,,,2,,,,1,2,2,,,1,2,,,,,,,2,2,,,,,2,,,,,,1,1,1,1,1,1,,0,1,4,4,4,4,2,5,1,1,0,0
"Gambia, The","GMB",149392938,0.585319898450665,2,30,2,3,1,2,1,1,0,2,2,2,,,2,2,2,,,,2,,1,1,2,,,,,,,,,,2,2,2,1,2,2,,,,,2,,,2,2,2,,,,2,2,,2,1,2,1,,2,1,1,2,,,,2,,,,1,2,2,,,1,2,,,,,,,2,2,,,,,2,,,,,,1,1,1,1,2,1,,0,1,4,4,4,4,2,5,1,1,0,0
"Gambia, The","GMB",155765846,0.261700043888534,1,42,2,5,2,2,1,1,0,2,2,1,2,,2,2,2,,,,2,,2,,2,,,,,,,,,,2,2,2,2,2,2,,,,,2,,,2,2,2,,,,2,2,,2,2,2,2,,2,3,3,2,,,,2,,,,2,,,,,,2,,,,,,,2,2,,,,,2,,,,,,3,3,3,3,,1,,0,0,4,4,4,4,4,5,1,1,0,0
"Gambia, The","GMB",122514173,1.20378564897195,2,15,1,4,1,1,0,0,0,,,2,,,,,,,,,,,,,,1,1,1,1,2,2,1,2,2,1,1,1,1,2,1,,,,,2,,,2,2,2,,,,2,2,,1,2,2,2,2,3,1,1,2,,,,1,1,,,1,2,2,,,1,2,,,,,,,2,2,,,,,1,1,2,2,1,,1,1,1,1,3,1,,1,0,4,4,4,2,2,1,2,2,0,0
"Gambia, The","GMB",118354954,1.495843335667,2,18,2,1,2,2,0,0,0,,,2,,,,,,,,,,,,,,2,2,2,2,2,1,1,1,2,2,2,2,1,2,1,,,,,2,,,2,2,2,,,,2,2,,1,2,2,2,2,7,,,2,,,,2,,,,2,,,,,,2,,,,,,,2,2,,,,,2,,,,,,3,3,2,3,,1,,1,0,4,4,4,4,4,5,2,2,0,0
"Gambia, The","GMB",123622978,2.38335010287517,1,24,2,2,1,2,1,1,0,2,2,2,,,2,2,2,,,,1,2,2,,1,,,,,,,,,,2,2,1,1,2,1,,,,,2,,,2,2,2,,,,1,1,,2,2,2,2,,4,1,1,2,,,,2,,,,2,,,,,,1,2,2,2,1,,,2,2,,,,,2,,,,,,1,1,1,1,4,2,,1,0,2,4,4,4,4,5,2,2,0,0
"Gambia, The","GMB",146274493,0.51546754388267,1,61,1,5,1,2,0,0,0,,,2,,,,,,,,,,,,,,2,2,2,2,2,2,2,2,2,2,2,2,2,2,2,,,,,2,,,2,2,2,,,,2,2,,1,2,2,2,2,7,,,2,,,,2,,,,1,2,2,,,1,2,,,,,,,2,2,,,,,2,,,,,,1,1,1,1,2,1,,1,0,4,4,4,4,2,5,1,1,0,0
"Gambia, The","GMB",140937072,2.05216952741874,1,23,1,5,2,1,0,0,0,,,2,,,,,,,,,,,,,,2,1,1,1,1,1,1,2,1,2,2,2,1,2,1,,,,,2,,,2,2,2,,,,2,2,,2,2,2,2,,5,1,3,2,,,,2,,,,2,,,,,,2,,,,,,,2,2,,,,,2,,,,,,3,3,3,3,,3,,0,0,4,4,4,4,4,5,2,2,0,0
"Gambia, The","GMB",205276650,0.755977342477359,1,32,1,2,2,1,1,1,0,2,1,2,,,1,1,2,,,,1,2,2,,1,,,,,,,,,,1,1,2,1,2,2,,,,,2,,,2,2,2,,,,2,2,,1,1,2,2,1,2,1,1,2,,,,2,,,,2,,,,,,2,,,,,,,2,2,,,,,1,1,2,2,1,,1,1,1,1,4,1,,1,1,4,4,4,2,4,5,1,1,1,0
"Gambia, The","GMB",148225747,2.24376500350051,2,19,1,1,1,2,0,0,0,,,2,,,,,,,,,,,,,,1,2,1,1,2,1,1,1,2,1,2,1,1,2,2,,,,,2,,,2,2,2,,,,2,2,,2,2,2,1,,3,1,1,2,,,,2,,,,2,,,,,,2,,,,,,,2,2,,,,,2,,,,,,1,1,1,1,3,2,,0,1,4,4,4,4,4,5,1,2,0,0
"Gambia, The","GMB",201563944,0.495036130413788,2,21,2,4,2,2,0,0,0,,,2,,,,,,,,,,,,,,1,2,2,2,2,2,1,2,2,2,2,2,1,2,2,,,,,2,,,2,2,2,,,,2,2,,1,2,2,1,1,2,1,1,2,,,,1,2,1,2,2,,,,,,2,,,,,,,2,2,,,,,2,,,,,,1,2,2,2,4,3,,1,1,4,4,4,4,4,3,1,1,0,0
"Gambia, The","GMB",118707808,0.301709799294209,2,27,3,5,2,2,1,1,1,2,2,2,,,2,1,1,1,1,1,1,1,1,1,1,,,,,,,,,,,,,,,,1,1,1,3,1,3,,1,1,1,1,2,,2,1,1,2,2,2,1,,1,3,3,1,2,1,2,1,1,,,1,1,1,3,,,1,1,1,1,,,2,2,2,,,,,2,,,,,,3,3,3,3,,2,,1,1,1,4,4,4,1,1,1,1,1,1
"Gambia, The","GMB",193752605,2.074055034523,2,25,2,3,1,2,0,0,0,,,2,,,,,,,,,,,,,,1,2,2,2,2,2,2,1,2,2,3,3,2,2,2,,,,,2,,,2,2,2,,,,1,1,,2,2,2,2,,3,2,1,2,,,,2,,,,2,,,,,,2,,,,,,,2,2,,,,,2,,,,,,1,1,3,3,1,2,,1,0,4,4,4,4,4,5,1,1,0,0
"Gambia, The","GMB",180728400,1.20378564897195,2,20,2,1,2,2,0,0,0,,,2,,,,,,,,,,,,,,2,2,2,2,1,2,2,2,2,2,1,2,2,1,2,,,,,2,,,1,2,2,,,,2,2,,2,1,2,2,,3,1,1,2,,,,2,,,,2,,,,,,1,1,2,2,1,,,2,2,,,,,1,1,2,2,1,,3,1,1,1,4,3,,0,1,2,4,4,2,4,5,1,1,0,0
"Gambia, The","GMB",209032737,2.57828037725702,2,32,1,5,1,1,1,1,0,2,2,1,2,,2,2,2,,,,2,,1,1,1,,,,,,,,,,2,2,2,1,2,2,,,,,2,,,2,2,2,,,,2,2,,1,2,2,1,2,2,1,1,2,,,,1,2,2,1,1,1,2,3,,,1,2,1,2,,,2,2,2,,,,,2,,,,,,1,1,1,1,4,1,,1,1,1,4,4,4,1,2,1,1,1,0
"Gambia, The","GMB",177760400,2.49856678798867,2,66,1,2,1,1,0,0,0,,,2,,,,,,,,,,,,,,1,2,1,2,2,2,1,2,2,2,2,2,1,2,1,,,,,2,,,2,2,2,,,,2,2,,2,2,2,2,,7,,,2,,,,2,,,,2,,,,,,2,,,,,,,2,2,,,,,1,1,2,2,1,,1,1,1,3,2,1,,0,0,4,4,4,2,4,5,2,2,0,0
"Gambia, The","GMB",140982286,1.14171173498864,2,47,1,5,1,2,0,0,0,,,2,,,,,,,,,,,,,,2,2,2,2,2,2,1,2,2,2,2,2,1,2,2,,,,,2,,,2,2,2,,,,2,2,,1,2,2,2,2,2,2,1,1,2,1,2,2,,,,2,,,,,,2,,,,,,,2,2,,,,,2,,,,,,1,1,1,1,3,1,,1,0,4,4,4,4,4,3,1,1,0,0
"Gambia, The","GMB",197822531,0.460510098284684,1,56,1,2,1,1,1,1,0,2,2,2,,,2,1,2,,,,1,2,2,,1,,,,,,,,,,2,1,1,1,2,2,,,,,2,,,2,2,2,,,,2,2,,2,2,1,2,,7,,,2,,,,2,,,,2,,,,,,2,,,,,,,2,2,,,,,2,,,,,,1,1,1,1,2,2,,1,1,4,4,4,4,4,5,1,2,0,0
"Gambia, The","GMB",149437554,0.185539238362971,1,35,2,3,1,2,1,1,0,1,2,2,,,2,2,2,,,,1,2,1,2,1,,,,,,,,,,3,2,2,2,2,2,,,,,2,,,2,2,2,,,,1,1,,1,2,2,1,2,2,1,1,1,2,2,2,1,2,1,2,1,2,2,,,2,2,,,,,,,2,2,,,,,2,,,,,,1,2,2,2,3,2,,1,1,4,4,4,4,3,3,1,1,0,0
"Gambia, The","GMB",203731027,2.8535683512358,1,18,1,2,1,1,0,0,0,,,2,,,,,,,,,,,,,,2,2,2,2,2,2,1,2,2,2,1,2,1,2,1,,,,,2,,,2,2,2,,,,2,2,,2,2,2,1,,2,1,1,2,,,,1,2,1,1,2,,,,,,2,,,,,,,2,2,,,,,1,1,2,2,1,,1,1,1,1,2,1,,1,1,4,4,4,2,4,2,2,2,0,0
"Gambia, The","GMB",187831176,0.483134046530083,2,38,5,5,1,2,1,1,0,2,2,2,,,2,2,1,1,2,2,1,2,1,1,1,,,,,,,,,,2,2,2,2,2,2,,,,,2,,,1,2,2,,,,1,1,,2,1,2,1,,1,3,3,1,1,,,1,1,,,1,2,1,2,,,2,,,,,,,2,2,,,,,2,,,,,,3,3,3,3,,1,,1,1,4,4,4,4,1,1,4,1,1,0
"Gambia, The","GMB",193066222,1.33673047154578,1,22,2,1,1,2,0,0,0,,,2,,,,,,,,,,,,,,2,2,2,1,2,2,1,2,2,2,2,1,1,2,2,,,,,2,,,2,2,2,,,,2,2,,2,2,2,2,,2,1,4,2,,,,2,,,,2,,,,,,1,1,2,2,1,,,2,2,,,,,2,,,,,,1,1,1,1,1,1,,0,0,2,4,4,4,4,5,1,1,0,0
"Gambia, The","GMB",205540272,1.37261355324078,1,60,1,2,2,1,0,0,0,,,2,,,,,,,,,,,,,,2,2,2,2,2,2,2,2,2,2,2,2,2,2,2,,,,,2,,,2,2,2,,,,2,2,,2,2,2,2,,8,,,2,,,,2,,,,1,2,2,,,1,2,,,,,,,2,2,,,,,1,1,2,2,1,,1,1,1,1,4,1,,0,0,4,4,4,2,2,5,1,2,0,0
"Gambia, The","GMB",205143080,2.32353844307565,2,19,1,5,1,2,1,1,0,1,2,2,,,2,2,2,,,,2,,2,,2,,,,,,,,,,2,2,1,2,2,2,,,,,2,,,1,1,2,,,,2,2,,2,2,2,2,,2,3,3,2,,,,1,2,1,1,1,2,2,,,1,1,1,2,2,1,,,2,2,,,,,1,1,2,2,1,,1,1,3,3,2,1,,0,0,2,4,4,2,2,2,1,1,1,0
"Gambia, The","GMB",200316872,0.412665883233718,2,17,5,5,1,1,1,1,0,1,2,2,,,2,2,2,,,,2,,1,2,1,,,,,,,,,,1,1,1,1,1,2,,,,,2,,,2,2,1,2,1,,2,1,,2,1,2,1,,5,1,1,1,1,,,1,1,,,1,1,1,2,,,1,2,2,2,1,,,2,2,,,,,2,,,,,,1,1,1,1,2,1,,1,1,2,4,4,4,1,1,1,1,1,0
"Gambia, The","GMB",143919925,0.346206179106024,1,27,2,5,1,2,1,1,0,2,2,1,2,,2,1,2,,,,1,2,1,1,1,,,,,,,,,,2,3,2,2,2,2,,,,,2,,,2,2,2,,,,2,1,,2,2,2,2,,2,2,2,2,,,,2,,,,2,,,,,,1,2,1,2,,,2,2,2,,,,,2,,,,,,2,2,4,4,2,1,,1,0,1,4,4,4,4,5,1,1,1,0
"Gambia, The","GMB",125715161,1.02562637275461,1,27,2,3,1,2,1,1,0,2,2,2,,,1,1,2,,,,1,1,1,2,1,,,,,,,,,,2,2,2,2,2,2,,,,,2,,,2,2,2,,,,1,1,,1,2,2,2,2,1,3,3,2,,,,1,1,,,1,2,2,,,2,1,1,1,2,,,1,1,2,1,2,,,2,,,,,,3,3,3,3,,3,,1,0,1,1,4,4,3,1,1,1,1,0
"Gambia, The","GMB",177585860,0.856161101423063,1,40,1,1,2,1,0,0,0,,,2,,,,,,,,,,,,,,1,2,2,2,2,2,1,2,2,2,2,2,1,2,2,,,,,2,,,2,2,2,,,,2,2,,2,1,2,1,,7,,,2,,,,1,2,2,2,1,2,2,,,2,2,,,,,,,2,2,,,,,2,,,,,,1,1,1,1,2,1,,0,1,4,4,4,4,3,4,1,1,0,0
"Gambia, The","GMB",151200827,0.222815263664735,1,25,2,5,1,2,1,1,0,2,2,2,,,2,2,2,,,,1,1,1,1,1,,,,,,,,,,2,2,2,2,2,2,,,,,2,,,1,1,2,,,,2,1,,2,2,2,2,,1,3,3,2,,,,1,1,,,1,2,2,,,1,2,,,,,,,2,2,,,,,2,,,,,,2,2,3,2,2,2,,1,0,4,4,4,4,2,1,1,1,1,0
"Gambia, The","GMB",147925417,1.02128572069507,1,19,2,2,1,2,1,1,0,2,2,1,1,2,2,1,2,,,,1,2,1,2,1,,,,,,,,,,2,1,1,1,2,1,,,,,2,,,2,2,2,,,,2,2,,2,1,1,1,,1,1,1,2,,,,2,,,,2,,,,,,2,,,,,,,2,2,,,,,2,,,,,,1,2,1,1,4,2,,1,1,4,4,4,4,4,5,1,1,1,0
"Gambia, The","GMB",131450884,0.765134859327628,2,32,2,3,1,2,1,1,0,1,2,2,,,2,2,2,,,,2,,2,,2,,,,,,,,,,2,2,2,1,2,2,,,,,2,,,2,2,2,,,,2,2,,2,2,2,1,,3,1,1,2,,,,1,2,2,1,1,2,2,,,1,1,2,2,2,1,,,1,2,2,2,2,2,1,1,2,2,1,,1,1,1,1,3,1,,0,1,2,3,4,2,2,2,1,1,0,0
"Gambia, The","GMB",157977773,0.959005058186003,1,18,1,4,2,1,0,0,0,,,2,,,,,,,,,,,,,,2,2,2,2,2,2,2,2,2,2,2,2,1,2,2,,,,,2,,,2,2,2,,,,2,2,,2,2,2,2,,2,3,2,2,,,,1,1,,,2,,,,,,2,,,,,,,2,2,,,,,1,1,2,2,1,,3,1,1,1,2,3,,0,0,4,4,4,2,4,1,1,1,0,0
"Gambia, The","GMB",179811303,0.258560884310608,2,40,1,5,1,1,0,0,0,,,2,,,,,,,,,,,,,,2,1,3,2,2,2,2,3,2,2,1,1,1,2,2,,,,,2,,,2,2,2,,,,2,2,,2,2,2,2,,1,1,1,2,,,,2,,,,2,,,,,,2,,,,,,,2,2,,,,,2,,,,,,1,1,1,4,2,1,,0,1,4,4,4,4,4,5,2,2,0,0
"Gambia, The","GMB",202944902,0.299477822934122,2,75,1,4,2,2,0,0,0,,,2,,,,,,,,,,,,,,1,2,2,2,2,2,1,2,2,1,1,1,2,2,2,,,,,2,,,2,2,2,,,,2,2,,2,2,2,2,,7,,,2,,,,1,2,1,1,2,,,,,,2,,,,,,,2,2,,,,,2,,,,,,1,1,4,1,1,1,,0,0,4,4,4,4,4,2,1,2,0,0
"Gambia, The","GMB",169188380,0.883045441726435,2,65,3,3,2,2,1,1,0,2,2,2,,,2,2,2,,,,2,,2,,1,,,,,,,,,,2,2,2,1,2,2,,,,,2,,,2,2,2,,,,2,2,,2,2,2,2,,1,3,3,1,2,1,2,1,1,,,2,,,,,,2,,,,,,,2,2,,,,,2,,,,,,3,3,3,3,,1,,0,0,4,4,4,4,4,1,1,1,1,0
"Gambia, The","GMB",180045532,0.276962195354743,2,24,2,3,1,2,0,0,0,,,2,,,,,,,,,,,,,,1,2,2,2,2,2,1,2,2,2,2,2,1,2,2,,,,,2,,,2,2,2,,,,2,2,,2,2,2,2,,1,2,1,2,,,,2,,,,1,2,2,,,1,2,,,,,,,2,2,,,,,2,,,,,,1,1,2,2,2,2,,0,0,4,4,4,4,2,5,1,1,0,0
"Gambia, The","GMB",178119741,0.419849446896723,2,65,1,4,1,1,0,0,0,,,2,,,,,,,,,,,,,,2,2,1,2,2,2,1,2,2,2,1,2,1,2,2,,,,,2,,,2,2,2,,,,2,2,,2,2,2,1,,3,1,1,1,2,1,2,1,2,1,2,2,,,,,,1,2,2,2,1,,,2,2,,,,,1,1,2,2,1,,1,1,1,1,3,1,,0,1,2,4,4,2,4,3,2,2,0,0
"Gambia, The","GMB",117691351,1.30281875633287,1,20,2,4,1,2,1,1,0,2,2,1,1,2,1,1,2,,,,2,,1,1,1,,,,,,,,,,2,2,2,1,2,2,,,,,2,,,2,2,2,,,,2,2,,2,2,2,2,,2,1,1,2,,,,2,,,,1,2,2,,,1,1,2,2,2,2,2,,2,2,,,,,2,,,,,,1,3,1,1,1,3,,0,0,3,4,4,4,2,5,1,1,1,0
"Gambia, The","GMB",184871697,1.66571119199245,2,55,1,4,1,1,1,1,1,,,2,,,,,,,,,,,,,,,1,2,2,2,2,1,2,2,2,2,2,1,2,2,,,,,2,,,2,2,2,,,,2,2,,2,2,2,2,,7,,,2,,,,2,,,,1,2,2,,,1,1,2,1,1,,,2,2,2,,,,,1,1,2,2,1,,1,1,1,1,4,1,,0,0,1,4,4,2,2,5,1,2,1,0
"Gambia, The","GMB",194928940,1.53539115179494,1,15,1,4,2,2,0,0,0,,,2,,,,,,,,,,,,,,1,2,1,2,2,2,1,2,2,2,2,2,1,2,1,,,,,2,,,2,2,2,,,,2,2,,2,2,2,2,,2,1,1,2,,,,2,,,,2,,,,,,2,,,,,,,2,2,,,,,2,,,,,,1,1,1,1,2,1,,0,0,4,4,4,4,4,5,1,2,0,0
"Gambia, The","GMB",177265073,0.394374325243937,1,24,2,4,1,2,1,1,0,,,2,,,,,,,,,,,,,,,2,3,2,2,2,1,3,2,2,2,1,1,2,2,,,,,2,,,2,2,2,,,,2,2,,2,1,2,2,,2,1,1,2,,,,2,,,,2,,,,,,2,,,,,,,1,1,1,2,,,1,2,2,2,1,,1,1,1,1,3,1,,1,1,4,1,1,2,4,5,1,1,1,0
"Gambia, The","GMB",179079452,1.03424353724243,2,41,1,5,2,2,0,0,0,,,2,,,,,,,,,,,,,,1,2,2,2,2,2,1,2,2,2,1,2,2,2,1,,,,,2,,,2,2,2,,,,2,2,,2,1,2,1,,3,1,1,2,,,,1,1,,,2,,,,,,2,,,,,,,2,2,,,,,2,,,,,,1,1,1,1,2,1,,1,1,4,4,4,4,4,1,1,2,0,0
"Gambia, The","GMB",185891571,0.575318514533575,1,21,2,5,2,1,1,1,0,2,2,2,,,2,2,2,,,,2,,2,,2,,,,,,,,,,1,1,1,1,2,1,,,,,2,,,2,2,2,,,,2,2,,2,2,2,1,,3,1,1,2,,,,2,,,,2,,,,,,2,,,,,,,2,2,,,,,1,2,2,2,1,,1,1,1,1,4,1,,0,1,4,4,4,2,4,5,1,2,0,0
"Gambia, The","GMB",117978674,1.39793015306677,2,41,2,5,1,2,1,1,1,2,2,2,,,2,2,2,,,,1,2,1,1,1,,,,,,,,,,2,1,2,1,2,2,,,,,2,,,2,2,2,,,,2,2,,2,2,2,2,,1,3,2,2,,,,1,2,1,1,2,,,,,,1,2,2,1,,,1,2,2,,,,,2,,,,,,1,1,1,1,1,1,,1,0,1,4,4,4,4,2,1,1,1,0
"Gambia, The","GMB",204587914,0.978906576859997,2,34,3,3,1,2,1,1,1,2,2,1,2,,1,1,2,,,,1,2,1,1,1,,,,,,,,,,,,,,,,1,1,2,1,1,2,,3,1,2,,,,2,2,2,2,2,2,1,,1,2,2,1,1,,,1,1,,,2,,,,,,1,2,1,2,,,1,2,2,,,,,1,2,1,2,,,1,1,1,1,2,1,,0,1,1,4,4,1,4,1,1,1,1,1
"Gambia, The","GMB",151657399,1.02562637275461,1,31,3,5,1,2,1,1,0,2,2,2,,,2,2,2,,,,1,2,1,2,1,,,,,,,,,,2,2,2,2,2,2,,,,,2,,,2,2,2,,,,1,1,,1,2,2,2,2,1,3,2,2,,,,1,2,1,2,2,,,,,,2,,,,,,,2,2,,,,,2,,,,,,1,1,2,1,1,1,,1,0,4,4,4,4,4,3,1,1,0,0
"Gambia, The","GMB",147494210,0.307298554678611,1,27,2,4,1,2,1,1,0,2,2,1,2,,2,2,2,,,,2,,2,,1,,,,,,,,,,2,2,2,1,1,2,,,,,2,,,2,2,2,,,,2,2,,2,2,2,1,,2,1,1,2,,,,1,2,1,2,2,,,,,,1,2,2,2,1,,,2,2,,,,,1,2,2,2,2,2,1,1,1,1,2,1,,0,1,2,4,4,3,4,3,1,1,0,0
"Gambia, The","GMB",120239944,1.03269489400083,1,25,2,3,1,2,0,0,0,,,2,,,,,,,,,,,,,,1,2,1,2,2,2,1,2,2,1,1,2,1,2,2,,,,,2,,,2,2,2,,,,2,2,,2,2,2,2,,2,2,1,2,,,,2,,,,1,2,2,,,1,2,,,,,,,2,2,,,,,2,,,,,,1,1,1,1,1,1,,0,0,4,4,4,4,2,5,2,2,0,0
"Gambia, The","GMB",182291283,0.609550546574698,1,30,1,2,1,2,1,1,1,2,1,2,,,2,2,2,,,,1,2,1,2,2,,,,,,,,,,,,,,,,2,2,2,2,2,,,2,2,2,,,,1,1,2,2,1,2,2,,5,1,1,2,,,,1,1,,,2,,,,,,2,,,,,,,2,2,,,,,1,1,2,2,1,,1,1,1,1,2,1,,1,1,4,4,4,2,4,1,1,1,1,0
"Gambia, The","GMB",161862805,3.00106912418754,1,65,1,1,2,2,0,0,0,,,2,,,,,,,,,,,,,,2,3,2,2,2,1,1,2,3,2,2,2,2,2,2,,,,,2,,,1,2,2,,,,2,2,,1,2,2,2,1,8,,,1,2,2,2,1,1,,,1,2,2,,,1,1,2,2,2,2,2,,2,2,,,,,2,,,,,,1,1,1,1,2,1,,1,1,3,4,4,4,2,1,1,1,0,0
"Gambia, The","GMB",184938647,0.611832751270842,2,21,2,4,2,2,0,0,0,,,2,,,,,,,,,,,,,,1,2,2,2,1,2,1,1,2,1,1,2,1,2,2,,,,,2,,,2,2,2,,,,2,2,,2,2,2,1,,3,2,1,2,,,,1,1,,,2,,,,,,2,,,,,,,2,2,,,,,2,,,,,,1,2,1,2,1,3,,0,1,4,4,4,4,4,1,2,2,0,0
"Gambia, The","GMB",135049129,0.493130155314493,1,24,2,5,1,1,0,0,0,,,2,,,,,,,,,,,,,,1,2,2,1,2,2,1,2,2,2,2,2,1,2,1,,,,,2,,,2,2,2,,,,2,2,,2,2,2,2,,5,1,1,2,,,,2,,,,2,,,,,,2,,,,,,,2,2,,,,,1,3,2,2,1,,1,1,1,1,4,1,,0,0,4,4,4,2,4,5,2,2,0,0
"Gambia, The","GMB",180195225,0.331038929380336,2,45,2,3,1,2,0,0,0,,,2,,,,,,,,,,,,,,2,1,1,2,2,2,1,2,2,2,2,2,1,2,2,,,,,2,,,2,2,2,,,,2,2,,2,2,2,1,,5,2,1,2,,,,1,2,1,2,2,,,,,,2,,,,,,,2,2,,,,,2,,,,,,1,1,1,1,3,2,,1,1,4,4,4,4,4,3,1,1,0,0
"Gambia, The","GMB",112152393,1.55554127589225,2,27,2,2,1,2,0,0,0,,,2,,,,,,,,,,,,,,1,2,2,2,2,2,1,2,2,2,2,2,1,2,2,,,,,2,,,2,2,2,,,,2,2,,1,2,2,2,2,4,2,1,1,2,1,2,2,,,,1,2,2,,,2,1,2,2,2,1,,,2,2,,,,,2,,,,,,1,1,1,1,4,1,,1,0,2,4,4,4,3,3,1,1,0,0
"Gambia, The","GMB",180719457,0.276131803431161,1,40,1,4,1,1,0,0,0,,,2,,,,,,,,,,,,,,2,2,2,2,2,2,1,2,2,2,2,2,1,2,2,,,,,2,,,2,2,2,,,,2,2,,2,2,2,2,,5,1,1,2,,,,2,,,,2,,,,,,2,,,,,,,2,2,,,,,1,1,2,2,1,,1,1,1,1,1,1,,0,0,4,4,4,2,4,5,1,1,0,0
"Gambia, The","GMB",115424428,1.29280442155304,2,35,1,1,1,1,0,0,0,,,2,,,,,,,,,,,,,,1,2,3,2,2,2,1,2,2,2,2,2,1,2,2,,,,,2,,,2,2,2,,,,2,2,,2,1,2,1,,2,1,1,2,,,,1,2,1,2,2,,,,,,1,2,2,2,2,2,,2,2,,,,,2,,,,,,1,1,1,1,2,1,,0,1,3,4,4,4,4,3,1,1,0,0
"Gambia, The","GMB",162233354,0.565858859218526,1,20,2,3,1,2,0,0,0,,,2,,,,,,,,,,,,,,2,2,1,2,2,2,1,2,3,3,1,1,1,2,2,,,,,2,,,2,2,2,,,,2,2,,2,1,2,1,,7,,,2,,,,1,2,1,2,2,,,,,,2,,,,,,,2,2,,,,,2,,,,,,1,1,1,1,4,1,,1,1,4,4,4,4,4,3,1,2,0,0
"Gambia, The","GMB",183744325,0.865428517965696,2,16,1,1,1,2,1,1,0,1,2,2,,,2,2,2,,,,1,2,1,2,1,,,,,,,,,,2,2,1,2,2,2,,,,,2,,,2,2,2,,,,1,2,,2,2,2,1,,2,2,1,1,2,2,2,1,1,,,1,2,2,,,1,2,,,,,,,2,2,,,,,2,,,,,,2,1,1,1,2,1,,1,1,4,4,4,4,2,1,1,1,1,0
"Gambia, The","GMB",178360841,0.335117712442569,2,47,1,5,1,2,1,1,0,2,2,1,1,2,2,2,2,,,,1,1,2,,1,,,,,,,,,,2,1,2,1,2,2,,,,,2,,,2,2,2,,,,2,2,,2,1,2,1,,3,3,1,1,2,1,1,2,,,,2,,,,,,1,2,1,2,,,2,2,2,,,,,2,,,,,,1,1,1,1,4,2,,0,1,1,4,4,4,4,2,1,1,1,0
"Gambia, The","GMB",172233366,0.619406225836935,2,54,1,5,1,2,0,0,0,,,2,,,,,,,,,,,,,,1,2,2,2,2,2,1,2,2,2,2,2,1,2,1,,,,,2,,,2,2,2,,,,2,2,,2,2,2,1,,3,1,1,2,,,,2,,,,2,,,,,,1,2,2,2,1,,,2,2,,,,,1,2,2,2,1,,1,1,4,4,1,1,,0,1,2,4,4,2,4,5,1,2,0,0
"Gambia, The","GMB",155812922,0.599378161366252,1,18,2,4,1,2,0,0,0,,,2,,,,,,,,,,,,,,2,2,1,2,2,2,1,2,2,2,1,1,1,2,2,,,,,2,,,2,2,2,,,,2,2,,2,2,2,1,,2,1,1,2,,,,1,1,,,2,,,,,,2,,,,,,,2,2,,,,,1,1,2,2,1,,1,1,1,1,4,1,,0,1,4,4,4,2,4,1,1,1,0,0
"Gambia, The","GMB",126500508,1.09552564339447,1,35,1,2,1,1,0,0,0,,,2,,,,,,,,,,,,,,1,2,2,2,2,2,1,2,2,2,2,2,1,2,2,,,,,2,,,2,2,2,,,,2,2,,2,2,2,1,,7,,,2,,,,2,,,,2,,,,,,2,,,,,,,2,2,,,,,1,1,2,2,1,,1,1,1,1,2,1,,1,1,4,4,4,2,4,5,1,2,0,0
"Gambia, The","GMB",125539396,1.23619157470718,2,44,1,3,2,1,1,0,1,,,2,,,,,,,,,,,,,,,2,2,2,2,2,1,2,2,,,,,,,,,,1,2,,,2,2,2,,,,2,2,2,2,2,2,1,,2,1,1,2,,,,1,1,,,2,,,,,,1,2,2,1,,,1,1,2,2,2,1,,1,1,2,2,1,,1,2,1,2,2,1,,0,1,1,2,4,2,4,1,1,1,1,0
"Gambia, The","GMB",163006538,1.81374866934923,1,30,1,1,1,1,1,1,0,1,1,1,2,,2,2,2,,,,1,1,1,1,2,,,,,,,,,,1,1,1,1,2,2,,,,,2,,,1,2,1,2,1,,2,2,,1,1,2,1,1,6,1,1,2,,,,1,2,1,2,1,2,2,,,2,2,,,,,,,1,2,2,2,2,2,1,1,2,2,2,1,1,1,1,1,3,1,,1,1,4,3,4,1,3,3,1,2,1,0
"Gambia, The","GMB",203738312,1.14529391561612,1,60,1,4,2,2,0,0,0,,,2,,,,,,,,,,,,,,2,2,2,2,2,2,1,2,2,2,2,2,1,2,2,,,,,2,,,2,2,2,,,,2,2,,2,2,2,2,,7,,,2,,,,2,,,,2,,,,,,2,,,,,,,2,2,,,,,2,,,,,,1,1,2,1,2,1,,0,0,4,4,4,4,4,5,1,2,0,0
"Gambia, The","GMB",115077970,0.633845890636304,2,26,1,4,1,2,0,0,0,,,2,,,,,,,,,,,,,,1,2,2,2,2,2,1,1,2,2,2,1,1,2,2,,,,,2,,,2,2,2,,,,2,2,,2,2,2,2,,2,2,1,2,,,,1,2,2,2,2,,,,,,2,,,,,,,2,2,,,,,2,,,,,,1,1,1,2,2,1,,0,0,4,4,4,4,4,4,1,1,0,0
"Gambia, The","GMB",200747873,0.385734764289623,2,25,2,5,1,2,0,0,0,,,2,,,,,,,,,,,,,,2,2,2,2,2,2,1,1,2,2,2,2,2,2,2,,,,,2,,,2,2,2,,,,2,2,,2,2,2,2,,3,1,1,1,2,1,2,1,2,1,2,1,2,1,1,,,1,2,2,2,1,,,2,2,,,,,2,,,,,,1,1,1,1,4,1,,1,0,2,4,4,4,1,3,1,1,0,0
"Gambia, The","GMB",116156701,0.725208606487373,1,18,2,3,2,1,0,0,0,,,2,,,,,,,,,,,,,,2,2,2,2,2,2,1,2,2,2,2,2,1,2,2,,,,,2,,,2,2,2,,,,2,2,,2,1,2,1,,3,1,1,2,,,,2,,,,1,2,2,,,1,2,,,,,,,1,2,2,2,1,,2,,,,,,1,1,1,1,4,1,,0,1,4,2,4,4,2,5,1,2,0,0
"Gambia, The","GMB",151680165,0.324986663144623,1,34,1,2,1,1,0,0,0,,,2,,,,,,,,,,,,,,1,2,2,1,2,2,1,2,2,2,2,1,1,2,2,,,,,2,,,2,2,2,,,,2,2,,1,2,2,2,2,5,1,1,2,,,,2,,,,2,,,,,,2,,,,,,,2,2,,,,,1,1,2,2,1,,1,1,1,1,4,1,,1,0,4,4,4,2,4,5,1,1,0,0
"Gambia, The","GMB",167258328,1.50044313718881,2,49,1,4,1,2,0,0,0,,,2,,,,,,,,,,,,,,1,2,1,2,2,2,1,2,2,2,3,2,1,2,2,,,,,2,,,2,2,2,,,,1,2,,2,2,2,1,,5,1,1,2,,,,2,,,,2,,,,,,2,,,,,,,2,2,,,,,2,,,,,,1,1,1,1,1,1,,1,1,4,4,4,4,4,5,1,2,0,0
"Gambia, The","GMB",182852425,0.915075702160521,1,55,1,3,1,1,0,0,0,,,2,,,,,,,,,,,,,,2,2,2,2,2,2,1,2,2,2,2,2,1,2,2,,,,,2,,,2,2,2,,,,2,2,,1,2,2,2,2,7,,,2,,,,2,,,,1,2,2,,,1,2,,,,,,,2,2,,,,,1,1,2,2,1,,1,1,1,1,4,1,,1,0,4,4,4,2,2,5,1,2,0,0
"Gambia, The","GMB",118523322,1.02637983719645,1,37,2,5,1,2,0,0,0,,,2,,,,,,,,,,,,,,1,2,2,2,2,2,2,2,2,2,2,2,1,2,2,,,,,2,,,2,2,2,,,,2,2,,2,2,2,2,,2,3,3,1,2,1,2,1,1,,,1,2,2,,,1,2,,,,,,,2,2,,,,,2,,,,,,3,1,1,1,4,3,,0,0,4,4,4,4,2,1,1,1,0,0
"Gambia, The","GMB",186796576,2.23944022592393,2,23,1,3,1,2,0,0,0,,,2,,,,,,,,,,,,,,1,1,1,1,2,1,1,2,2,1,1,1,1,2,1,,,,,2,,,2,2,2,,,,1,2,,1,1,2,1,2,3,1,1,2,,,,2,,,,1,2,2,,,1,2,,,,,,,2,2,,,,,1,3,2,2,1,,1,1,1,1,3,1,,1,1,4,4,4,2,2,5,1,2,0,0
"Gambia, The","GMB",182839640,0.768246386696527,1,33,2,2,1,2,1,1,0,2,2,2,,,1,1,2,,,,1,2,2,,2,,,,,,,,,,1,1,1,1,2,2,,,,,2,,,2,2,2,,,,1,1,,2,2,2,2,,1,3,2,2,,,,1,2,1,2,2,,,,,,2,,,,,,,2,2,,,,,2,,,,,,1,1,4,4,1,1,,1,0,4,4,4,4,4,3,1,1,1,0
"Gambia, The","GMB",132654439,0.71339208780895,1,24,1,2,1,2,0,0,0,,,2,,,,,,,,,,,,,,2,1,1,2,2,2,2,2,2,2,1,2,1,2,1,,,,,2,,,2,2,2,,,,2,2,,2,1,2,1,,2,2,1,2,,,,1,2,1,2,2,,,,,,2,,,,,,,2,2,,,,,2,,,,,,1,1,1,1,2,1,,1,1,4,4,4,4,4,3,2,2,0,0
"Gambia, The","GMB",165863661,0.363587871869027,2,41,2,5,2,2,1,1,0,1,2,2,,,2,2,2,,,,2,,2,,2,,,,,,,,,,2,1,2,2,2,1,,,,,2,,,2,2,2,,,,2,2,,2,1,2,1,,2,2,1,1,2,1,2,2,,,,1,2,2,,,1,2,,,,,,,2,2,,,,,1,1,2,2,1,,1,1,1,1,3,1,,0,1,4,4,4,2,2,3,2,1,0,0
"Gambia, The","GMB",148525315,1.25885242391427,1,29,1,2,1,1,1,1,0,2,2,2,,,2,2,2,,,,1,2,1,2,1,,,,,,,,,,1,2,1,1,2,2,,,,,2,,,2,2,2,,,,2,1,,1,1,1,2,2,2,1,1,2,,,,2,,,,1,2,2,,,1,2,,,,,,,2,2,,,,,2,,,,,,1,1,1,1,5,1,,1,1,4,4,4,4,2,5,1,1,0,0
"Gambia, The","GMB",153595988,0.493454714430943,1,52,1,5,1,1,0,0,0,,,2,,,,,,,,,,,,,,2,2,2,2,2,2,1,2,2,,,,,,,,,,,2,,,2,2,2,,,,2,2,2,2,2,2,2,,2,1,1,2,,,,2,,,,2,,,,,,2,,,,,,,2,2,,,,,2,,,,,,1,1,1,1,2,2,,0,0,4,4,4,4,4,5,1,1,0,0
"Gambia, The","GMB",136899183,0.865229331943078,1,21,2,4,1,2,1,1,0,1,1,2,,,1,1,2,,,,2,,1,1,1,,,,,,,,,,,,,,,,,,,,2,,,2,2,2,,,,2,2,2,2,1,1,1,,2,1,1,2,,,,2,,,,2,,,,,,1,1,1,2,,,2,2,2,,,,,2,,,,,,1,1,1,1,2,1,,1,1,1,4,4,4,4,5,1,2,1,0
"Gambia, The","GMB",168708504,1.25844249552296,2,23,2,5,2,2,0,0,0,,,2,,,,,,,,,,,,,,1,2,2,2,2,2,1,2,2,2,2,2,2,2,2,,,,,2,,,2,2,2,,,,2,2,,2,2,2,2,,2,2,2,2,,,,2,,,,2,,,,,,2,,,,,,,2,2,,,,,2,,,,,,2,1,2,2,2,2,,0,0,4,4,4,4,4,5,1,1,0,0
"Gambia, The","GMB",200036847,0.574321787242396,2,79,1,4,1,2,0,0,0,,,2,,,,,,,,,,,,,,2,2,3,2,2,2,1,2,2,1,3,1,1,2,1,,,,,2,,,2,2,2,,,,2,2,,2,2,2,2,,2,3,2,2,,,,2,,,,1,2,2,,,2,2,,,,,,,2,2,,,,,2,,,,,,1,3,3,3,,3,,1,0,4,4,4,4,3,5,1,1,0,0
"Gambia, The","GMB",175347580,2.69394390093934,2,15,1,2,1,2,0,0,0,,,2,,,,,,,,,,,,,,2,1,1,1,2,2,1,2,1,1,2,1,1,2,2,,,,,2,,,2,2,2,,,,2,2,,2,2,2,2,,2,1,1,2,,,,1,2,1,2,2,,,,,,2,,,,,,,2,2,,,,,2,,,,,,1,1,1,1,2,1,,0,0,4,4,4,4,4,3,2,2,0,0
"Gambia, The","GMB",175981950,0.469694779392721,1,32,1,5,1,2,0,0,0,,,2,,,,,,,,,,,,,,2,2,2,2,2,2,1,2,2,2,2,2,2,2,2,,,,,2,,,2,2,2,,,,2,2,,2,2,2,2,,2,1,1,2,,,,2,,,,2,,,,,,2,,,,,,,2,2,,,,,2,,,,,,1,1,1,1,2,1,,0,0,4,4,4,4,4,5,1,2,0,0
"Gambia, The","GMB",139084284,0.924301005110248,2,38,2,5,1,1,1,0,1,,,2,,,,,,,,,,,,,,,2,2,2,2,2,1,2,2,,,,,,,1,1,2,1,1,2,,2,1,2,,,,2,2,1,2,2,2,2,,5,1,1,1,2,2,1,1,2,1,1,1,2,2,,,1,1,1,2,1,,,1,2,2,,,,,2,,,,,,1,1,1,1,3,1,,1,0,1,4,4,4,2,2,1,1,1,1
"Gambia, The","GMB",123595417,0.359626896819751,1,19,1,2,1,1,1,0,1,,,2,,,,,,,,,,,,,,,2,1,2,2,2,1,2,2,,,,,,,2,2,1,1,2,,,2,2,1,2,1,,2,2,2,2,2,2,1,,4,1,1,2,,,,2,,,,1,2,2,,,1,2,,,,,,,2,2,,,,,1,1,2,2,1,,1,1,2,2,2,1,,0,1,4,4,4,2,2,5,1,1,1,0
"Gambia, The","GMB",180650840,0.220644054444685,1,16,2,5,2,2,0,0,0,,,2,,,,,,,,,,,,,,2,2,2,2,2,2,2,1,2,2,2,1,2,2,2,,,,,2,,,2,2,2,,,,2,2,,2,2,2,2,,2,2,1,2,,,,2,,,,2,,,,,,2,,,,,,,2,2,,,,,2,,,,,,1,2,1,2,4,1,,1,0,4,4,4,4,4,5,1,2,0,0
"Gambia, The","GMB",195754601,0.228278311969685,2,45,3,5,2,2,1,1,0,1,2,1,2,,1,1,2,,,,2,,1,2,1,,,,,,,,,,1,1,2,2,2,2,,,,,2,,,1,2,2,,,,1,1,,2,2,2,1,,2,3,3,2,,,,2,,,,2,,,,,,2,,,,,,,2,2,,,,,2,,,,,,1,1,1,3,1,3,,1,1,4,4,4,4,4,5,1,2,1,0
"Gambia, The","GMB",168401692,1.2430375877744,2,18,1,3,1,2,0,0,0,,,2,,,,,,,,,,,,,,1,2,1,1,2,2,1,2,2,2,1,1,1,2,2,,,,,2,,,2,2,2,,,,2,2,,2,2,2,1,,3,2,1,2,,,,2,,,,2,,,,,,2,,,,,,,2,2,,,,,2,,,,,,1,1,1,1,2,1,,0,1,4,4,4,4,4,5,1,1,0,0
"Gambia, The","GMB",183246995,2.53538356254522,2,29,2,3,1,2,0,0,0,,,2,,,,,,,,,,,,,,1,2,2,1,1,2,1,2,2,,,,,,,,,,,2,,,2,2,2,,,,1,1,2,2,2,2,2,,1,1,2,2,,,,2,,,,1,2,2,,,1,2,,,,,,,2,2,,,,,2,,,,,,1,1,1,1,1,1,,1,1,4,4,4,4,2,5,1,1,0,0
"Gambia, The","GMB",128223119,0.747921667833501,2,15,1,5,1,2,1,1,1,1,2,2,,,2,2,2,,,,1,1,1,1,1,,,,,,,,,,2,2,2,2,2,2,,,,,2,,,2,2,2,,,,2,1,,2,2,1,2,,1,3,3,1,1,,,1,1,,,1,2,2,,,2,2,,,,,,,2,2,,,,,1,1,2,1,,,5,3,3,3,,3,,1,1,4,4,4,1,3,1,1,1,1,0
"Gambia, The","GMB",201022335,1.70220720463279,1,43,1,4,1,2,1,1,0,,,1,2,,2,2,2,,,,2,,2,,2,,,,,,,,,,2,2,2,1,2,1,,,,,2,,,2,2,2,,,,2,2,,1,2,2,2,1,3,1,1,1,2,2,2,2,,,,1,2,2,,,1,2,,,,,,,2,2,,,,,2,,,,,,1,1,1,1,2,1,,1,1,4,4,4,4,2,4,1,2,0,0
"Gambia, The","GMB",180966847,0.763529277077413,1,60,1,4,2,2,0,0,0,,,2,,,,,,,,,,,,,,1,2,2,2,2,2,2,2,2,2,2,2,2,2,2,,,,,2,,,2,2,2,,,,2,2,,2,2,2,2,,2,3,1,2,,,,2,,,,2,,,,,,2,,,,,,,2,2,,,,,2,,,,,,2,2,2,5,2,1,,0,0,4,4,4,4,4,5,1,1,0,0
"Gambia, The","GMB",170218138,0.731131871858195,1,16,1,5,1,2,0,0,0,,,2,,,,,,,,,,,,,,2,1,3,1,1,1,1,1,3,1,1,1,1,2,1,,,,,2,,,2,2,2,,,,2,2,,2,2,2,2,,2,2,2,2,,,,2,,,,2,,,,,,1,2,2,2,1,,,2,2,,,,,2,,,,,,1,1,1,1,4,1,,0,0,2,4,4,4,4,5,2,2,0,0
"Gambia, The","GMB",183266581,0.687576168833532,2,42,1,2,1,1,0,0,0,,,2,,,,,,,,,,,,,,2,2,3,3,3,2,2,2,2,2,3,3,2,2,2,,,,,2,,,2,2,2,,,,2,2,,2,2,2,2,,2,1,1,2,,,,2,,,,2,,,,,,2,,,,,,,2,2,,,,,2,,,,,,1,1,1,1,2,1,,0,0,4,4,4,4,4,5,1,2,0,0
"Gambia, The","GMB",180946499,3.00106912418754,1,23,1,1,2,2,1,1,0,2,2,1,2,,2,1,2,,,,1,1,1,1,1,,,,,,,,,,2,2,2,2,2,2,,,,,2,,,2,2,2,,,,1,1,,2,2,2,2,,1,2,3,2,,,,1,3,1,1,2,,,,,,2,,,,,,,2,2,,,,,2,,,,,,1,1,1,1,3,1,,1,1,4,4,4,4,4,2,1,1,0,0
"Gambia, The","GMB",157353580,0.335210248038388,1,52,2,3,1,2,0,0,0,,,2,,,,,,,,,,,,,,1,2,2,2,2,2,1,2,2,2,2,2,1,2,2,,,,,2,,,2,2,2,,,,2,2,,1,2,2,2,2,2,2,1,1,2,1,1,1,2,1,2,2,,,,,,2,,,,,,,2,2,,,,,2,,,,,,3,1,2,3,2,1,,1,0,4,4,4,4,4,2,1,1,0,0
"Gambia, The","GMB",157065636,1.19791129173649,2,82,1,1,1,2,1,1,0,2,2,2,,,2,2,2,,,,2,,1,1,1,,,,,,,,,,2,2,2,2,2,2,,,,,2,,,2,2,2,,,,2,1,,2,2,2,2,,2,2,2,1,1,,,1,1,,,1,2,2,,,1,2,,,,,,,2,2,,,,,1,1,2,2,1,,2,2,2,3,3,1,,1,0,4,4,4,2,2,1,1,2,1,0
"Gambia, The","GMB",176857829,0.651409378166436,1,18,1,5,2,1,0,0,0,,,2,,,,,,,,,,,,,,2,1,1,1,1,2,1,1,1,2,2,2,2,2,2,,,,,2,,,2,2,2,,,,2,2,,2,2,2,2,,3,3,1,2,,,,2,,,,2,,,,,,2,,,,,,,2,2,,,,,2,,,,,,3,3,3,3,,3,,0,0,4,4,4,4,4,5,1,1,0,0
"Gambia, The","GMB",184276360,1.39248020485934,1,37,1,3,1,2,0,0,0,,,2,,,,,,,,,,,,,,1,2,2,2,2,2,1,2,2,3,3,1,1,2,2,,,,,2,,,2,2,2,,,,2,2,,1,2,2,2,2,2,2,2,1,2,2,2,1,2,2,2,1,2,2,,,1,2,,,,,,,2,2,,,,,2,,,,,,3,3,3,3,,3,,1,0,4,4,4,4,2,4,1,1,0,0
"Gambia, The","GMB",208864321,2.23944022592393,2,19,1,1,2,2,0,0,0,,,2,,,,,,,,,,,,,,1,2,2,2,2,2,1,2,2,2,2,1,1,2,2,,,,,2,,,2,2,2,,,,2,2,,2,2,2,1,,5,1,1,2,,,,2,,,,1,2,2,,,1,2,,,,,,,2,2,,,,,2,,,,,,1,1,1,1,2,2,,0,1,4,4,4,4,2,5,1,1,0,0
"Gambia, The","GMB",117345388,0.349482538266692,2,40,3,2,1,2,1,1,0,1,1,2,,,2,2,2,,,,1,2,2,,1,,,,,,,,,,2,2,2,1,2,2,,,,,2,,,2,2,2,,,,2,1,,2,2,2,2,,1,1,1,1,1,,,2,,,,1,2,2,,,1,1,1,1,2,,,1,1,2,1,2,,,2,,,,,,2,1,2,1,2,1,,1,0,1,1,4,4,2,1,1,1,1,0
"Gambia, The","GMB",179714455,0.75236603060747,2,15,1,5,1,1,0,0,0,,,2,,,,,,,,,,,,,,1,2,2,1,2,2,1,2,2,2,1,1,1,2,1,,,,,2,,,2,2,2,,,,2,2,,2,1,2,1,,3,1,1,2,,,,2,,,,1,2,2,,,1,1,2,2,2,1,,,2,2,,,,,1,3,2,2,1,,1,1,1,1,3,1,,0,1,2,4,4,2,2,5,2,2,0,0
"Gambia, The","GMB",173177366,0.185539238362971,1,39,2,5,2,2,0,0,0,,,2,,,,,,,,,,,,,,1,2,2,2,2,2,1,2,2,2,2,2,1,2,2,,,,,2,,,2,2,2,,,,2,2,,2,2,2,2,,7,,,1,2,1,2,2,,,,1,2,2,,,1,2,,,,,,,1,2,2,2,2,2,2,,,,,,1,1,1,1,4,1,,0,0,4,3,4,4,2,3,2,2,0,0
"Gambia, The","GMB",123544444,1.01521453421078,1,42,2,3,1,2,1,1,1,3,2,2,,,2,2,2,,,,2,,2,,1,,,,,,,,,,2,2,2,2,2,2,,,,,2,,,2,2,2,,,,2,2,,2,2,1,2,,3,1,1,2,,,,2,,,,2,,,,,,2,,,,,,,2,2,,,,,1,1,2,1,,,1,1,1,1,2,1,,0,1,4,4,4,1,4,5,1,1,1,0
"Gambia, The","GMB",173959883,0.186990607730635,1,27,2,1,2,2,1,1,0,2,2,2,,,2,2,2,,,,1,2,1,1,1,,,,,,,,,,2,2,2,1,2,2,,,,,2,,,2,1,1,2,1,,2,2,,1,2,2,2,2,1,3,3,1,2,1,1,2,,,,2,,,,,,2,,,,,,,2,2,,,,,2,,,,,,2,1,2,1,4,2,,1,0,4,4,4,4,4,2,1,1,1,0
"Gambia, The","GMB",168109497,1.48036414329283,1,45,1,4,1,2,0,0,0,,,2,,,,,,,,,,,,,,1,2,2,2,2,2,1,2,2,2,2,2,2,2,2,,,,,2,,,2,1,2,,,,2,2,,1,2,2,2,2,3,3,4,2,,,,2,,,,1,2,2,,,1,2,,,,,,,2,2,,,,,2,,,,,,1,1,2,2,2,1,,1,0,4,4,4,4,2,5,1,1,0,0
"Gambia, The","GMB",160319035,0.461700977799296,2,75,2,3,1,2,1,1,0,1,2,2,,,2,2,2,,,,2,,2,,1,,,,,,,,,,1,2,2,2,2,2,,,,,2,,,2,2,2,,,,2,1,,2,2,2,2,,2,1,1,2,,,,1,1,,,2,,,,,,2,,,,,,,2,2,,,,,1,1,2,2,1,,1,1,1,1,3,1,,1,0,4,4,4,2,4,1,1,2,1,0
"Gambia, The","GMB",163083260,0.52672245022634,2,28,1,5,2,2,0,0,0,,,2,,,,,,,,,,,,,,1,2,2,1,2,1,1,2,2,2,1,2,1,2,1,,,,,2,,,2,1,2,,,,1,2,,2,2,2,1,,1,2,3,1,2,1,1,1,1,,,2,,,,,,2,,,,,,,2,2,,,,,2,,,,,,1,1,1,1,4,1,,1,1,4,4,4,4,4,1,1,1,0,0
"Gambia, The","GMB",169950848,0.906874334674614,1,30,1,3,1,2,0,0,0,,,2,,,,,,,,,,,,,,1,2,2,2,2,2,1,2,2,2,2,2,2,2,2,,,,,2,,,2,2,2,,,,2,2,,1,2,2,1,2,3,1,1,2,,,,2,,,,2,,,,,,2,,,,,,,2,2,,,,,1,1,2,2,1,,1,1,1,1,4,1,,1,1,4,4,4,2,4,5,2,2,0,0
"Gambia, The","GMB",163370006,0.575213716883366,1,21,2,4,1,2,1,1,0,1,1,2,,,2,2,2,,,,2,,2,,1,,,,,,,,,,2,2,2,2,2,1,,,,,2,,,2,2,2,,,,1,1,,1,2,2,2,2,2,1,1,2,,,,2,,,,2,,,,,,1,1,2,2,1,,,2,2,,,,,2,,,,,,4,1,1,1,4,1,,1,0,2,4,4,4,4,5,1,1,0,0
"Gambia, The","GMB",119208686,0.575213716883366,1,15,1,3,1,1,0,0,0,,,2,,,,,,,,,,,,,,2,2,1,2,2,2,1,2,2,1,1,1,1,2,1,,,,,2,,,2,2,2,,,,2,2,,2,2,2,1,,3,2,1,2,,,,2,,,,1,2,2,,,1,2,,,,,,,1,2,2,2,2,2,1,1,2,2,1,,2,2,1,3,3,1,,1,1,4,3,4,2,2,5,2,2,0,0
"Gambia, The","GMB",206315486,0.384892438948669,1,43,2,4,2,2,1,1,0,2,2,2,,,2,2,2,,,,1,1,1,2,1,,,,,,,,,,2,2,2,2,2,2,,,,,2,,,2,2,2,,,,2,1,,2,2,2,2,,3,2,1,1,2,1,2,2,,,,1,2,2,,,1,2,,,,,,,2,2,,,,,2,,,,,,1,1,3,3,1,1,,1,0,4,4,4,4,2,3,1,1,0,0
"Gambia, The","GMB",162465353,3.00106912418754,2,25,1,3,1,2,0,0,0,,,2,,,,,,,,,,,,,,1,2,2,2,2,2,1,2,2,2,2,2,1,2,2,,,,,2,,,2,2,2,,,,2,2,,2,2,2,2,,2,1,1,2,,,,2,,,,2,,,,,,1,2,2,2,1,,,2,2,,,,,2,,,,,,1,1,1,1,2,1,,0,0,2,4,4,4,4,5,1,1,0,0
"Gambia, The","GMB",196095833,1.0583136127019,2,64,3,3,2,2,0,0,0,,,2,,,,,,,,,,,,,,1,1,1,1,2,2,1,2,2,1,1,1,1,1,2,,,,,2,,,2,2,2,,,,2,2,,2,2,2,1,,2,2,2,1,2,1,2,1,2,2,2,1,2,2,,,1,1,1,2,2,1,,,1,2,2,2,2,2,2,,,,,,1,1,2,1,2,1,,0,1,2,3,4,4,2,3,1,1,0,0
"Gambia, The","GMB",168021704,0.185539238362971,1,32,2,4,1,2,0,0,0,,,2,,,,,,,,,,,,,,1,2,2,2,2,2,1,2,2,2,2,2,1,2,2,,,,,2,,,2,2,2,,,,2,2,,2,1,2,1,,7,,,2,,,,2,,,,1,2,2,,,1,2,,,,,,,2,2,,,,,2,,,,,,1,1,1,2,4,1,,0,1,4,4,4,4,2,5,1,1,0,0
"Gambia, The","GMB",184941189,0.974842495810927,1,20,1,3,1,2,1,1,0,,,2,,,,,,,,,,,,,,,1,1,1,1,1,1,1,2,1,1,1,1,2,2,,,,,2,,,2,2,2,,,,2,2,,2,2,2,2,,6,1,2,1,1,,,2,,,,2,,,,,,1,2,1,2,,,2,2,2,,,,,2,,,,,,1,1,1,1,2,1,,1,0,1,4,4,4,4,1,1,1,1,0
"Gambia, The","GMB",151727552,1.29280442155304,2,40,1,3,1,2,0,0,0,,,2,,,,,,,,,,,,,,1,2,2,2,2,2,1,2,2,2,2,2,2,2,2,,,,,2,,,2,2,2,,,,2,2,,2,2,2,2,,2,1,1,2,,,,1,2,1,2,2,,,,,,2,,,,,,,2,2,,,,,2,,,,,,2,1,1,1,3,1,,0,0,4,4,4,4,4,3,1,1,0,0
"Gambia, The","GMB",167435313,1.06650019473282,2,30,2,1,1,2,0,0,0,,,2,,,,,,,,,,,,,,1,2,1,2,2,2,1,1,2,2,2,2,1,2,2,,,,,2,,,2,2,2,,,,2,2,,2,2,2,2,,3,1,1,1,2,2,1,2,,,,1,2,2,,,1,2,,,,,,,2,2,,,,,2,,,,,,1,3,1,1,1,1,,0,0,4,4,4,4,2,2,1,1,0,0
"Gambia, The","GMB",168222642,1.02557047730128,2,22,2,5,2,2,1,1,1,2,2,2,,,1,1,2,,,,1,1,1,1,1,,,,,,,,,,,,,,,,1,1,2,1,2,,,2,2,1,1,2,,1,1,2,2,1,2,1,,1,3,3,1,2,1,1,1,1,,,1,2,2,,,1,1,1,2,2,1,,,1,2,2,2,1,,2,,,,,,1,3,3,3,,1,,1,1,2,2,4,4,2,1,1,1,1,1
"Gambia, The","GMB",183429071,0.617507356343246,2,21,1,4,1,2,0,0,0,,,2,,,,,,,,,,,,,,1,2,2,2,2,2,2,2,2,2,2,2,2,2,2,,,,,2,,,2,2,2,,,,2,2,,2,1,2,1,,2,1,1,2,,,,2,,,,1,2,2,,,1,2,,,,,,,2,2,,,,,2,,,,,,1,1,1,1,3,1,,0,1,4,4,4,4,2,5,1,1,0,0
"Gambia, The","GMB",151519796,0.185539238362971,2,57,2,4,1,1,1,1,0,2,2,2,,,1,2,2,,,,2,,1,1,2,,,,,,,,,,1,1,2,1,2,1,,,,,2,,,2,2,2,,,,2,2,,2,2,2,1,,3,2,1,2,,,,1,1,,,1,2,2,,,1,2,,,,,,,2,2,,,,,2,,,,,,1,1,1,2,3,1,,0,1,4,4,4,4,2,1,1,1,1,0
"Gambia, The","GMB",181157609,1.4267841756179,1,17,1,2,1,2,0,0,0,,,2,,,,,,,,,,,,,,1,1,2,2,2,2,1,2,2,2,2,1,2,2,2,,,,,2,,,2,2,2,,,,2,2,,1,2,2,2,2,6,1,1,2,,,,2,,,,2,,,,,,2,,,,,,,2,2,,,,,1,1,2,2,2,2,3,4,1,1,4,2,,1,0,4,4,4,3,4,5,1,1,0,0
"Gambia, The","GMB",169025998,1.94968499162185,1,16,1,1,2,2,0,0,0,,,2,,,,,,,,,,,,,,1,2,2,2,2,2,1,2,2,2,2,2,2,2,2,,,,,2,,,2,2,2,,,,2,2,,2,2,2,2,,7,,,2,,,,1,2,2,1,2,,,,,,2,,,,,,,2,2,,,,,2,,,,,,3,3,4,3,,2,,0,0,4,4,4,4,4,2,1,2,0,0
"Gambia, The","GMB",178621747,0.288409777314359,1,15,1,2,2,2,1,0,1,,,2,,,,,,,,,,,,,,,1,2,1,2,1,1,1,1,,,,,,,2,1,2,2,1,1,,1,1,1,2,2,,1,2,1,1,2,2,2,2,3,3,2,1,2,2,1,2,,,,2,,,,,,2,,,,,,,2,2,,,,,2,,,,,,2,1,1,3,1,1,,1,1,4,4,4,4,4,2,1,1,1,1
"Gambia, The","GMB",170155834,1.24685999754925,2,50,1,5,1,1,0,0,0,,,2,,,,,,,,,,,,,,2,2,3,2,1,2,1,2,2,2,2,2,2,2,2,,,,,2,,,2,2,2,,,,2,2,,2,2,2,2,,7,,,2,,,,2,,,,2,,,,,,2,,,,,,,2,2,,,,,2,,,,,,1,1,1,1,4,1,,0,0,4,4,4,4,4,5,1,1,0,0
"Gambia, The","GMB",167643093,0.833818317282372,1,27,1,4,1,2,0,0,0,,,2,,,,,,,,,,,,,,1,1,2,2,2,2,1,2,2,2,2,1,1,2,1,,,,,2,,,2,2,2,,,,2,2,,2,1,2,1,,4,2,1,2,,,,1,2,1,2,2,,,,,,2,,,,,,,2,2,,,,,2,,,,,,2,1,1,1,2,1,,0,1,4,4,4,4,4,3,2,2,0,0
"Gambia, The","GMB",174077641,0.869146677456653,2,32,2,5,1,2,1,1,0,1,2,1,2,,2,1,2,,,,1,1,1,2,1,,,,,,,,,,2,3,2,2,2,2,,,,,2,,,2,2,1,1,3,,2,1,,2,2,2,2,,3,3,2,1,2,1,2,2,,,,1,2,2,,,1,1,2,1,2,,,1,2,2,,,,,2,,,,,,2,2,2,4,2,1,,1,0,1,4,4,4,2,3,1,1,1,1
"Gambia, The","GMB",179370972,0.663500790178889,1,60,1,3,2,1,0,0,0,,,2,,,,,,,,,,,,,,2,2,1,2,2,2,1,2,2,2,2,2,1,2,2,,,,,2,,,2,2,2,,,,2,2,,2,1,2,1,,2,1,1,2,,,,1,2,1,1,1,2,2,,,1,2,,,,,,,2,2,,,,,1,3,2,2,1,,1,1,1,1,2,2,,0,1,4,4,4,2,2,2,1,1,0,0
"Gambia, The","GMB",173434710,1.67958016944295,2,16,1,1,1,1,0,0,0,,,2,,,,,,,,,,,,,,2,1,1,1,2,1,1,2,2,1,1,1,1,2,1,,,,,2,,,2,2,2,,,,2,2,,2,2,2,1,,4,2,1,2,,,,2,,,,1,2,2,,,1,2,,,,,,,2,2,,,,,1,1,2,2,1,,1,1,1,1,2,1,,0,1,4,4,4,2,2,5,1,2,0,0
"Gambia, The","GMB",168413222,0.829648957268762,1,60,1,5,1,1,1,1,0,2,2,2,,,2,2,2,,,,2,,2,,1,,,,,,,,,,1,2,2,2,2,2,,,,,2,,,1,1,2,,,,1,2,,2,2,2,1,,3,1,1,1,1,,,1,1,,,1,2,2,,,1,2,,,,,,,2,2,,,,,1,1,2,2,1,,1,1,1,1,1,1,,1,1,4,4,4,2,2,1,1,1,1,0
"Gambia, The","GMB",114903051,0.185539238362971,2,35,2,4,1,2,1,1,0,1,2,2,,,2,2,2,,,,1,2,2,,1,,,,,,,,,,2,2,2,1,2,2,,,,,2,,,2,1,2,,,,2,2,,2,2,2,2,,1,2,2,1,2,1,2,2,,,,2,,,,,,1,1,1,2,,,1,2,2,,,,,2,,,,,,1,1,2,1,4,1,,1,0,1,4,4,4,4,3,1,1,1,0
"Gambia, The","GMB",194590767,0.4697826622555,2,36,1,5,1,2,1,1,0,1,2,2,,,2,2,2,,,,1,2,2,,2,,,,,,,,,,2,2,2,1,2,2,,,,,2,,,2,2,2,,,,2,2,,2,2,2,2,,2,3,3,2,,,,1,2,1,2,1,2,2,,,1,1,2,2,2,1,,,2,2,,,,,2,,,,,,1,1,3,3,1,1,,0,0,2,4,4,4,2,3,1,1,0,0
"Gambia, The","GMB",168284211,0.416909158641186,1,31,1,5,2,2,0,0,0,,,2,,,,,,,,,,,,,,1,1,2,2,2,2,1,1,2,2,2,2,1,2,2,,,,,2,,,2,1,1,2,1,,2,2,,1,2,2,2,2,6,2,4,2,,,,2,,,,2,,,,,,2,,,,,,,2,2,,,,,2,,,,,,3,3,3,3,,3,,1,0,4,4,4,4,4,5,1,1,0,0
"Gambia, The","GMB",181402101,0.917749126906264,2,17,2,3,2,2,0,0,0,,,2,,,,,,,,,,,,,,1,2,2,2,2,2,1,2,2,2,2,2,1,2,1,,,,,2,,,2,2,2,,,,2,2,,2,2,2,2,,2,3,2,2,,,,1,2,1,2,2,,,,,,2,,,,,,,2,2,,,,,2,,,,,,3,3,3,3,,1,,0,0,4,4,4,4,4,3,2,2,0,0
"Gambia, The","GMB",194473095,0.392550065832801,1,38,2,1,1,2,0,0,0,,,2,,,,,,,,,,,,,,1,2,3,2,2,2,1,2,1,2,1,2,1,2,2,,,,,2,,,2,2,2,,,,2,2,,2,2,2,2,,2,2,1,2,,,,1,2,1,1,2,,,,,,2,,,,,,,2,2,,,,,2,,,,,,1,3,1,1,4,1,,0,0,4,4,4,4,4,2,1,1,0,0
"Gambia, The","GMB",183478548,2.49687230733132,1,18,1,2,2,1,0,0,0,,,2,,,,,,,,,,,,,,2,1,2,2,2,1,2,2,1,1,1,2,2,2,1,,,,,2,,,2,2,2,,,,2,2,,2,2,2,2,,2,3,3,2,,,,2,,,,2,,,,,,2,,,,,,,2,2,,,,,1,3,2,2,2,2,2,2,1,1,2,1,,0,0,4,4,4,3,4,5,2,1,0,0
"Gambia, The","GMB",142029481,0.346393041930392,2,52,2,3,2,2,0,0,0,,,2,,,,,,,,,,,,,,2,2,2,2,2,2,1,2,2,2,2,2,1,2,2,,,,,2,,,2,2,2,,,,2,2,,2,1,2,1,,7,,,2,,,,2,,,,1,2,1,1,,,1,2,2,2,1,,,2,2,,,,,2,,,,,,1,2,2,1,4,2,,0,1,2,4,4,4,1,5,1,2,0,0
"Gambia, The","GMB",168592044,1.34697195046967,2,20,1,2,1,2,0,0,0,,,2,,,,,,,,,,,,,,2,2,2,1,2,2,1,2,2,2,2,2,1,2,2,,,,,2,,,2,2,2,,,,2,2,,2,1,2,1,,2,1,1,2,,,,2,,,,1,2,2,,,1,2,,,,,,,1,2,2,2,1,,2,,,,,,1,1,1,1,1,1,,0,1,4,2,4,4,2,5,2,1,0,0
"Gambia, The","GMB",141766639,0.203968830957355,2,28,1,5,1,2,1,1,0,,,2,,,,,,,,,,,,,,,2,2,1,2,2,2,2,2,1,1,2,2,2,2,,,,,1,1,,2,2,2,,,,1,2,,1,2,2,2,2,3,2,2,2,,,,1,2,1,1,2,,,,,,1,2,1,2,,,3,2,2,,,,,2,,,,,,3,2,2,1,3,1,,1,0,1,4,4,4,4,2,1,1,1,1
"Gambia, The","GMB",180298349,0.185539238362971,1,23,2,5,2,2,1,1,0,2,2,1,2,,2,2,1,2,,2,1,1,1,2,1,,,,,,,,,,2,2,2,2,2,1,,,,,2,,,2,2,2,,,,1,1,,2,2,2,1,,1,3,3,1,2,2,1,1,2,1,1,1,2,2,,,1,1,1,1,2,,,1,2,2,,,,,2,,,,,,3,3,3,3,,1,,1,1,1,4,4,4,2,2,1,1,1,0
"Gambia, The","GMB",182697227,1.34084099215355,1,45,2,3,1,2,0,0,0,,,2,,,,,,,,,,,,,,1,2,1,1,1,2,1,1,2,2,2,2,2,2,2,,,,,2,,,2,2,2,,,,2,2,,1,1,2,1,2,4,1,1,2,,,,1,2,2,2,1,2,2,,,1,2,,,,,,,2,1,2,2,2,2,1,2,2,2,1,,1,1,1,1,4,1,,1,1,4,4,3,2,2,4,1,1,0,0
"Gambia, The","GMB",134258964,2.78496040971867,1,40,1,3,1,2,0,0,0,,,2,,,,,,,,,,,,,,1,2,2,2,2,2,1,2,2,2,2,1,1,2,2,,,,,2,,,2,2,2,,,,2,2,,1,2,2,1,2,2,1,1,1,2,2,2,2,,,,1,2,2,,,1,2,,,,,,,2,2,,,,,2,,,,,,3,2,1,4,2,1,,1,1,4,4,4,4,2,4,1,2,0,0
"Gambia, The","GMB",127737486,0.766951622511154,1,18,1,4,1,1,0,0,0,,,2,,,,,,,,,,,,,,2,2,2,2,1,2,1,2,2,2,2,2,2,2,1,,,,,2,,,2,2,2,,,,2,2,,2,2,2,1,,4,1,1,2,,,,2,,,,1,3,3,,,2,2,,,,,,,1,2,2,2,1,,1,1,2,2,1,,1,1,1,1,3,1,,1,1,4,2,4,2,3,5,1,1,0,0
"Gambia, The","GMB",209616285,3.00106912418754,2,70,1,1,2,1,0,0,0,,,2,,,,,,,,,,,,,,2,2,3,2,2,2,2,2,2,3,2,2,2,2,2,,,,,2,,,2,2,2,,,,2,2,,2,2,2,2,,2,1,1,2,,,,2,,,,2,,,,,,2,,,,,,,2,2,,,,,2,,,,,,1,1,1,4,2,2,,0,0,4,4,4,4,4,5,1,1,0,0
"Gambia, The","GMB",145119877,0.288409777314359,1,24,2,5,1,2,0,0,0,,,2,,,,,,,,,,,,,,2,2,2,2,2,1,1,2,2,1,1,1,1,1,2,,,,,2,,,2,2,2,,,,2,2,,1,1,2,1,1,5,1,1,2,,,,2,,,,1,2,2,,,1,2,,,,,,,2,2,,,,,2,,,,,,1,1,1,1,1,1,,1,1,4,4,4,4,2,5,1,1,0,0
"Gambia, The","GMB",180213241,0.849635549467297,1,28,2,5,1,2,0,0,0,,,2,,,,,,,,,,,,,,2,2,1,2,1,2,1,2,1,3,1,3,1,2,2,,,,,2,,,2,2,2,,,,2,2,,2,2,2,2,,7,,,2,,,,2,,,,2,,,,,,2,,,,,,,2,2,,,,,2,,,,,,1,1,1,1,1,1,,0,0,4,4,4,4,4,5,1,1,0,0
"Gambia, The","GMB",169863327,0.675556982097608,2,45,1,5,1,1,0,0,0,,,2,,,,,,,,,,,,,,2,1,3,1,2,2,1,2,2,3,1,1,1,2,1,,,,,2,,,2,2,2,,,,2,2,,2,1,2,1,,2,1,1,2,,,,2,,,,2,,,,,,2,,,,,,,2,2,,,,,1,1,2,2,1,,1,1,1,1,2,1,,1,1,4,4,4,2,4,5,1,2,0,0
"Gambia, The","GMB",134888170,2.1083753762484,1,67,1,1,1,2,1,1,0,2,3,2,,,3,1,3,,,,3,,3,,3,,,,,,,,,,3,3,3,3,3,3,,,,,2,,,1,2,2,,,,2,2,,2,1,3,1,,4,1,1,2,,,,3,,,,1,3,3,,,1,1,2,2,2,1,,,2,2,,,,,1,1,2,2,2,2,1,1,1,4,3,1,,0,1,2,4,4,3,2,6,1,1,1,0
"Gambia, The","GMB",140285892,0.330024086942525,2,20,2,5,1,2,0,0,0,,,2,,,,,,,,,,,,,,2,2,3,2,2,2,1,2,2,2,3,2,1,2,2,,,,,2,,,2,2,2,,,,2,2,,2,2,2,2,,2,1,1,2,,,,2,,,,2,,,,,,2,,,,,,,2,2,,,,,2,,,,,,3,3,3,3,,2,,0,0,4,4,4,4,4,5,2,2,0,0
"Gambia, The","GMB",166838001,2.85427933747161,2,48,1,4,1,2,1,1,0,2,2,2,,,2,2,2,,,,2,,2,,2,,,,,,,,,,,,,,,,,,,,2,,,1,2,2,,,,2,2,2,2,2,2,2,,2,1,1,1,2,2,1,2,,,,1,2,1,1,,,2,,,,,,,2,2,,,,,2,,,,,,1,1,1,3,2,1,,1,0,4,4,4,4,1,2,1,2,1,0
"Gambia, The","GMB",141055816,0.722033749004179,2,22,2,4,1,2,0,0,0,,,2,,,,,,,,,,,,,,1,2,2,2,2,2,1,2,2,2,1,2,1,2,2,,,,,2,,,1,2,1,2,1,,2,2,,2,2,2,2,,3,1,1,2,,,,2,,,,2,,,,,,2,,,,,,,2,2,,,,,2,,,,,,1,1,1,1,1,2,,0,0,4,4,4,4,4,5,1,1,0,0
"Gambia, The","GMB",145910398,1.34322204569852,2,20,1,2,1,1,0,0,0,,,2,,,,,,,,,,,,,,2,1,1,1,2,2,1,2,2,1,1,1,1,2,1,,,,,2,,,2,2,2,,,,1,2,,2,1,2,1,,2,2,1,2,,,,1,2,1,2,2,,,,,,2,,,,,,,2,2,,,,,1,1,2,2,1,,1,1,1,1,2,1,,1,1,4,4,4,2,4,3,2,2,0,0
"Gambia, The","GMB",202037254,1.5866268847321,1,16,1,2,2,1,0,0,0,,,2,,,,,,,,,,,,,,2,1,1,1,2,2,1,3,2,2,1,1,2,2,1,,,,,2,,,2,2,2,,,,2,2,,2,2,2,2,,2,1,1,2,,,,1,2,1,2,2,,,,,,2,,,,,,,1,2,2,2,2,2,2,,,,,,1,2,1,3,3,1,,1,0,4,3,4,4,4,3,2,2,0,0
"Gambia, The","GMB",122117820,0.281306253089525,2,30,2,1,1,2,0,0,0,,,2,,,,,,,,,,,,,,1,2,2,2,2,2,1,2,2,2,2,2,1,2,2,,,,,2,,,2,2,2,,,,2,2,,2,1,2,1,,2,1,1,2,,,,2,,,,1,2,2,,,1,2,,,,,,,2,2,,,,,2,,,,,,1,1,1,1,3,1,,0,1,4,4,4,4,2,5,1,1,0,0
"Gambia, The","GMB",167530590,2.05216952741874,1,15,1,1,2,1,0,0,0,,,2,,,,,,,,,,,,,,1,1,3,2,1,1,2,2,2,1,1,2,2,2,2,,,,,2,,,2,2,2,,,,2,2,,2,1,2,2,,2,1,1,2,,,,2,,,,2,,,,,,2,,,,,,,2,2,,,,,2,,,,,,1,1,1,1,2,1,,1,1,4,4,4,4,4,5,2,2,0,0
"Gambia, The","GMB",153068906,1.42690851249283,2,29,1,1,1,1,0,0,0,,,2,,,,,,,,,,,,,,2,2,3,2,2,2,1,2,2,2,3,2,1,2,2,,,,,2,,,2,2,2,,,,2,2,,2,1,2,1,,3,1,1,1,2,1,2,2,,,,2,,,,,,1,1,2,2,1,,,2,2,,,,,2,,,,,,1,1,1,1,2,3,,0,1,2,4,4,4,4,3,2,2,0,0
"Gambia, The","GMB",176640153,0.247238314941435,2,36,1,5,1,1,0,0,0,,,2,,,,,,,,,,,,,,1,2,2,2,2,2,1,2,2,1,2,1,1,2,2,,,,,2,,,2,2,2,,,,2,2,,2,1,2,2,,4,1,1,2,,,,1,2,2,2,2,,,,,,1,2,2,2,1,,,2,2,,,,,1,1,2,2,1,,1,1,1,1,2,1,,0,1,2,4,4,2,4,4,1,1,0,0
"Gambia, The","GMB",179865861,1.78406720997244,1,17,1,1,1,2,0,0,0,,,2,,,,,,,,,,,,,,2,2,2,2,2,2,1,1,2,2,2,1,1,2,2,,,,,2,,,2,2,2,,,,2,2,,1,1,2,2,2,4,2,3,2,,,,1,1,,,1,2,3,,,1,2,,,,,,,2,2,,,,,1,1,2,2,1,,1,1,1,2,2,1,,1,1,4,4,4,2,2,1,1,1,0,0
"Gambia, The","GMB",176588312,1.32773625318608,2,19,2,3,2,2,0,0,0,,,2,,,,,,,,,,,,,,2,2,2,2,2,2,1,2,2,2,1,2,1,2,2,,,,,2,,,2,2,2,,,,2,2,,2,2,2,1,,2,1,1,2,,,,2,,,,2,,,,,,2,,,,,,,2,2,,,,,2,,,,,,1,1,1,1,2,1,,0,1,4,4,4,4,4,5,2,2,0,0
"Gambia, The","GMB",165164978,2.84483871668585,2,37,1,4,1,2,0,0,0,,,2,,,,,,,,,,,,,,1,1,2,1,2,2,1,1,1,2,2,2,1,2,2,,,,,2,,,2,2,2,,,,2,2,,2,2,2,2,,2,1,4,2,,,,2,,,,2,,,,,,2,,,,,,,2,2,,,,,2,,,,,,2,1,2,2,2,1,,0,0,4,4,4,4,4,5,1,2,0,0
"Gambia, The","GMB",170601842,1.6340571531121,1,22,2,2,1,2,1,1,0,2,2,2,,,2,1,2,,,,1,2,1,2,1,,,,,,,,,,2,3,2,2,2,2,,,,,2,,,2,2,2,,,,2,1,,1,2,2,2,2,2,1,1,2,,,,2,,,,2,,,,,,2,,,,,,,2,2,,,,,2,,,,,,1,1,4,1,4,1,,1,0,4,4,4,4,4,5,1,1,0,0
"Gambia, The","GMB",157390807,0.185539238362971,1,30,2,5,1,2,0,0,0,,,2,,,,,,,,,,,,,,1,2,1,2,2,2,1,2,2,2,2,2,2,2,2,,,,,2,,,2,1,1,2,1,,2,2,,2,2,2,2,,2,3,3,1,1,,,1,2,1,2,1,2,2,,,1,2,,,,,,,2,2,,,,,2,,,,,,1,1,5,3,2,1,,1,0,4,4,4,4,2,1,1,1,0,0
"Gambia, The","GMB",131449637,0.349482538266692,2,40,2,5,1,2,1,1,0,1,1,2,,,2,2,2,,,,1,2,1,1,2,,,,,,,,,,2,2,2,1,2,2,,,,,2,,,2,2,2,,,,2,2,,2,1,2,1,,2,2,1,1,2,1,2,2,,,,1,2,2,,,1,1,1,1,2,,,1,2,2,,,,,2,,,,,,1,3,1,1,1,1,,1,1,1,4,4,4,2,3,1,1,1,0
"Gambia, The","GMB",111734829,1.29407540980128,2,55,1,5,1,2,1,1,0,,,2,,,,,,,,,,,,,,,2,2,2,2,2,1,2,2,2,1,1,2,2,2,,,,,2,,,2,2,2,,,,2,2,,2,2,2,2,,7,,,1,1,,,2,,,,2,,,,,,1,2,2,2,2,1,2,2,2,,,,,2,,,,,,1,1,1,1,3,1,,0,0,1,4,4,4,4,1,1,2,1,0
"Gambia, The","GMB",120028731,1.08781290973106,1,20,2,1,2,2,0,0,0,,,2,,,,,,,,,,,,,,2,2,2,2,2,2,1,2,2,1,1,1,1,1,1,,,,,2,,,2,2,2,,,,2,2,,2,1,2,1,,2,1,1,2,,,,2,,,,2,,,,,,2,,,,,,,2,2,,,,,2,,,,,,1,1,1,1,1,1,,0,1,4,4,4,4,4,5,2,2,0,0
"Gambia, The","GMB",118149921,1.05775125648807,1,15,1,3,1,2,0,0,0,,,2,,,,,,,,,,,,,,2,2,1,1,1,2,2,2,2,2,2,1,1,1,1,,,,,2,,,2,2,2,,,,2,2,,1,2,2,2,2,2,2,1,2,,,,2,,,,2,,,,,,2,,,,,,,2,2,,,,,2,,,,,,3,3,3,3,,3,,1,0,4,4,4,4,4,5,2,2,0,0
"Gambia, The","GMB",128508060,1.2272295334169,2,34,1,2,2,1,0,0,0,,,2,,,,,,,,,,,,,,1,1,1,1,3,1,1,1,1,1,1,2,1,2,2,,,,,2,,,2,2,2,,,,2,2,,2,1,2,1,,5,1,1,2,,,,2,,,,2,,,,,,2,,,,,,,2,2,,,,,2,,,,,,1,1,1,1,3,1,,0,1,4,4,4,4,4,5,2,2,0,0
"Gambia, The","GMB",134949817,1.0646225966573,1,20,1,2,1,1,0,0,0,,,2,,,,,,,,,,,,,,1,2,2,2,2,2,1,2,2,2,2,2,1,2,1,,,,,2,,,2,2,2,,,,2,2,,2,2,2,2,,2,1,4,1,2,1,2,2,,,,2,,,,,,2,,,,,,,2,2,,,,,1,1,2,2,1,,1,1,3,1,2,1,,0,0,4,4,4,2,4,3,1,1,0,0
"Gambia, The","GMB",135975934,0.504958184000407,1,27,2,5,1,2,1,1,0,1,1,2,,,2,2,2,,,,1,1,2,,2,,,,,,,,,,2,1,2,2,2,2,,,,,2,,,1,2,2,,,,1,2,,1,2,2,2,2,1,3,3,2,,,,2,,,,1,2,2,,,1,2,,,,,,,2,2,,,,,2,,,,,,1,1,1,1,2,2,,1,0,4,4,4,4,2,5,1,1,1,0
"Gambia, The","GMB",149080095,0.755977342477359,1,30,1,3,1,1,0,0,0,,,2,,,,,,,,,,,,,,2,2,2,2,2,2,2,2,1,2,2,1,1,2,2,,,,,2,,,2,2,2,,,,2,1,,1,1,2,1,2,2,1,1,1,1,,,1,1,,,1,2,2,,,1,2,,,,,,,2,2,,,,,1,2,2,2,1,,1,1,1,1,4,1,,1,1,4,4,4,2,2,1,1,1,0,0
"Gambia, The","GMB",152122293,1.51195468495472,1,30,1,1,1,2,0,0,0,,,2,,,,,,,,,,,,,,1,2,2,1,2,2,1,2,2,1,2,2,1,2,1,,,,,2,,,2,2,2,,,,2,2,,2,1,2,1,,2,1,1,2,,,,1,2,1,2,1,2,1,1,,,2,,,,,,,2,2,,,,,2,,,,,,1,1,1,1,1,1,,0,1,4,4,4,4,1,3,2,2,0,0
"Gambia, The","GMB",173998071,0.974842495810927,1,18,1,3,2,2,1,1,0,1,2,1,2,,2,2,2,,,,1,1,1,2,1,,,,,,,,,,1,1,1,1,1,2,,,,,2,,,2,2,2,,,,2,1,,2,2,2,1,,1,3,1,2,,,,2,,,,2,,,,,,2,,,,,,,2,2,,,,,2,,,,,,1,1,1,1,2,1,,1,1,4,4,4,4,4,5,1,1,0,0
"Gambia, The","GMB",168781102,1.88863546246449,1,40,1,1,2,1,0,0,0,,,2,,,,,,,,,,,,,,1,2,1,1,2,2,1,2,2,,,,,,,,,,,2,,,2,2,2,,,,2,2,2,2,2,2,2,,2,1,1,2,,,,2,,,,2,,,,,,2,,,,,,,2,2,,,,,2,,,,,,1,1,1,1,3,2,,0,0,4,4,4,4,4,5,1,1,0,0
"Gambia, The","GMB",190994040,1.13821167074368,2,24,1,5,1,2,1,0,1,,,2,,,,,,,,,,,,,,,2,2,2,2,2,1,2,2,,,,,,,1,1,2,1,2,,,1,1,2,,,,2,2,2,2,2,2,1,,1,2,1,1,2,2,1,2,,,,1,2,1,1,,,2,,,,,,,2,2,,,,,2,,,,,,3,3,3,4,,3,,0,1,4,4,4,4,1,2,2,1,1,0
"Gambia, The","GMB",203298109,0.226666645636995,1,60,1,1,1,2,0,0,0,,,2,,,,,,,,,,,,,,3,2,2,2,2,2,2,2,2,,,,,,,,,,,2,,,2,1,2,,,,2,2,2,1,2,2,2,2,2,2,2,1,2,1,2,2,,,,1,2,2,,,1,2,,,,,,,2,2,,,,,2,,,,,,3,2,3,3,,3,,1,0,4,4,4,4,2,3,1,1,0,0
"Gambia, The","GMB",180739008,1.495843335667,2,22,2,4,1,2,1,1,0,2,2,2,,,2,2,2,,,,1,2,1,2,2,,,,,,,,,,2,2,2,2,2,2,,,,,2,,,2,2,1,2,1,,1,1,,2,2,2,1,,2,1,1,1,2,2,2,1,2,2,2,1,2,2,,,1,2,,,,,,,2,2,,,,,2,,,,,,1,1,1,1,2,1,,1,1,4,4,4,4,2,4,1,1,0,0
"Gambia, The","GMB",205276914,0.687576168833533,2,44,1,2,1,1,0,0,0,,,2,,,,,,,,,,,,,,1,2,2,2,2,2,1,2,2,1,1,2,1,2,1,,,,,2,,,2,2,2,,,,2,2,,2,2,2,2,,3,1,1,2,,,,2,,,,2,,,,,,1,2,2,2,1,,,2,2,,,,,1,1,2,2,1,,1,1,1,1,4,1,,0,0,2,4,4,2,4,5,1,1,0,0
"Gambia, The","GMB",121998833,0.408514288278026,1,24,2,2,2,2,1,1,0,2,2,1,2,,2,2,2,,,,1,2,1,2,1,,,,,,,,,,2,2,2,2,2,2,,,,,2,,,2,2,2,,,,2,2,,2,2,2,1,,5,1,1,1,1,,,2,,,,1,2,2,,,1,1,2,2,2,1,,,2,2,,,,,2,,,,,,1,1,1,1,2,1,,1,1,2,4,4,4,2,1,1,1,1,0
"Gambia, The","GMB",206233049,1.28260595463671,1,20,1,4,1,1,0,0,0,,,3,,,,,,,,,,,,,,2,1,1,1,1,1,1,2,2,2,1,2,2,2,2,,,,,2,,,2,2,2,,,,2,2,,2,2,2,2,,8,,,2,,,,2,,,,2,,,,,,2,,,,,,,2,2,,,,,1,1,3,3,1,,1,1,1,1,2,4,,0,0,4,4,4,2,4,5,2,2,0,0
"Gambia, The","GMB",168284832,0.294443681133514,1,38,2,3,2,2,0,0,0,,,2,,,,,,,,,,,,,,1,1,1,2,2,2,2,2,2,1,1,2,1,2,2,,,,,2,,,2,2,2,,,,2,2,,2,2,2,2,,2,2,1,2,,,,1,2,1,2,2,,,,,,2,,,,,,,2,2,,,,,2,,,,,,1,1,2,1,2,2,,1,0,4,4,4,4,4,3,1,2,0,0
"Gambia, The","GMB",192643669,0.496558394070504,2,45,2,2,1,1,1,1,0,1,1,2,,,2,2,2,,,,1,1,2,,1,,,,,,,,,,2,2,2,2,2,2,,,,,2,,,2,2,2,,,,2,2,,2,2,1,1,,4,2,1,2,,,,2,,,,1,2,2,,,1,1,1,1,2,,,2,2,2,,,,,2,,,,,,1,1,1,1,4,3,,0,1,1,4,4,4,2,5,1,1,1,0
"Gambia, The","GMB",130477813,0.534171479864131,2,35,1,5,1,2,0,0,0,,,2,,,,,,,,,,,,,,1,2,2,2,2,2,1,2,2,2,1,2,1,2,2,,,,,2,,,2,2,2,,,,2,2,,2,1,2,1,,2,1,1,2,,,,2,,,,1,2,2,,,1,2,,,,,,,2,2,,,,,2,,,,,,1,1,1,1,4,1,,0,1,4,4,4,4,2,5,1,2,0,0
"Gambia, The","GMB",175172636,1.30281875633287,1,18,2,3,2,1,1,1,0,1,2,1,2,,2,2,2,,,,1,2,1,1,1,,,,,,,,,,2,1,1,1,1,2,,,,,2,,,2,1,2,,,,1,1,,2,2,2,2,,4,1,1,1,2,2,1,1,2,2,1,1,2,2,,,1,2,,,,,,,2,2,,,,,2,,,,,,1,1,1,1,2,1,,1,0,4,4,4,4,2,2,1,1,1,0
"Gambia, The","GMB",178356503,1.89655914445723,2,36,1,3,1,2,0,0,0,,,2,,,,,,,,,,,,,,2,2,1,2,2,2,1,2,2,3,1,2,1,1,2,,,,,2,,,2,2,2,,,,2,2,,2,2,2,2,,5,2,2,1,2,1,2,2,,,,1,2,1,2,,,2,,,,,,,2,2,,,,,2,,,,,,2,1,3,1,1,1,,0,0,4,4,4,4,1,3,1,1,0,0
"Gambia, The","GMB",178137060,0.567743576346856,1,25,2,4,2,1,1,1,0,,,2,,,,,,,,,,,,,,,2,2,2,2,2,1,1,2,2,2,2,2,2,2,,,,,2,,,2,2,2,,,,2,2,,1,2,2,2,2,3,2,1,2,,,,1,1,,,1,1,2,1,,,2,,,,,,,2,2,,,,,2,,,,,,1,3,1,1,3,1,,1,0,4,4,4,4,1,1,1,1,1,0
"Gambia, The","GMB",135864606,0.817028576556052,1,17,2,4,1,2,0,0,0,,,2,,,,,,,,,,,,,,1,2,3,2,2,2,2,2,2,2,2,2,2,2,2,,,,,2,,,2,2,2,,,,2,2,,2,2,2,1,,2,3,2,2,,,,1,2,1,2,2,,,,,,2,,,,,,,2,2,,,,,2,,,,,,1,2,4,1,4,2,,0,1,4,4,4,4,4,3,1,1,0,0
"Gambia, The","GMB",175499355,0.58429275632566,1,28,1,5,1,2,0,0,0,,,2,,,,,,,,,,,,,,1,2,2,2,2,2,1,2,2,1,3,2,2,2,2,,,,,2,,,2,2,2,,,,2,2,,2,2,2,2,,2,1,1,2,,,,1,1,,,2,,,,,,2,,,,,,,2,2,,,,,2,,,,,,1,1,1,1,2,1,,0,0,4,4,4,4,4,1,1,1,0,0
"Gambia, The","GMB",142015582,1.51090836997159,1,43,1,3,2,2,0,0,0,,,2,,,,,,,,,,,,,,3,2,2,2,2,2,2,3,2,2,2,2,2,2,2,,,,,2,,,2,2,2,,,,2,2,,2,2,2,2,,2,1,1,2,,,,1,2,1,2,1,2,2,,,1,2,,,,,,,2,2,,,,,2,,,,,,1,1,1,1,2,1,,0,0,4,4,4,4,2,3,1,2,0,0
"Gambia, The","GMB",164001833,1.99160437977913,2,18,1,2,2,2,0,0,0,,,2,,,,,,,,,,,,,,2,2,2,2,2,2,1,2,2,2,2,2,1,2,2,,,,,2,,,2,2,2,,,,2,2,,2,1,2,1,,3,1,1,1,1,,,2,,,,2,,,,,,2,,,,,,,2,2,,,,,2,,,,,,1,1,1,1,4,2,,0,1,4,4,4,4,4,1,1,1,0,0
"Gambia, The","GMB",152904959,1.89787252539328,2,25,1,4,1,2,1,1,0,1,1,2,,,2,2,2,,,,1,2,1,1,1,,,,,,,,,,2,1,1,1,2,2,,,,,2,,,2,2,2,,,,1,1,,2,1,2,1,,1,3,1,2,,,,1,1,,,1,2,2,,,1,1,2,2,2,1,,,2,2,,,,,1,3,2,2,1,,1,1,1,1,3,1,,1,1,2,4,4,2,2,1,1,1,1,0
"Gambia, The","GMB",185955916,0.669025203739666,1,21,1,3,1,1,0,0,0,,,2,,,,,,,,,,,,,,1,1,2,1,2,2,1,2,2,1,1,1,1,1,1,,,,,2,,,2,2,2,,,,2,2,,2,1,2,1,,3,1,1,1,2,2,2,2,,,,2,,,,,,2,,,,,,,2,2,,,,,1,1,2,2,1,,1,1,1,1,4,1,,0,1,4,4,4,2,4,4,1,1,0,0
"Gambia, The","GMB",207150769,0.907844950155331,2,46,2,2,1,2,0,0,0,,,2,,,,,,,,,,,,,,1,1,1,2,2,1,1,2,2,1,2,2,1,2,1,,,,,2,,,2,2,2,,,,2,2,,2,2,2,2,,2,1,1,2,,,,2,,,,2,,,,,,2,,,,,,,2,2,,,,,2,,,,,,1,1,1,1,4,1,,0,0,4,4,4,4,4,5,1,2,0,0
"Gambia, The","GMB",156886226,0.227351519303778,1,30,1,2,2,1,0,0,0,,,2,,,,,,,,,,,,,,2,1,1,1,1,2,1,2,1,1,1,1,1,1,1,,,,,2,,,1,2,2,,,,2,2,,2,1,2,1,,2,1,1,2,,,,2,,,,2,,,,,,2,,,,,,,1,2,2,2,1,,1,1,2,2,2,2,1,1,1,1,2,2,,1,1,4,2,4,3,4,5,2,2,0,0
"Gambia, The","GMB",154049278,1.11504200623278,1,23,1,1,2,2,0,0,0,,,2,,,,,,,,,,,,,,2,2,1,1,2,1,1,1,2,2,1,1,1,1,1,,,,,2,,,2,2,2,,,,2,2,,2,2,2,2,,3,1,1,2,,,,2,,,,1,2,2,,,1,1,2,2,2,1,,,2,2,,,,,2,,,,,,1,1,1,3,1,1,,0,0,2,4,4,4,2,5,1,2,0,0
"Gambia, The","GMB",129332806,1.66063845971912,2,30,1,1,1,2,1,1,0,,,2,,,,,,,,,,,,,,,2,2,2,2,1,2,2,2,2,1,2,1,1,2,,,,,2,,,1,1,2,,,,2,2,,2,1,2,1,,2,2,1,1,1,,,1,1,,,1,2,2,,,1,1,2,2,2,1,,,1,2,1,2,,,2,,,,,,2,2,2,2,4,2,,0,1,2,1,4,4,2,1,2,2,1,0
"Gambia, The","GMB",185138979,0.408514288278026,1,21,2,5,2,2,0,0,0,,,2,,,,,,,,,,,,,,1,2,2,2,2,2,1,2,2,2,1,2,1,2,2,,,,,2,,,2,2,2,,,,2,2,,2,1,2,1,,2,1,1,2,,,,2,,,,1,2,2,,,1,2,,,,,,,1,2,2,2,2,2,2,,,,,,1,1,1,1,4,1,,0,1,4,3,4,4,2,5,1,1,0,0
"Gambia, The","GMB",183123137,1.13318127747869,1,38,1,5,1,2,0,0,0,,,2,,,,,,,,,,,,,,1,2,2,2,2,2,1,2,2,2,1,2,1,2,2,,,,,2,,,2,2,2,,,,2,2,,1,2,2,2,2,2,1,1,2,,,,2,,,,2,,,,,,2,,,,,,,2,2,,,,,2,,,,,,1,1,1,1,4,1,,1,0,4,4,4,4,4,5,1,2,0,0
"Gambia, The","GMB",135588795,1.19167505143759,1,16,2,5,2,2,0,0,0,,,2,,,,,,,,,,,,,,1,1,1,2,1,2,1,2,2,2,1,1,1,2,2,,,,,2,,,2,2,2,,,,2,2,,1,2,2,2,2,2,2,1,2,,,,2,,,,2,,,,,,1,2,2,2,1,,,2,2,,,,,2,,,,,,3,2,3,3,,3,,1,0,2,4,4,4,4,5,1,2,0,0
"Gambia, The","GMB",118912777,1.13396601371604,1,25,1,1,1,1,0,0,0,,,2,,,,,,,,,,,,,,1,2,2,2,2,2,1,2,2,2,2,2,1,2,2,,,,,2,,,2,2,2,,,,2,2,,2,1,2,2,,5,1,1,2,,,,2,,,,2,,,,,,2,,,,,,,2,2,,,,,1,1,2,2,1,,1,1,1,1,4,1,,0,1,4,4,4,2,4,5,1,1,0,0
"Gambia, The","GMB",175560733,1.8972480909316,2,27,1,4,1,1,1,1,0,2,2,2,,,2,2,2,,,,1,1,2,,1,,,,,,,,,,2,2,2,2,2,2,,,,,2,,,1,2,2,,,,2,2,,2,2,2,1,,3,2,1,1,2,2,2,1,1,,,1,2,2,,,2,1,1,2,2,2,2,,2,2,,,,,1,1,2,2,1,,1,1,1,1,2,1,,1,1,3,4,4,2,3,1,1,1,1,0
"Gambia, The","GMB",121422642,1.66571119199245,2,76,1,4,1,2,0,0,0,,,2,,,,,,,,,,,,,,1,2,2,1,2,2,1,2,2,3,2,1,1,3,2,,,,,1,1,,2,2,2,,,,2,2,,2,1,2,2,,7,,,2,,,,2,,,,1,2,2,,,1,2,,,,,,,2,2,,,,,2,,,,,,1,1,1,1,2,1,,1,1,4,4,4,4,2,5,1,1,0,0
"Gambia, The","GMB",158087724,0.614597109357221,1,29,2,3,1,1,0,0,0,,,2,,,,,,,,,,,,,,3,2,2,2,2,2,1,2,2,2,2,2,1,2,2,,,,,2,,,2,2,2,,,,2,2,,2,2,2,2,,2,1,1,1,2,2,2,2,,,,2,,,,,,2,,,,,,,2,2,,,,,2,,,,,,1,1,1,1,2,1,,0,0,4,4,4,4,4,4,1,2,0,0
"Gambia, The","GMB",164357593,0.47955197451995,1,27,2,5,1,2,1,1,0,,,2,,,,,,,,,,,,,,,2,2,2,2,2,1,2,2,2,2,2,1,2,2,,,,,2,,,2,2,2,,,,2,2,,2,2,2,1,,2,1,1,2,,,,2,,,,1,2,2,,,1,1,1,1,2,,,2,2,2,,,,,2,,,,,,1,1,1,1,2,1,,0,1,1,4,4,4,2,5,1,1,1,0
"Gambia, The","GMB",183034208,0.670420496076775,1,45,2,5,1,2,0,0,0,,,2,,,,,,,,,,,,,,1,2,3,2,2,2,1,2,2,2,2,2,1,2,2,,,,,2,,,2,2,2,,,,2,2,,2,2,2,2,,2,1,1,2,,,,2,,,,2,,,,,,2,,,,,,,2,2,,,,,2,,,,,,3,3,3,4,,1,,0,0,4,4,4,4,4,5,1,2,0,0
"Gambia, The","GMB",187413081,0.460510098284684,1,55,1,5,2,1,1,1,0,2,2,2,,,2,2,2,,,,1,2,1,2,1,,,,,,,,,,1,2,1,1,2,1,,,,,2,,,1,2,3,,,,2,1,,1,2,1,2,2,1,1,1,2,,,,2,,,,1,2,1,1,,,2,,,,,,,2,2,,,,,1,1,2,2,1,,1,1,1,1,5,1,,1,1,4,4,4,2,1,5,1,1,1,0
"Gambia, The","GMB",156839719,0.502849665490349,2,33,2,4,1,2,1,1,0,1,1,2,,,2,2,2,,,,1,1,1,1,1,,,,,,,,,,2,2,1,2,2,2,,,,,2,,,2,2,2,,,,1,1,,2,2,2,2,,1,2,2,1,1,,,2,,,,2,,,,,,1,1,1,2,,,2,2,2,,,,,2,,,,,,2,1,1,1,1,1,,1,0,1,4,4,4,4,1,1,1,1,0
"Gambia, The","GMB",121059145,0.524223807400038,2,40,2,4,1,2,0,0,0,,,2,,,,,,,,,,,,,,1,2,2,2,2,2,1,2,2,2,2,2,1,2,2,,,,,2,,,2,1,2,,,,2,2,,2,1,2,1,,2,1,1,1,1,,,1,2,1,2,2,,,,,,2,,,,,,,1,2,2,2,2,2,2,,,,,,1,1,1,1,2,1,,0,1,4,3,4,4,4,1,1,1,0,0
"Gambia, The","GMB",170669019,1.30120761831066,1,34,1,2,2,2,0,0,0,,,2,,,,,,,,,,,,,,2,2,2,2,2,2,2,2,2,2,2,2,1,2,2,,,,,2,,,2,2,2,,,,2,2,,2,2,2,2,,7,,,2,,,,2,,,,1,2,2,,,1,2,,,,,,,2,2,,,,,2,,,,,,1,1,1,1,2,1,,0,0,4,4,4,4,2,5,1,2,0,0
"Gambia, The","GMB",192005386,1.19167505143759,1,21,1,4,1,2,0,0,0,,,2,,,,,,,,,,,,,,1,2,3,2,2,2,1,3,2,3,1,3,1,2,2,,,,,2,,,2,2,2,,,,2,2,,2,2,2,2,,2,3,3,2,,,,2,,,,2,,,,,,2,,,,,,,2,2,,,,,2,,,,,,1,1,1,1,2,1,,0,0,4,4,4,4,4,5,1,1,0,0
"Gambia, The","GMB",113391410,1.56105880872589,1,23,1,1,2,1,0,0,0,,,2,,,,,,,,,,,,,,2,2,2,2,2,2,1,2,2,2,2,2,1,2,1,,,,,2,,,2,2,2,,,,2,2,,2,1,2,1,,5,1,1,2,,,,2,,,,2,,,,,,2,,,,,,,2,2,,,,,1,1,2,2,1,,1,1,1,1,2,1,,0,1,4,4,4,2,4,5,1,1,0,0
"Gambia, The","GMB",158577480,0.945514212155521,1,38,1,2,2,2,0,0,0,,,2,,,,,,,,,,,,,,1,2,2,2,2,2,1,2,2,2,2,2,2,2,2,,,,,2,,,2,2,2,,,,2,2,,2,2,2,1,,3,1,1,2,,,,2,,,,1,2,2,,,1,2,,,,,,,2,2,,,,,2,,,,,,1,1,2,1,4,1,,0,1,4,4,4,4,2,5,1,1,0,0
"Gambia, The","GMB",147026904,0.346612876916343,2,36,1,5,1,1,0,0,0,,,2,,,,,,,,,,,,,,1,2,2,2,2,2,1,2,2,2,2,2,1,2,2,,,,,2,,,2,2,2,,,,2,2,,2,2,2,1,,2,1,1,2,,,,2,,,,2,,,,,,2,,,,,,,2,2,,,,,2,,,,,,1,1,1,1,2,1,,0,1,4,4,4,4,4,5,1,1,0,0
"Gambia, The","GMB",168483526,1.02128572069507,1,17,2,3,2,2,0,0,0,,,2,,,,,,,,,,,,,,1,2,1,1,2,2,1,2,2,2,1,1,2,2,2,,,,,2,,,2,2,2,,,,2,2,,2,2,2,1,,2,1,1,1,2,1,2,2,,,,2,,,,,,2,,,,,,,2,2,,,,,2,,,,,,1,1,1,1,4,1,,0,1,4,4,4,4,4,3,1,1,0,0
"Gambia, The","GMB",209239177,0.766951622511154,1,24,2,1,1,1,0,0,0,,,2,,,,,,,,,,,,,,2,2,2,2,2,2,2,2,2,2,2,2,2,2,2,,,,,2,,,2,2,2,,,,2,2,,2,2,2,2,,7,,,1,2,1,1,2,,,,2,,,,,,2,,,,,,,2,2,,,,,2,,,,,,1,1,1,1,4,1,,0,0,4,4,4,4,4,2,1,1,0,0
"Gambia, The","GMB",189764377,2.33068345312556,2,45,2,4,2,2,1,1,0,2,2,1,2,,2,1,2,,,,2,,1,1,1,,,,,,,,,,1,3,2,2,2,2,,,,,2,,,2,2,2,,,,2,1,,2,2,2,2,,1,3,3,1,2,1,1,2,,,,2,,,,,,1,2,1,2,,,1,2,2,,,,,2,,,,,,2,2,3,3,2,1,,1,0,1,4,4,4,4,2,1,1,1,0
"Gambia, The","GMB",161545113,1.15042743376673,1,16,1,2,2,1,0,0,0,,,2,,,,,,,,,,,,,,2,2,3,2,2,2,2,2,2,3,3,2,2,2,2,,,,,2,,,2,2,2,,,,2,2,,2,2,2,2,,2,1,1,2,,,,2,,,,2,,,,,,2,,,,,,,2,2,,,,,2,,,,,,1,1,1,1,2,1,,0,0,4,4,4,4,4,5,1,2,0,0
"Gambia, The","GMB",194580306,1.26239546000102,1,27,2,2,1,2,0,0,0,,,2,,,,,,,,,,,,,,1,2,2,1,2,2,1,2,2,2,2,2,1,2,1,,,,,2,,,2,2,2,,,,2,2,,2,2,2,2,,7,,,2,,,,2,,,,2,,,,,,2,,,,,,,2,2,,,,,2,,,,,,1,1,3,1,5,1,,0,0,4,4,4,4,4,5,2,2,0,0
"Gambia, The","GMB",185015005,2.11550251297613,1,21,2,1,1,2,1,1,0,1,1,2,,,1,2,2,,,,2,,1,2,2,,,,,,,,,,2,2,2,2,2,2,,,,,2,,,2,2,2,,,,2,2,,2,2,2,1,,3,1,1,1,1,,,2,,,,2,,,,,,2,,,,,,,1,2,1,2,,,2,,,,,,1,1,1,1,3,1,,1,1,4,1,4,4,4,1,1,1,1,0
"Gambia, The","GMB",194411558,0.501273926829666,1,19,2,2,1,2,0,0,0,,,2,,,,,,,,,,,,,,2,2,2,2,2,2,1,2,2,2,2,2,1,2,2,,,,,2,,,2,2,2,,,,2,2,,2,1,2,1,,2,1,4,1,1,,,2,,,,2,,,,,,1,1,2,2,1,,,2,2,,,,,2,,,,,,1,1,1,1,4,1,,0,1,2,4,4,4,4,1,1,1,0,0
"Gambia, The","GMB",156892185,1.56105880872589,1,17,1,2,1,1,0,0,0,,,2,,,,,,,,,,,,,,1,1,1,1,2,2,1,2,1,1,1,1,1,2,1,,,,,2,,,2,2,2,,,,2,2,,2,2,2,2,,2,1,1,2,,,,2,,,,2,,,,,,2,,,,,,,2,2,,,,,2,,,,,,1,1,2,2,1,1,,0,0,4,4,4,4,4,5,1,1,0,0
"Gambia, The","GMB",209166955,1.56596381001068,2,55,1,2,1,1,1,1,0,,,2,,,,,,,,,,,,,,,2,2,1,2,2,1,1,2,2,1,1,2,2,2,,,,,2,,,2,2,2,,,,1,1,,1,2,2,2,1,2,2,1,2,,,,2,,,,2,,,,,,1,2,2,2,2,2,,1,1,1,2,,,2,,,,,,3,1,4,4,,1,,1,1,3,1,1,4,4,5,1,2,1,0
"Gambia, The","GMB",183063225,0.36663067811548,1,29,2,3,2,2,0,0,0,,,2,,,,,,,,,,,,,,1,2,2,2,2,2,1,2,2,2,2,2,1,2,1,,,,,2,,,2,2,2,,,,2,2,,2,2,2,2,,8,,,2,,,,2,,,,2,,,,,,2,,,,,,,2,2,,,,,2,,,,,,1,1,1,1,3,2,,0,0,4,4,4,4,4,5,2,2,0,0
"Gambia, The","GMB",171747680,0.185539238362971,1,35,2,1,1,1,1,0,1,,,2,,,,,,,,,,,,,,,2,1,1,2,2,1,2,2,,,,,,,2,2,2,1,2,,,2,2,2,,,,2,2,2,2,1,2,1,,3,1,1,1,2,2,2,2,,,,2,,,,,,2,,,,,,,2,2,,,,,1,1,2,2,1,,1,1,1,1,2,1,,0,1,4,4,4,2,4,4,1,1,1,0
"Gambia, The","GMB",168476207,0.793313442366051,1,18,1,4,2,2,0,0,0,,,2,,,,,,,,,,,,,,1,2,1,2,1,2,1,1,2,2,2,2,2,2,1,,,,,2,,,2,2,2,,,,2,2,,2,2,2,1,,2,3,2,2,,,,2,,,,2,,,,,,2,,,,,,,2,2,,,,,2,,,,,,3,3,3,3,,3,,1,1,4,4,4,4,4,5,2,2,0,0
"Gambia, The","GMB",182541951,0.623429998774627,2,52,1,3,1,1,0,0,0,,,2,,,,,,,,,,,,,,1,2,2,2,2,2,1,2,2,2,2,2,1,2,2,,,,,2,,,1,2,2,,,,2,2,,1,1,2,1,2,3,1,1,2,,,,2,,,,1,2,2,,,2,2,,,,,,,2,2,,,,,2,,,,,,1,1,1,1,4,1,,1,1,4,4,4,4,3,5,1,2,0,0
"Gambia, The","GMB",174967038,1.48342988964861,2,42,1,2,1,1,0,0,0,,,2,,,,,,,,,,,,,,1,2,2,2,2,2,1,2,2,2,1,2,1,2,2,,,,,2,,,2,2,2,,,,2,2,,2,1,2,1,,3,1,1,1,2,1,2,2,,,,2,,,,,,2,,,,,,,2,2,,,,,2,,,,,,1,1,1,1,4,1,,1,1,4,4,4,4,4,3,1,2,0,0
"Gambia, The","GMB",206055901,0.81587532382942,2,32,1,2,1,2,0,0,0,,,2,,,,,,,,,,,,,,2,2,2,1,2,2,1,2,2,2,2,1,2,2,2,,,,,2,,,2,2,2,,,,2,2,,2,1,2,1,,4,1,1,1,2,1,2,2,,,,2,,,,,,1,2,2,2,1,,,2,2,,,,,2,,,,,,3,1,1,1,3,1,,0,1,2,4,4,4,4,3,1,1,0,0
"Gambia, The","GMB",177143125,0.668180731940804,2,19,2,4,1,1,0,0,0,,,2,,,,,,,,,,,,,,2,2,2,2,2,2,2,2,2,2,2,2,1,2,2,,,,,2,,,2,2,2,,,,2,2,,2,1,2,1,,3,1,1,2,,,,2,,,,2,,,,,,1,2,2,2,1,,,2,2,,,,,1,1,2,2,1,,1,1,1,1,1,1,,1,1,2,4,4,2,4,5,1,1,0,0
"Gambia, The","GMB",197948459,0.203968830957355,2,31,2,5,1,2,1,1,0,2,2,2,,,2,2,2,,,,2,,2,,1,,,,,,,,,,1,1,1,1,1,1,,,,,1,1,,1,2,2,,,,2,2,,2,2,2,2,,3,1,1,2,,,,2,,,,1,2,1,1,,,1,2,2,2,1,,,2,2,,,,,1,1,2,2,1,,1,1,1,1,2,1,,0,0,2,4,4,2,1,5,1,1,1,1
"Gambia, The","GMB",199644357,0.627337877934903,1,35,2,5,2,2,1,1,0,1,2,2,,,2,2,2,,,,1,1,2,,1,,,,,,,,,,2,2,2,2,2,2,,,,,2,,,2,2,2,,,,2,1,,1,2,2,2,2,2,2,1,2,,,,2,,,,1,2,2,,,1,2,,,,,,,2,2,,,,,2,,,,,,2,3,3,3,,2,,1,0,4,4,4,4,2,5,1,1,0,0
"Gambia, The","GMB",133663900,0.390144309346376,2,56,3,1,1,2,1,1,1,2,2,2,,,2,2,2,,,,1,1,2,,2,,,,,,,,,,2,2,2,2,2,2,,,,,2,,,2,2,1,1,1,,2,1,,1,2,2,1,2,2,1,1,2,,,,1,2,1,2,1,2,2,,,1,1,2,1,1,,,2,2,2,,,,,2,,,,,,1,1,1,1,4,1,,1,1,1,4,4,4,2,3,1,1,1,1
"Gambia, The","GMB",150222759,0.944971678096699,1,26,1,1,2,2,0,0,0,,,2,,,,,,,,,,,,,,2,2,2,2,2,2,1,2,2,1,1,2,2,2,1,,,,,2,,,2,2,2,,,,2,2,,2,2,2,2,,2,1,1,2,,,,2,,,,2,,,,,,2,,,,,,,2,2,,,,,2,,,,,,1,1,1,1,4,1,,0,0,4,4,4,4,4,5,1,1,0,0
"Gambia, The","GMB",195375714,1.56996855589022,2,32,1,5,1,2,0,0,0,,,2,,,,,,,,,,,,,,1,1,2,1,1,2,1,2,2,1,2,2,2,2,2,,,,,2,,,2,2,2,,,,2,2,,1,2,2,1,2,3,2,1,2,,,,2,,,,2,,,,,,1,2,2,2,1,,,2,2,,,,,2,,,,,,1,1,1,3,1,3,,1,1,2,4,4,4,4,5,1,1,0,0
"Gambia, The","GMB",185149161,0.197737654690122,1,20,2,5,2,2,0,0,0,,,2,,,,,,,,,,,,,,2,2,3,2,2,2,2,1,1,,,,,,,,,,,2,,,2,2,2,,,,2,2,2,2,2,2,2,,2,1,1,2,,,,2,,,,2,,,,,,2,,,,,,,2,2,,,,,2,,,,,,1,1,1,1,1,1,,1,0,4,4,4,4,4,5,1,1,0,0
"Gambia, The","GMB",170253660,0.538187644517743,1,54,1,2,1,2,1,1,0,2,2,2,,,2,2,2,,,,1,2,1,2,1,,,,,,,,,,1,1,2,2,2,1,,,,,2,,,2,2,2,,,,1,1,,1,2,2,2,2,3,1,1,2,,,,2,,,,2,,,,,,2,,,,,,,2,2,,,,,2,,,,,,3,1,2,1,4,1,,1,0,4,4,4,4,4,5,1,1,0,0
"Gambia, The","GMB",159837812,0.185539238362971,2,37,2,5,1,2,0,0,0,,,2,,,,,,,,,,,,,,1,2,2,2,2,2,2,2,2,2,2,2,1,2,2,,,,,2,,,2,1,2,,,,2,2,,2,1,2,1,,2,1,1,2,,,,2,,,,1,2,2,,,1,2,,,,,,,1,2,2,2,2,2,2,,,,,,1,1,1,1,2,1,,0,1,4,3,4,4,2,5,1,1,0,0
"Gambia, The","GMB",163662172,0.626385524004274,2,57,1,4,2,2,1,1,0,2,2,2,,,2,2,2,,,,2,,2,,1,,,,,,,,,,2,2,2,2,2,2,,,,,2,,,2,2,2,,,,2,2,,2,2,2,2,,6,1,1,2,,,,1,1,,,2,,,,,,2,,,,,,,2,2,,,,,2,,,,,,1,1,1,1,2,1,,0,0,4,4,4,4,4,1,2,2,1,0
"Gambia, The","GMB",133970180,0.62922124776148,2,20,2,1,1,2,1,1,0,2,2,2,,,2,2,2,,,,1,2,2,,1,,,,,,,,,,2,2,2,2,2,2,,,,,2,,,2,1,2,,,,1,1,,2,2,2,2,,1,3,3,1,2,1,1,1,2,2,2,2,,,,,,2,,,,,,,2,2,,,,,2,,,,,,2,2,2,2,3,1,,1,1,4,4,4,4,4,2,2,2,1,0
"Gambia, The","GMB",114104719,1.05775125648807,1,18,2,5,2,2,0,0,0,,,2,,,,,,,,,,,,,,2,2,3,1,2,2,1,2,2,2,2,2,2,2,2,,,,,2,,,2,2,2,,,,2,2,,2,2,2,2,,8,,,2,,,,2,,,,2,,,,,,2,,,,,,,2,2,,,,,2,,,,,,1,1,1,1,2,1,,0,0,4,4,4,4,4,5,1,2,0,0
"Gambia, The","GMB",157777289,2.05216952741874,1,15,1,1,2,1,0,0,0,,,2,,,,,,,,,,,,,,2,1,1,2,2,1,1,1,1,2,1,2,2,2,1,,,,,2,,,2,2,2,,,,2,2,,2,2,2,1,,8,,,2,,,,1,2,1,2,2,,,,,,2,,,,,,,2,2,,,,,1,1,2,2,1,,2,2,3,3,2,3,,0,1,4,4,4,2,4,3,2,2,0,0
"Gambia, The","GMB",147810774,0.703484915231346,1,65,2,2,2,2,1,1,0,2,2,2,,,2,2,2,,,,2,,1,2,1,,,,,,,,,,2,2,2,2,2,2,,,,,2,,,2,2,2,,,,1,1,,2,2,2,2,,1,3,3,2,,,,2,,,,1,2,2,,,1,2,,,,,,,2,2,,,,,2,,,,,,2,1,2,3,2,1,,1,0,4,4,4,4,2,5,1,1,0,0
"Gambia, The","GMB",175970107,0.939389558785442,1,28,1,4,1,2,1,1,0,2,2,2,,,2,2,2,,,,1,1,2,,1,,,,,,,,,,2,2,2,1,2,2,,,,,2,,,2,2,2,,,,1,1,,2,2,2,2,,2,1,1,2,,,,2,,,,2,,,,,,2,,,,,,,1,2,2,2,1,,2,,,,,,1,1,1,1,2,1,,1,0,4,2,4,4,4,5,1,1,0,0
"Gambia, The","GMB",161377156,0.302811871468938,1,42,2,5,1,2,0,0,0,,,2,,,,,,,,,,,,,,1,2,2,2,2,2,1,2,2,2,1,2,1,2,1,,,,,2,,,2,2,2,,,,2,2,,2,2,1,2,,3,2,5,2,,,,2,,,,2,,,,,,2,,,,,,,2,2,,,,,2,,,,,,3,3,2,2,5,1,,0,1,4,4,4,4,4,5,2,2,0,0
"Gambia, The","GMB",171098342,0.4697826622555,2,41,1,4,1,2,1,1,0,2,2,2,,,2,2,2,,,,2,,2,,2,,,,,,,,,,2,2,2,2,2,2,,,,,2,,,2,2,2,,,,1,1,,2,2,2,2,,3,3,3,2,,,,2,,,,1,2,2,,,1,1,2,2,2,1,,,2,2,,,,,2,,,,,,2,3,3,3,,1,,1,0,2,4,4,4,2,5,1,1,0,0
"Gambia, The","GMB",144414735,0.244420452076986,1,31,2,2,1,2,0,0,0,,,2,,,,,,,,,,,,,,2,2,2,2,2,2,2,2,2,2,2,2,2,2,2,,,,,1,2,,2,2,2,,,,2,2,,2,1,1,2,,3,1,1,2,,,,2,,,,1,2,2,,,2,2,,,,,,,2,2,,,,,2,,,,,,1,1,1,1,2,1,,0,1,4,4,4,4,3,5,1,1,0,0
"Gambia, The","GMB",151265390,0.513189918598226,1,38,2,5,1,2,1,1,0,1,1,2,,,2,2,2,,,,2,,2,,2,,,,,,,,,,3,2,2,2,1,2,,,,,2,,,1,1,2,,,,2,2,,2,1,2,1,,2,1,1,1,2,1,2,1,2,1,2,1,2,2,,,2,1,1,2,2,1,,,2,2,,,,,2,,,,,,1,1,1,3,1,1,,1,1,2,4,4,4,3,3,1,1,1,0
"Gambia, The","GMB",174102833,0.843918759268575,2,27,1,3,1,2,1,1,0,2,2,2,,,2,2,1,1,1,1,1,1,1,1,1,,,,,,,,,,2,1,2,2,2,2,,,,,2,2,,2,2,2,,,,2,2,,2,2,1,2,,2,2,4,2,,,,1,2,1,1,2,,,,,,1,1,2,2,1,,,1,2,2,2,1,,2,,,,,,1,1,1,1,1,1,,0,1,2,2,4,4,4,2,1,1,1,1
"Gambia, The","GMB",133556671,1.10312041275628,1,17,1,1,1,1,0,0,0,,,2,,,,,,,,,,,,,,2,1,2,2,2,2,1,2,2,1,1,1,1,1,1,,,,,2,,,2,2,2,,,,2,2,,2,2,2,1,,3,1,1,2,,,,1,2,1,2,2,,,,,,2,,,,,,,1,2,2,2,1,,1,1,2,2,1,,1,1,2,1,2,1,,0,1,4,2,4,2,4,3,2,1,0,0
"Gambia, The","GMB",210869074,0.964607419738202,2,30,1,5,1,2,0,0,0,,,2,,,,,,,,,,,,,,2,2,2,2,2,2,1,2,2,2,2,2,2,2,2,,,,,2,,,2,2,2,,,,2,2,,2,2,2,1,,2,2,4,2,,,,2,,,,1,2,2,,,1,2,,,,,,,2,2,,,,,2,,,,,,1,1,1,1,4,1,,0,1,4,4,4,4,2,5,1,1,0,0
"Gambia, The","GMB",129332833,0.334090365970402,2,16,2,3,2,1,0,0,0,,,2,,,,,,,,,,,,,,2,1,1,1,2,2,1,2,2,1,1,1,1,2,2,,,,,2,,,1,2,2,,,,2,2,,2,2,2,2,,2,3,3,2,,,,1,2,2,2,2,,,,,,2,,,,,,,2,2,,,,,2,,,,,,1,2,2,1,2,1,,0,0,4,4,4,4,4,4,1,1,0,0
"Gambia, The","GMB",114106789,0.995802189889563,2,20,2,4,2,2,0,0,0,,,2,,,,,,,,,,,,,,1,2,2,2,2,2,2,2,2,2,2,2,2,2,2,,,,,2,,,2,2,2,,,,1,1,,2,1,2,1,,2,1,1,2,,,,2,,,,2,,,,,,2,,,,,,,2,2,,,,,2,,,,,,1,1,1,1,1,1,,1,1,4,4,4,4,4,5,1,1,0,0
"Gambia, The","GMB",177173526,0.613085728962918,1,35,1,2,1,1,0,0,0,,,2,,,,,,,,,,,,,,1,2,1,1,2,1,1,1,1,2,2,1,1,2,1,,,,,2,,,2,2,2,,,,2,2,,1,1,2,2,2,7,,,2,,,,2,,,,2,,,,,,2,,,,,,,2,2,,,,,2,,,,,,2,1,5,1,4,1,,1,1,4,4,4,4,4,5,2,2,0,0
"Gambia, The","GMB",127657418,1.67958016944295,2,17,1,2,2,1,0,0,0,,,2,,,,,,,,,,,,,,2,2,2,2,2,2,1,2,2,2,2,2,1,2,2,,,,,2,,,2,2,2,,,,2,2,,2,2,2,2,,5,1,1,2,,,,2,,,,2,,,,,,2,,,,,,,2,2,,,,,1,1,2,2,1,,1,1,1,1,4,1,,0,0,4,4,4,2,4,5,1,1,0,0
"Gambia, The","GMB",203144930,0.20065163019238,2,34,2,4,1,2,1,1,0,2,2,2,,,2,2,2,,,,1,1,1,2,1,,,,,,,,,,,,,,,,,,,,2,,,2,2,2,,,,1,1,2,2,2,2,2,,2,1,1,2,,,,2,,,,1,2,2,,,1,1,2,2,2,1,,,2,2,,,,,1,1,2,2,1,,1,1,1,1,3,1,,1,1,2,4,4,2,2,5,1,1,0,0
"Gambia, The","GMB",147137383,0.721024443285898,1,20,2,2,2,2,0,0,0,,,2,,,,,,,,,,,,,,1,2,2,2,2,2,1,2,2,2,2,2,1,2,2,,,,,2,,,2,2,2,,,,2,2,,1,2,2,2,2,2,1,1,2,,,,2,,,,2,,,,,,2,,,,,,,2,2,,,,,2,,,,,,1,1,3,3,1,2,,1,0,4,4,4,4,4,5,1,1,0,0
"Gambia, The","GMB",165055520,1.66268287591216,1,15,1,5,2,2,0,0,0,,,2,,,,,,,,,,,,,,2,2,1,2,1,2,1,2,1,2,2,1,1,1,2,,,,,2,,,2,2,2,,,,2,2,,2,2,2,2,,2,2,1,2,,,,2,,,,2,,,,,,2,,,,,,,2,2,,,,,2,,,,,,2,2,3,3,2,2,,0,0,4,4,4,4,4,5,2,2,0,0
"Gambia, The","GMB",155780550,0.185539238362971,1,30,2,2,1,2,1,1,0,2,2,1,2,,1,1,2,,,,1,1,1,1,1,,,,,,,,,,2,2,2,2,1,2,,,,,1,1,,2,1,1,1,2,,1,2,,2,1,2,2,,1,2,3,1,1,,,1,1,,,1,2,2,,,1,2,,,,,,,2,2,,,,,2,,,,,,2,2,3,3,1,1,,1,1,4,4,4,4,2,1,1,1,1,1
"Gambia, The","GMB",152088365,0.303483479788488,1,46,2,4,2,2,1,1,0,2,2,2,,,2,2,2,,,,2,,2,,1,,,,,,,,,,2,2,2,1,2,2,,,,,2,,,2,2,2,,,,2,2,,1,2,2,2,1,2,2,4,2,,,,2,,,,1,2,2,,,1,2,,,,,,,2,2,,,,,2,,,,,,1,1,1,1,3,1,,1,1,4,4,4,4,2,5,1,1,0,0
"Gambia, The","GMB",175029106,1.60521304153904,2,28,3,4,1,2,1,1,0,1,1,2,,,2,2,2,,,,1,2,1,1,1,,,,,,,,,,2,2,2,2,2,2,,,,,2,,,2,2,2,,,,1,1,,2,2,2,1,,1,3,3,2,,,,1,2,1,2,2,,,,,,1,1,1,2,,,2,1,2,1,2,,,2,,,,,,1,2,1,2,1,2,,1,1,1,1,4,4,4,3,1,1,1,0
"Gambia, The","GMB",187854434,0.793313442366051,1,17,1,2,2,2,0,0,0,,,2,,,,,,,,,,,,,,2,2,1,2,2,2,1,1,1,1,1,1,1,1,1,,,,,2,,,2,2,2,,,,2,2,,1,2,2,2,2,2,1,1,2,,,,2,,,,2,,,,,,2,,,,,,,2,2,,,,,2,,,,,,1,1,1,3,2,2,,1,0,4,4,4,4,4,5,2,2,0,0
"Gambia, The","GMB",138061988,1.51398287025828,1,25,2,4,1,1,0,0,0,,,2,,,,,,,,,,,,,,2,2,2,1,2,2,1,1,2,2,1,2,1,2,2,,,,,2,,,2,2,2,,,,1,2,,1,2,2,2,2,1,3,3,2,,,,1,2,2,1,1,2,2,,,1,2,,,,,,,2,2,,,,,1,1,2,2,1,,1,1,3,2,4,2,,1,0,4,4,4,2,2,2,1,1,0,0
"Gambia, The","GMB",171201035,0.58429275632566,1,31,1,1,1,2,1,1,0,2,1,2,,,2,2,2,,,,2,,1,2,1,,,,,,,,,,1,2,2,1,2,2,,,,,2,,,2,2,2,,,,1,1,,1,1,2,1,1,2,1,1,1,1,,,1,1,,,1,1,2,2,,,1,1,1,2,,,2,2,2,,,,,1,1,1,2,,,1,1,1,1,2,1,,1,1,1,4,4,1,1,1,1,1,1,0
"Gambia, The","GMB",162940374,0.849635549467297,1,30,3,1,2,2,1,1,0,2,2,2,,,2,2,2,,,,2,,2,,2,,,,,,,,,,,,,,,,,,,,2,,,2,2,2,,,,2,2,2,1,2,2,2,2,5,2,4,2,,,,1,2,1,2,2,,,,,,2,,,,,,,2,2,,,,,2,,,,,,1,1,1,1,4,2,,1,0,4,4,4,4,4,3,1,1,0,0
"Gambia, The","GMB",152629845,1.32625487560055,1,50,1,5,1,2,0,0,0,,,2,,,,,,,,,,,,,,2,2,1,2,2,2,2,2,2,2,1,2,2,2,1,,,,,2,,,1,2,2,,,,2,2,,1,1,2,2,1,1,1,1,1,1,,,2,,,,1,2,2,,,1,2,,,,,,,2,2,,,,,1,1,2,2,1,,1,1,1,1,4,1,,1,1,4,4,4,2,2,1,2,2,0,0
"Gambia, The","GMB",123040085,0.896419125257381,1,34,2,2,2,2,1,1,0,2,2,2,,,2,2,2,,,,1,2,1,2,1,,,,,,,,,,1,1,2,1,2,2,,,,,2,,,2,2,2,,,,2,1,,2,2,2,1,,2,1,1,2,,,,1,2,1,1,1,2,2,,,1,2,,,,,,,2,2,,,,,2,,,,,,1,1,1,1,4,1,,1,1,4,4,4,4,2,2,1,1,0,0
"Gambia, The","GMB",165420962,0.781059103849096,2,57,1,2,1,1,0,0,0,,,2,,,,,,,,,,,,,,1,2,2,2,2,2,1,2,2,2,1,2,1,2,2,,,,,2,,,2,2,2,,,,2,2,,2,1,2,1,,2,1,1,2,,,,1,2,1,2,2,,,,,,2,,,,,,,2,2,,,,,1,1,2,2,1,,1,1,1,1,4,1,,0,1,4,4,4,2,4,3,1,2,0,0
"Gambia, The","GMB",111733510,1.78751257715638,1,20,2,3,2,2,1,1,0,2,2,2,,,2,2,2,,,,2,,1,2,1,,,,,,,,,,1,1,1,1,2,2,,,,,2,,,2,2,2,,,,2,2,,2,3,2,2,,2,1,1,2,,,,1,2,2,1,2,,,,,,2,,,,,,,2,2,,,,,2,,,,,,1,1,1,1,1,1,,0,0,4,4,4,4,4,2,1,1,0,0
"Gambia, The","GMB",164646068,1.22919421871444,1,29,2,3,1,1,1,1,0,1,2,2,,,2,2,2,,,,2,,1,2,1,,,,,,,,,,1,3,2,2,2,2,,,,,2,,,2,2,2,,,,1,1,,2,2,2,1,,1,3,3,2,,,,1,2,2,2,2,,,,,,1,1,1,2,,,2,2,2,,,,,2,,,,,,1,1,1,1,2,1,,1,1,1,4,4,4,4,4,1,1,1,0
"Gambia, The","GMB",197868463,0.684834935909055,2,45,2,4,1,2,1,1,0,1,2,2,,,2,2,2,,,,2,,2,,2,,,,,,,,,,2,2,2,1,2,2,,,,,2,,,2,2,2,,,,2,2,,2,2,1,2,,7,,,2,,,,2,,,,2,,,,,,1,1,2,2,2,2,,2,2,,,,,2,,,,,,1,1,1,1,4,1,,0,1,3,4,4,4,4,5,1,1,0,0
"Gambia, The","GMB",189580519,0.873951431631593,2,39,1,4,1,2,1,1,0,1,2,1,1,2,2,2,2,,,,2,,1,2,1,,,,,,,,,,2,3,2,2,2,2,,,,,2,,,2,1,2,,,,2,2,,2,2,2,1,,3,2,1,2,,,,1,2,1,1,1,2,2,,,1,1,2,2,2,2,2,,3,2,,,,,2,,,,,,1,1,1,1,2,1,,0,1,3,5,4,4,2,2,1,1,1,0
"Gambia, The","GMB",186205792,0.408514288278026,1,23,2,1,2,2,1,1,0,,,1,1,2,2,2,2,,,,2,,1,1,1,,,,,,,,,,1,1,1,1,2,1,,,,,2,,,1,2,2,,,,2,1,,2,2,2,1,,3,1,4,1,2,1,2,1,2,1,2,2,,,,,,1,1,1,2,,,1,2,2,,,,,2,,,,,,1,1,1,1,2,1,,1,1,1,4,4,4,4,3,1,2,1,0
"Gambia, The","GMB",149211616,0.569044037441362,2,64,2,5,2,2,0,0,0,,,2,,,,,,,,,,,,,,1,2,2,2,2,2,1,2,2,2,2,2,1,2,2,,,,,2,,,2,2,2,,,,2,2,,2,2,2,2,,3,2,3,1,1,,,2,,,,1,2,2,,,2,1,2,2,2,1,,,2,2,,,,,2,,,,,,1,3,3,3,,3,,0,0,2,4,4,4,3,1,1,1,0,0
"Gambia, The","GMB",122215293,0.551560206378142,1,16,1,1,2,1,0,0,0,,,2,,,,,,,,,,,,,,2,1,1,2,2,2,1,2,2,1,2,2,1,2,1,,,,,2,,,2,2,2,,,,2,2,,2,1,2,1,,2,1,1,2,,,,1,2,2,2,2,,,,,,1,2,2,2,2,2,,2,2,,,,,2,,,,,,1,1,1,3,2,1,,0,1,3,4,4,4,4,4,2,2,0,0
"Gambia, The","GMB",202540558,0.927649417280233,1,50,1,5,1,2,1,1,0,1,2,2,,,2,2,2,,,,2,,1,2,2,,,,,,,,,,,,,,,,,,,,2,,,2,2,2,,,,2,2,2,2,2,2,2,,8,,,2,,,,2,,,,2,,,,,,2,,,,,,,2,2,,,,,2,,,,,,1,1,1,1,2,1,,0,0,4,4,4,4,4,5,1,2,0,0
"Gambia, The","GMB",183152598,0.547762821697233,1,40,1,5,1,1,1,1,0,1,2,2,,,2,2,2,,,,1,1,1,1,1,,,,,,,,,,3,3,2,1,3,2,,,,,2,,,2,2,2,,,,1,1,,1,2,1,1,2,1,3,3,1,2,1,2,1,2,1,2,2,,,,,,2,,,,,,,2,2,,,,,1,1,2,2,1,,2,3,3,3,,1,,1,1,4,4,4,2,4,3,1,1,0,0
"Gambia, The","GMB",189448539,1.19533951855416,1,45,4,2,1,2,0,0,0,,,2,,,,,,,,,,,,,,2,2,2,2,2,2,1,2,2,2,2,2,2,2,2,,,,,2,,,2,2,2,,,,2,2,,2,2,2,2,,7,,,2,,,,2,,,,1,2,2,,,1,2,,,,,,,2,2,,,,,2,,,,,,1,1,4,1,4,1,,0,0,4,4,4,4,2,5,1,2,0,0
"Gambia, The","GMB",205041514,3.00106912418754,1,32,1,1,2,2,0,0,0,,,2,,,,,,,,,,,,,,1,1,2,2,2,2,1,2,2,2,2,2,2,2,2,,,,,2,,,2,2,2,,,,2,2,,1,1,2,1,2,7,,,2,,,,2,,,,2,,,,,,2,,,,,,,2,2,,,,,2,,,,,,1,1,1,1,2,1,,1,1,4,4,4,4,4,5,1,1,0,0
"Gambia, The","GMB",137114890,1.46226374371639,1,18,1,2,2,2,0,0,0,,,2,,,,,,,,,,,,,,2,2,2,1,2,2,1,2,2,1,1,1,1,2,2,,,,,2,,,2,2,2,,,,2,2,,1,1,2,1,2,5,1,4,2,,,,2,,,,2,,,,,,2,,,,,,,2,2,,,,,1,1,2,2,1,,1,1,1,1,4,2,,1,1,4,4,4,2,4,5,1,1,0,0
"Gambia, The","GMB",201649293,0.501273926829666,1,20,2,4,2,2,0,0,0,,,2,,,,,,,,,,,,,,1,2,2,1,2,2,1,1,1,2,2,2,2,2,2,,,,,2,,,2,2,2,,,,2,2,,2,2,2,2,,2,3,2,2,,,,2,,,,2,,,,,,2,,,,,,,2,2,,,,,2,,,,,,2,3,3,3,,2,,0,0,4,4,4,4,4,5,1,2,0,0
"Gambia, The","GMB",174761964,1.76735364400142,1,31,1,2,1,2,0,0,0,,,2,,,,,,,,,,,,,,2,1,1,1,2,1,1,2,2,2,1,1,1,2,1,,,,,2,,,2,2,2,,,,2,2,,2,1,2,1,,2,2,3,2,,,,2,,,,2,,,,,,1,2,2,2,1,,,2,2,,,,,2,,,,,,1,1,3,1,1,3,,0,1,2,4,4,4,4,5,2,2,0,0
"Gambia, The","GMB",169664787,1.73829335491331,2,28,2,2,1,2,1,1,0,2,2,1,1,2,2,1,2,,,,2,,1,2,2,,,,,,,,,,2,2,2,1,2,1,,,,,2,,,2,2,2,,,,2,2,,2,1,2,2,,2,2,1,2,,,,2,,,,2,,,,,,1,2,2,2,2,2,,2,2,,,,,2,,,,,,1,3,1,1,1,3,,1,1,3,4,4,4,4,5,1,1,1,0
"Gambia, The","GMB",165115736,1.62434325473725,1,38,2,1,1,2,0,0,0,,,2,,,,,,,,,,,,,,2,2,1,2,2,2,1,2,2,2,2,2,1,2,1,,,,,2,,,2,2,2,,,,2,2,,1,1,2,1,2,2,1,1,2,,,,2,,,,2,,,,,,2,,,,,,,2,2,,,,,2,,,,,,1,1,1,1,4,1,,1,1,4,4,4,4,4,5,1,1,0,0
"Gambia, The","GMB",192144378,0.279687593388571,2,26,2,5,1,2,0,0,0,,,2,,,,,,,,,,,,,,2,2,2,2,2,2,2,2,2,2,2,2,2,2,2,,,,,2,,,2,2,2,,,,2,2,,2,2,2,2,,3,1,1,2,,,,2,,,,2,,,,,,2,,,,,,,2,2,,,,,2,,,,,,3,1,3,3,,2,,1,0,4,4,4,4,4,5,1,1,0,0
"Gambia, The","GMB",199628178,0.835456544716109,1,23,2,4,1,2,0,0,0,,,2,,,,,,,,,,,,,,1,2,2,2,2,2,1,2,1,2,3,2,1,2,1,,,,,2,,,2,2,2,,,,2,2,,2,2,2,2,,2,2,2,2,,,,1,1,,,2,,,,,,2,,,,,,,2,2,,,,,2,,,,,,2,1,1,1,2,1,,0,1,4,4,4,4,4,1,1,1,0,0
"Gambia, The","GMB",144497108,1.33077824582163,1,18,2,2,1,1,0,0,0,,,2,,,,,,,,,,,,,,2,2,2,1,2,1,1,1,2,2,1,1,1,2,2,,,,,2,,,2,2,2,,,,2,2,,2,1,2,1,,2,1,1,1,2,2,2,2,,,,2,,,,,,2,,,,,,,2,2,,,,,2,,,,,,1,1,1,1,2,2,,0,1,4,4,4,4,4,4,1,1,0,0
"Gambia, The","GMB",148995599,1.10410802422337,1,32,2,3,1,1,1,1,0,1,2,2,,,2,2,2,,,,2,,2,,1,,,,,,,,,,1,2,2,1,2,2,,,,,2,,,2,2,2,,,,2,2,,2,1,2,2,,5,1,1,1,1,,,1,2,2,1,2,,,,,,2,,,,,,,2,2,,,,,2,,,,,,1,1,1,1,4,2,,1,1,4,4,4,4,4,1,1,1,1,0
"Gambia, The","GMB",133025824,1.02442623113506,1,45,2,3,1,2,1,1,0,1,2,2,,,2,2,1,2,,1,1,2,1,2,1,,,,,,,,,,2,2,2,2,2,2,,,,,2,,,2,1,1,1,1,,1,1,,1,2,1,2,1,4,2,2,2,,,,2,,,,2,,,,,,2,,,,,,,2,2,,,,,2,,,,,,3,1,2,3,2,1,,1,1,4,4,4,4,4,5,1,1,1,1
"Gambia, The","GMB",130949238,1.78406720997244,1,15,1,4,1,2,0,0,0,,,2,,,,,,,,,,,,,,2,2,2,1,2,2,1,2,2,2,1,1,1,2,1,,,,,2,,,2,2,2,,,,2,2,,2,1,2,1,,3,2,1,2,,,,2,,,,2,,,,,,2,,,,,,,2,2,,,,,1,3,2,2,1,,1,1,1,1,3,1,,1,1,4,4,4,2,4,5,2,2,0,0
"Gambia, The","GMB",122548623,0.185539238362971,2,37,2,3,2,2,1,1,0,1,2,2,,,2,2,2,,,,2,,1,2,2,,,,,,,,,,2,2,2,2,2,2,,,,,2,,,2,1,2,,,,2,2,,2,1,2,2,,4,1,1,1,1,,,1,2,2,1,1,2,2,,,1,2,,,,,,,2,2,,,,,2,,,,,,1,1,1,1,2,1,,0,1,4,4,4,4,2,1,1,1,1,0
"Gambia, The","GMB",174589490,0.821644232545849,1,35,1,3,1,1,0,0,0,,,2,,,,,,,,,,,,,,1,2,1,2,2,1,1,3,2,2,1,1,2,2,2,,,,,2,,,2,2,2,,,,2,2,,2,2,2,1,,7,,,2,,,,2,,,,2,,,,,,2,,,,,,,2,2,,,,,1,1,2,2,1,,1,1,1,1,2,1,,0,1,4,4,4,2,4,5,1,2,0,0
"Gambia, The","GMB",209226825,0.552054012111683,1,29,1,3,1,2,0,0,0,,,2,,,,,,,,,,,,,,2,2,2,1,2,1,1,1,2,2,1,1,1,2,2,,,,,2,,,2,2,2,,,,1,2,,1,2,2,1,1,5,2,1,2,,,,1,2,1,2,1,2,2,,,1,2,,,,,,,1,2,2,2,1,,2,,,,,,1,1,2,1,4,2,,1,1,4,2,4,4,2,3,1,1,0,0
"Gambia, The","GMB",178072217,2.75030467533413,2,36,1,2,1,1,1,1,0,2,2,2,,,2,2,2,,,,2,,2,,1,,,,,,,,,,2,2,2,1,2,2,,,,,2,,,1,2,2,,,,2,2,,2,2,2,1,,3,1,3,1,2,1,1,2,,,,1,2,1,1,,,2,,,,,,,2,2,,,,,1,1,2,2,1,,1,1,1,1,2,1,,1,1,4,4,4,2,1,2,1,1,1,0
"Gambia, The","GMB",145802420,1.05324087356075,1,30,1,3,2,2,1,1,0,1,2,2,,,2,2,2,,,,1,1,2,,1,,,,,,,,,,2,2,1,1,2,2,,,,,2,,,2,2,2,,,,2,2,,2,2,2,2,,2,1,1,2,,,,1,1,,,2,,,,,,2,,,,,,,2,2,,,,,2,,,,,,1,1,1,3,3,1,,1,0,4,4,4,4,4,1,1,1,1,0
"Gambia, The","GMB",208149365,0.668365235772888,1,22,2,2,2,2,1,1,0,2,2,2,,,2,2,2,,,,2,,2,,1,,,,,,,,,,2,2,2,1,2,2,,,,,2,,,2,2,2,,,,1,1,,2,2,2,2,,2,2,2,1,2,1,2,1,2,1,1,2,,,,,,1,1,2,2,1,,,2,2,,,,,2,,,,,,2,3,3,2,4,1,,1,0,2,4,4,4,4,2,1,1,0,0
"Gambia, The","GMB",165346153,0.902839236728964,2,18,2,2,1,1,0,0,0,,,2,,,,,,,,,,,,,,2,2,2,2,2,2,1,2,2,2,2,2,2,2,1,,,,,2,,,2,2,2,,,,2,2,,2,2,2,2,,3,3,3,2,,,,2,,,,2,,,,,,2,,,,,,,2,2,,,,,1,3,2,2,1,,1,1,1,1,2,1,,0,0,4,4,4,2,4,5,2,2,0,0
"Gambia, The","GMB",186903330,0.513189918598226,1,40,3,5,1,2,1,1,0,1,2,1,1,1,1,1,1,1,1,1,1,2,1,1,1,,,,,,,,,,2,2,2,2,2,2,,,,,2,1,,2,1,2,,,,1,1,,2,2,2,2,,1,3,3,1,1,,,1,1,,,1,2,2,,,1,1,2,2,2,1,,,2,2,,,,,2,,,,,,3,3,3,3,,3,,1,1,2,4,4,4,2,1,1,1,1,1
"Gambia, The","GMB",119301939,0.528875628244034,1,22,2,5,2,2,0,0,0,,,2,,,,,,,,,,,,,,2,2,2,2,2,2,1,2,2,2,2,2,2,2,2,,,,,2,,,2,2,2,,,,2,2,,2,2,2,2,,2,1,1,1,2,2,2,2,,,,1,2,2,,,1,2,,,,,,,2,2,,,,,2,,,,,,1,1,1,1,2,1,,0,0,4,4,4,4,2,4,1,2,0,0
"Gambia, The","GMB",206067537,0.964336910724058,2,33,2,5,1,2,1,1,0,2,2,1,2,,2,2,2,,,,1,1,1,2,1,,,,,,,,,,1,1,2,1,2,2,,,,,2,,,2,2,2,,,,2,1,,2,2,2,1,,2,1,1,1,1,,,1,2,1,1,1,2,2,,,1,1,2,1,2,,,1,2,2,,,,,1,1,2,2,2,2,1,1,1,1,2,1,,1,1,1,4,4,3,2,1,1,1,1,0
"Gambia, The","GMB",174779964,1.22651687968012,2,16,1,4,1,2,0,0,0,,,2,,,,,,,,,,,,,,2,2,2,2,2,2,1,1,1,2,2,1,1,1,2,,,,,2,,,2,2,2,,,,2,2,,2,2,2,2,,3,2,2,2,,,,2,,,,1,2,2,,,1,2,,,,,,,2,2,,,,,2,,,,,,1,1,2,1,1,2,,1,0,4,4,4,4,2,5,1,1,0,0
"Gambia, The","GMB",127414024,0.419480831840987,2,24,2,5,2,2,0,0,0,,,2,,,,,,,,,,,,,,1,2,2,2,2,2,1,2,2,2,1,2,1,2,2,,,,,2,,,2,2,2,,,,2,2,,2,2,2,1,,5,1,1,2,,,,1,2,1,2,1,2,2,,,1,1,2,2,2,1,,,1,2,2,2,2,2,1,1,2,2,1,,1,1,1,1,1,1,,1,1,2,3,4,2,2,3,1,1,0,0
"Gambia, The","GMB",188943092,0.425551801158198,1,35,1,1,1,2,0,0,0,,,2,,,,,,,,,,,,,,3,2,2,2,2,2,1,2,3,2,2,2,1,2,2,,,,,2,,,2,2,2,,,,2,2,,2,1,2,1,,2,1,1,2,,,,1,1,,,1,2,2,,,1,2,,,,,,,1,2,2,2,2,2,2,,,,,,1,1,1,1,2,1,,0,1,4,3,4,4,2,1,1,2,0,0
"Gambia, The","GMB",125744727,0.514362081803169,2,47,2,4,1,2,0,0,0,,,2,,,,,,,,,,,,,,2,2,1,2,2,2,1,2,2,2,1,2,1,2,2,,,,,2,,,2,2,2,,,,2,2,,2,2,1,1,,7,,,2,,,,1,1,,,1,2,2,,,1,1,2,2,2,2,2,,2,2,,,,,2,,,,,,1,1,1,1,3,1,,0,1,3,4,4,4,2,1,1,1,0,0
"Gambia, The","GMB",186643569,1.0443601536445,1,37,1,5,1,2,0,0,0,,,2,,,,,,,,,,,,,,1,2,2,2,2,3,3,3,2,2,2,2,2,2,2,,,,,2,,,2,2,2,,,,2,2,,2,2,2,2,,2,2,1,2,,,,2,,,,1,2,2,,,1,2,,,,,,,2,2,,,,,2,,,,,,3,3,3,3,,2,,0,0,4,4,4,4,2,5,1,1,0,0
"Gambia, The","GMB",135034337,0.252479092000203,1,29,2,5,2,2,0,0,0,,,2,,,,,,,,,,,,,,2,2,2,2,2,2,2,2,2,2,1,2,1,2,1,,,,,2,,,1,2,2,,,,2,2,,2,2,2,1,,2,1,1,2,,,,1,2,2,2,1,2,2,,,2,2,,,,,,,2,2,,,,,2,,,,,,1,1,1,1,2,1,,0,1,4,4,4,4,3,4,1,1,0,0
"Gambia, The","GMB",125095317,1.28835745741355,2,43,2,2,1,2,1,1,0,1,2,1,1,2,2,2,2,,,,1,2,1,2,1,,,,,,,,,,2,2,2,2,2,2,,,,,2,,,2,2,2,,,,1,1,,2,2,2,2,,1,2,1,1,2,2,1,2,,,,1,1,2,1,,,2,,,,,,,2,2,,,,,2,,,,,,1,1,1,1,1,2,,1,0,4,4,4,4,1,2,1,1,1,0
"Gambia, The","GMB",147516105,0.663868126593042,2,19,2,2,1,2,0,0,0,,,2,,,,,,,,,,,,,,1,1,2,1,2,2,1,1,1,2,2,1,1,2,1,,,,,2,,,2,2,2,,,,2,2,,2,1,2,1,,4,3,2,2,,,,2,,,,2,,,,,,1,1,2,2,1,,,2,2,,,,,2,,,,,,1,1,1,1,1,1,,0,1,2,4,4,4,4,5,1,1,0,0
"Gambia, The","GMB",188206796,0.576819554628718,1,24,2,2,1,2,0,0,0,,,2,,,,,,,,,,,,,,1,2,2,2,2,2,1,2,2,2,2,2,1,2,1,,,,,2,,,2,2,2,,,,2,2,,2,1,2,1,,2,1,1,2,,,,2,,,,2,,,,,,2,,,,,,,2,2,,,,,2,,,,,,1,1,1,1,2,1,,0,1,4,4,4,4,4,5,2,2,0,0
"Gambia, The","GMB",207039273,0.964607419738202,2,32,1,5,1,2,1,1,0,2,2,1,1,2,2,2,2,,,,2,,2,,2,,,,,,,,,,,,,,,,,,,,2,,,2,2,2,,,,2,2,2,2,2,2,2,,3,2,2,1,2,2,1,2,,,,1,2,2,,,2,2,,,,,,,2,2,,,,,2,,,,,,1,1,1,1,3,1,,0,1,4,4,4,4,3,2,1,1,1,0
"Gambia, The","GMB",149502695,0.595837525718793,1,17,2,5,2,2,0,0,0,,,2,,,,,,,,,,,,,,2,2,2,1,2,2,1,2,2,2,3,1,1,2,2,,,,,2,,,2,2,2,,,,2,2,,2,2,2,2,,2,3,3,2,,,,2,,,,2,,,,,,2,,,,,,,2,2,,,,,2,,,,,,1,3,1,3,5,3,,1,0,4,4,4,4,4,5,1,1,0,0
"Gambia, The","GMB",128377379,0.434791261500456,1,30,1,4,1,2,0,0,0,,,2,,,,,,,,,,,,,,1,2,3,2,2,2,1,2,2,2,1,2,1,2,2,,,,,2,,,2,2,2,,,,2,2,,2,2,2,2,,2,1,4,2,,,,1,1,,,2,,,,,,2,,,,,,,2,2,,,,,1,1,2,2,1,,1,1,2,2,2,1,,0,0,4,4,4,2,4,1,1,1,0,0
"Gambia, The","GMB",185418753,2.14141462944795,2,15,1,5,1,2,0,0,0,,,2,,,,,,,,,,,,,,1,2,2,2,2,2,1,2,2,2,2,2,1,2,2,,,,,2,,,2,2,2,,,,2,2,,2,2,2,2,,2,1,1,2,,,,2,,,,1,2,2,,,1,1,2,2,2,1,,,2,2,,,,,2,,,,,,4,4,4,4,,1,,0,0,2,4,4,4,2,5,1,1,0,0
"Gambia, The","GMB",116716937,1.95951019768344,2,23,1,2,1,1,0,0,0,,,2,,,,,,,,,,,,,,1,2,2,1,2,2,1,2,2,2,2,1,1,1,2,,,,,2,,,2,1,2,,,,1,2,,2,2,2,2,,3,1,2,1,1,,,1,1,,,1,2,2,,,1,2,,,,,,,2,2,,,,,1,1,2,2,1,,1,1,1,1,3,1,,1,0,4,4,4,2,2,1,1,1,0,0
"Gambia, The","GMB",188068479,0.528875628244034,1,24,2,4,1,2,0,0,0,,,2,,,,,,,,,,,,,,1,2,2,1,2,2,1,2,2,2,1,1,1,2,2,,,,,1,1,,2,1,2,,,,2,2,,1,2,2,2,1,1,2,2,1,1,,,1,2,1,1,2,,,,,,2,,,,,,,2,2,,,,,2,,,,,,1,1,2,1,2,1,,1,1,4,4,4,4,4,1,1,1,0,0
"Gambia, The","GMB",198681288,0.929235685364396,1,42,2,5,1,2,0,0,0,,,2,,,,,,,,,,,,,,1,2,2,2,2,2,1,2,2,2,2,2,2,2,2,,,,,2,,,2,2,2,,,,2,2,,2,2,2,2,,2,2,1,2,,,,1,1,,,2,,,,,,2,,,,,,,2,2,,,,,2,,,,,,1,2,2,1,4,3,,0,0,4,4,4,4,4,1,1,1,0,0
"Gambia, The","GMB",111855146,0.460415624604754,2,90,2,4,2,2,1,1,0,2,1,1,2,,1,1,2,,,,1,1,1,2,1,,,,,,,,,,2,1,2,1,2,2,,,,,2,,,2,2,2,,,,1,1,,2,2,2,2,,1,2,2,1,2,1,1,2,,,,1,2,2,,,1,1,2,1,2,,,1,2,2,,,,,1,1,1,2,,,1,1,2,2,2,2,,1,0,1,4,4,1,2,2,1,1,1,0
"Gambia, The","GMB",159243090,1.05775125648807,1,18,1,4,1,2,0,0,0,,,2,,,,,,,,,,,,,,2,2,2,2,2,2,1,2,1,2,2,2,1,2,2,,,,,2,,,2,2,2,,,,1,2,,1,2,2,2,2,1,3,3,2,,,,2,,,,2,,,,,,2,,,,,,,2,2,,,,,2,,,,,,3,3,3,3,,1,,1,0,4,4,4,4,4,5,1,1,0,0
"Gambia, The","GMB",176521869,1.13396601371604,1,30,1,3,1,1,0,0,0,,,2,,,,,,,,,,,,,,1,2,2,1,1,2,1,2,2,2,1,1,1,2,1,,,,,2,,,1,2,2,,,,2,2,,2,2,2,2,,3,1,1,2,,,,2,,,,1,2,2,,,1,2,,,,,,,2,2,,,,,1,1,2,2,1,,1,1,1,1,3,1,,0,0,4,4,4,2,2,5,1,1,0,0
"Gambia, The","GMB",129908656,3.00106912418754,2,28,1,2,1,2,1,1,0,2,2,2,,,2,2,2,,,,1,1,2,,1,,,,,,,,,,2,2,2,2,1,2,,,,,2,,,2,2,2,,,,2,1,,2,2,2,2,,2,2,1,1,2,1,1,2,,,,2,,,,,,1,2,1,2,,,2,2,2,,,,,2,,,,,,3,2,3,2,4,1,,1,1,1,4,4,4,4,2,1,1,1,0
"Gambia, The","GMB",169987542,0.604582889783076,1,27,1,3,1,1,0,0,0,,,2,,,,,,,,,,,,,,2,2,2,2,2,2,2,2,2,2,2,2,1,2,1,,,,,2,,,2,2,2,,,,2,2,,1,2,2,1,2,2,2,1,2,,,,1,2,1,1,1,2,2,,,1,2,,,,,,,2,2,,,,,2,,,,,,2,1,1,1,2,2,,1,1,4,4,4,4,2,2,2,2,0,0
"Gambia, The","GMB",187283045,0.513696660853838,1,40,1,1,1,2,0,0,0,,,2,,,,,,,,,,,,,,1,1,2,2,2,2,1,2,2,2,1,2,1,2,2,,,,,2,,,2,2,2,,,,2,2,,2,1,2,2,,5,1,1,2,,,,2,,,,2,,,,,,2,,,,,,,2,2,,,,,1,1,2,2,1,,1,1,3,1,2,1,,0,1,4,4,4,2,4,5,1,2,0,0
"Gambia, The","GMB",141775196,0.865229331943078,1,15,1,2,1,2,0,0,0,,,2,,,,,,,,,,,,,,2,1,2,2,3,2,1,2,2,2,3,2,2,2,2,,,,,2,,,2,2,2,,,,2,2,,2,1,2,1,,2,1,1,2,,,,2,,,,1,2,2,,,1,2,,,,,,,2,2,,,,,2,,,,,,1,1,1,1,4,1,,0,1,4,4,4,4,2,5,2,2,0,0
"Gambia, The","GMB",201204845,1.83549825381253,2,17,2,3,2,2,0,0,0,,,2,,,,,,,,,,,,,,1,2,2,1,2,2,2,2,1,2,2,1,2,2,2,,,,,2,,,2,2,2,,,,1,2,,2,1,2,1,,2,1,1,2,,,,1,1,,,2,,,,,,2,,,,,,,2,2,,,,,2,,,,,,3,3,3,3,,2,,1,1,4,4,4,4,4,1,1,1,0,0
"Gambia, The","GMB",170112263,0.185539238362971,1,28,2,5,2,1,1,1,0,1,1,2,,,2,2,2,,,,1,2,1,2,2,,,,,,,,,,,,,,,,,,,,2,,,2,2,2,,,,2,2,2,2,2,2,2,,2,2,1,2,,,,2,,,,2,,,,,,1,1,1,2,,,2,2,2,,,,,2,,,,,,1,1,1,1,1,1,,0,0,1,4,4,4,4,5,1,1,1,0
"Gambia, The","GMB",132737548,2.47762490334774,2,54,1,2,1,2,0,0,0,,,2,,,,,,,,,,,,,,2,2,1,2,2,1,1,2,2,1,1,1,1,2,1,,,,,2,,,2,2,2,,,,2,2,,1,2,2,1,2,2,2,1,1,2,1,2,2,,,,2,,,,,,2,,,,,,,2,2,,,,,2,,,,,,3,3,3,3,,3,,1,1,4,4,4,4,4,3,1,2,0,0
"Gambia, The","GMB",207537656,0.189889037248487,2,20,2,5,1,2,0,0,0,,,2,,,,,,,,,,,,,,1,2,2,1,2,2,2,2,2,2,2,2,2,2,2,,,,,2,,,2,2,2,,,,1,1,,2,2,2,2,,3,3,3,1,2,2,1,2,,,,1,2,2,,,1,1,2,2,2,1,,,2,2,,,,,2,,,,,,2,3,3,4,,3,,1,0,2,4,4,4,2,2,1,1,0,0
"Gambia, The","GMB",129405531,1.57188957580439,1,41,1,5,1,2,1,1,0,2,2,2,,,2,2,2,,,,2,,2,,1,,,,,,,,,,2,2,2,1,2,2,,,,,2,,,2,2,2,,,,2,2,,1,2,2,2,2,2,2,1,2,,,,2,,,,1,2,2,,,1,2,,,,,,,2,2,,,,,2,,,,,,1,1,1,1,3,1,,1,1,4,4,4,4,2,5,1,1,0,0
"Gambia, The","GMB",174260872,0.58429275632566,1,29,2,2,1,2,1,1,0,1,2,2,,,2,1,2,,,,2,,1,3,1,,,,,,,,,,2,3,2,1,1,2,,,,,2,,,2,1,2,,,,2,1,,2,1,2,1,,5,1,1,2,,,,2,,,,2,,,,,,2,,,,,,,2,2,,,,,2,,,,,,1,1,1,1,2,1,,1,1,4,4,4,4,4,5,1,1,1,0
"Gambia, The","GMB",191760901,0.453829668191067,1,21,2,2,1,2,0,0,0,,,2,,,,,,,,,,,,,,2,2,2,2,2,2,2,2,2,2,2,2,2,2,2,,,,,2,,,2,2,2,,,,2,2,,2,2,2,2,,2,1,1,2,,,,2,,,,2,,,,,,2,,,,,,,2,2,,,,,2,,,,,,1,1,1,1,2,1,,0,0,4,4,4,4,4,5,1,1,0,0
"Gambia, The","GMB",202505721,2.29728714896958,2,80,1,4,2,2,0,0,0,,,2,,,,,,,,,,,,,,2,2,2,2,2,2,2,2,2,2,2,2,2,2,2,,,,,2,,,2,2,2,,,,2,2,,2,1,1,1,,2,1,1,2,,,,2,,,,2,,,,,,2,,,,,,,2,2,,,,,2,,,,,,1,2,2,2,2,2,,0,1,4,4,4,4,4,5,2,2,0,0
"Gambia, The","GMB",182595054,0.578052683653568,2,80,1,2,2,1,0,0,0,,,2,,,,,,,,,,,,,,3,2,1,2,3,2,1,3,3,2,1,2,1,2,2,,,,,2,,,2,2,2,,,,2,2,,2,2,2,2,,2,1,1,2,,,,1,2,1,2,1,2,2,,,1,2,,,,,,,2,1,2,2,2,2,2,,,,,,1,1,3,1,4,1,,0,0,4,4,3,4,2,3,1,2,0,0
"Gambia, The","GMB",162252941,0.764605364577955,2,39,2,2,1,2,0,0,0,,,2,,,,,,,,,,,,,,1,2,2,2,2,2,1,2,2,2,2,2,1,2,2,,,,,2,,,2,2,2,,,,2,2,,2,1,2,1,,3,2,1,1,1,,,1,1,,,2,,,,,,1,2,2,2,2,2,,1,2,2,2,1,,2,,,,,,1,1,1,1,4,1,,0,1,3,2,4,4,4,1,1,1,0,0
"Gambia, The","GMB",136261562,0.189078578828373,1,18,2,2,1,1,0,0,0,,,2,,,,,,,,,,,,,,1,2,2,1,2,2,1,1,2,2,3,1,1,2,2,,,,,2,,,2,2,2,,,,2,2,,2,2,2,1,,2,2,1,1,2,1,2,2,,,,2,,,,,,2,,,,,,,2,2,,,,,1,1,2,2,1,,2,1,1,3,2,1,,1,1,4,4,4,2,4,3,1,1,0,0
"Gambia, The","GMB",140583192,0.185539238362971,2,29,2,5,1,2,1,1,0,2,2,2,,,2,2,2,,,,1,2,1,2,1,,,,,,,,,,2,2,2,2,2,2,,,,,2,,,2,2,2,,,,2,2,,2,2,2,2,,1,1,1,2,,,,2,,,,2,,,,,,2,,,,,,,2,2,,,,,2,,,,,,1,1,1,3,2,2,,0,0,4,4,4,4,4,5,1,1,0,0
"Gambia, The","GMB",167028791,0.826155915200665,1,34,2,3,1,2,1,1,0,1,2,2,,,2,2,2,,,,1,2,2,,2,,,,,,,,,,2,2,2,1,2,2,,,,,2,,,2,2,2,,,,2,2,,1,2,2,2,1,4,1,1,1,2,1,2,2,,,,2,,,,,,1,1,1,2,,,1,2,2,,,,,2,,,,,,1,1,1,3,2,1,,1,1,1,4,4,4,4,3,1,1,1,0
"Gambia, The","GMB",125455013,3.00106912418754,2,23,1,2,2,2,0,0,0,,,2,,,,,,,,,,,,,,2,2,2,2,2,2,2,2,2,2,2,1,1,2,2,,,,,2,,,2,2,2,,,,2,2,,1,2,2,2,2,2,1,1,2,,,,2,,,,1,2,2,,,1,2,,,,,,,2,2,,,,,2,,,,,,4,4,4,4,,1,,1,0,4,4,4,4,2,5,1,1,0,0
"Gambia, The","GMB",124534072,0.550221379043274,1,15,1,4,2,2,0,0,0,,,2,,,,,,,,,,,,,,1,2,2,1,2,2,1,2,2,2,1,2,1,2,2,,,,,2,,,2,2,1,1,2,,2,2,,2,2,2,2,,2,1,1,2,,,,2,,,,1,2,2,,,1,2,,,,,,,1,2,2,2,2,2,2,,,,,,1,1,3,3,2,1,,0,0,4,3,4,4,2,5,1,2,0,0
"Gambia, The","GMB",196029299,0.50468645244823,1,42,2,1,2,2,0,0,0,,,2,,,,,,,,,,,,,,2,1,2,2,2,2,1,1,1,2,2,2,2,2,2,,,,,3,,,2,2,2,,,,2,2,,1,2,2,2,2,6,2,1,2,,,,2,,,,2,,,,,,2,,,,,,,2,2,,,,,2,,,,,,3,1,2,2,3,1,,1,0,4,4,4,4,4,5,1,1,0,0
"Gambia, The","GMB",206052087,1.06650019473282,2,25,2,4,1,2,1,1,0,2,2,2,,,2,2,2,,,,1,1,1,2,1,,,,,,,,,,2,2,2,2,1,2,,,,,2,,,2,1,2,,,,1,1,,1,2,2,2,2,1,1,3,1,2,1,2,1,2,1,1,1,2,2,,,1,2,,,,,,,2,2,,,,,2,,,,,,3,3,3,3,,1,,1,0,4,4,4,4,2,2,1,1,1,0
"Gambia, The","GMB",206055444,2.21569756283794,2,18,2,5,2,2,1,1,0,2,2,2,,,2,2,2,,,,2,,1,2,1,,,,,,,,,,2,1,2,1,2,2,,,,,2,,,2,2,2,,,,2,2,,2,1,2,1,,6,2,4,2,,,,2,,,,1,2,2,,,1,2,,,,,,,2,2,,,,,1,1,2,2,1,,1,1,1,1,2,1,,1,1,4,4,4,2,2,5,1,1,0,0
"Gambia, The","GMB",205531464,0.574275619511349,2,36,2,4,1,2,0,0,0,,,2,,,,,,,,,,,,,,2,2,2,1,2,2,1,2,2,2,2,2,1,2,2,,,,,2,,,2,2,2,,,,2,2,,2,2,2,2,,3,2,2,2,,,,2,,,,1,2,2,,,1,1,1,2,2,1,,,2,2,,,,,2,,,,,,1,1,1,1,4,3,,1,0,2,4,4,4,2,5,1,1,0,0
"Gambia, The","GMB",177654214,0.838961663681973,2,19,2,5,2,2,1,1,0,2,2,1,1,1,2,1,1,1,1,2,1,2,1,1,1,,,,,,,,,,,,,,,,,,,,1,2,,2,2,1,1,1,,2,1,1,2,2,2,1,,2,2,1,2,,,,2,,,,2,,,,,,2,,,,,,,2,2,,,,,2,,,,,,3,3,3,3,,3,,1,1,4,4,4,4,4,5,1,1,1,1
"Gambia, The","GMB",133461305,0.493454714430943,1,52,1,5,1,2,1,1,0,2,2,2,,,2,2,2,,,,1,1,2,,2,,,,,,,,,,2,1,2,1,2,2,,,,,2,,,2,1,2,,,,2,2,,1,1,2,1,2,1,1,1,2,,,,2,,,,1,2,2,,,1,2,,,,,,,2,2,,,,,2,,,,,,1,1,1,1,4,1,,1,1,4,4,4,4,2,5,1,2,1,0
"Gambia, The","GMB",207405401,1.21021244850951,1,18,2,2,1,2,0,0,0,,,2,,,,,,,,,,,,,,1,2,2,2,2,2,1,2,2,2,2,2,1,2,2,,,,,2,,,2,2,2,,,,2,2,,2,2,2,2,,2,2,2,2,,,,1,2,1,2,1,2,2,,,1,2,,,,,,,2,2,,,,,2,,,,,,4,2,4,4,,1,,1,0,4,4,4,4,2,3,1,1,0,0
"Gambia, The","GMB",188852847,0.856161101423063,1,35,1,3,1,1,0,0,0,,,2,,,,,,,,,,,,,,1,2,2,2,2,2,1,2,2,2,1,2,1,2,2,,,,,2,,,2,2,2,,,,2,2,,1,2,2,1,2,3,1,1,2,,,,1,1,,,1,2,2,,,1,2,,,,,,,2,2,,,,,1,1,2,2,1,,1,1,1,1,2,1,,1,1,4,4,4,2,2,1,1,1,0,0
"Gambia, The","GMB",199421509,0.672314343943035,1,31,2,3,1,1,0,0,0,,,2,,,,,,,,,,,,,,1,2,2,2,1,2,1,2,2,2,2,2,1,2,2,,,,,2,,,2,2,2,,,,2,2,,1,1,2,1,2,2,1,1,2,,,,2,,,,2,,,,,,2,,,,,,,2,2,,,,,2,,,,,,1,1,1,1,2,1,,1,1,4,4,4,4,4,5,1,1,0,0
"Gambia, The","GMB",162671497,0.832855595996223,2,65,1,5,2,2,0,0,0,,,3,,,,,,,,,,,,,,2,1,3,3,3,3,2,1,3,2,2,2,2,2,2,,,,,2,,,1,2,2,,,,2,2,,1,2,2,2,2,2,2,5,2,,,,1,2,1,1,1,2,2,,,1,2,,,,,,,2,2,,,,,2,,,,,,1,1,2,5,3,1,,1,0,4,4,4,4,2,2,1,1,0,0
"Gambia, The","GMB",164449712,0.238581301624279,1,62,1,1,2,2,1,0,1,,,2,,,,,,,,,,,,,,,2,2,1,2,2,1,2,2,,,,,,,2,2,2,2,2,,,2,1,2,,,,2,2,2,1,2,2,2,2,6,1,1,2,,,,2,,,,2,,,,,,2,,,,,,,2,2,,,,,2,,,,,,1,1,1,1,4,1,,1,1,4,4,4,4,4,5,1,2,1,0
"Gambia, The","GMB",131754075,1.12188250175025,2,18,1,5,1,2,0,0,0,,,2,,,,,,,,,,,,,,2,2,2,2,2,2,1,1,2,2,2,2,1,1,1,,,,,2,,,2,2,2,,,,2,2,,2,2,2,1,,3,1,1,2,,,,2,,,,1,2,2,,,1,2,,,,,,,2,2,,,,,2,,,,,,3,1,1,3,2,1,,0,1,4,4,4,4,2,5,1,1,0,0
"Gambia, The","GMB",194989808,0.724049467707571,2,20,1,4,2,2,1,1,0,2,2,2,,,1,2,2,,,,2,,1,2,1,,,,,,,,,,2,2,1,1,2,2,,,,,2,,,2,2,2,,,,2,1,,1,1,2,1,2,2,1,1,1,2,1,1,2,,,,1,2,2,,,2,2,,,,,,,2,2,,,,,2,,,,,,1,1,1,1,5,1,,1,1,4,4,4,4,3,2,1,2,1,0
"Gambia, The","GMB",148019999,1.05344490045268,2,25,1,4,1,2,1,1,0,2,2,2,,,2,2,2,,,,2,,2,,1,,,,,,,,,,2,2,1,2,2,2,,,,,2,,,2,2,2,,,,2,1,,2,2,2,2,,1,3,3,2,,,,2,,,,1,2,2,,,1,2,,,,,,,2,2,,,,,2,,,,,,1,1,1,1,2,1,,1,0,4,4,4,4,2,5,1,1,0,0
"Gambia, The","GMB",185158861,2.991686671334,2,20,1,5,2,2,1,1,0,2,2,2,,,2,1,2,,,,1,1,1,1,1,,,,,,,,,,1,2,2,2,2,2,,,,,2,,,2,1,2,,,,1,1,,2,1,2,1,,4,3,3,2,,,,1,2,1,1,2,,,,,,2,,,,,,,2,2,,,,,2,,,,,,3,2,1,1,2,1,,1,1,4,4,4,4,4,2,1,1,1,0
"Gambia, The","GMB",188622485,0.359626896819751,1,21,2,5,1,2,0,0,0,,,2,,,,,,,,,,,,,,1,2,2,1,2,2,1,2,2,2,2,1,2,2,2,,,,,2,,,2,2,2,,,,2,2,,2,2,2,2,,3,2,2,2,,,,2,,,,2,,,,,,2,,,,,,,1,2,2,2,1,,1,3,2,2,1,,2,2,1,1,3,1,,0,0,4,2,4,2,4,5,2,2,0,0
"Gambia, The","GMB",189563535,0.684928881138451,1,35,1,3,1,1,0,0,0,,,2,,,,,,,,,,,,,,2,2,2,1,2,2,1,1,1,1,2,1,1,2,2,,,,,2,,,2,2,2,,,,2,2,,2,1,2,1,,2,1,1,2,,,,1,2,2,1,2,,,,,,2,,,,,,,2,2,,,,,1,1,2,2,1,,1,1,1,2,1,3,,0,1,4,4,4,2,4,2,1,2,0,0
"Gambia, The","GMB",190085852,1.05331244285046,2,18,2,3,1,1,1,1,0,,,2,,,,,,,,,,,,,,,1,1,2,1,1,1,1,1,1,1,2,1,1,1,,,,,2,,,2,2,2,,,,2,2,,1,1,2,1,2,3,1,1,2,,,,1,2,2,1,1,2,2,,,1,2,,,,,,,1,2,2,2,2,1,1,1,2,2,1,,1,1,2,3,2,1,,1,1,4,1,4,2,2,2,1,1,1,0
"Gambia, The","GMB",209304426,1.63175064765884,2,28,1,2,1,1,0,0,0,,,2,,,,,,,,,,,,,,1,2,2,2,1,2,1,2,2,2,2,2,2,2,1,,,,,2,,,2,2,2,,,,2,2,,2,2,2,1,,7,,,1,2,1,1,2,,,,2,,,,,,1,2,2,2,2,2,,2,2,,,,,1,1,2,2,1,,1,1,1,1,2,1,,1,1,3,4,4,2,4,2,1,1,0,0
"Gambia, The","GMB",207790470,1.21855311976366,1,18,2,2,2,2,0,0,0,,,2,,,,,,,,,,,,,,2,2,1,1,2,1,1,2,2,2,2,1,2,4,2,,,,,2,,,2,2,2,,,,2,2,,2,1,2,1,,2,1,1,2,,,,2,,,,2,,,,,,2,,,,,,,1,2,2,2,2,2,2,,,,,,3,1,1,4,5,3,,0,1,4,3,4,4,4,5,2,2,0,0
"Gambia, The","GMB",130106061,0.380945913216021,2,45,2,5,1,2,1,1,0,2,2,2,,,1,1,2,,,,1,3,2,,1,,,,,,,,,,2,2,2,2,2,2,,,,,2,,,2,2,2,,,,4,2,,2,2,2,2,,2,2,1,2,,,,2,,,,1,2,2,,,1,2,,,,,,,2,2,,,,,2,,,,,,2,1,1,1,2,2,,0,0,4,4,4,4,2,5,1,1,1,0
"Gambia, The","GMB",203765102,0.962711665338905,2,16,2,2,1,1,0,0,0,,,2,,,,,,,,,,,,,,2,2,2,2,2,2,2,2,2,2,2,2,2,2,2,,,,,2,,,2,2,2,,,,2,2,,2,2,2,1,,2,1,4,2,,,,2,,,,1,2,2,,,1,2,,,,,,,2,2,,,,,1,1,2,2,1,,1,1,1,1,3,1,,1,1,4,4,4,2,2,5,2,1,0,0
"Gambia, The","GMB",174268962,0.185539238362971,2,25,2,5,1,2,1,1,0,2,2,2,,,2,2,2,,,,1,1,1,2,1,,,,,,,,,,2,2,2,1,2,1,,,,,2,,,2,2,2,,,,1,1,,2,1,2,1,,1,2,1,2,,,,2,,,,1,2,2,,,1,1,2,2,2,1,,,2,2,,,,,2,,,,,,1,1,1,1,4,2,,1,1,2,4,4,4,2,5,1,1,0,0
"Gambia, The","GMB",194882299,0.731131871858195,1,18,2,2,1,2,1,1,0,2,2,2,,,2,2,2,,,,2,,1,1,2,,,,,,,,,,2,2,2,1,2,2,,,,,2,,,2,2,2,,,,2,2,,2,1,2,1,,2,1,1,2,,,,2,,,,1,2,2,,,1,2,,,,,,,2,2,,,,,2,,,,,,1,1,1,1,2,1,,0,1,4,4,4,4,2,5,1,1,0,0
"Gambia, The","GMB",186174219,0.335210248038388,1,51,3,5,1,2,1,1,1,2,1,2,,,2,1,2,,,,2,,2,,2,,,,,,,,,,2,2,2,2,2,2,,,,,2,,,2,2,2,,,,2,1,,2,1,1,2,,4,3,3,2,,,,2,,,,1,2,2,,,2,1,1,1,1,,,1,2,2,,,,,2,,,,,,1,1,1,1,2,1,,1,1,1,4,4,4,3,5,1,1,1,0
"Gambia, The","GMB",182791067,0.451419618364482,2,15,1,1,1,2,0,0,0,,,2,,,,,,,,,,,,,,2,1,1,1,1,2,1,2,2,1,1,2,1,2,2,,,,,2,,,2,2,2,,,,2,2,,2,2,2,2,,2,1,1,2,,,,2,,,,2,,,,,,2,,,,,,,2,2,,,,,1,1,2,2,1,,1,1,1,1,2,1,,0,0,4,4,4,2,4,5,1,1,0,0
"Gambia, The","GMB",124626135,1.50044313718881,2,50,1,2,1,2,1,1,0,2,2,2,,,2,2,2,,,,2,,2,,1,,,,,,,,,,2,2,2,1,2,2,,,,,2,,,2,2,2,,,,2,2,,2,2,2,1,,2,1,1,2,,,,2,,,,1,2,2,,,2,1,2,2,2,2,2,,2,2,,,,,2,,,,,,1,1,1,1,2,1,,1,1,3,4,4,4,3,5,1,2,0,0
"Gambia, The","GMB",117092538,0.843918759268575,2,27,1,3,1,2,0,0,0,,,2,,,,,,,,,,,,,,1,2,2,2,2,2,2,2,1,2,1,2,1,2,1,,,,,2,,,2,2,2,,,,1,2,,2,1,2,1,,7,,,2,,,,2,,,,2,,,,,,2,,,,,,,2,2,,,,,2,,,,,,2,2,2,2,3,1,,1,1,4,4,4,4,4,5,1,2,0,0
"Gambia, The","GMB",140282494,0.839234949276181,1,30,1,4,1,1,1,0,1,,,2,,,,,,,,,,,,,,,2,1,2,1,2,1,2,2,1,1,2,1,2,2,,,,,2,,,2,2,2,,,,2,2,,1,1,2,2,2,7,,,2,,,,2,,,,1,2,2,,,1,1,2,2,1,,,2,2,2,,,,,2,,,,,,3,1,3,1,2,1,,1,1,1,4,4,4,2,5,1,2,1,0
"Gambia, The","GMB",205204610,1.12052390657173,1,28,2,1,2,2,0,0,0,,,2,,,,,,,,,,,,,,1,2,2,2,2,2,1,2,2,2,2,2,1,2,2,,,,,2,,,2,2,2,,,,2,2,,2,2,2,2,,5,1,1,2,,,,2,,,,2,,,,,,2,,,,,,,2,2,,,,,2,,,,,,1,1,4,1,1,1,,0,0,4,4,4,4,4,5,1,2,0,0
"Gambia, The","GMB",198580409,0.595837525718793,1,17,2,1,2,2,0,0,0,,,2,,,,,,,,,,,,,,2,2,2,2,2,2,2,1,2,2,2,2,2,2,2,,,,,2,,,2,2,2,,,,2,2,,2,2,2,1,,2,3,2,2,,,,1,2,2,1,2,,,,,,2,,,,,,,2,2,,,,,2,,,,,,2,2,1,2,4,2,,0,1,4,4,4,4,4,2,2,2,0,0
"Gambia, The","GMB",194595926,0.185539238362971,1,26,1,4,1,1,0,0,0,,,2,,,,,,,,,,,,,,2,2,2,2,2,2,1,2,2,2,2,2,2,2,2,,,,,2,,,2,2,2,,,,2,2,,2,2,2,2,,5,1,1,1,2,2,2,1,2,2,1,2,,,,,,2,,,,,,,1,2,2,2,1,,1,1,2,2,1,,1,1,1,1,4,1,,0,0,4,2,4,2,4,2,2,2,0,0
"Gambia, The","GMB",135543274,2.32353844307565,2,16,1,5,1,2,0,0,0,,,2,,,,,,,,,,,,,,1,2,2,1,2,2,1,2,2,1,1,2,1,2,2,,,,,2,,,2,2,2,,,,2,2,,2,1,2,2,,2,1,1,1,2,1,2,2,,,,2,,,,,,2,,,,,,,2,2,,,,,2,,,,,,1,2,1,1,3,1,,1,1,4,4,4,4,4,3,1,1,0,0
"Gambia, The","GMB",192176907,2.2971024780454,2,42,1,4,1,2,1,1,0,1,2,2,,,2,2,2,,,,2,,2,,1,,,,,,,,,,1,1,1,1,1,1,,,,,2,,,2,2,2,,,,2,2,,2,1,2,2,,2,1,1,1,1,,,1,1,,,2,,,,,,1,2,2,2,1,,,2,2,,,,,2,,,,,,1,1,1,1,4,1,,1,1,2,4,4,4,4,1,1,1,1,0
"Gambia, The","GMB",194392756,0.906510758109217,1,15,2,2,2,2,0,0,0,,,2,,,,,,,,,,,,,,2,2,2,2,2,2,1,2,2,2,2,2,1,2,2,,,,,2,,,2,2,2,,,,2,2,,2,2,2,2,,7,,,2,,,,2,,,,1,2,2,,,1,2,,,,,,,2,2,,,,,2,,,,,,1,1,1,1,2,1,,0,0,4,4,4,4,2,5,1,1,0,0
"Gambia, The","GMB",165449807,0.906510758109217,1,23,2,2,1,2,1,1,0,1,2,2,,,2,2,2,,,,2,,2,,1,,,,,,,,,,2,2,2,1,1,2,,,,,1,1,,2,1,1,2,1,,2,2,,1,2,2,1,2,2,2,1,1,1,,,1,1,,,2,,,,,,1,1,1,2,,,1,2,2,,,,,2,,,,,,1,3,1,2,4,1,,1,1,1,4,4,4,4,1,1,1,1,1
"Gambia, The","GMB",188981883,0.316922945318152,2,28,1,5,1,2,1,1,0,1,2,2,,,2,2,2,,,,1,2,2,,1,,,,,,,,,,1,1,2,1,2,2,,,,,2,,,2,2,2,,,,2,1,,2,2,2,2,,3,2,1,2,,,,2,,,,1,2,2,,,1,1,2,2,2,1,,,2,2,,,,,2,,,,,,1,1,1,1,3,1,,1,0,2,4,4,4,2,5,1,1,0,0
"Gambia, The","GMB",194868434,0.355500064910939,2,28,2,5,1,2,0,0,0,,,2,,,,,,,,,,,,,,1,2,2,2,2,2,1,2,2,2,2,2,1,2,2,,,,,2,,,2,2,2,,,,2,2,,2,2,2,2,,2,3,3,2,,,,1,2,1,2,2,,,,,,2,,,,,,,2,2,,,,,2,,,,,,2,3,3,3,,3,,0,0,4,4,4,4,4,3,2,2,0,0
"Gambia, The","GMB",183405995,1.04141213846546,2,60,1,4,1,1,0,0,0,,,2,,,,,,,,,,,,,,2,2,1,2,2,1,1,2,2,2,1,2,1,2,2,,,,,2,,,1,1,2,,,,2,2,,2,2,2,1,,3,1,1,1,2,1,2,2,,,,1,2,2,,,1,1,2,2,2,1,,,2,2,,,,,1,1,2,2,1,,1,1,1,1,2,1,,0,1,2,4,4,2,2,3,1,2,0,0
"Gambia, The","GMB",153999872,1.93218904239089,1,27,2,3,1,1,0,0,0,,,2,,,,,,,,,,,,,,1,1,1,1,1,1,1,1,1,1,1,1,1,1,1,,,,,2,,,2,2,2,,,,2,2,,2,2,2,2,,2,1,1,2,,,,1,2,1,2,1,2,2,,,1,2,,,,,,,1,2,2,2,2,2,2,,,,,,1,1,1,1,4,1,,0,0,4,3,4,4,2,3,1,1,0,0
"Gambia, The","GMB",181567618,0.279687593388571,2,30,2,5,1,2,1,1,1,1,1,1,1,2,1,1,1,1,2,2,1,1,1,1,1,,,,,,,,,,,,,,,,2,2,2,1,2,,,1,1,2,,,,2,2,1,1,2,1,2,2,1,2,1,1,1,,,2,,,,2,,,,,,1,2,1,2,,,1,1,2,1,2,,,2,,,,,,2,1,1,2,3,1,,1,1,1,1,4,4,4,1,1,1,1,0
"Gambia, The","GMB",179200045,0.257181040901584,2,47,2,5,1,2,0,0,0,,,2,,,,,,,,,,,,,,1,2,3,2,2,2,1,2,2,2,2,2,1,2,1,,,,,2,,,2,2,2,,,,2,2,,2,1,2,2,,2,2,2,2,,,,2,,,,2,,,,,,2,,,,,,,2,2,,,,,2,,,,,,1,1,1,1,4,1,,0,1,4,4,4,4,4,5,1,2,0,0
"Gambia, The","GMB",119283387,2.34847389696361,1,27,1,5,2,2,0,0,0,,,2,,,,,,,,,,,,,,3,2,2,2,2,2,1,2,2,2,2,2,1,2,1,,,,,2,,,2,2,2,,,,2,2,,1,2,2,2,2,2,2,1,2,,,,2,,,,2,,,,,,2,,,,,,,2,2,,,,,1,2,2,2,1,,5,1,2,2,2,1,,1,0,4,4,4,2,4,5,2,2,0,0
"Gambia, The","GMB",192577743,1.495843335667,2,16,1,2,2,2,0,0,0,,,2,,,,,,,,,,,,,,2,2,2,2,1,2,1,2,2,2,2,2,2,2,1,,,,,2,,,2,2,2,,,,2,2,,2,2,2,2,,3,1,1,2,,,,2,,,,2,,,,,,2,,,,,,,2,2,,,,,2,,,,,,3,3,3,3,,2,,1,0,4,4,4,4,4,5,2,2,0,0
"Gambia, The","GMB",116754701,1.07337871228383,1,47,1,5,1,1,0,0,0,,,2,,,,,,,,,,,,,,2,2,3,2,1,2,1,2,2,2,1,2,1,2,2,,,,,2,,,2,2,2,,,,2,2,,2,2,2,2,,7,,,2,,,,2,,,,2,,,,,,2,,,,,,,2,2,,,,,1,1,2,2,1,,1,2,1,1,2,1,,0,0,4,4,4,2,4,5,2,2,0,0
"Gambia, The","GMB",191767734,1.10322027222343,1,23,1,2,2,2,0,0,0,,,2,,,,,,,,,,,,,,2,2,2,2,2,2,2,2,2,2,1,2,1,2,2,,,,,2,,,2,2,2,,,,2,2,,2,2,2,2,,2,3,3,2,,,,2,,,,2,,,,,,2,,,,,,,2,2,,,,,2,,,,,,2,3,3,3,,3,,1,0,4,4,4,4,4,5,1,1,0,0
"Gambia, The","GMB",203449042,0.81587532382942,2,25,1,3,1,1,1,1,0,2,2,2,,,2,1,2,,,,2,,2,,1,,,,,,,,,,1,1,2,2,2,2,,,,,2,,,2,2,2,,,,1,1,,2,2,2,2,,2,2,1,2,,,,2,,,,2,,,,,,1,2,2,2,1,,,2,2,,,,,1,1,2,2,1,,2,1,3,1,2,1,,1,0,2,4,4,2,4,5,1,1,0,0
"Gambia, The","GMB",160909868,2.074055034523,2,25,2,3,2,2,1,1,0,2,2,2,,,2,1,2,,,,1,2,1,1,1,,,,,,,,,,2,2,2,2,2,2,,,,,2,,,1,2,2,,,,2,2,,2,2,2,2,,1,3,3,2,,,,2,,,,2,,,,,,2,,,,,,,2,2,,,,,2,,,,,,1,1,1,1,4,1,,0,0,4,4,4,4,4,5,1,1,1,0
"Gambia, The","GMB",145372226,0.545381807803541,2,35,2,3,1,2,1,1,0,2,2,1,2,,2,2,2,,,,2,,2,,2,,,,,,,,,,2,2,2,2,2,2,,,,,2,,,2,2,1,2,1,,2,1,,2,2,2,1,,3,2,2,1,2,1,2,1,2,2,1,1,2,2,,,1,1,2,2,2,1,,,2,2,,,,,2,,,,,,3,3,3,3,,2,,1,1,2,4,4,4,2,2,1,1,0,0
"Gambia, The","GMB",159954703,0.873309864734265,2,32,1,5,1,2,0,0,0,,,2,,,,,,,,,,,,,,1,2,2,2,2,2,1,2,2,2,2,2,1,2,2,,,,,2,,,2,2,2,,,,1,2,,1,1,2,1,2,1,3,3,1,1,,,2,,,,1,2,2,,,1,1,2,2,2,1,,,2,2,,,,,2,,,,,,1,1,1,1,3,1,,1,1,2,4,4,4,2,1,1,1,0,0
"Gambia, The","GMB",129311462,1.78348021952237,1,15,1,2,1,1,0,0,0,,,2,,,,,,,,,,,,,,2,2,3,2,3,2,1,2,2,2,2,2,1,2,1,,,,,2,,,2,2,2,,,,2,2,,2,2,2,1,,7,,,2,,,,2,,,,1,2,2,,,1,1,2,2,2,2,2,,2,2,,,,,1,1,2,2,1,,1,1,1,1,2,1,,0,1,3,4,4,2,2,5,1,1,0,0
"Gambia, The","GMB",205328611,0.394374325243937,1,21,2,1,2,1,1,1,0,2,2,2,,,2,2,2,,,,2,,2,,2,,,,,,,,,,2,2,1,2,2,2,,,,,2,,,2,2,2,,,,2,2,,1,2,2,1,2,1,3,1,2,,,,1,2,1,2,2,,,,,,2,,,,,,,2,2,,,,,2,,,,,,1,1,3,2,5,3,,1,1,4,4,4,4,4,3,1,1,0,0
"Gambia, The","GMB",209315300,0.328497492770518,2,42,2,4,2,2,0,0,0,,,2,,,,,,,,,,,,,,1,2,2,2,2,2,1,1,2,2,2,2,2,2,1,,,,,2,,,2,2,2,,,,2,2,,1,2,2,2,2,2,1,1,2,,,,2,,,,1,2,2,,,2,2,,,,,,,2,2,,,,,2,,,,,,4,3,3,3,,3,,1,0,4,4,4,4,3,5,2,1,0,0
"Gambia, The","GMB",202910851,0.950768835954456,2,29,1,4,1,2,0,0,0,,,2,,,,,,,,,,,,,,1,1,2,2,2,1,1,2,2,1,2,2,2,2,2,,,,,2,,,2,2,2,,,,2,2,,2,1,2,2,,2,1,1,1,2,1,2,2,,,,1,2,2,,,1,1,2,2,2,1,,,1,2,2,2,2,2,2,,,,,,1,1,2,2,2,1,,0,1,2,3,4,4,2,3,1,1,0,0
"Gambia, The","GMB",116590049,0.785944787902195,1,38,1,5,1,2,1,1,0,2,2,2,,,2,2,2,,,,2,,1,1,2,,,,,,,,,,2,1,2,1,2,2,,,,,2,,,2,2,2,,,,2,2,,1,1,2,1,2,2,1,1,2,,,,2,,,,2,,,,,,2,,,,,,,1,2,2,2,2,2,1,2,2,2,2,2,1,1,1,1,4,1,,1,1,4,3,4,3,4,5,1,1,0,0
"Gambia, The","GMB",192991616,0.434573338728327,2,29,2,5,1,2,1,1,0,2,2,2,,,2,2,2,,,,1,2,1,2,1,,,,,,,,,,2,2,2,1,2,2,,,,,2,,,2,2,2,,,,2,1,,2,2,2,1,,1,2,1,2,,,,2,,,,1,2,2,,,1,2,,,,,,,2,2,,,,,2,,,,,,1,1,1,1,2,1,,1,1,4,4,4,4,2,5,1,1,0,0
"Gambia, The","GMB",128473696,0.185539238362971,2,65,2,4,2,2,1,1,0,1,2,2,,,2,2,2,,,,1,2,1,2,1,,,,,,,,,,2,2,2,2,2,2,,,,,2,,,2,2,2,,,,1,1,,2,2,2,2,,2,2,1,2,,,,1,2,2,1,1,2,2,,,1,2,,,,,,,2,1,2,2,2,2,1,1,2,2,1,,2,3,3,1,5,1,,1,0,4,4,3,2,2,2,1,1,0,0
"Gambia, The","GMB",189459775,2.074055034523,2,26,2,5,1,2,1,1,0,2,2,1,2,,2,1,2,,,,2,,1,2,1,,,,,,,,,,1,2,2,2,2,2,,,,,2,,,2,1,2,,,,2,1,,1,2,2,1,2,1,3,3,1,2,1,1,2,,,,1,2,2,,,1,2,,,,,,,2,2,,,,,1,1,2,2,1,,2,2,3,3,1,1,,1,1,4,4,4,2,2,2,1,1,1,0
"Gambia, The","GMB",165671731,0.287137809755675,2,43,1,5,1,2,0,0,0,,,2,,,,,,,,,,,,,,1,2,1,2,2,2,1,2,2,2,1,2,1,2,2,,,,,2,,,2,2,2,,,,2,2,,2,1,2,1,,7,,,2,,,,2,,,,1,2,2,,,1,2,,,,,,,2,2,,,,,2,,,,,,1,1,1,1,2,1,,0,1,4,4,4,4,2,5,2,2,0,0
"Gambia, The","GMB",130402947,0.601954890577139,2,30,2,4,1,2,1,1,1,2,2,2,,,2,1,2,,,,1,2,1,2,1,,,,,,,,,,,,,,,,2,1,2,1,2,,,1,1,2,,,,2,1,1,2,2,1,2,,3,3,3,2,,,,2,,,,1,2,2,,,1,2,,,,,,,2,2,,,,,2,,,,,,3,3,3,3,,2,,1,1,4,4,4,4,2,5,1,1,1,0
"Gambia, The","GMB",210375050,0.821644232545849,1,35,1,4,1,1,0,0,0,,,2,,,,,,,,,,,,,,1,2,2,1,1,2,1,2,2,2,2,2,1,2,2,,,,,2,,,2,2,2,,,,2,2,,1,2,2,2,2,7,,,1,2,1,2,1,1,,,1,2,2,,,2,2,,,,,,,2,2,,,,,2,,,,,,1,1,1,1,3,1,,1,0,4,4,4,4,3,1,1,1,0,0
"Gambia, The","GMB",189365191,1.39566073121146,2,52,1,3,1,2,0,0,0,,,2,,,,,,,,,,,,,,1,2,2,2,2,2,1,2,2,2,2,2,1,2,2,,,,,2,,,2,2,2,,,,2,2,,1,2,2,2,2,7,,,2,,,,2,,,,1,2,2,,,1,2,,,,,,,2,2,,,,,2,,,,,,3,1,1,2,4,2,,1,0,4,4,4,4,2,5,1,2,0,0
"Gambia, The","GMB",176632751,1.81374866934923,1,28,1,2,1,1,0,0,0,,,2,,,,,,,,,,,,,,1,2,2,1,1,2,1,2,2,2,3,1,1,2,1,,,,,2,,,2,2,2,,,,2,2,,2,2,2,1,,7,,,2,,,,2,,,,2,,,,,,1,2,2,2,1,,,3,2,,,,,1,1,2,2,1,,3,1,3,1,2,4,,0,1,2,5,4,2,4,5,1,1,0,0
"Gambia, The","GMB",142037889,0.393731152963368,2,37,2,2,1,2,0,0,0,,,2,,,,,,,,,,,,,,1,2,2,2,2,2,2,2,2,2,1,2,1,2,2,,,,,2,,,2,2,2,,,,2,2,,2,1,2,1,,2,1,1,2,,,,2,,,,1,2,2,,,1,1,2,2,2,1,,,2,2,,,,,2,,,,,,1,1,1,1,1,1,,1,1,2,4,4,4,2,5,1,1,0,0
"Gambia, The","GMB",115000534,0.87481335969449,2,35,2,3,1,2,1,1,0,2,2,2,,,2,2,2,,,,1,1,1,1,1,,,,,,,,,,2,2,2,2,2,2,,,,,2,,,2,2,2,,,,1,1,,2,2,2,2,,1,3,3,1,1,,,1,2,1,1,1,2,2,,,2,1,2,2,2,1,,,2,2,,,,,2,,,,,,3,3,3,3,,3,,1,0,2,4,4,4,3,1,1,1,1,0
"Gambia, The","GMB",170768225,0.413077957600333,1,32,1,5,1,2,1,1,0,2,2,2,,,1,2,2,,,,2,,2,,2,,,,,,,,,,2,2,2,1,2,2,,,,,2,,,2,1,2,,,,2,2,,1,2,2,2,2,3,2,1,1,2,1,1,1,2,1,1,1,2,2,,,1,2,,,,,,,2,2,,,,,2,,,,,,1,2,1,2,2,2,,1,0,4,4,4,4,2,2,1,2,1,0
"Gambia, The","GMB",198219197,0.382567429663814,2,32,1,5,1,2,0,0,0,,,2,,,,,,,,,,,,,,1,1,1,1,1,2,1,2,2,1,1,1,1,2,1,,,,,2,,,2,2,2,,,,1,2,,2,2,2,1,,2,1,1,1,2,1,2,1,2,2,1,2,,,,,,2,,,,,,,2,2,,,,,1,3,2,2,1,,1,1,1,1,4,1,,1,1,4,4,4,2,4,2,1,1,0,0
"Gambia, The","GMB",201359239,0.21303772120741,2,58,3,1,1,1,1,1,1,2,2,1,1,1,1,1,2,,,,1,2,1,3,1,,,,,,,,,,1,1,2,2,1,2,,,,,2,1,,2,1,2,,,,2,1,,2,1,1,1,,5,1,1,2,,,,2,,,,2,,,,,,1,1,1,1,,,2,2,2,,,,,2,,,,,,1,1,1,1,2,3,,1,1,1,4,4,4,4,5,1,1,1,1
"Gambia, The","GMB",139281724,1.46818291144346,2,21,2,3,1,2,0,0,0,,,2,,,,,,,,,,,,,,1,2,2,2,2,2,1,2,2,2,2,2,1,2,2,,,,,2,,,2,2,2,,,,2,2,,1,2,2,1,2,3,1,1,1,2,2,2,2,,,,1,2,2,,,1,2,,,,,,,2,2,,,,,2,,,,,,1,1,1,1,3,1,,1,1,4,4,4,4,2,4,1,1,0,0
"Gambia, The","GMB",159776383,0.614597109357222,1,29,2,5,1,2,1,1,0,1,1,1,2,,2,1,2,,,,2,,2,,1,,,,,,,,,,2,1,2,2,2,2,,,,,2,,,2,2,1,1,1,,1,2,,1,2,2,2,2,1,1,1,2,,,,1,2,2,1,1,2,2,,,1,1,1,1,2,,,2,2,2,,,,,2,,,,,,1,1,1,1,3,1,,1,1,1,4,4,4,2,2,1,1,1,1
"Gambia, The","GMB",121530956,1.71256760248296,2,49,4,3,1,2,1,1,0,2,2,2,,,2,2,2,,,,2,,1,1,1,,,,,,,,,,2,2,2,1,2,1,,,,,2,,,2,2,2,,,,2,2,,2,1,2,2,,1,1,1,2,,,,1,2,2,1,1,2,2,,,1,1,2,2,2,1,,,2,2,,,,,2,,,,,,1,1,1,1,2,3,,0,1,2,4,4,4,2,2,1,1,0,0
"Gambia, The","GMB",162963045,0.457501071203679,1,41,1,1,1,2,0,0,0,,,2,,,,,,,,,,,,,,1,2,2,2,2,2,2,2,2,2,2,2,1,2,2,,,,,2,,,2,2,2,,,,2,2,,2,2,2,2,,8,,,2,,,,2,,,,2,,,,,,2,,,,,,,2,2,,,,,2,,,,,,3,5,5,5,,4,,0,0,4,4,4,4,4,5,1,2,0,0
"Gambia, The","GMB",182712977,0.927649417280233,1,50,1,3,2,2,0,0,0,,,2,,,,,,,,,,,,,,2,2,2,2,2,2,1,2,2,2,2,2,1,2,2,,,,,2,,,2,1,2,,,,2,2,,1,1,2,1,2,2,2,2,1,2,1,2,2,,,,2,,,,,,2,,,,,,,2,2,,,,,2,,,,,,1,1,1,1,2,1,,1,1,4,4,4,4,4,3,1,1,0,0
"Gambia, The","GMB",125060809,2.23944022592393,2,24,1,2,1,2,1,1,1,1,1,2,,,1,1,2,,,,1,2,1,2,1,,,,,,,,,,,,,,,,,,,1,1,2,,2,1,2,,,,1,1,2,2,2,2,1,,4,2,2,1,1,,,1,1,,,1,2,1,2,,,2,,,,,,,2,2,,,,,1,1,2,1,,,2,1,1,1,4,2,,1,1,4,4,4,1,1,1,1,1,1,1
"Gambia, The","GMB",122895826,0.902242423226603,1,27,1,4,2,1,0,0,0,,,2,,,,,,,,,,,,,,1,1,3,2,1,2,1,2,2,1,2,2,1,2,2,,,,,2,,,2,2,2,,,,2,2,,2,2,2,1,,7,,,2,,,,2,,,,2,,,,,,2,,,,,,,2,2,,,,,2,,,,,,1,1,1,1,2,1,,0,1,4,4,4,4,4,5,1,1,0,0
"Gambia, The","GMB",151270235,0.221449264894415,1,35,1,2,1,2,1,1,0,,,2,,,,,,,,,,,,,,,2,2,2,2,2,1,2,1,2,1,1,1,2,1,,,,,2,,,2,2,2,,,,2,2,,2,1,2,1,,2,1,1,2,,,,1,1,,,1,1,2,1,,,2,,,,,,,2,2,,,,,2,,,,,,1,1,1,1,2,1,,1,1,4,4,4,4,1,1,1,1,1,0
"Gambia, The","GMB",135504659,2.29728714896958,2,65,1,2,1,1,0,0,0,,,2,,,,,,,,,,,,,,2,2,2,2,2,2,1,2,2,1,1,2,1,2,2,,,,,2,,,2,2,2,,,,3,2,,2,2,2,1,,2,1,1,2,,,,2,,,,2,,,,,,2,,,,,,,2,2,,,,,1,1,2,2,1,,1,1,1,2,3,1,,0,1,4,4,4,2,4,5,1,2,0,0
"Gambia, The","GMB",206609961,0.445630527329469,1,32,2,2,1,2,1,1,0,2,2,2,,,2,2,2,,,,2,,2,,1,,,,,,,,,,2,3,2,2,2,2,,,,,2,,,2,2,2,,,,2,2,,1,2,1,2,1,2,1,2,2,,,,1,1,,,1,2,2,,,1,2,,,,,,,2,2,,,,,2,,,,,,1,1,1,1,3,1,,1,1,4,4,4,4,2,1,1,1,1,0
"Gambia, The","GMB",193880569,0.53231129832865,1,18,2,2,2,1,0,0,0,,,2,,,,,,,,,,,,,,2,2,2,1,1,2,1,2,2,1,1,1,1,2,1,,,,,2,,,1,2,2,,,,2,2,,2,1,2,2,,3,1,4,2,,,,2,,,,2,,,,,,2,,,,,,,2,2,,,,,1,1,2,2,1,,1,1,1,1,3,1,,0,1,4,4,4,2,4,5,1,2,0,0
"Gambia, The","GMB",121786170,0.185539238362971,1,37,2,5,2,2,1,1,0,1,2,2,,,2,2,2,,,,2,,1,1,1,,,,,,,,,,,,,,,,,,,,2,,,2,2,2,,,,2,2,2,1,1,2,2,1,3,1,1,2,,,,2,,,,2,,,,,,1,1,1,2,,,2,2,2,,,,,2,,,,,,1,1,1,1,4,1,,1,1,1,4,4,4,4,5,1,1,1,0
"Gambia, The","GMB",167357652,0.657290542073228,1,20,2,3,1,1,0,0,0,,,2,,,,,,,,,,,,,,2,2,1,1,2,2,1,2,1,2,1,1,1,2,2,,,,,2,,,2,2,2,,,,2,2,,2,2,2,1,,2,1,1,2,,,,2,,,,1,2,2,,,1,2,,,,,,,1,2,2,2,2,2,2,,,,,,1,1,1,1,4,1,,0,1,4,3,4,4,2,5,1,1,0,0
"Gambia, The","GMB",157385846,0.330024086942525,2,18,2,5,2,2,0,0,0,,,2,,,,,,,,,,,,,,1,2,1,2,2,2,1,2,2,2,2,2,1,2,2,,,,,2,,,2,2,2,,,,2,2,,2,2,2,2,,2,2,2,2,,,,2,,,,2,,,,,,2,,,,,,,2,2,,,,,2,,,,,,2,1,2,3,2,1,,0,0,4,4,4,4,4,5,1,1,0,0
"Gambia, The","GMB",209559135,1.5866268847321,1,23,2,3,1,2,1,1,0,2,2,2,,,2,2,2,,,,1,1,2,,2,,,,,,,,,,1,1,2,2,2,2,,,,,2,,,2,2,2,,,,2,1,,1,1,1,2,2,3,1,1,2,,,,2,,,,1,2,2,,,1,1,2,2,2,2,2,,2,2,,,,,1,1,2,2,1,,1,1,1,1,3,1,,1,1,3,4,4,2,2,5,1,2,0,0
"Gambia, The","GMB",193249820,1.30120761831066,1,25,1,5,1,2,0,0,0,,,2,,,,,,,,,,,,,,1,2,2,2,2,2,1,2,2,2,1,2,1,2,2,,,,,2,,,2,2,2,,,,2,2,,1,2,2,2,2,2,1,1,2,,,,1,2,1,2,1,2,2,,,1,2,,,,,,,2,2,,,,,2,,,,,,1,1,1,1,2,1,,1,1,4,4,4,4,2,3,2,2,0,0
"Gambia, The","GMB",143349741,0.225560605806651,1,25,1,2,1,1,0,0,0,,,2,,,,,,,,,,,,,,1,1,1,2,2,2,1,2,2,1,2,1,1,1,1,,,,,2,,,2,2,2,,,,1,2,,1,1,2,1,1,2,1,1,1,2,2,1,2,,,,1,2,2,,,2,2,,,,,,,2,2,,,,,2,,,,,,1,1,1,1,2,1,,1,1,4,4,4,4,3,2,2,2,0,0
"Gambia, The","GMB",201593788,1.0583136127019,2,58,2,2,1,2,1,1,0,,,2,,,,,,,,,,,,,,,2,1,2,2,2,1,2,2,2,1,2,1,2,2,,,,,2,,,2,2,2,,,,2,2,,2,1,2,1,,4,1,1,1,2,1,2,2,,,,1,2,2,,,1,1,1,1,2,,,2,2,2,,,,,2,,,,,,1,1,1,4,2,1,,0,1,1,4,4,4,2,3,1,2,1,0
"Gambia, The","GMB",207230629,0.777770637946123,2,34,2,2,1,2,0,0,0,,,2,,,,,,,,,,,,,,1,2,2,2,1,2,1,2,2,2,2,2,1,2,2,,,,,2,,,2,2,2,,,,2,2,,2,2,2,1,,2,2,1,2,,,,2,,,,2,,,,,,2,,,,,,,2,2,,,,,2,,,,,,2,1,1,1,3,1,,1,1,4,4,4,4,4,5,1,1,0,0
"Gambia, The","GMB",195850130,0.798466947492976,1,18,2,3,1,1,0,0,0,,,2,,,,,,,,,,,,,,1,1,2,1,2,2,1,1,1,1,2,1,1,2,1,,,,,2,,,2,2,2,,,,2,2,,2,2,2,1,,2,1,1,2,,,,1,2,1,2,2,,,,,,2,,,,,,,2,2,,,,,1,1,2,2,1,,1,1,3,1,4,1,,1,1,4,4,4,2,4,3,2,2,0,0
"Gambia, The","GMB",200473504,0.288846490713349,1,30,2,5,1,2,1,1,0,2,2,2,,,2,2,2,,,,1,2,1,2,1,,,,,,,,,,2,2,2,2,2,1,,,,,2,,,2,2,2,,,,2,2,,2,2,2,2,,3,1,1,2,,,,2,,,,2,,,,,,2,,,,,,,2,2,,,,,2,,,,,,1,1,3,3,2,2,,1,0,4,4,4,4,4,5,1,1,0,0
"Gambia, The","GMB",211096129,0.513696660853838,1,41,1,5,1,2,1,1,0,2,2,2,,,2,2,2,,,,2,,1,2,1,,,,,,,,,,1,2,1,1,2,2,,,,,2,,,2,2,2,,,,2,2,,2,2,2,2,,3,1,1,2,,,,2,,,,2,,,,,,2,,,,,,,2,2,,,,,1,3,2,2,1,,1,1,1,1,4,1,,0,0,4,4,4,2,4,5,1,1,0,0
"Gambia, The","GMB",206514742,0.945514212155521,1,43,1,2,1,2,1,1,0,2,2,2,,,2,2,2,,,,2,,2,,2,,,,,,,,,,2,2,2,1,2,2,,,,,2,,,2,2,2,,,,2,2,,2,2,2,2,,5,2,2,2,,,,2,,,,2,,,,,,2,,,,,,,2,2,,,,,2,,,,,,3,1,2,1,2,1,,0,0,4,4,4,4,4,5,1,1,0,0
"Gambia, The","GMB",159525157,1.68371493808709,2,20,1,1,1,1,0,0,0,,,2,,,,,,,,,,,,,,1,2,3,2,2,2,1,2,2,2,3,2,1,2,2,,,,,2,,,2,2,2,,,,2,2,,2,2,2,2,,5,1,1,2,,,,2,,,,1,2,2,,,1,1,2,2,2,1,,,2,2,,,,,2,,,,,,1,1,1,1,2,1,,0,0,2,4,4,4,2,5,1,2,0,0
"Gambia, The","GMB",189691386,0.192867382144812,2,25,2,4,1,2,0,0,0,,,2,,,,,,,,,,,,,,1,2,2,2,2,2,1,2,2,2,2,2,1,2,2,,,,,2,,,2,2,2,,,,2,2,,2,1,2,1,,2,2,1,2,,,,2,,,,2,,,,,,2,,,,,,,1,2,2,2,2,2,2,,,,,,1,1,1,1,2,1,,0,1,4,3,4,4,4,5,1,1,0,0
"Gambia, The","GMB",146749338,0.264437814122017,1,22,2,2,2,1,0,0,0,,,2,,,,,,,,,,,,,,2,1,1,1,2,2,1,2,2,1,1,1,1,2,2,,,,,2,,,2,2,2,,,,2,2,,2,1,2,1,,2,1,1,2,,,,2,,,,2,,,,,,2,,,,,,,2,2,,,,,2,,,,,,1,1,1,1,3,1,,0,1,4,4,4,4,4,5,1,1,0,0
"Gambia, The","GMB",192844777,0.851103602316395,1,42,1,3,1,2,0,0,0,,,2,,,,,,,,,,,,,,1,2,2,2,2,2,1,2,2,3,3,2,1,2,2,,,,,2,,,2,2,2,,,,2,2,,2,2,2,2,,8,,,2,,,,2,,,,2,,,,,,2,,,,,,,2,2,,,,,2,,,,,,1,1,1,1,4,1,,0,0,4,4,4,4,4,5,1,1,0,0
"Gambia, The","GMB",154267775,0.406085813684313,1,42,2,5,1,2,0,0,0,,,2,,,,,,,,,,,,,,1,2,2,2,2,2,1,2,2,2,1,2,1,2,2,,,,,2,,,2,2,2,,,,2,2,,2,2,2,1,,2,1,1,2,,,,2,,,,1,2,2,,,1,2,,,,,,,2,2,,,,,2,,,,,,1,1,1,1,3,1,,0,1,4,4,4,4,2,5,1,2,0,0
"Gambia, The","GMB",117377579,1.64787607238668,1,35,1,3,1,1,0,0,0,,,2,,,,,,,,,,,,,,2,2,1,2,2,2,1,2,2,2,1,2,1,2,2,,,,,2,,,2,2,2,,,,2,2,,2,2,2,2,,5,1,1,2,,,,2,,,,2,,,,,,2,,,,,,,2,2,,,,,1,1,2,2,1,,1,1,1,1,2,1,,0,0,4,4,4,2,4,5,2,2,0,0
"Gambia, The","GMB",184665674,1.13318127747869,1,36,1,2,1,2,1,1,0,2,2,2,,,2,2,2,,,,2,,1,2,1,,,,,,,,,,2,2,1,1,2,2,,,,,2,,,2,2,2,,,,2,1,,1,1,2,1,1,5,1,1,1,1,,,2,,,,1,2,2,,,1,2,,,,,,,2,2,,,,,2,,,,,,1,1,1,1,4,2,,1,1,4,4,4,4,2,1,1,1,1,0
"Gambia, The","GMB",165920048,1.25467575586981,1,42,3,3,1,2,1,1,0,1,2,1,2,,2,1,2,,,,1,2,1,1,2,,,,,,,,,,2,2,2,2,2,2,,,,,2,,,2,2,2,,,,2,2,,1,2,2,2,2,3,1,1,2,,,,1,1,,,1,1,1,2,,,1,1,1,2,,,1,2,2,,,,,2,,,,,,2,2,2,2,3,2,,1,0,1,4,4,4,1,1,1,1,1,0
"Gambia, The","GMB",139698460,1.02442623113506,1,46,2,5,1,2,1,1,0,1,2,2,,,2,2,2,,,,1,2,1,2,1,,,,,,,,,,2,2,2,2,2,2,,,,,2,,,2,1,2,,,,1,1,,1,2,2,1,2,1,3,2,2,,,,2,,,,1,2,2,,,2,2,,,,,,,2,2,,,,,2,,,,,,1,1,1,1,2,1,,1,1,4,4,4,4,3,5,1,1,1,0
"Gambia, The","GMB",192986753,1.8582186775108,2,45,1,3,1,2,0,0,0,,,2,,,,,,,,,,,,,,2,2,2,2,2,2,1,2,2,2,2,2,2,2,1,,,,,2,,,2,2,2,,,,2,2,,2,1,2,1,,2,2,2,2,,,,2,,,,2,,,,,,2,,,,,,,2,2,,,,,2,,,,,,1,1,1,1,4,1,,0,1,4,4,4,4,4,5,1,2,0,0
"Gambia, The","GMB",202424100,1.57571437944095,1,38,1,3,1,1,0,0,0,,,2,,,,,,,,,,,,,,1,2,3,1,1,2,1,2,1,2,2,2,2,2,2,,,,,2,,,2,2,2,,,,1,2,,1,1,1,1,2,3,1,1,1,1,,,1,1,,,1,2,2,,,1,2,,,,,,,2,2,,,,,1,1,2,2,1,,1,1,1,2,1,1,,1,1,4,4,4,2,2,1,1,1,0,0
"Gambia, The","GMB",203238322,2.39582258347298,2,71,1,1,1,2,0,0,0,,,2,,,,,,,,,,,,,,1,2,2,2,2,2,1,1,2,2,2,2,1,2,2,,,,,2,,,2,2,2,,,,2,2,,2,2,2,2,,3,1,2,2,,,,2,,,,1,2,1,1,,,1,2,2,2,2,2,,2,2,,,,,1,2,2,2,1,,1,3,1,1,3,1,,0,0,3,4,4,2,1,5,1,2,0,0
"Gambia, The","GMB",199809418,0.480977026060994,1,50,2,1,1,1,0,0,0,,,2,,,,,,,,,,,,,,1,2,2,2,2,2,1,2,2,2,2,2,2,2,1,,,,,2,,,2,2,2,,,,2,2,,2,1,2,1,,2,1,1,1,2,2,1,2,,,,2,,,,,,1,2,2,2,1,,,2,2,,,,,1,1,2,2,1,,1,1,1,1,4,1,,0,1,2,4,4,2,4,2,2,2,0,0
"Gambia, The","GMB",160389692,0.828081018167525,1,26,1,5,2,2,0,0,0,,,2,,,,,,,,,,,,,,2,2,2,2,2,2,1,2,2,1,2,2,1,2,2,,,,,2,,,2,2,2,,,,2,2,,2,2,2,1,,2,1,1,2,,,,2,,,,1,2,2,,,1,2,,,,,,,2,2,,,,,2,,,,,,1,1,1,1,2,2,,0,1,4,4,4,4,2,5,1,1,0,0
"Gambia, The","GMB",138369945,0.747921667833501,2,18,1,4,1,2,0,0,0,,,2,,,,,,,,,,,,,,2,2,2,2,3,2,1,2,2,1,1,2,1,2,2,,,,,2,,,2,2,2,,,,2,2,,2,1,2,1,,7,,,2,,,,2,,,,1,2,2,,,2,2,,,,,,,2,2,,,,,2,,,,,,1,1,2,1,3,1,,0,1,4,4,4,4,3,5,1,2,0,0
"Gambia, The","GMB",163490206,0.492746239155777,2,37,3,5,1,2,1,1,0,2,2,2,,,2,2,2,,,,1,2,1,2,1,,,,,,,,,,2,2,2,2,2,2,,,,,2,,,2,2,2,,,,2,2,,2,2,2,2,,1,1,1,2,,,,2,,,,1,2,2,,,1,1,2,2,2,1,,,2,2,,,,,2,,,,,,1,1,1,1,2,1,,1,0,2,4,4,4,2,5,1,1,0,0
"Gambia, The","GMB",152042306,0.644814814043165,2,37,1,5,1,2,0,0,0,,,2,,,,,,,,,,,,,,1,2,2,1,2,2,1,2,2,2,2,1,1,2,2,,,,,2,,,2,2,2,,,,2,2,,2,2,2,1,,3,1,1,2,,,,1,2,2,1,2,,,,,,2,,,,,,,2,2,,,,,1,3,2,2,1,,1,1,1,1,1,1,,0,1,4,4,4,2,4,2,1,1,0,0
"Gambia, The","GMB",196207253,2.074055034523,2,26,2,5,1,2,1,1,0,2,2,2,,,2,2,2,,,,1,2,2,,1,,,,,,,,,,1,1,2,1,2,1,,,,,2,,,2,2,2,,,,2,2,,2,2,2,2,,1,1,1,2,,,,1,2,2,1,1,2,2,,,2,2,,,,,,,2,2,,,,,1,1,2,2,1,,1,1,1,1,2,1,,1,0,4,4,4,2,3,2,1,1,0,0
"Gambia, The","GMB",209770573,1.21172162687108,1,26,2,5,2,2,1,1,0,1,1,2,,,1,1,2,,,,1,1,1,1,1,,,,,,,,,,2,2,2,2,2,2,,,,,2,,,2,1,2,,,,1,1,,2,2,2,1,,1,3,3,1,1,,,1,1,,,2,,,,,,1,1,1,2,,,1,2,2,,,,,2,,,,,,2,1,3,2,2,2,,1,1,1,4,4,4,4,1,1,1,1,0
"Gambia, The","GMB",161156352,0.441665521700271,1,37,2,2,1,2,1,1,0,2,2,2,,,2,2,2,,,,2,,2,,1,,,,,,,,,,2,2,2,2,2,2,,,,,2,,,2,2,2,,,,2,1,,1,2,2,2,2,1,2,2,2,,,,1,2,1,1,2,,,,,,2,,,,,,,2,2,,,,,2,,,,,,3,2,3,2,4,1,,1,0,4,4,4,4,4,2,1,1,0,0
"Gambia, The","GMB",202232168,0.974842495810927,1,15,1,5,2,2,0,0,0,,,2,,,,,,,,,,,,,,1,1,1,1,2,2,1,1,2,2,2,1,1,2,2,,,,,2,,,2,2,2,,,,2,2,,2,2,2,1,,2,1,1,2,,,,2,,,,1,2,2,,,1,2,,,,,,,2,2,,,,,2,,,,,,4,4,4,4,,1,,0,1,4,4,4,4,2,5,1,1,0,0
"Gambia, The","GMB",182935689,1.56873346920042,1,28,1,1,2,1,0,0,0,,,2,,,,,,,,,,,,,,2,1,2,2,2,2,1,2,2,2,2,2,2,2,2,,,,,2,,,2,1,2,,,,2,2,,1,2,2,1,2,4,1,1,2,,,,2,,,,2,,,,,,2,,,,,,,2,2,,,,,2,,,,,,1,1,2,3,2,3,,1,1,4,4,4,4,4,5,1,1,0,0
"Gambia, The","GMB",143863262,0.256594959299113,1,40,2,4,1,2,1,1,0,1,2,1,2,,2,1,2,,,,1,2,1,1,2,,,,,,,,,,,,,,,,,,,,2,,,2,2,2,,,,2,2,2,1,1,1,2,2,4,2,1,1,1,,,2,,,,2,,,,,,1,1,1,2,,,1,2,2,,,,,2,,,,,,1,1,1,1,4,1,,1,1,1,4,4,4,4,1,1,1,1,0
"Gambia, The","GMB",172966968,0.316922945318152,2,25,2,5,1,2,1,1,0,2,2,2,,,2,2,2,,,,2,,2,,2,,,,,,,,,,1,1,2,1,2,2,,,,,2,,,2,2,2,,,,2,2,,2,2,2,2,,3,3,3,2,,,,2,,,,1,2,2,,,2,1,2,2,2,1,,,2,2,,,,,2,,,,,,1,1,1,1,1,1,,1,0,2,4,4,4,3,5,1,1,0,0
"Gambia, The","GMB",202516382,1.66063845971912,2,25,1,1,1,2,0,0,0,,,2,,,,,,,,,,,,,,2,1,1,1,2,2,1,1,2,1,1,1,1,2,1,,,,,2,,,1,2,2,,,,2,2,,1,1,2,1,2,3,1,1,2,,,,2,,,,2,,,,,,1,2,2,2,1,,,2,2,,,,,2,,,,,,1,1,3,1,2,2,,1,1,2,4,4,4,4,5,1,2,0,0
"Gambia, The","GMB",139237479,2.57597413619177,2,16,1,5,1,2,0,0,0,,,2,,,,,,,,,,,,,,2,2,1,2,2,2,1,2,2,2,1,2,1,1,1,,,,,2,,,2,2,1,1,2,,2,2,,2,2,2,2,,2,1,1,2,,,,2,,,,1,2,2,,,2,2,,,,,,,2,2,,,,,2,,,,,,1,1,1,1,1,3,,0,0,4,4,4,4,3,5,2,2,0,0
"Gambia, The","GMB",134629304,1.48959381429698,1,17,1,4,2,2,0,0,0,,,2,,,,,,,,,,,,,,1,1,2,2,2,2,1,2,2,2,2,2,2,2,2,,,,,2,,,2,2,2,,,,2,2,,2,2,2,2,,2,2,2,2,,,,1,2,1,2,2,,,,,,2,,,,,,,2,2,,,,,2,,,,,,3,2,4,2,2,1,,0,0,4,4,4,4,4,3,1,2,0,0
"Gambia, The","GMB",191055797,0.906666582547981,1,56,2,4,2,2,0,0,0,,,2,,,,,,,,,,,,,,2,2,2,2,2,2,1,2,2,2,2,2,1,2,2,,,,,2,,,2,2,2,,,,2,2,,1,2,2,2,1,2,3,2,2,,,,1,2,1,1,2,,,,,,2,,,,,,,2,2,,,,,2,,,,,,1,2,4,4,1,2,,1,1,4,4,4,4,4,2,1,2,0,0
"Gambia, The","GMB",181051903,0.487479994716934,1,27,1,1,2,1,0,0,0,,,2,,,,,,,,,,,,,,1,2,1,1,1,2,1,2,1,1,2,2,1,2,1,,,,,2,,,2,2,2,,,,2,2,,1,1,1,2,2,4,1,1,1,2,1,2,2,,,,1,2,2,,,1,2,,,,,,,1,2,2,2,1,,1,1,2,2,1,,1,1,1,1,3,1,,1,1,4,2,4,2,2,3,1,1,0,0
"Gambia, The","GMB",190943362,1.12052390657173,1,33,1,2,2,2,1,1,0,2,2,2,,,2,2,2,,,,2,,2,,2,,,,,,,,,,2,2,2,1,2,2,,,,,2,,,2,2,2,,,,2,2,,1,2,2,2,1,2,2,1,2,,,,2,,,,1,2,2,,,1,2,,,,,,,2,2,,,,,2,,,,,,1,1,1,1,1,1,,1,1,4,4,4,4,2,5,1,1,0,0
"Gambia, The","GMB",164693312,0.469694779392721,1,28,1,5,1,2,0,0,0,,,2,,,,,,,,,,,,,,1,2,3,2,2,2,1,2,2,2,2,2,1,2,2,,,,,2,,,2,2,2,,,,2,2,,2,2,2,1,,2,1,1,2,,,,2,,,,2,,,,,,2,,,,,,,2,2,,,,,2,,,,,,1,1,1,1,4,1,,0,1,4,4,4,4,4,5,1,2,0,0
"Gambia, The","GMB",197278581,0.87370634566673,2,40,3,5,1,2,1,1,0,1,2,1,2,,2,2,2,,,,2,,2,,1,,,,,,,,,,2,2,2,2,2,2,,,,,2,,,2,2,2,,,,2,2,,2,2,2,2,,5,3,3,1,2,1,2,2,,,,1,2,2,,,1,2,,,,,,,2,2,,,,,2,,,,,,3,3,3,3,,1,,0,0,4,4,4,4,2,3,1,1,0,0
"Gambia, The","GMB",149032224,0.641487398247782,1,38,2,3,1,2,0,0,0,,,2,,,,,,,,,,,,,,2,2,2,2,2,2,1,2,2,2,2,2,1,2,1,,,,,2,,,2,2,2,,,,2,2,,2,2,2,2,,2,2,1,2,,,,1,2,1,1,2,,,,,,2,,,,,,,2,2,,,,,2,,,,,,1,2,1,4,1,1,,0,0,4,4,4,4,4,2,1,1,0,0
"Gambia, The","GMB",208774253,0.89375628857819,1,18,1,3,2,2,0,0,0,,,2,,,,,,,,,,,,,,2,2,2,2,2,2,2,1,2,2,2,2,2,2,2,,,,,2,,,2,2,1,2,2,,2,2,,2,2,2,1,,2,1,1,2,,,,1,2,1,2,2,,,,,,2,,,,,,,2,2,,,,,2,,,,,,3,2,1,2,4,3,,0,1,4,4,4,4,4,3,2,2,0,0
"Gambia, The","GMB",156283697,1.87877911757088,1,26,1,1,2,2,0,0,0,,,2,,,,,,,,,,,,,,1,2,1,2,2,2,1,2,2,2,1,2,2,2,1,,,,,2,,,2,2,2,,,,2,2,,2,1,2,1,,7,,,2,,,,2,,,,1,2,2,,,1,2,,,,,,,2,2,,,,,2,,,,,,1,1,1,1,2,1,,0,1,4,4,4,4,2,5,2,1,0,0
"Gambia, The","GMB",162598768,1.1861703283708,2,27,1,4,1,2,0,0,0,,,2,,,,,,,,,,,,,,1,2,2,1,2,2,1,2,2,1,1,1,1,2,2,,,,,2,,,2,2,2,,,,2,2,,2,2,2,1,,2,1,1,1,2,1,2,2,,,,1,2,2,,,1,2,,,,,,,2,2,,,,,2,,,,,,1,1,1,1,3,1,,0,1,4,4,4,4,2,3,1,1,0,0
"Gambia, The","GMB",176456822,1.25844249552296,2,21,2,4,1,2,0,0,0,,,2,,,,,,,,,,,,,,1,2,2,2,2,2,1,2,2,2,2,2,1,2,2,,,,,2,,,2,2,2,,,,2,2,,2,2,2,2,,2,1,1,2,,,,2,,,,2,,,,,,2,,,,,,,2,2,,,,,2,,,,,,1,1,1,1,1,3,,1,0,4,4,4,4,4,5,2,1,0,0
"Gambia, The","GMB",134922283,1.22742834207612,2,53,2,2,2,2,0,0,0,,,2,,,,,,,,,,,,,,2,2,2,2,2,2,1,2,2,2,2,2,1,2,2,,,,,2,,,2,2,2,,,,1,1,,2,2,2,2,,7,,,1,2,1,1,1,1,,,1,2,2,,,2,1,2,2,2,1,,,2,2,,,,,2,,,,,,1,1,3,1,1,1,,1,0,2,4,4,4,3,1,1,1,0,0
"Gambia, The","GMB",207050206,1.0443601536445,1,38,1,3,1,2,0,0,0,,,2,,,,,,,,,,,,,,2,2,2,2,2,2,1,2,2,2,2,2,2,2,2,,,,,2,,,2,2,2,,,,2,2,,2,2,2,2,,3,2,4,1,2,1,2,2,,,,2,,,,,,1,1,2,2,1,,,2,2,,,,,2,,,,,,1,1,3,1,2,2,,0,0,2,4,4,4,4,3,1,1,0,0
"Gambia, The","GMB",115841620,0.670420496076775,1,51,2,5,2,2,1,1,0,2,2,2,,,2,2,2,,,,1,2,1,2,2,,,,,,,,,,2,1,1,1,2,2,,,,,2,,,2,2,2,,,,2,1,,2,2,2,1,,2,2,1,2,,,,1,1,,,2,,,,,,2,,,,,,,2,2,,,,,2,,,,,,1,2,1,1,3,1,,1,1,4,4,4,4,4,1,1,1,1,0
"Gambia, The","GMB",151392800,0.289655063187753,1,36,2,5,1,2,1,1,0,2,2,2,,,2,2,2,,,,1,1,1,2,2,,,,,,,,,,2,2,2,1,2,2,,,,,2,,,2,2,2,,,,2,1,,1,2,2,1,2,2,2,1,1,2,1,1,1,2,1,2,1,2,2,,,1,1,1,1,2,,,1,2,2,,,,,2,,,,,,2,1,1,1,4,1,,1,1,1,4,4,4,2,2,1,1,1,0
"Gambia, The","GMB",164069858,0.519309268659036,1,34,2,2,1,2,0,0,0,,,2,,,,,,,,,,,,,,1,2,2,2,2,2,1,2,2,2,2,2,2,2,2,,,,,2,,,2,1,2,,,,2,2,,1,2,2,1,2,2,3,3,1,2,1,1,1,2,1,1,1,2,2,,,1,2,,,,,,,2,2,,,,,2,,,,,,1,2,3,3,1,1,,1,1,4,4,4,4,2,2,1,1,0,0
"Gambia, The","GMB",128375459,0.434573338728327,2,28,2,5,1,2,1,1,0,2,2,2,,,2,2,2,,,,1,2,1,2,1,,,,,,,,,,2,2,2,2,2,2,,,,,2,,,2,2,2,,,,1,1,,2,2,2,2,,1,3,3,2,,,,2,,,,2,,,,,,1,2,2,2,1,,,2,2,,,,,2,,,,,,2,3,3,3,,2,,1,0,2,4,4,4,4,5,1,1,0,0
"Gambia, The","GMB",199923134,1.76515243555748,1,16,2,5,2,2,0,0,0,,,2,,,,,,,,,,,,,,1,2,2,2,2,2,2,2,2,2,2,2,2,2,2,,,,,2,,,2,2,2,,,,2,2,,2,2,2,2,,2,1,1,2,,,,2,,,,2,,,,,,2,,,,,,,2,2,,,,,2,,,,,,1,1,5,5,5,4,,0,0,4,4,4,4,4,5,2,2,0,0
"Gambia, The","GMB",202635662,0.843113646183591,1,87,2,2,1,2,1,1,0,1,2,2,,,2,2,2,,,,2,,2,,2,,,,,,,,,,2,2,2,2,2,2,,,,,2,,,2,2,2,,,,2,1,,2,1,2,1,,6,1,4,2,,,,2,,,,2,,,,,,2,,,,,,,2,2,,,,,2,,,,,,3,1,1,1,2,1,,1,1,4,4,4,4,4,5,1,1,0,0
"Gambia, The","GMB",197772859,1.5866268847321,1,23,2,1,1,2,0,0,0,,,2,,,,,,,,,,,,,,1,2,2,1,1,2,1,1,2,2,2,2,2,2,2,,,,,2,,,2,2,2,,,,2,2,,2,2,2,1,,2,1,1,2,,,,2,,,,2,,,,,,2,,,,,,,2,2,,,,,2,,,,,,1,1,3,1,4,3,,0,1,4,4,4,4,4,5,2,2,0,0
"Gambia, The","GMB",138114867,0.842372485978072,2,52,1,3,1,1,0,0,0,,,2,,,,,,,,,,,,,,2,2,2,2,2,2,1,2,2,2,2,2,1,2,2,,,,,2,,,2,2,2,,,,2,2,,2,2,2,2,,5,1,1,2,,,,1,2,1,2,2,,,,,,2,,,,,,,2,2,,,,,1,3,2,2,1,,1,1,1,1,3,1,,0,0,4,4,4,2,4,3,1,1,0,0
"Gambia, The","GMB",204805103,0.825331766467437,2,22,2,1,1,1,0,0,0,,,2,,,,,,,,,,,,,,1,2,2,2,2,2,1,2,2,2,2,2,1,2,2,,,,,2,,,2,2,2,,,,2,2,,2,1,2,1,,2,2,1,2,,,,2,,,,1,2,1,1,,,2,,,,,,,2,2,,,,,1,1,2,2,1,,1,1,1,1,3,1,,1,1,4,4,4,2,1,5,1,1,0,0
"Gambia, The","GMB",113796528,1.89410964556501,2,22,2,3,1,2,1,1,0,2,2,2,,,2,1,2,,,,1,1,1,1,1,,,,,,,,,,1,1,2,1,2,2,,,,,2,,,2,1,2,,,,1,1,,2,2,2,2,,2,2,1,1,1,,,1,1,,,1,1,2,1,,,2,,,,,,,2,2,,,,,2,,,,,,1,1,1,1,4,1,,1,0,4,4,4,4,1,1,1,1,1,0
"Gambia, The","GMB",143133917,0.619406225836935,2,46,1,4,1,2,0,0,0,,,3,,,,,,,,,,,,,,1,1,2,2,2,2,1,2,2,2,2,2,2,2,2,,,,,2,,,2,2,2,,,,2,2,,2,1,2,1,,7,,,2,,,,2,,,,2,,,,,,2,,,,,,,2,2,,,,,2,,,,,,1,1,1,4,2,1,,0,1,4,4,4,4,4,5,1,2,0,0
"Gambia, The","GMB",186553819,1.42980000897309,1,21,2,4,1,2,1,1,0,2,1,1,2,,1,2,2,,,,2,,2,,2,,,,,,,,,,2,1,1,1,1,2,,,,,2,,,2,2,1,2,2,,2,2,,1,1,2,1,1,3,1,1,2,,,,1,2,1,1,1,1,2,1,,,2,,,,,,,2,2,,,,,2,,,,,,1,1,1,1,4,1,,1,1,4,4,4,4,1,2,1,1,1,0
"Gambia, The","GMB",127780464,0.575213716883366,1,17,2,4,2,2,0,0,0,,,2,,,,,,,,,,,,,,1,2,2,1,2,2,1,2,1,2,1,2,1,2,2,,,,,2,,,2,2,2,,,,2,2,,2,2,2,2,,2,2,1,2,,,,2,,,,2,,,,,,2,,,,,,,2,2,,,,,1,1,2,2,1,,3,2,2,3,2,2,,0,0,4,4,4,2,4,5,1,1,0,0
"Gambia, The","GMB",150309467,0.359626896819751,1,17,1,4,1,1,0,0,0,,,2,,,,,,,,,,,,,,1,2,2,2,2,2,1,2,2,2,1,2,1,2,1,,,,,2,,,1,2,2,,,,2,2,,2,1,2,1,,5,1,1,2,,,,2,,,,1,2,2,,,1,2,,,,,,,2,2,,,,,1,1,2,2,1,,1,1,1,1,3,1,,0,1,4,4,4,2,2,5,1,1,0,0
"Gambia, The","GMB",209445985,1.02739332170768,1,41,1,2,1,1,0,0,0,,,2,,,,,,,,,,,,,,1,2,2,1,2,2,1,2,1,2,1,1,1,2,1,,,,,2,,,2,2,2,,,,2,2,,2,1,1,2,,3,1,1,2,,,,2,,,,2,,,,,,2,,,,,,,2,2,,,,,1,1,2,2,1,,1,1,1,1,4,1,,0,1,4,4,4,2,4,5,2,2,0,0
"Gambia, The","GMB",148898407,0.86747174554044,1,26,1,5,2,2,0,0,0,,,2,,,,,,,,,,,,,,1,2,2,2,2,2,1,2,2,,,,,,,,,,,2,,,2,2,2,,,,2,2,2,2,1,2,1,,2,1,1,2,,,,2,,,,1,2,2,,,1,2,,,,,,,2,2,,,,,2,,,,,,1,1,1,1,1,1,,0,1,4,4,4,4,2,5,1,1,0,0
"Gambia, The","GMB",168686272,1.5866268847321,1,22,1,2,2,2,0,0,0,,,2,,,,,,,,,,,,,,1,2,2,2,2,2,1,2,2,2,2,1,1,2,2,,,,,2,,,2,2,2,,,,2,2,,2,2,2,2,,7,,,2,,,,2,,,,2,,,,,,2,,,,,,,2,2,,,,,2,,,,,,2,2,2,1,4,1,,0,0,4,4,4,4,4,5,1,1,0,0
"Gambia, The","GMB",155260614,1.76874510724533,2,34,1,3,1,2,0,0,0,,,2,,,,,,,,,,,,,,1,1,2,2,2,2,1,2,2,2,2,2,1,2,1,,,,,2,,,2,2,2,,,,2,2,,2,2,2,1,,2,2,1,1,2,1,2,2,,,,1,2,2,,,1,1,2,2,2,1,,,2,2,,,,,2,,,,,,1,1,2,1,2,1,,0,1,2,4,4,4,2,3,1,1,0,0
"Gambia, The","GMB",134705514,0.725208606487373,1,22,2,4,2,1,0,0,0,,,2,,,,,,,,,,,,,,1,1,2,2,2,2,1,2,2,2,2,2,1,2,2,,,,,2,,,2,2,2,,,,2,3,,2,2,3,2,,2,1,1,2,,,,2,,,,2,,,,,,2,,,,,,,2,2,,,,,2,,,,,,1,1,1,1,2,1,,0,0,4,4,4,4,4,5,1,2,0,0
"Gambia, The","GMB",172021695,0.697830365605732,2,47,1,4,1,2,0,0,0,,,2,,,,,,,,,,,,,,1,2,3,2,3,2,2,2,2,3,3,2,1,2,2,,,,,2,,,2,2,2,,,,2,2,,2,1,2,2,,2,1,1,2,,,,2,,,,1,2,2,,,1,2,,,,,,,2,2,,,,,2,,,,,,1,1,1,1,3,1,,0,1,4,4,4,4,2,5,1,1,0,0
"Gambia, The","GMB",151848024,0.647037704900641,2,76,1,3,2,2,1,1,0,2,2,2,,,2,2,2,,,,2,,2,,1,,,,,,,,,,2,2,2,1,2,1,,,,,2,,,2,2,2,,,,2,1,,2,1,2,2,,5,2,1,2,,,,2,,,,2,,,,,,1,2,2,2,1,,,2,2,,,,,2,,,,,,1,1,1,1,4,1,,1,1,2,4,4,4,4,5,1,2,0,0
"Gambia, The","GMB",153762920,0.500170726816423,1,35,2,3,1,2,0,0,0,,,2,,,,,,,,,,,,,,2,2,2,2,2,2,1,2,2,2,2,2,1,2,2,,,,,2,,,2,2,2,,,,2,2,,2,2,2,1,,4,1,1,2,,,,2,,,,2,,,,,,2,,,,,,,2,2,,,,,2,,,,,,1,1,1,1,3,1,,0,1,4,4,4,4,4,5,1,1,0,0
"Gambia, The","GMB",202888745,0.322089364353388,2,35,2,3,1,2,1,1,0,2,2,1,2,,2,2,2,,,,1,2,1,2,1,,,,,,,,,,2,1,2,1,1,2,,,,,2,,,2,2,2,,,,1,1,,2,1,2,1,,5,1,1,2,,,,1,2,1,1,1,2,2,,,1,2,,,,,,,2,2,,,,,2,,,,,,1,1,1,1,3,1,,1,1,4,4,4,4,2,2,1,1,0,0
"Gambia, The","GMB",116771872,1.1861703283708,2,30,1,3,1,1,0,0,0,,,2,,,,,,,,,,,,,,1,1,2,2,2,2,1,2,2,1,2,2,2,2,2,,,,,2,,,2,2,1,4,1,,2,2,,1,1,2,1,2,2,2,1,1,1,,,1,2,1,1,2,,,,,,1,2,2,2,1,,,2,2,,,,,2,,,,,,1,1,1,1,1,1,,1,1,2,4,4,4,4,1,1,1,0,0
"Gambia, The","GMB",184370599,0.998029651553995,1,60,1,3,1,2,1,1,0,1,2,2,,,2,2,2,,,,2,,2,,1,,,,,,,,,,1,1,1,2,2,2,,,,,2,,,2,1,2,,,,2,1,,1,1,1,1,1,2,1,1,1,1,,,1,1,,,1,1,2,1,,,1,1,2,2,1,,,2,2,,,,,1,1,2,2,1,,1,1,1,1,2,1,,1,1,2,4,4,2,1,1,1,1,1,0
"Gambia, The","GMB",159405978,0.896504638915623,1,49,1,4,2,2,1,0,1,,,2,,,,,,,,,,,,,,,2,2,2,2,2,2,2,2,,,,,,,1,1,2,1,2,,,2,2,2,,,,2,2,2,2,2,2,2,,2,1,1,2,,,,1,2,1,1,2,,,,,,2,,,,,,,2,2,,,,,2,,,,,,1,1,4,5,1,1,,0,0,4,4,4,4,4,2,1,2,1,0
"Gambia, The","GMB",189767681,1.58016735067902,2,31,1,4,2,1,0,0,0,,,2,,,,,,,,,,,,,,1,2,2,2,2,2,2,2,2,1,1,2,1,2,1,,,,,2,,,2,2,2,,,,2,2,,2,1,2,1,,7,,,2,,,,2,,,,2,,,,,,2,,,,,,,2,2,,,,,1,1,2,2,1,,1,1,1,1,2,1,,0,1,4,4,4,2,4,5,2,2,0,0
"Gambia, The","GMB",204634025,0.86747174554044,1,34,1,3,1,2,0,0,0,,,2,,,,,,,,,,,,,,2,2,2,2,2,2,1,2,2,2,2,2,2,2,2,,,,,2,,,2,2,2,,,,2,2,,1,2,2,2,2,7,,,2,,,,2,,,,2,,,,,,2,,,,,,,2,2,,,,,2,,,,,,1,3,4,3,,3,,1,0,4,4,4,4,4,5,1,1,0,0
"Gambia, The","GMB",140752096,1.66571119199245,2,58,1,2,1,1,0,0,0,,,2,,,,,,,,,,,,,,1,2,2,2,2,2,1,2,2,2,2,2,2,2,2,,,,,2,,,2,2,2,,,,2,2,,2,2,2,2,,5,1,1,2,,,,2,,,,2,,,,,,2,,,,,,,1,2,2,2,2,2,1,1,2,2,1,,1,1,2,1,1,1,,0,0,4,3,4,2,4,5,1,2,0,0
"Gambia, The","GMB",199457730,2.49856678798867,2,71,1,3,1,2,0,0,0,,,2,,,,,,,,,,,,,,2,2,2,2,2,2,1,2,2,2,2,2,2,2,2,,,,,2,,,2,2,2,,,,1,2,,2,2,2,2,,2,3,2,1,1,,,1,1,,,1,2,2,,,1,2,,,,,,,1,2,2,2,1,,1,1,2,2,1,,1,1,1,1,2,1,,1,0,4,2,4,2,2,1,1,1,0,0
"Gambia, The","GMB",171693837,1.81353009227471,1,20,1,4,1,2,1,1,0,2,2,2,,,2,2,2,,,,1,2,1,1,1,,,,,,,,,,2,1,2,1,2,2,,,,,2,,,2,2,2,,,,1,1,,2,1,2,2,,2,3,2,1,2,1,2,1,2,1,2,1,2,2,,,1,2,,,,,,,2,2,,,,,1,1,2,2,1,,1,1,1,1,4,1,,1,1,4,4,4,2,2,3,1,2,0,0
"Gambia, The","GMB",199480006,0.89375628857819,1,23,2,4,1,2,0,0,0,,,2,,,,,,,,,,,,,,2,2,3,2,2,2,1,1,2,1,1,1,1,2,2,,,,,2,,,2,2,2,,,,1,2,,2,2,2,1,,3,1,1,2,,,,2,,,,2,,,,,,2,,,,,,,2,2,,,,,2,,,,,,1,1,1,1,1,1,,1,1,4,4,4,4,4,5,1,1,0,0
"Gambia, The","GMB",176642899,0.185539238362971,2,29,2,5,1,2,1,1,0,1,2,1,1,2,1,1,2,,,,1,1,1,1,1,,,,,,,,,,1,2,2,2,2,2,,,,,2,,,2,1,2,,,,1,1,,1,2,2,1,2,1,2,2,1,2,2,2,1,1,,,2,,,,,,1,1,1,2,,,1,2,2,,,,,2,,,,,,1,1,1,1,3,2,,1,1,1,4,4,4,4,1,1,1,1,0
"Gambia, The","GMB",147409893,1.88863546246449,1,36,1,3,1,2,0,0,0,,,2,,,,,,,,,,,,,,2,2,2,1,2,2,1,2,2,2,2,2,1,2,1,,,,,2,,,2,2,2,,,,2,2,,2,2,2,2,,3,2,1,2,,,,2,,,,2,,,,,,2,,,,,,,2,2,,,,,2,,,,,,3,2,3,2,2,2,,0,0,4,4,4,4,4,5,2,2,0,0
"Gambia, The","GMB",181424789,0.692412358212048,1,30,2,5,1,2,1,1,0,1,2,2,,,1,1,2,,,,1,2,1,1,1,,,,,,,,,,2,2,2,2,2,2,,,,,2,,,1,1,2,,,,1,1,,2,1,2,1,,1,3,2,1,1,,,2,,,,2,,,,,,1,2,1,2,,,1,2,2,,,,,2,,,,,,3,3,3,3,,1,,1,1,1,4,4,4,4,1,1,1,1,0
"Gambia, The","GMB",118118599,1.47269765562108,2,45,2,2,1,2,1,1,0,2,2,1,1,2,1,1,2,,,,1,1,2,,1,,,,,,,,,,2,2,1,1,2,2,,,,,2,,,1,1,1,1,1,,2,2,,1,2,2,2,2,3,3,3,1,1,,,1,1,,,1,3,1,1,,,2,,,,,,,2,1,2,2,2,2,2,,,,,,1,1,1,1,1,3,,1,0,4,4,3,4,1,1,1,1,1,1
"Gambia, The","GMB",182910487,0.89375628857819,1,18,1,5,1,2,0,0,0,,,2,,,,,,,,,,,,,,1,1,2,2,2,2,2,2,2,2,1,2,2,2,2,,,,,2,,,2,2,2,,,,2,2,,2,2,2,2,,2,1,1,2,,,,2,,,,2,,,,,,2,,,,,,,2,2,,,,,2,,,,,,1,1,1,1,4,1,,0,1,4,4,4,4,4,5,1,1,0,0
"Gambia, The","GMB",157950667,1.73916504600183,1,28,1,2,2,1,1,1,0,2,2,2,,,2,2,2,,,,2,,2,,2,,,,,,,,,,2,1,1,1,2,1,,,,,2,,,2,2,2,,,,2,2,,2,1,1,1,,2,1,1,2,,,,2,,,,2,,,,,,2,,,,,,,2,2,,,,,2,,,,,,1,1,1,1,3,1,,0,1,4,4,4,4,4,5,1,2,0,0
"Gambia, The","GMB",156220033,1.56211820769819,2,64,1,4,1,1,0,0,0,,,2,,,,,,,,,,,,,,2,1,1,1,1,2,1,1,2,2,2,1,1,2,2,,,,,2,,,2,2,2,,,,1,2,,2,1,2,1,,2,1,1,2,,,,2,,,,2,,,,,,2,,,,,,,2,2,,,,,1,1,2,2,1,,1,1,1,1,2,1,,1,1,4,4,4,2,4,5,1,1,0,0
"Gambia, The","GMB",160955129,1.15538596285339,1,32,3,1,1,2,1,1,0,1,2,1,2,,2,2,2,,,,2,,2,,2,,,,,,,,,,2,1,1,1,2,2,,,,,2,,,2,2,2,,,,2,2,,2,2,2,2,,2,1,1,2,,,,2,,,,1,2,2,,,1,2,,,,,,,2,2,,,,,2,,,,,,1,1,1,3,3,1,,0,0,4,4,4,4,2,5,1,2,0,0
"Gambia, The","GMB",206497780,0.480718845376719,1,25,2,2,2,2,1,1,0,,,2,,,,,,,,,,,,,,,2,1,2,2,2,2,2,1,2,2,2,2,2,2,,,,,2,,,2,2,2,,,,2,2,,2,1,2,1,,2,1,1,2,,,,2,,,,1,1,2,1,,,2,,,,,,,2,2,,,,,2,,,,,,3,1,1,1,2,1,,0,1,4,4,4,4,1,5,1,1,1,0
"Gambia, The","GMB",187348993,0.473527411391251,2,19,2,5,1,2,0,0,0,,,2,,,,,,,,,,,,,,1,2,2,2,2,2,1,2,2,2,1,2,1,2,2,,,,,2,,,2,1,2,,,,2,2,,2,1,2,1,,2,1,1,2,,,,2,,,,2,,,,,,2,,,,,,,2,2,,,,,2,,,,,,1,1,1,1,2,1,,0,1,4,4,4,4,4,5,1,1,0,0
"Gambia, The","GMB",126566836,0.829648957268762,1,65,1,3,2,1,0,0,0,,,2,,,,,,,,,,,,,,1,2,2,2,2,2,1,2,2,2,2,1,1,2,2,,,,,2,,,2,2,2,,,,2,2,,2,2,2,2,,8,,,2,,,,2,,,,2,,,,,,2,,,,,,,2,2,,,,,2,,,,,,3,1,1,1,2,1,,0,0,4,4,4,4,4,5,2,2,0,0
"Gambia, The","GMB",186209567,2.65547250637217,2,19,1,1,2,1,0,0,0,,,2,,,,,,,,,,,,,,2,1,2,2,2,2,1,2,2,2,2,2,1,2,1,,,,,2,,,1,2,2,,,,2,2,,2,1,2,2,,3,2,1,2,,,,2,,,,1,2,2,,,1,1,1,2,2,1,,,2,2,,,,,2,,,,,,3,3,3,3,,3,,0,1,2,4,4,4,2,5,2,2,0,0
"Gambia, The","GMB",196379660,0.54390645486553,1,22,2,3,1,1,1,1,1,1,1,2,,,2,2,2,,,,1,1,1,1,1,,,,,,,,,,,,,,,,1,2,2,2,2,,,2,2,2,,,,2,2,2,1,2,2,2,2,1,3,3,2,,,,1,2,1,1,2,,,,,,1,1,1,2,,,2,2,2,,,,,2,,,,,,1,1,3,1,4,1,,1,0,1,4,4,4,4,2,1,1,1,0
"Gambia, The","GMB",193561135,1.34462868788607,1,27,2,1,2,2,0,0,0,,,2,,,,,,,,,,,,,,1,2,2,2,2,2,2,2,2,2,2,2,1,2,2,,,,,2,,,2,2,2,,,,2,2,,1,1,2,2,2,3,1,1,1,2,1,2,1,2,1,2,2,,,,,,2,,,,,,,2,2,,,,,2,,,,,,1,1,4,1,4,1,,1,1,4,4,4,4,4,3,1,1,0,0
"Gambia, The","GMB",181495484,1.4469111296073,2,34,1,4,1,2,1,1,0,2,2,2,,,2,2,2,,,,2,,2,,2,,,,,,,,,,2,2,2,1,2,2,,,,,2,,,2,2,2,,,,2,2,,2,2,2,1,,2,1,1,2,,,,1,1,,,1,2,2,,,1,2,,,,,,,2,2,,,,,2,,,,,,1,1,1,1,1,1,,0,1,4,4,4,4,2,1,1,1,1,0
"Gambia, The","GMB",158945264,0.233717102530264,1,25,2,4,1,1,0,0,0,,,2,,,,,,,,,,,,,,1,2,2,1,2,2,1,1,1,2,2,1,1,2,2,,,,,2,,,2,2,2,,,,2,2,,1,1,2,2,2,2,1,1,1,2,1,2,1,1,,,2,,,,,,2,,,,,,,2,2,,,,,2,,,,,,1,1,3,1,2,1,,1,1,4,4,4,4,4,1,1,2,0,0
"Gambia, The","GMB",140139805,0.777770637946124,2,28,1,5,1,2,1,1,0,1,2,1,1,2,2,2,2,,,,1,1,2,,2,,,,,,,,,,2,2,2,2,2,2,,,,,2,,,2,2,2,,,,1,1,,2,2,2,2,,3,2,2,2,,,,2,,,,2,,,,,,1,2,2,2,1,,,2,2,,,,,2,,,,,,3,3,3,4,,1,,1,0,2,4,4,4,4,5,1,1,1,0
"Gambia, The","GMB",162011660,1.52958187817711,2,16,2,2,2,2,0,0,0,,,2,,,,,,,,,,,,,,1,2,2,1,2,2,1,2,2,2,2,1,1,2,1,,,,,2,,,2,2,2,,,,2,2,,1,2,2,2,2,2,3,2,2,,,,2,,,,2,,,,,,2,,,,,,,2,2,,,,,2,,,,,,3,3,3,3,,2,,1,0,4,4,4,4,4,5,2,2,0,0
"Gambia, The","GMB",191508729,0.731131871858195,1,18,2,5,2,2,0,0,0,,,2,,,,,,,,,,,,,,1,2,2,1,1,1,1,1,1,2,2,2,1,2,1,,,,,2,,,2,2,2,,,,2,2,,2,2,2,2,,7,,,2,,,,2,,,,2,,,,,,2,,,,,,,2,2,,,,,2,,,,,,3,2,4,2,4,1,,0,0,4,4,4,4,4,5,2,2,0,0
"Gambia, The","GMB",162319057,3.00106912418754,1,55,1,5,1,2,0,0,0,,,2,,,,,,,,,,,,,,1,2,1,2,1,2,1,2,2,3,3,1,1,2,2,,,,,2,,,2,2,2,,,,2,2,,2,2,2,2,,4,1,1,2,,,,2,,,,1,2,2,,,1,2,,,,,,,2,2,,,,,2,,,,,,1,1,1,1,2,1,,0,0,4,4,4,4,2,5,1,1,0,0
"Gambia, The","GMB",139171082,1.56596381001068,2,55,1,5,1,1,1,1,0,2,2,2,,,2,1,2,,,,1,2,1,1,1,,,,,,,,,,1,3,2,1,2,2,,,,,2,,,2,2,2,,,,1,1,,1,1,1,1,2,4,1,2,1,2,1,2,1,1,,,2,,,,,,2,,,,,,,2,2,,,,,1,1,2,2,2,1,1,2,1,1,4,1,,1,1,4,4,4,1,4,1,1,1,1,0
"Gambia, The","GMB",207443334,1.42980000897309,1,20,2,5,2,2,1,1,0,2,2,2,,,2,2,2,,,,2,,2,,2,,,,,,,,,,2,2,2,2,2,2,,,,,2,,,2,2,2,,,,2,2,,2,2,2,2,,2,3,2,1,2,1,1,1,1,,,2,,,,,,1,2,1,2,,,2,2,2,,,,,2,,,,,,2,2,2,2,4,2,,0,0,1,4,4,4,4,1,1,1,1,0
"Gambia, The","GMB",187837727,1.495843335667,2,23,2,4,1,2,1,0,1,,,2,,,,,,,,,,,,,,,2,2,2,2,2,2,1,2,2,2,2,2,2,2,,,,,2,,,2,2,2,,,,1,2,,2,2,2,2,,1,3,1,2,,,,1,2,1,2,2,,,,,,1,2,2,1,,,2,2,2,,,,,2,,,,,,2,2,3,3,1,3,,1,0,1,4,4,4,4,3,1,1,1,0
"Gambia, The","GMB",170321863,1.19167505143759,1,16,2,4,2,2,0,0,0,,,2,,,,,,,,,,,,,,2,2,1,1,2,1,1,1,2,1,1,1,1,2,2,,,,,1,1,,1,2,2,,,,2,2,,2,2,2,2,,2,1,1,2,,,,2,,,,1,2,2,,,1,2,,,,,,,2,2,,,,,2,,,,,,2,1,1,1,4,1,,0,0,4,4,4,4,2,5,1,1,0,0
"Gambia, The","GMB",160939124,0.696926764023297,1,38,2,5,1,2,1,1,0,2,2,1,1,1,1,2,2,,,,1,1,1,1,1,,,,,,,,,,3,2,2,2,2,2,,,,,1,2,,1,2,1,2,1,,2,1,,2,2,2,2,,6,3,3,2,,,,1,1,,,1,2,2,,,1,2,,,,,,,2,2,,,,,2,,,,,,3,1,2,3,2,3,,1,0,4,4,4,4,2,1,1,1,1,1
"Gambia, The","GMB",170064538,0.454703038607556,1,28,1,3,1,2,0,0,0,,,2,,,,,,,,,,,,,,2,2,2,2,2,1,2,2,2,1,1,2,1,2,1,,,,,2,,,2,2,2,,,,2,1,,2,2,2,2,,5,1,1,2,,,,2,,,,1,2,1,1,,,1,2,2,2,2,2,,2,2,,,,,2,,,,,,1,1,1,1,2,1,,1,0,3,4,4,4,1,5,1,1,0,0
"Gambia, The","GMB",188367827,0.838961663681973,2,19,2,3,2,2,0,0,0,,,2,,,,,,,,,,,,,,1,2,2,2,2,2,2,2,2,2,1,1,2,2,2,,,,,1,1,,2,2,2,,,,2,2,,2,2,2,2,,3,1,1,2,,,,2,,,,1,2,2,,,2,2,,,,,,,2,2,,,,,2,,,,,,1,1,1,1,2,1,,0,0,4,4,4,4,3,5,1,1,0,0
"Gambia, The","GMB",149186887,0.289655063187753,1,35,2,3,1,2,0,0,0,,,2,,,,,,,,,,,,,,1,2,2,2,2,2,1,2,2,2,2,2,1,2,2,,,,,2,,,2,2,2,,,,2,2,,2,1,2,1,,2,1,1,2,,,,2,,,,1,2,2,,,1,1,2,2,2,1,,,2,2,,,,,2,,,,,,2,2,2,2,3,1,,0,1,2,4,4,4,2,5,1,1,0,0
"Gambia, The","GMB",115495776,1.75197581477989,2,42,1,4,2,1,0,0,0,,,2,,,,,,,,,,,,,,1,1,1,2,1,2,1,2,1,1,1,2,1,2,2,,,,,2,,,2,1,2,,,,2,2,,2,2,2,1,,2,1,1,2,,,,2,,,,1,2,2,,,1,1,2,2,2,1,,,2,2,,,,,2,,,,,,1,1,1,1,4,1,,0,1,2,4,4,4,2,5,1,1,0,0
"Gambia, The","GMB",133119486,0.185539238362971,1,25,2,5,1,2,0,0,0,,,2,,,,,,,,,,,,,,2,2,2,1,2,2,1,2,2,2,2,1,1,2,2,,,,,2,,,2,2,2,,,,2,2,,2,2,2,2,,3,2,1,2,,,,2,,,,2,,,,,,2,,,,,,,2,2,,,,,1,3,2,2,1,,1,1,1,1,4,1,,0,0,4,4,4,2,4,5,1,1,0,0
"Gambia, The","GMB",189685938,1.49738911467061,2,70,1,4,2,1,0,0,0,,,2,,,,,,,,,,,,,,2,2,3,2,2,2,2,2,1,2,2,2,1,2,2,,,,,2,,,2,2,2,,,,2,2,,2,2,2,2,,2,1,1,2,,,,1,2,1,2,2,,,,,,2,,,,,,,2,2,,,,,2,,,,,,1,1,3,3,2,1,,0,0,4,4,4,4,4,3,1,2,0,0
"Gambia, The","GMB",173741011,0.451419618364482,2,16,2,4,1,1,0,0,0,,,2,,,,,,,,,,,,,,2,2,2,1,2,2,1,2,2,2,2,1,1,2,1,,,,,2,,,2,2,2,,,,2,2,,2,2,2,2,,3,1,1,2,,,,2,,,,2,,,,,,2,,,,,,,2,2,,,,,2,,,,,,1,1,1,1,3,1,,0,0,4,4,4,4,4,5,2,2,0,0
"Gambia, The","GMB",125906757,0.533250097366409,2,26,3,5,1,2,1,1,1,1,2,2,,,1,1,1,1,1,1,1,1,1,1,1,,,,,,,,,,2,2,2,2,2,2,,,,,2,3,,2,1,2,,,,1,2,,2,2,2,2,,1,3,3,2,,,,2,,,,1,2,2,,,1,1,1,2,1,,,1,1,2,3,1,,,2,,,,,,3,3,3,3,,3,,1,1,1,1,4,4,2,5,1,1,1,1
"Gambia, The","GMB",202880160,1.87877911757088,1,30,1,5,2,2,0,0,0,,,2,,,,,,,,,,,,,,2,2,3,2,2,2,1,2,2,3,3,2,1,2,1,,,,,2,,,2,2,2,,,,2,2,,2,2,2,2,,5,2,1,2,,,,2,,,,1,2,2,,,1,2,,,,,,,2,2,,,,,2,,,,,,1,1,2,2,2,1,,0,0,4,4,4,4,2,5,2,2,0,0
"Gambia, The","GMB",134177333,0.185539238362971,1,27,2,5,1,2,1,0,1,,,2,,,,,,,,,,,,,,,2,2,2,2,2,2,2,2,,,,,,,2,2,2,1,2,,,2,2,1,1,1,,1,2,2,1,2,2,2,2,3,2,2,2,,,,2,,,,2,,,,,,2,,,,,,,2,2,,,,,2,,,,,,3,2,3,2,2,1,,1,0,4,4,4,4,4,5,1,1,1,1
"Gambia, The","GMB",199595873,1.64787607238668,1,36,1,5,2,2,0,0,0,,,2,,,,,,,,,,,,,,1,2,2,2,2,2,1,2,2,1,2,2,1,2,1,,,,,2,,,2,2,2,,,,2,2,,2,1,2,2,,5,1,1,2,,,,2,,,,1,2,2,,,2,2,,,,,,,2,2,,,,,1,1,2,2,1,,1,1,1,1,2,2,,0,1,4,4,4,2,3,5,2,2,0,0
"Gambia, The","GMB",122492605,0.533250097366409,2,29,3,5,1,2,1,1,0,2,2,2,,,2,2,2,,,,1,2,1,2,1,,,,,,,,,,2,2,2,2,2,2,,,,,2,,,2,2,2,,,,1,1,,2,2,2,2,,1,3,3,2,,,,2,,,,1,2,2,,,1,2,,,,,,,2,2,,,,,2,,,,,,3,3,2,3,,1,,1,0,4,4,4,4,2,5,1,1,0,0
"Gambia, The","GMB",153591389,0.528875628244034,1,15,1,5,1,2,0,0,0,,,2,,,,,,,,,,,,,,1,1,2,2,1,2,1,3,1,2,1,1,1,2,1,,,,,2,,,2,2,2,,,,2,2,,1,1,2,1,1,7,,,2,,,,2,,,,2,,,,,,2,,,,,,,2,2,,,,,2,,,,,,1,1,3,4,2,1,,1,1,4,4,4,4,4,5,1,1,0,0
"Gambia, The","GMB",128124142,0.917749126906264,2,21,2,5,1,2,1,1,0,2,2,2,,,2,2,2,,,,1,2,2,,1,,,,,,,,,,2,2,2,2,2,2,,,,,2,,,2,2,2,,,,1,1,,2,2,2,2,,1,3,3,2,,,,2,,,,1,2,2,,,1,1,2,2,2,1,,,2,2,,,,,2,,,,,,3,3,3,3,,1,,1,0,2,4,4,4,2,5,1,1,0,0
"Gambia, The","GMB",125595989,2.78496040971867,1,40,1,1,2,2,0,0,0,,,2,,,,,,,,,,,,,,1,2,3,1,2,2,1,2,2,2,1,1,1,2,2,,,,,2,,,2,2,2,,,,1,2,,1,2,2,1,2,2,1,1,2,,,,2,,,,2,,,,,,2,,,,,,,2,2,,,,,1,2,2,2,1,,1,1,1,3,3,1,,1,1,4,4,4,2,4,5,1,1,0,0
"Gambia, The","GMB",162603581,1.2430375877744,2,20,1,3,1,2,0,0,0,,,2,,,,,,,,,,,,,,1,2,3,2,1,2,1,2,2,2,1,1,1,1,2,,,,,2,,,2,2,2,,,,2,2,,2,2,2,1,,3,2,2,1,2,1,1,2,,,,1,2,2,,,1,1,2,2,2,1,,,2,2,,,,,2,,,,,,1,1,1,1,2,1,,1,1,2,4,4,4,2,2,1,1,0,0
"Gambia, The","GMB",155576825,0.566983006858019,1,32,1,5,1,1,0,0,0,,,2,,,,,,,,,,,,,,2,1,1,1,2,2,1,2,2,1,1,2,1,2,2,,,,,2,,,1,2,2,,,,2,2,,1,1,2,1,1,5,1,1,2,,,,2,,,,2,,,,,,2,,,,,,,2,2,,,,,2,,,,,,1,1,1,1,1,1,,1,1,4,4,4,4,4,5,1,1,0,0
"Gambia, The","GMB",162194127,1.52100668554914,2,28,2,3,1,2,0,0,0,,,2,,,,,,,,,,,,,,1,1,2,1,1,1,1,1,1,1,1,1,1,1,2,,,,,2,,,2,1,2,,,,2,2,,1,2,2,1,1,3,1,2,1,1,,,2,,,,1,2,2,,,1,2,,,,,,,2,2,,,,,2,,,,,,3,2,2,1,4,1,,1,1,4,4,4,4,2,1,1,1,0,0
"Gambia, The","GMB",129414468,2.21569756283794,2,18,2,2,2,2,0,0,0,,,2,,,,,,,,,,,,,,2,2,1,1,2,2,1,2,2,2,2,2,1,2,2,,,,,2,,,2,2,2,,,,2,2,,2,2,2,2,,7,,,2,,,,2,,,,2,,,,,,2,,,,,,,2,2,,,,,2,,,,,,1,1,3,1,2,3,,0,0,4,4,4,4,4,5,1,1,0,0
"Gambia, The","GMB",123234130,1.35111396419522,2,50,1,5,2,1,0,0,0,,,2,,,,,,,,,,,,,,1,2,3,2,2,2,1,2,2,2,2,2,2,2,2,,,,,2,,,2,2,2,,,,2,2,,2,1,2,2,,7,,,2,,,,2,,,,2,,,,,,2,,,,,,,2,2,,,,,2,,,,,,1,1,1,1,2,1,,0,1,4,4,4,4,4,5,1,1,0,0
"Gambia, The","GMB",178302799,0.496418134493661,2,15,2,1,1,1,0,0,0,,,2,,,,,,,,,,,,,,1,2,2,1,2,2,1,2,2,2,1,1,1,2,1,,,,,2,,,2,2,2,,,,1,2,,1,2,2,1,2,2,1,1,2,,,,1,2,1,2,2,,,,,,2,,,,,,,2,2,,,,,2,,,,,,1,2,1,1,4,1,,1,1,4,4,4,4,4,3,2,2,0,0
"Gambia, The","GMB",206931959,0.37398121546127,1,25,1,5,2,2,0,0,0,,,2,,,,,,,,,,,,,,2,2,3,2,2,2,1,2,2,2,3,2,2,2,2,,,,,2,,,2,2,2,,,,2,2,,2,2,2,2,,2,1,1,2,,,,2,,,,2,,,,,,2,,,,,,,2,2,,,,,2,,,,,,2,1,3,3,2,2,,1,0,4,4,4,4,4,5,1,1,0,0
"Gambia, The","GMB",186841479,1.36966987181811,2,48,3,3,2,1,0,0,0,,,2,,,,,,,,,,,,,,1,2,2,2,2,2,1,2,2,2,1,2,1,2,2,,,,,2,,,2,2,2,,,,2,2,,2,1,2,1,,2,1,1,2,,,,1,1,,,2,,,,,,2,,,,,,,2,2,,,,,2,,,,,,1,1,1,1,2,1,,0,1,4,4,4,4,4,1,1,2,0,0
