"hid","lga","subdivision","district","area","sname","ea","hhnum","s11q1_1","s11q1_2","s11q1_3","s11q1_4","s11q1_5","s11q1_6","s11q1_7","s11q1_8","s11q1_9","s11q2","s11q3_2","s11q3_3","s11q3_4","s11q3_5"
"1101101000110003101",1,101,10,1,10001,10003,1,3,13,,,,,,,,2,10,13,,
"1101101000110003102",1,101,10,1,10001,10003,2,3,,,,,,,,,1,5,10,13,
"1101101000110003103",1,101,10,1,10001,10003,3,3,5,17,,,,,,,2,12,,,
"1101101000110003104",1,101,10,1,10001,10003,4,3,17,,,,,,,,1,99,,,
"1101101000110003105",1,101,10,1,10001,10003,5,3,5,9,13,,,,,,2,7,13,,
"1101101000110003106",1,101,10,1,10001,10003,6,1,3,7,13,17,,,,,2,2,7,12,13
"1101101000110003107",1,101,10,1,10001,10003,7,3,4,7,8,13,17,,,,2,3,4,12,13
"1101101000110003108",1,101,10,1,10001,10003,8,3,4,8,14,17,,,,,2,2,3,5,13
"1101101000110003109",1,101,10,1,10001,10003,9,1,3,7,13,17,,,,,2,3,7,12,13
"1101101000110003110",1,101,10,1,10001,10003,10,3,9,13,,,,,,,2,3,5,,
"1101101000110003111",1,101,10,1,10001,10003,11,1,3,9,17,,,,,,2,,,,
"1101101000110003112",1,101,10,1,10001,10003,12,1,3,9,10,12,13,15,,,2,5,7,13,
"1101101000110003113",1,101,10,1,10001,10003,13,1,3,5,7,9,12,13,15,17,2,12,13,,
"1101101000110003114",1,101,10,1,10001,10003,14,1,3,9,10,11,12,15,,,2,5,7,,
"1101101000110003115",1,101,10,1,10001,10003,15,1,3,9,11,13,,,,,2,5,7,,
"1101101000110003116",1,101,10,1,10001,10003,16,3,,,,,,,,,1,,,,
"1101101000110003117",1,101,10,1,10001,10003,17,3,,,,,,,,,1,5,,,
"1101101000110003118",1,101,10,1,10001,10003,18,99,,,,,,,,,2,5,,,
"1101101000110003119",1,101,10,1,10001,10003,19,5,,,,,,,,,2,,,,
"1101101000110003120",1,101,10,1,10001,10003,20,3,9,13,,,,,,,2,5,12,,
"1101101000110004101",1,101,10,1,10001,10004,1,3,13,,,,,,,,2,4,13,,
"1101101000110004102",1,101,10,1,10001,10004,2,3,13,,,,,,,,1,7,,,
"1101101000110004103",1,101,10,1,10001,10004,3,3,13,15,,,,,,,1,3,5,,
"1101101000110004104",1,101,10,1,10001,10004,4,3,17,,,,,,,,2,5,13,,
"1101101000110004105",1,101,10,1,10001,10004,5,3,7,10,13,16,,,,,2,2,3,7,8
"1101101000110004106",1,101,10,1,10001,10004,6,3,7,10,13,,,,,,2,5,7,12,
"1101101000110004107",1,101,10,1,10001,10004,7,1,3,4,5,9,10,11,12,17,2,3,4,12,13
"1101101000110004108",1,101,10,1,10001,10004,8,,,,,,,,,,1,5,,,
"1101101000110004109",1,101,10,1,10001,10004,9,3,7,13,17,,,,,,2,3,7,13,
"1101101000110004110",1,101,10,1,10001,10004,10,3,7,11,17,,,,,,1,2,3,4,13
"1101101000110004111",1,101,10,1,10001,10004,11,1,3,5,9,10,11,12,13,17,2,4,5,7,13
"1101101000110004112",1,101,10,1,10001,10004,12,3,13,,,,,,,,2,5,,,
"1101101000110004113",1,101,10,1,10001,10004,13,1,5,12,13,17,,,,,3,,,,
"1101101000110004114",1,101,10,1,10001,10004,14,1,3,5,8,10,11,15,16,17,2,5,7,12,
"1101101000110004115",1,101,10,1,10001,10004,15,3,4,5,9,,,,,,2,7,13,,
"1101101000110004116",1,101,10,1,10001,10004,16,3,9,17,,,,,,,3,,,,
"1101101000110004117",1,101,10,1,10001,10004,17,3,9,15,,,,,,,2,4,7,,
"1101101000110004118",1,101,10,1,10001,10004,18,3,9,17,,,,,,,3,,,,
"1101101000110004119",1,101,10,1,10001,10004,19,3,17,,,,,,,,2,,,,
"1101101000110004120",1,101,10,1,10001,10004,20,3,5,17,,,,,,,1,5,,,
"1101101000110008101",1,101,10,1,10001,10008,1,1,3,4,,,,,,,2,5,6,,
"1101101000110008102",1,101,10,1,10001,10008,2,3,5,9,13,,,,,,2,,,,
"1101101000110008103",1,101,10,1,10001,10008,3,9,10,13,,,,,,,1,4,,,
"1101101000110008104",1,101,10,1,10001,10008,4,1,3,5,6,9,10,11,12,13,1,2,5,7,12
"1101101000110008105",1,101,10,1,10001,10008,5,1,3,5,9,11,13,15,16,,2,5,12,13,
"1101101000110008106",1,101,10,1,10001,10008,6,3,9,17,,,,,,,2,7,,,
"1101101000110008107",1,101,10,1,10001,10008,7,3,5,6,8,9,10,11,12,13,2,5,12,13,
"1101101000110008108",1,101,10,1,10001,10008,8,1,3,5,6,6,9,10,11,12,2,5,7,12,
"1101101000110008109",1,101,10,1,10001,10008,9,3,17,,,,,,,,1,7,13,,
"1101101000110008110",1,101,10,1,10001,10008,10,3,7,13,17,,,,,,2,2,3,7,8
"1101101000110008111",1,101,10,1,10001,10008,11,3,13,17,,,,,,,1,12,13,,
"1101101000110008112",1,101,10,1,10001,10008,12,3,17,,,,,,,,1,3,4,13,
"1101101000110008113",1,101,10,1,10001,10008,13,3,13,17,,,,,,,1,2,3,11,
"1101101000110008114",1,101,10,1,10001,10008,14,3,17,,,,,,,,2,,,,
"1101101000110008115",1,101,10,1,10001,10008,15,3,17,,,,,,,,2,,,,
"1101101000110008116",1,101,10,1,10001,10008,16,3,,,,,,,,,2,99,,,
"1101101000110008117",1,101,10,1,10001,10008,17,3,17,,,,,,,,2,4,,,
"1101101000110008118",1,101,10,1,10001,10008,18,3,7,8,13,17,,,,,2,3,7,8,12
"1101101000110008119",1,101,10,1,10001,10008,19,3,7,8,10,13,17,,,,2,2,3,7,8
"1101101000110008120",1,101,10,1,10001,10008,20,3,7,8,10,17,,,,,2,3,7,8,12
"1101111100111012101",1,101,11,1,11001,11012,1,3,3,5,7,,,,,2,,,,,2
"1101111100111012102",1,101,11,1,11001,11012,2,3,5,1,3,,,,,2,,5,,,2
"1101111100111012103",1,101,11,1,11001,11012,3,3,9,1,7,,,,,2,,5,,,2
"1101111100111012104",1,101,11,1,11001,11012,4,3,9,2,3,5,,,,,,5,3,,2
"1101111100111012105",1,101,11,1,11001,11012,5,3,5,7,,,,,,2,,7,,,2
"1101111100111012106",1,101,11,1,11001,11012,6,3,,,,,,,,2,,,,,1
"1101111100111012107",1,101,11,1,11001,11012,7,3,,,,,,,,2,,5,,,2
"1101111100111012108",1,101,11,1,11001,11012,8,10,3,,,,,,,2,,5,,,1
"1101111100111012109",1,101,11,1,11001,11012,9,1,3,,,,,,,2,,7,1,,2
"1101111100111012110",1,101,11,1,11001,11012,10,3,1,7,,,,,,2,,,,,2
"1101111100111012111",1,101,11,1,11001,11012,11,3,1,3,,,,,,2,,1,3,,2
"1101111100111012112",1,101,11,1,11001,11012,12,3,5,4,,,,,,2,,3,3,,2
"1101111100111012113",1,101,11,1,11001,11012,13,10,3,9,4,,,,,3,,,,,1
"1101111100111012114",1,101,11,1,11001,11012,14,10,3,5,7,9,1,11,2,3,,3,5,7,2
"1101111100111012115",1,101,11,1,11001,11012,15,10,3,1,1,7,,,,3,,,,,1
"1101111100111012116",1,101,11,1,11001,11012,16,10,3,5,9,11,7,,,2,,3,5,2,1
"1101111100111012117",1,101,11,1,11001,11012,17,3,9,3,7,,,,,2,,7,8,2,2
"1101111100111012118",1,101,11,1,11001,11012,18,3,9,7,,,,,,2,,7,8,3,2
"1101111100111012119",1,101,11,1,11001,11012,19,3,9,3,7,,,,,1,,3,7,2,2
"1101111100111012120",1,101,11,1,11001,11012,20,3,7,11,3,7,,,,2,,7,8,2,2
"1101111100111015101",1,101,11,1,11001,11015,1,3,4,8,9,13,17,,,,2,2,3,7,8
"1101111100111015102",1,101,11,1,11001,11015,2,3,4,8,11,13,17,,,,1,2,3,7,8
"1101111100111015103",1,101,11,1,11001,11015,3,1,2,4,7,8,13,17,,,2,3,6,7,8
"1101111100111015104",1,101,11,1,11001,11015,4,1,3,4,7,8,13,,,,2,3,7,12,13
"1101111100111015105",1,101,11,1,11001,11015,5,3,,,,,,,,,2,,,,
"1101111100111015106",1,101,11,1,11001,11015,6,3,4,,,,,,,,2,5,,,
"1101111100111015107",1,101,11,1,11001,11015,7,3,8,,,,,,,,3,,,,
"1101111100111015108",1,101,11,1,11001,11015,8,3,13,17,,,,,,,2,10,13,,
"1101111100111015109",1,101,11,1,11001,11015,9,3,17,,,,,,,,2,12,,,
"1101111100111015110",1,101,11,1,11001,11015,10,3,17,,,,,,,,2,13,,,
"1101111100111015111",1,101,11,1,11001,11015,11,3,17,,,,,,,,2,3,12,,
"1101111100111015112",1,101,11,1,11001,11015,12,13,5,9,11,12,17,,,,2,5,7,12,
"1101111100111015113",1,101,11,1,11001,11015,13,3,9,11,,,,,,,2,3,12,,
"1101111100111015114",1,101,11,1,11001,11015,14,3,13,17,,,,,,,3,,,,
"1101111100111015115",1,101,11,1,11001,11015,15,3,,,,,,,,,2,,,,
"1101111100111015116",1,101,11,1,11001,11015,16,3,,,,,,,,,2,,,,
"1101111100111015117",1,101,11,1,11001,11015,17,1,5,9,10,11,12,15,,,3,,,,
"1101111100111015118",1,101,11,1,11001,11015,18,1,3,5,8,9,10,11,12,13,3,,,,
"1101111100111015119",1,101,11,1,11001,11015,19,1,2,9,10,11,12,13,17,,2,5,7,12,
"1101111100111015120",1,101,11,1,11001,11015,20,1,3,7,9,10,11,12,13,15,2,2,5,7,12
"1101111100111016101",1,101,11,1,11001,11016,1,3,13,,,,,,,,2,5,,,
"1101111100111016102",1,101,11,1,11001,11016,2,3,13,17,,,,,,,3,,,,
"1101111100111016103",1,101,11,1,11001,11016,3,17,,,,,,,,,3,,,,
"1101111100111016104",1,101,11,1,11001,11016,4,3,17,,,,,,,,2,,,,
"1101111100111016105",1,101,11,1,11001,11016,5,3,17,,,,,,,,2,13,,,
"1101111100111016106",1,101,11,1,11001,11016,6,3,9,,,,,,,,3,,,,
"1101111100111016107",1,101,11,1,11001,11016,7,3,13,,,,,,,,2,3,,,
"1101111100111016108",1,101,11,1,11001,11016,8,3,5,6,10,11,13,17,,,2,5,7,12,13
"1101111100111016109",1,101,11,1,11001,11016,9,1,3,5,9,10,13,17,,,3,,,,
"1101111100111016110",1,101,11,1,11001,11016,10,3,5,9,12,17,,,,,2,2,5,7,12
"1101111100111016111",1,101,11,1,11001,11016,11,3,7,13,17,,,,,,2,3,4,7,12
"1101111100111016112",1,101,11,1,11001,11016,12,1,7,10,14,17,,,,,2,3,5,12,13
"1101111100111016113",1,101,11,1,11001,11016,13,3,7,12,13,17,,,,,2,3,5,7,12
"1101111100111016114",1,101,11,1,11001,11016,14,1,3,4,5,9,10,11,13,17,3,,,,
"1101111100111016115",1,101,11,1,11001,11016,15,3,9,13,17,,,,,,2,7,,,
"1101111100111016116",1,101,11,1,11001,11016,16,3,13,,,,,,,,2,12,,,
"1101111100111016117",1,101,11,1,11001,11016,17,3,9,17,,,,,,,2,7,8,,
"1101111100111016118",1,101,11,1,11001,11016,18,3,9,13,17,,,,,,3,,,,
"1101111100111016119",1,101,11,1,11001,11016,19,3,8,11,13,,,,,,2,2,3,7,13
"1101111100111016120",1,101,11,1,11001,11016,20,3,5,15,17,,,,,,2,5,7,,
"1101111100112002101",1,101,11,1,11001,12002,1,3,9,,,,,,,,2,5,,,
"1101111100112002102",1,101,11,1,11001,12002,2,3,13,17,,,,,,,2,5,7,13,
"1101111100112002103",1,101,11,1,11001,12002,3,3,9,11,17,,,,,,2,2,5,7,12
"1101111100112002104",1,101,11,1,11001,12002,4,3,5,8,9,,,,,,1,2,3,5,
"1101111100112002105",1,101,11,1,11001,12002,5,1,3,5,6,9,10,11,13,15,2,5,7,12,13
"1101111100112002106",1,101,11,1,11001,12002,6,3,5,9,10,11,12,13,15,,2,5,7,12,13
"1101111100112002107",1,101,11,1,11001,12002,7,1,3,5,9,10,13,15,17,,3,,,,
"1101111100112002108",1,101,11,1,11001,12002,8,3,,,,,,,,,2,,,,
"1101111100112002109",1,101,11,1,11001,12002,9,1,5,9,11,12,15,,,,3,,,,
"1101111100112002110",1,101,11,1,11001,12002,10,5,17,,,,,,,,2,5,,,
"1101111100112002111",1,101,11,1,11001,12002,11,3,9,17,,,,,,,2,,,,
"1101111100112002112",1,101,11,1,11001,12002,12,3,17,,,,,,,,1,2,12,,
"1101111100112002113",1,101,11,1,11001,12002,13,3,13,17,,,,,,,1,13,,,
"1101111100112002114",1,101,11,1,11001,12002,14,3,17,,,,,,,,2,13,,,
"1101111100112002115",1,101,11,1,11001,12002,15,17,99,,,,,,,,3,,,,
"1101111100112002116",1,101,11,1,11001,12002,16,3,12,17,,,,,,,2,7,13,,
"1101111100112002117",1,101,11,1,11001,12002,17,1,3,4,7,8,10,13,17,,1,3,7,12,13
"1101111100112002118",1,101,11,1,11001,12002,18,3,7,8,10,13,17,,,,2,3,7,12,13
"1101111100112002119",1,101,11,1,11001,12002,19,1,7,8,10,13,17,,,,1,2,3,7,8
"1101111100112002120",1,101,11,1,11001,12002,20,3,10,14,17,,,,,,2,2,7,12,13
"1101121200112024101",1,101,12,1,12001,12024,1,3,10,13,15,17,,,,,2,3,12,,
"1101121200112024102",1,101,12,1,12001,12024,2,3,13,17,,,,,,,2,3,12,,
"1101121200112024103",1,101,12,1,12001,12024,3,1,3,5,9,10,13,17,,,3,,,,
"1101121200112024104",1,101,12,1,12001,12024,4,1,3,5,10,11,12,17,,,3,,,,
"1101121200112024105",1,101,12,1,12001,12024,5,1,3,5,10,11,12,13,17,,2,12,,,
"1101121200112024106",1,101,12,1,12001,12024,6,3,10,13,,,,,,,2,4,,,
"1101121200112024107",1,101,12,1,12001,12024,7,3,13,,,,,,,,2,13,,,
"1101121200112024108",1,101,12,1,12001,12024,8,1,3,4,5,10,11,13,17,,2,5,12,,
"1101121200112024109",1,101,12,1,12001,12024,9,1,3,6,8,9,,,,,2,5,7,13,
"1101121200112024110",1,101,12,1,12001,12024,10,3,8,9,11,13,17,,,,2,5,7,,
"1101121200112024111",1,101,12,1,12001,12024,11,1,3,7,13,,,,,,2,3,8,12,13
"1101121200112024112",1,101,12,1,12001,12024,12,3,12,,,,,,,,2,5,,,
"1101121200112024113",1,101,12,1,12001,12024,13,3,5,,,,,,,,2,,,,
"1101121200112024114",1,101,12,1,12001,12024,14,3,9,,,,,,,,2,,,,
"1101121200112024115",1,101,12,1,12001,12024,15,1,3,,,,,,,,2,,,,
"1101121200112024116",1,101,12,1,12001,12024,16,3,9,17,,,,,,,2,3,5,,
"1101121200112024117",1,101,12,1,12001,12024,17,3,15,,,,,,,,2,5,,,
"1101121200112024118",1,101,12,1,12001,12024,18,1,3,13,15,,,,,,2,5,8,,
"1101121200112024119",1,101,12,1,12001,12024,19,3,13,14,17,,,,,,2,12,,,
"1101121200112024120",1,101,12,1,12001,12024,20,1,3,7,10,14,16,17,,,1,2,3,7,8
"1101121200112027103",1,101,12,1,12001,12027,3,3,,,,,,,,,2,,,,
"1101121200112027104",1,101,12,1,12001,12027,4,3,5,,,,,,,,2,5,,,
"1101121200112027105",1,101,12,1,12001,12027,5,1,3,4,7,13,17,,,,2,3,7,8,12
"1101121200112027106",1,101,12,1,12001,12027,6,3,4,8,13,17,,,,,1,3,7,8,12
"1101121200112027107",1,101,12,1,12001,12027,7,1,3,7,8,13,17,,,,2,2,3,7,13
"1101121200112027110",1,101,12,1,12001,12027,10,3,9,11,,,,,,,2,5,12,,
"1101121200112027113",1,101,12,1,12001,12027,13,3,5,9,10,11,12,13,15,17,2,3,5,7,12
"1101121200112028101",1,101,12,1,12001,12028,1,3,5,8,17,,,,,,2,5,7,,
"1101121200112028102",1,101,12,1,12001,12028,2,3,9,11,13,,,,,,2,3,7,12,
"1101121200112028103",1,101,12,1,12001,12028,3,3,17,,,,,,,,1,3,6,,
"1101121200112028104",1,101,12,1,12001,12028,4,3,13,,,,,,,,1,3,7,,
"1101121200112028105",1,101,12,1,12001,12028,5,13,17,,,,,,,,3,,,,
"1101121200112028106",1,101,12,1,12001,12028,6,1,3,5,6,9,10,13,17,,2,4,12,13,
"1101121200112028107",1,101,12,1,12001,12028,7,1,3,5,9,10,13,17,,,2,5,7,12,13
"1101121200112028108",1,101,12,1,12001,12028,8,1,3,5,10,12,17,,,,2,3,5,12,
"1101121200112028109",1,101,12,1,12001,12028,9,3,5,17,,,,,,,1,3,6,7,
"1101121200112028110",1,101,12,1,12001,12028,10,3,9,15,,,,,,,1,7,12,,
"1101121200112028111",1,101,12,1,12001,12028,11,3,7,10,17,,,,,,2,3,7,12,13
"1101121200112028112",1,101,12,1,12001,12028,12,3,7,13,17,,,,,,2,3,8,12,13
"1101121200112028113",1,101,12,1,12001,12028,13,3,7,13,17,,,,,,2,2,3,5,7
"1101121200112028114",1,101,12,1,12001,12028,14,3,7,13,17,,,,,,2,3,7,12,
"1101121200112028115",1,101,12,1,12001,12028,15,3,5,13,,,,,,,2,5,,,
"1101121200112028116",1,101,12,1,12001,12028,16,3,5,11,,,,,,,2,5,10,,
"1101121200112028117",1,101,12,1,12001,12028,17,3,5,9,,,,,,,2,5,,,
"1101121200112028118",1,101,12,1,12001,12028,18,3,13,,,,,,,,1,6,13,,
"1101121200112028119",1,101,12,1,12001,12028,19,3,13,,,,,,,,1,5,13,,
"1101121200112028120",1,101,12,1,12001,12028,20,3,5,9,,,,,,,,3,,,
"1101121200112031101",1,101,12,1,12001,12031,1,3,5,13,17,,,,,,2,12,13,,
"1101121200112031102",1,101,12,1,12001,12031,2,3,13,,,,,,,,2,3,12,,
"1101121200112031103",1,101,12,1,12001,12031,3,1,3,5,7,8,13,17,,,2,3,5,7,12
"1101121200112031104",1,101,12,1,12001,12031,4,3,5,7,8,13,17,,,,2,3,4,12,13
"1101121200112031105",1,101,12,1,12001,12031,5,3,5,7,8,13,17,,,,2,3,4,7,13
"1101121200112031106",1,101,12,1,12001,12031,6,1,3,5,7,8,10,13,17,,2,3,7,12,13
"1101121200112031107",1,101,12,1,12001,12031,7,1,3,10,13,15,17,,,,1,3,5,7,12
"1101121200112031108",1,101,12,1,12001,12031,8,3,13,,,,,,,,1,3,10,,
"1101121200112031109",1,101,12,1,12001,12031,9,3,13,16,17,,,,,,1,2,3,13,
"1101121200112031110",1,101,12,1,12001,12031,10,3,5,9,13,17,,,,,2,5,7,12,13
"1101121200112031111",1,101,12,1,12001,12031,11,3,9,17,,,,,,,2,7,12,,
"1101121200112031112",1,101,12,1,12001,12031,12,3,5,9,,,,,,,2,5,7,,
"1101121200112031113",1,101,12,1,12001,12031,13,3,5,9,10,11,,,,,2,10,13,,
"1101121200112031114",1,101,12,1,12001,12031,14,3,,,,,,,,,2,13,,,
"1101121200112031115",1,101,12,1,12001,12031,15,3,9,11,,,,,,,2,13,,,
"1101121200112031116",1,101,12,1,12001,12031,16,3,,,,,,,,,2,2,13,,
"1101121200112031117",1,101,12,1,12001,12031,17,3,9,,,,,,,,3,,,,
"1101121200112031118",1,101,12,1,12001,12031,18,3,8,9,10,11,15,17,,,3,,,,
"1101121200112031119",1,101,12,1,12001,12031,19,1,3,5,9,10,11,12,15,17,3,,,,
"1101121200112031120",1,101,12,1,12001,12031,20,1,3,9,10,13,15,17,,,2,7,12,13,
"1101121200112054101",1,101,12,1,12001,12054,1,10,3,4,5,9,1,11,2,7,,3,4,5,7
"1101121200112054102",1,101,12,1,12001,12054,2,10,3,4,5,7,9,1,11,2,,3,4,5,7
"1101121200112054103",1,101,12,1,12001,12054,3,10,3,5,9,1,11,3,7,2,,3,5,,2
"1101121200112054104",1,101,12,1,12001,12054,4,3,7,,,,,,,2,,5,,,1
"1101121200112054105",1,101,12,1,12001,12054,5,3,5,,,,,,,1,,,,,2
"1101121200112054106",1,101,12,1,12001,12054,6,3,2,,,,,,,2,,5,,,2
"1101121200112054107",1,101,12,1,12001,12054,7,3,3,7,,,,,,2,,3,7,8,2
"1101121200112054108",1,101,12,1,12001,12054,8,3,1,,,,,,,3,,,,,1
"1101121200112054109",1,101,12,1,12001,12054,9,3,3,5,7,,,,,2,,3,,,2
"1101121200112054110",1,101,12,1,12001,12054,10,3,1,3,,,,,,2,,5,,,2
"1101121200112054111",1,101,12,1,12001,12054,11,3,11,7,,,,,,2,,3,,,2
"1101121200112054112",1,101,12,1,12001,12054,12,3,7,3,5,,,,,2,,2,,,2
"1101121200112054113",1,101,12,1,12001,12054,13,3,8,1,11,2,3,,,2,,2,5,2,3
"1101121200112054114",1,101,12,1,12001,12054,14,10,3,4,5,7,,,,2,,3,7,,2
"1101121200112054115",1,101,12,1,12001,12054,15,10,3,5,6,9,1,11,2,3,,,,,2
"1101121200112054116",1,101,12,1,12001,12054,16,3,4,5,8,9,3,,,2,,3,7,8,2
"1101121200112054117",1,101,12,1,12001,12054,17,3,1,3,,,,,,2,,3,2,3,1
"1101121200112054118",1,101,12,1,12001,12054,18,10,3,9,,,,,,2,,3,,,1
"1101121200112054119",1,101,12,1,12001,12054,19,3,5,7,1,1,,,,1,,3,5,7,2
"1101121200112054120",1,101,12,1,12001,12054,20,3,1,3,,,,,,2,,5,2,,2
"2201202000120629101",2,201,20,1,20001,20629,1,3,4,13,,,,,,,2,12,,,
"2201202000120629102",2,201,20,1,20001,20629,2,3,12,13,,,,,,,2,5,,,
"2201202000120629103",2,201,20,1,20001,20629,3,3,13,,,,,,,,3,,,,
"2201202000120629104",2,201,20,1,20001,20629,4,5,15,17,,,,,,,2,7,12,,
"2201202000120629105",2,201,20,1,20001,20629,5,1,5,,,,,,,,2,3,,,
"2201202000120629106",2,201,20,1,20001,20629,6,1,15,17,,,,,,,1,13,,,
"2201202000120629107",2,201,20,1,20001,20629,7,5,17,,,,,,,,2,12,13,,
"2201202000120629108",2,201,20,1,20001,20629,8,13,17,,,,,,,,3,,,,
"2201202000120629109",2,201,20,1,20001,20629,9,5,17,,,,,,,,3,,,,
"2201202000120629110",2,201,20,1,20001,20629,10,1,4,10,,,,,,,2,3,,,
"2201202000120629111",2,201,20,1,20001,20629,11,13,17,,,,,,,,2,12,,,
"2201202000120629112",2,201,20,1,20001,20629,12,3,13,,,,,,,,2,13,,,
"2201202000120629113",2,201,20,1,20001,20629,13,3,13,,,,,,,,2,,,,
"2201202000120629114",2,201,20,1,20001,20629,14,3,4,,,,,,,,3,,,,
"2201202000120629115",2,201,20,1,20001,20629,15,1,12,,,,,,,,3,,,,
"2201202000120629116",2,201,20,1,20001,20629,16,3,4,,,,,,,,2,12,,,
"2201202000120629117",2,201,20,1,20001,20629,17,3,17,,,,,,,,2,13,,,
"2201202000120629118",2,201,20,1,20001,20629,18,3,5,7,,,,,,,1,13,,,
"2201202000120629119",2,201,20,1,20001,20629,19,2,4,13,,,,,,,2,12,,,
"2201202000120629120",2,201,20,1,20001,20629,20,2,13,,,,,,,,2,6,,,
"2201202000120632101",2,201,20,1,20001,20632,1,3,5,3,7,,,,,2,,1,2,,2
"2201202000120632102",2,201,20,1,20001,20632,2,10,5,7,9,,,,,2,,,,,2
"2201202000120632103",2,201,20,1,20001,20632,3,3,,,,,,,,3,,,,,2
"2201202000120632104",2,201,20,1,20001,20632,4,10,3,5,9,1,,,,1,,1,3,,2
"2201202000120632105",2,201,20,1,20001,20632,5,10,3,5,9,11,3,7,,2,,1,2,,1
"2201202000120632106",2,201,20,1,20001,20632,6,3,3,7,,,,,,1,,3,,,1
"2201202000120632107",2,201,20,1,20001,20632,7,3,5,9,3,7,,,,2,,4,,,2
"2201202000120632108",2,201,20,1,20001,20632,8,3,9,3,7,,,,,2,,4,1,3,1
"2201202000120632109",2,201,20,1,20001,20632,9,3,2,,,,,,,2,,1,2,,2
"2201202000120632110",2,201,20,1,20001,20632,10,3,5,3,7,,,,,2,,4,2,3,2
"2201202000120632111",2,201,20,1,20001,20632,11,5,9,,,,,,,2,,1,3,,2
"2201202000120632112",2,201,20,1,20001,20632,12,3,5,11,3,7,,,,2,,4,1,3,2
"2201202000120632113",2,201,20,1,20001,20632,13,3,9,,,,,,,2,,1,3,,2
"2201202000120632114",2,201,20,1,20001,20632,14,3,5,3,,,,,,2,,4,,,2
"2201202000120632115",2,201,20,1,20001,20632,15,3,3,7,,,,,,,,,,,1
"2201202000120632116",2,201,20,1,20001,20632,16,3,5,9,3,7,,,,3,,,,,2
"2201202000120632117",2,201,20,1,20001,20632,17,4,9,7,,,,,,2,,2,3,1,3
"2201202000120632118",2,201,20,1,20001,20632,18,3,3,7,,,,,,2,,1,3,,1
"2201202000120632119",2,201,20,1,20001,20632,19,3,4,7,,,,,,2,,2,1,3,2
"2201202000120632120",2,201,20,1,20001,20632,20,3,5,9,7,,,,,2,,1,2,3,2
"2201202000120633101",2,201,20,1,20001,20633,1,13,17,,,,,,,,2,13,,,
"2201202000120633102",2,201,20,1,20001,20633,2,1,3,13,17,,,,,,2,12,13,,
"2201202000120633103",2,201,20,1,20001,20633,3,1,3,5,7,9,13,17,,,2,3,4,5,12
"2201202000120633104",2,201,20,1,20001,20633,4,13,,,,,,,,,2,5,,,
"2201202000120633105",2,201,20,1,20001,20633,5,1,3,13,17,,,,,,2,5,12,13,
"2201202000120633106",2,201,20,1,20001,20633,6,3,7,13,17,,,,,,2,5,,,
"2201202000120633107",2,201,20,1,20001,20633,7,1,3,7,9,13,17,,,,2,2,3,4,13
"2201202000120633108",2,201,20,1,20001,20633,8,1,2,3,5,7,9,13,14,16,2,5,,,
"2201202000120633109",2,201,20,1,20001,20633,9,1,13,17,,,,,,,2,5,13,,
"2201202000120633110",2,201,20,1,20001,20633,10,1,5,17,,,,,,,2,5,13,,
"2201202000120633111",2,201,20,1,20001,20633,11,3,7,12,17,,,,,,3,,,,
"2201202000120633112",2,201,20,1,20001,20633,12,1,3,9,13,14,16,,,,2,5,,,
"2201202000120633113",2,201,20,1,20001,20633,13,1,3,7,17,,,,,,2,5,13,,
"2201202000120633114",2,201,20,1,20001,20633,14,1,3,5,7,9,13,17,,,2,3,12,13,
"2201202000120633115",2,201,20,1,20001,20633,15,1,7,9,12,13,,,,,2,5,12,13,
"2201202000120633116",2,201,20,1,20001,20633,16,3,7,9,13,17,,,,,2,5,13,,
"2201202000120633117",2,201,20,1,20001,20633,17,3,7,9,13,15,,,,,2,3,12,,
"2201202000120633118",2,201,20,1,20001,20633,18,3,7,9,13,17,,,,,3,,,,
"2201202000120633119",2,201,20,1,20001,20633,19,3,7,13,17,,,,,,2,13,,,
"2201202000120633120",2,201,20,1,20001,20633,20,13,17,,,,,,,,2,5,13,,
"2201202000320016101",2,201,20,1,20003,20016,1,3,,,,,,,,,2,,,,
"2201202000320016102",2,201,20,1,20003,20016,2,3,,,,,,,,,2,10,,,
"2201202000320016103",2,201,20,1,20003,20016,3,3,,,,,,,,,2,13,,,
"2201202000320016104",2,201,20,1,20003,20016,4,3,9,13,,,,,,,2,13,,,
"2201202000320016105",2,201,20,1,20003,20016,5,1,3,5,9,10,13,15,,,2,5,7,12,13
"2201202000320016106",2,201,20,1,20003,20016,6,3,5,6,7,8,9,10,11,12,2,5,7,8,10
"2201202000320016107",2,201,20,1,20003,20016,7,1,3,5,9,10,11,12,15,17,3,,,,
"2201202000320016108",2,201,20,1,20003,20016,8,3,13,17,,,,,,,2,2,3,11,13
"2201202000320016109",2,201,20,1,20003,20016,9,1,3,8,9,10,11,13,15,17,2,5,7,12,13
"2201202000320016110",2,201,20,1,20003,20016,10,3,9,13,,,,,,,2,2,3,7,
"2201202000320016111",2,201,20,1,20003,20016,11,3,5,9,12,,,,,,2,3,13,,
"2201202000320016112",2,201,20,1,20003,20016,12,3,5,9,13,,,,,,2,7,12,,
"2201202000320016113",2,201,20,1,20003,20016,13,3,5,9,11,13,,,,,2,7,8,13,
"2201202000320016114",2,201,20,1,20003,20016,14,3,,,,,,,,,2,3,,,
"2201202000320016115",2,201,20,1,20003,20016,15,3,17,,,,,,,,2,3,13,,
"2201202000320016116",2,201,20,1,20003,20016,16,3,13,,,,,,,,2,5,,,
"2201202000320016117",2,201,20,1,20003,20016,17,1,3,7,8,13,17,,,,2,3,5,7,8
"2201202000320016118",2,201,20,1,20003,20016,18,3,5,7,8,10,13,17,,,2,3,5,7,8
"2201202000320016119",2,201,20,1,20003,20016,19,1,3,7,8,13,,,,,2,2,3,7,8
"2201202000320016120",2,201,20,1,20003,20016,20,1,3,7,8,13,17,,,,2,3,7,8,12
"2201202000320016121",2,201,20,1,20003,20016,21,3,,,,,,,,,1,,,,
"2201202000320033101",2,201,20,1,20003,20033,1,3,9,13,15,,,,,,2,7,,,
"2201202000320033102",2,201,20,1,20003,20033,2,2,3,9,10,,,,,,2,5,7,,
"2201202000320033103",2,201,20,1,20003,20033,3,3,5,10,11,,,,,,3,,,,
"2201202000320033104",2,201,20,1,20003,20033,4,1,3,5,9,10,13,17,,,3,,,,
"2201202000320033105",2,201,20,1,20003,20033,5,1,3,5,9,10,14,17,,,3,,,,
"2201202000320033106",2,201,20,1,20003,20033,6,2,4,9,11,13,,,,,2,5,12,,
"2201202000320033107",2,201,20,1,20003,20033,7,3,5,9,10,11,12,,,,3,,,,
"2201202000320033108",2,201,20,1,20003,20033,8,1,3,5,9,13,17,,,,,,,,
"2201202000320033109",2,201,20,1,20003,20033,9,3,,,,,,,,,2,99,,,
"2201202000320033110",2,201,20,1,20003,20033,10,3,9,11,,,,,,,2,10,,,
"2201202000320033111",2,201,20,1,20003,20033,11,3,7,13,17,,,,,,2,10,,,
"2201202000320033112",2,201,20,1,20003,20033,12,3,7,17,,,,,,,2,,,,
"2201202000320033113",2,201,20,1,20003,20033,13,1,3,13,17,,,,,,3,,,,
"2201202000320033114",2,201,20,1,20003,20033,14,3,9,13,17,,,,,,3,,,,
"2201202000320033115",2,201,20,1,20003,20033,15,1,3,7,13,17,,,,,1,2,3,5,7
"2201202000320033116",2,201,20,1,20003,20033,16,3,11,13,17,,,,,,1,3,5,7,8
"2201202000320033117",2,201,20,1,20003,20033,17,3,13,,,,,,,,2,,,,
"2201202000320033118",2,201,20,1,20003,20033,18,3,13,,,,,,,,2,,,,
"2201202000320033119",2,201,20,1,20003,20033,19,3,13,15,,,,,,,3,,,,
"2201202000320033120",2,201,20,1,20003,20033,20,1,3,,,,,,,,3,,,,
"2201202000320033121",2,201,20,1,20003,20033,21,3,6,9,10,11,12,13,15,17,2,12,13,,
"2201202000320035101",2,201,20,1,20003,20035,1,3,9,13,15,,,,,,2,7,,,
"2201202000320035102",2,201,20,1,20003,20035,2,3,5,7,9,13,,,,,2,3,7,12,
"2201202000320035103",2,201,20,1,20003,20035,3,3,13,,,,,,,,2,12,,,
"2201202000320035104",2,201,20,1,20003,20035,4,3,7,9,13,,,,,,3,,,,
"2201202000320035105",2,201,20,1,20003,20035,5,3,7,8,9,13,,,,,3,,,,
"2201202000320035106",2,201,20,1,20003,20035,6,3,7,13,17,,,,,,2,3,7,12,13
"2201202000320035107",2,201,20,1,20003,20035,7,3,13,17,,,,,,,1,2,3,13,
"2201202000320035108",2,201,20,1,20003,20035,8,1,3,5,9,,,,,,3,,,,
"2201202000320035109",2,201,20,1,20003,20035,9,1,3,,,,,,,,3,,,,
"2201202000320035110",2,201,20,1,20003,20035,10,3,9,,,,,,,,2,,,,
"2201202000320035111",2,201,20,1,20003,20035,11,9,13,15,,,,,,,1,3,5,,
"2201202000320035112",2,201,20,1,20003,20035,12,3,9,15,17,,,,,,2,3,5,7,
"2201202000320035113",2,201,20,1,20003,20035,13,3,5,8,10,,,,,,2,5,7,12,13
"2201202000320035114",2,201,20,1,20003,20035,14,3,9,17,,,,,,,2,2,7,13,
"2201202000320035115",2,201,20,1,20003,20035,15,1,5,10,13,,,,,,2,5,7,13,
"2201202000320035116",2,201,20,1,20003,20035,16,3,6,,,,,,,,2,13,,,
"2201202000320035117",2,201,20,1,20003,20035,17,1,3,5,9,10,12,13,11,17,2,3,5,7,13
"2201202000320035118",2,201,20,1,20003,20035,18,3,13,,,,,,,,2,3,,,
"2201202000320035119",2,201,20,1,20003,20035,19,1,3,5,9,10,12,13,17,,2,5,7,12,13
"2201202000320035120",2,201,20,1,20003,20035,20,1,3,5,6,9,10,12,15,17,1,3,5,7,13
"2201202000320036101",2,201,20,1,20003,20036,1,3,4,8,9,13,17,,,,1,2,3,12,13
"2201202000320036102",2,201,20,1,20003,20036,2,1,2,3,7,13,17,,,,2,3,7,8,12
"2201202000320036103",2,201,20,1,20003,20036,3,3,5,10,11,,,,,,3,,,,
"2201202000320036104",2,201,20,1,20003,20036,4,1,3,5,9,10,13,17,,,3,,,,
"2201202000320036105",2,201,20,1,20003,20036,5,1,3,17,,,,,,,2,10,,,
"2201202000320036106",2,201,20,1,20003,20036,6,2,3,7,13,17,,,,,3,,,,
"2201202000320036107",2,201,20,1,20003,20036,7,3,5,9,10,11,12,,,,3,,,,
"2201202000320036108",2,201,20,1,20003,20036,8,1,3,5,9,13,17,,,,3,,,,
"2201202000320036109",2,201,20,1,20003,20036,9,3,,,,,,,,,2,99,,,
"2201202000320036110",2,201,20,1,20003,20036,10,3,9,11,,,,,,,2,10,,,
"2201202000320036111",2,201,20,1,20003,20036,11,3,7,17,,,,,,,2,10,,,
"2201202000320036112",2,201,20,1,20003,20036,12,3,7,17,,,,,,,2,,,,
"2201202000320036113",2,201,20,1,20003,20036,13,3,,,,,,,,,2,13,2,,
"2201202000320036114",2,201,20,1,20003,20036,14,3,,,,,,,,,2,12,,,
"2201202000320036115",2,201,20,1,20003,20036,15,3,,,,,,,,,2,,,,
"2201202000320036116",2,201,20,1,20003,20036,16,1,2,9,11,17,,,,,2,7,12,,
"2201202000320036117",2,201,20,1,20003,20036,17,1,9,10,11,12,13,15,,,2,5,7,,
"2201202000320036118",2,201,20,1,20003,20036,18,3,9,13,,,,,,,2,5,7,,
"2201202000320036119",2,201,20,1,20003,20036,19,3,4,7,13,17,,,,,1,3,7,12,13
"2201202000320036120",2,201,20,1,20003,20036,20,3,13,9,17,,,,,,2,2,7,12,
"2201202000320053101",2,201,20,1,20003,20053,1,3,13,17,,,,,,,2,13,,,
"2201202000320053102",2,201,20,1,20003,20053,2,3,12,17,,,,,,,1,2,13,,
"2201202000320053103",2,201,20,1,20003,20053,3,3,13,17,,,,,,,2,12,,,
"2201202000320053104",2,201,20,1,20003,20053,4,3,17,,,,,,,,2,5,13,,
"2201202000320053105",2,201,20,1,20003,20053,5,3,17,,,,,,,,2,13,,,
"2201202000320053106",2,201,20,1,20003,20053,6,3,,,,,,,,,2,13,,,
"2201202000320053107",2,201,20,1,20003,20053,7,3,17,,,,,,,,2,13,,,
"2201202000320053108",2,201,20,1,20003,20053,8,3,17,,,,,,,,2,13,,,
"2201202000320053109",2,201,20,1,20003,20053,9,1,3,5,9,10,11,12,13,15,2,5,7,12,13
"2201202000320053110",2,201,20,1,20003,20053,10,1,3,6,9,10,13,15,,,3,,,,
"2201202000320053111",2,201,20,1,20003,20053,11,1,3,5,9,10,11,12,13,15,2,5,7,12,13
"2201202000320053112",2,201,20,1,20003,20053,12,1,3,5,9,10,11,12,13,15,3,,,,
"2201202000320053113",2,201,20,1,20003,20053,13,1,3,7,8,11,13,17,,,2,2,7,12,13
"2201202000320053114",2,201,20,1,20003,20053,14,3,4,8,13,17,,,,,2,3,6,7,12
"2201202000320053115",2,201,20,1,20003,20053,15,1,3,7,8,17,,,,,2,2,3,7,12
"2201202000320053116",2,201,20,1,20003,20053,16,3,7,13,17,,,,,,1,2,3,7,8
"2201202000320053117",2,201,20,1,20003,20053,17,3,5,9,,,,,,,2,3,7,,
"2201202000320053118",2,201,20,1,20003,20053,18,1,3,9,10,,,,,,2,7,13,,
"2201202000320053119",2,201,20,1,20003,20053,19,3,5,8,9,,,,,,2,7,12,,
"2201202000320053120",2,201,20,1,20003,20053,20,1,3,9,17,,,,,,3,,,,
"2201202000420220101",2,201,20,1,20004,20220,1,3,7,8,9,13,17,,,,2,3,4,5,7
"2201202000420220103",2,201,20,1,20004,20220,3,3,8,14,17,,,,,,2,3,7,8,12
"2201202000420220104",2,201,20,1,20004,20220,4,1,3,7,8,13,17,,,,2,3,4,5,8
"2201202000420220105",2,201,20,1,20004,20220,5,3,13,15,17,,,,,,2,3,,,
"2201202000420220106",2,201,20,1,20004,20220,6,3,13,,,,,,,,2,7,,,
"2201202000420220107",2,201,20,1,20004,20220,7,1,3,4,5,6,9,11,12,13,2,7,12,13,
"2201202000420220108",2,201,20,1,20004,20220,8,3,13,,,,,,,,1,2,3,13,
"2201202000420220109",2,201,20,1,20004,20220,9,3,,,,,,,,,2,12,13,,
"2201202000420220110",2,201,20,1,20004,20220,10,3,,,,,,,,,2,,,,
"2201202000420220111",2,201,20,1,20004,20220,11,13,,,,,,,,,2,,,,
"2201202000420220112",2,201,20,1,20004,20220,12,3,,,,,,,,,2,,,,
"2201202000420220113",2,201,20,1,20004,20220,13,3,,,,,,,,,3,,,,
"2201202000420220114",2,201,20,1,20004,20220,14,1,3,5,9,15,,,,,2,5,12,13,
"2201202000420220115",2,201,20,1,20004,20220,15,3,5,6,8,9,10,11,12,13,2,5,12,,
"2201202000420220116",2,201,20,1,20004,20220,16,3,9,10,11,12,13,15,17,,3,,,,
"2201202000420220117",2,201,20,1,20004,20220,17,3,8,13,14,,,,,,2,5,7,,
"2201202000420220118",2,201,20,1,20004,20220,18,3,9,13,15,,,,,,2,8,,,
"2201202000420220119",2,201,20,1,20004,20220,19,3,4,5,9,17,,,,,2,8,,,
"2201202000420220120",2,201,20,1,20004,20220,20,3,5,9,,,,,,,2,12,13,,
"2201202000420222101",2,201,20,1,20004,20222,1,3,13,,,,,,,,1,2,13,,
"2201202000420222102",2,201,20,1,20004,20222,2,3,15,17,,,,,,,2,13,,,
"2201202000420222103",2,201,20,1,20004,20222,3,3,9,12,,,,,,,1,10,,,
"2201202000420222104",2,201,20,1,20004,20222,4,3,17,,,,,,,,2,12,13,,
"2201202000420222105",2,201,20,1,20004,20222,5,3,4,7,13,17,,,,,2,2,3,7,12
"2201202000420222106",2,201,20,1,20004,20222,6,3,5,17,,,,,,,2,7,12,,
"2201202000420222107",2,201,20,1,20004,20222,7,3,5,9,13,,,,,,2,7,13,,
"2201202000420222108",2,201,20,1,20004,20222,8,1,3,4,7,13,17,,,,,2,3,7,8
"2201202000420222109",2,201,20,1,20004,20222,9,3,5,9,,,,,,,2,7,13,,
"2201202000420222110",2,201,20,1,20004,20222,10,3,13,17,,,,,,,2,7,,,
"2201202000420222111",2,201,20,1,20004,20222,11,3,4,8,13,17,,,,,2,2,3,7,8
"2201202000420222112",2,201,20,1,20004,20222,12,3,,,,,,,,,2,5,,,
"2201202000420222113",2,201,20,1,20004,20222,13,3,,,,,,,,,2,,,,
"2201202000420222114",2,201,20,1,20004,20222,14,3,5,,,,,,,,2,5,,,
"2201202000420222115",2,201,20,1,20004,20222,15,3,,,,,,,,,2,5,,,
"2201202000420222116",2,201,20,1,20004,20222,16,1,3,9,10,11,12,15,,,2,5,7,,
"2201202000420222117",2,201,20,1,20004,20222,17,1,3,12,17,,,,,,2,5,7,13,
"2201202000420222118",2,201,20,1,20004,20222,18,1,,,,,,,,,1,2,3,4,5
"2201202000420222119",2,201,20,1,20004,20222,19,1,9,11,13,15,17,,,,2,5,7,,
"2201202000420222120",2,201,20,1,20004,20222,20,2,3,4,7,13,17,,,,2,2,7,8,12
"2201202000420223101",2,201,20,1,20004,20223,1,3,5,7,,,,,,2,,3,3,,2
"2201202000420223102",2,201,20,1,20004,20223,2,3,3,7,,,,,,2,,3,2,3,2
"2201202000420223103",2,201,20,1,20004,20223,3,3,5,3,,,,,,2,,3,3,,2
"2201202000420223104",2,201,20,1,20004,20223,4,3,3,7,,,,,,2,,3,,,2
"2201202000420223105",2,201,20,1,20004,20223,5,3,9,7,,,,,,2,,2,,,2
"2201202000420223106",2,201,20,1,20004,20223,6,3,9,,,,,,,2,,,,,1
"2201202000420223107",2,201,20,1,20004,20223,7,3,11,2,,,,,,2,,,,,1
"2201202000420223108",2,201,20,1,20004,20223,8,3,9,7,,,,,,2,,9,3,,2
"2201202000420223109",2,201,20,1,20004,20223,9,3,5,9,3,,,,,2,,3,5,,2
"2201202000420223110",2,201,20,1,20004,20223,10,10,3,5,1,,,,,2,,5,3,,2
"2201202000420223111",2,201,20,1,20004,20223,11,5,3,5,,,,,,2,,5,6,,2
"2201202000420223112",2,201,20,1,20004,20223,12,3,5,5,,,,,,2,,6,,,2
"2201202000420223113",2,201,20,1,20004,20223,13,3,7,3,7,,,,,2,,5,7,8,2
"2201202000420223114",2,201,20,1,20004,20223,14,3,1,11,4,7,,,,3,,,,,1
"2201202000420223115",2,201,20,1,20004,20223,15,10,3,5,1,7,,,,3,,,,,2
"2201202000420223116",2,201,20,1,20004,20223,16,10,3,9,1,3,7,,,2,,5,2,3,2
"2201202000420223117",2,201,20,1,20004,20223,17,3,1,3,7,,,,,3,,,,,2
"2201202000420223118",2,201,20,1,20004,20223,18,3,7,9,7,,,,,2,,3,7,8,2
"2201202000420223119",2,201,20,1,20004,20223,19,3,7,3,7,,,,,2,,3,5,7,8
"2201202000420223120",2,201,20,1,20004,20223,20,3,7,1,,,,,,2,,3,5,7,2
"2201202000420239101",2,201,20,1,20004,20239,1,3,,,,,,,,,2,13,,,
"2201202000420239102",2,201,20,1,20004,20239,2,1,4,9,,,,,,,2,12,,,
"2201202000420239103",2,201,20,1,20004,20239,3,3,17,,,,,,,,2,13,,,
"2201202000420239104",2,201,20,1,20004,20239,4,3,5,,,,,,,,2,,,,
"2201202000420239105",2,201,20,1,20004,20239,5,3,,,,,,,,,2,,,,
"2201202000420239106",2,201,20,1,20004,20239,6,1,3,4,5,7,8,13,17,,2,3,5,7,13
"2201202000420239107",2,201,20,1,20004,20239,7,3,9,13,,,,,,,2,3,7,12,
"2201202000420239108",2,201,20,1,20004,20239,8,1,3,9,10,11,12,13,15,,2,5,7,12,13
"2201202000420239109",2,201,20,1,20004,20239,9,9,10,12,,,,,,,2,12,,,
"2201202000420239110",2,201,20,1,20004,20239,10,3,13,17,,,,,,,2,2,3,13,
"2201202000420239111",2,201,20,1,20004,20239,11,3,13,,,,,,,,2,3,,,
"2201202000420239112",2,201,20,1,20004,20239,12,1,3,4,7,8,13,17,,,2,2,3,7,12
"2201202000420239113",2,201,20,1,20004,20239,13,1,3,4,13,15,,,,,2,2,3,12,13
"2201202000420239114",2,201,20,1,20004,20239,14,1,3,7,8,13,17,,,,2,2,3,7,13
"2201202000420239115",2,201,20,1,20004,20239,15,3,13,,,,,,,,2,13,,,
"2201202000420239116",2,201,20,1,20004,20239,16,3,13,,,,,,,,1,3,10,,
"2201202000420239117",2,201,20,1,20004,20239,17,3,9,17,,,,,,,2,12,,,
"2201202000420239118",2,201,20,1,20004,20239,18,1,3,5,8,10,11,13,15,17,2,2,5,7,13
"2201202000420239119",2,201,20,1,20004,20239,19,3,5,9,10,12,13,15,17,11,2,3,5,7,13
"2201202000420239120",2,201,20,1,20004,20239,20,1,3,4,9,10,11,12,15,,2,3,5,7,13
"2201202000520460101",2,201,20,1,20005,20460,1,3,5,9,17,,,,,,2,5,13,,
"2201202000520460102",2,201,20,1,20005,20460,2,3,9,10,,,,,,,2,,,,
"2201202000520460103",2,201,20,1,20005,20460,3,3,4,13,,,,,,,2,13,,,
"2201202000520460104",2,201,20,1,20005,20460,4,3,5,9,11,,,,,,2,5,13,,
"2201202000520460105",2,201,20,1,20005,20460,5,1,3,4,5,7,9,11,13,17,2,2,3,4,5
"2201202000520460106",2,201,20,1,20005,20460,6,1,3,4,7,8,9,12,17,,2,2,3,4,5
"2201202000520460107",2,201,20,1,20005,20460,7,1,3,4,7,9,12,13,15,17,2,2,3,4,5
"2201202000520460108",2,201,20,1,20005,20460,8,2,3,4,7,9,11,12,13,15,2,3,5,7,13
"2201202000520460109",2,201,20,1,20005,20460,9,1,3,7,10,13,17,,,,2,3,8,10,13
"2201202000520460110",2,201,20,1,20005,20460,10,1,3,8,10,13,17,,,,2,3,8,10,13
"2201202000520460111",2,201,20,1,20005,20460,11,1,3,7,13,17,,,,,2,3,7,10,13
"2201202000520460112",2,201,20,1,20005,20460,12,13,17,,,,,,,,2,13,,,
"2201202000520460113",2,201,20,1,20005,20460,13,3,17,,,,,,,,3,,,,
"2201202000520460114",2,201,20,1,20005,20460,14,3,17,,,,,,,,1,12,13,,
"2201202000520460115",2,201,20,1,20005,20460,15,4,13,17,,,,,,,2,4,8,,
"2201202000520460116",2,201,20,1,20005,20460,16,1,3,10,13,17,,,,,2,3,8,13,
"2201202000520460117",2,201,20,1,20005,20460,17,1,3,17,,,,,,,2,2,3,13,
"2201202000520460118",2,201,20,1,20005,20460,18,1,7,17,,,,,,,3,,,,
"2201202000520460119",2,201,20,1,20005,20460,19,1,3,7,17,,,,,,2,2,3,5,13
"2201202000520460120",2,201,20,1,20005,20460,20,1,3,7,17,,,,,,2,2,5,,
"2201202000520477101",2,201,20,1,20005,20477,1,3,17,,,,,,,,2,13,,,
"2201202000520477102",2,201,20,1,20005,20477,2,3,13,17,,,,,,,3,,,,
"2201202000520477103",2,201,20,1,20005,20477,3,1,3,13,,,,,,,3,,,,
"2201202000520477104",2,201,20,1,20005,20477,4,1,3,7,13,17,,,,,2,3,7,13,
"2201202000520477105",2,201,20,1,20005,20477,5,1,3,10,13,17,,,,,2,3,7,8,13
"2201202000520477106",2,201,20,1,20005,20477,6,1,3,7,10,13,17,,,,2,3,7,8,13
"2201202000520477107",2,201,20,1,20005,20477,7,1,3,7,10,13,17,,,,2,3,7,8,13
"2201202000520477108",2,201,20,1,20005,20477,8,1,3,10,13,17,,,,,2,3,7,8,13
"2201202000520477109",2,201,20,1,20005,20477,9,1,3,4,9,11,13,15,17,7,2,2,3,4,8
"2201202000520477110",2,201,20,1,20005,20477,10,1,3,4,7,9,11,13,15,17,2,2,3,5,10
"2201202000520477111",2,201,20,1,20005,20477,11,1,3,5,9,12,15,16,17,2,2,2,3,5,13
"2201202000520477112",2,201,20,1,20005,20477,12,1,3,4,7,9,11,13,15,17,2,3,2,5,7
"2201202000520477113",2,201,20,1,20005,20477,13,1,2,3,4,7,8,9,15,17,2,3,5,7,13
"2201202000520477114",2,201,20,1,20005,20477,14,1,3,15,,,,,,,2,13,,,
"2201202000520477115",2,201,20,1,20005,20477,15,3,13,,,,,,,,2,99,,,
"2201202000520477116",2,201,20,1,20005,20477,16,3,5,13,,,,,,,2,5,,,
"2201202000520477117",2,201,20,1,20005,20477,17,1,3,5,99,,,,,,2,4,5,,
"2201202000520477118",2,201,20,1,20005,20477,18,3,5,,,,,,,,2,,,,
"2201202000520477119",2,201,20,1,20005,20477,19,3,9,,,,,,,,2,5,,,
"2201202000520477120",2,201,20,1,20005,20477,20,3,13,17,,,,,,,2,12,,,
"2201202000520479101",2,201,20,1,20005,20479,1,1,3,4,7,9,13,15,17,,2,2,3,5,12
"2201202000520479102",2,201,20,1,20005,20479,2,3,4,11,12,13,15,,,,1,2,5,7,12
"2201202000520479103",2,201,20,1,20005,20479,3,4,13,,,,,,,,2,10,12,13,
"2201202000520479104",2,201,20,1,20005,20479,4,3,13,17,,,,,,,3,,,,
"2201202000520479105",2,201,20,1,20005,20479,5,3,5,9,11,13,,,,,2,5,10,13,
"2201202000520479106",2,201,20,1,20005,20479,6,4,9,11,12,13,14,15,16,17,3,,,,
"2201202000520479107",2,201,20,1,20005,20479,7,3,9,13,,,,,,,3,,,,
"2201202000520479108",2,201,20,1,20005,20479,8,1,4,7,13,17,,,,,2,2,5,7,
"2201202000520479109",2,201,20,1,20005,20479,9,1,3,9,13,14,17,,,,2,3,11,13,
"2201202000520479110",2,201,20,1,20005,20479,10,1,3,15,17,,,,,,2,2,3,5,10
"2201202000520479111",2,201,20,1,20005,20479,11,3,5,17,,,,,,,2,2,6,12,
"2201202000520479112",2,201,20,1,20005,20479,12,3,4,5,17,,,,,,2,3,5,10,12
"2201202000520479113",2,201,20,1,20005,20479,13,1,3,13,17,,,,,,1,2,3,7,10
"2201202000520479114",2,201,20,1,20005,20479,14,3,7,9,13,15,17,,,,2,3,13,,
"2201202000520479115",2,201,20,1,20005,20479,15,3,7,9,12,17,,,,,3,,,,
"2201202000520479116",2,201,20,1,20005,20479,16,3,4,9,13,15,17,,,,2,2,5,,
"2201202000520479117",2,201,20,1,20005,20479,17,1,3,4,12,15,,,,,2,2,5,13,
"2201202000520479118",2,201,20,1,20005,20479,18,3,13,17,,,,,,,2,7,,,
"2201202000520479119",2,201,20,1,20005,20479,19,1,3,5,13,15,17,,,,3,,,,
"2201202000520479120",2,201,20,1,20005,20479,20,3,4,12,,,,,,,2,2,5,7,12
"2201202000520480101",2,201,20,1,20005,20480,1,1,13,17,,,,,,,2,13,,,
"2201202000520480102",2,201,20,1,20005,20480,2,1,3,5,8,9,10,11,12,13,1,12,,,
"2201202000520480103",2,201,20,1,20005,20480,3,3,13,,,,,,,,2,5,7,,
"2201202000520480104",2,201,20,1,20005,20480,4,1,13,17,,,,,,,2,5,13,,
"2201202000520480105",2,201,20,1,20005,20480,5,1,2,7,8,12,13,15,17,,1,2,3,5,13
"2201202000520480106",2,201,20,1,20005,20480,6,1,3,8,12,13,15,17,,,2,2,5,12,13
"2201202000520480107",2,201,20,1,20005,20480,7,1,9,13,17,,,,,,2,13,,,
"2201202000520480108",2,201,20,1,20005,20480,8,13,17,,,,,,,,2,5,,,
"2201202000520480109",2,201,20,1,20005,20480,9,1,3,8,9,13,17,,,,2,5,,,
"2201202000520480110",2,201,20,1,20005,20480,10,1,3,6,7,8,9,13,17,,2,2,3,5,13
"2201202000520480111",2,201,20,1,20005,20480,11,1,3,5,6,7,9,13,17,,2,5,12,,
"2201202000520480112",2,201,20,1,20005,20480,12,1,2,3,5,7,8,9,13,17,2,5,,,
"2201202000520480113",2,201,20,1,20005,20480,13,1,4,13,16,17,,,,,2,12,13,,
"2201202000520480114",2,201,20,1,20005,20480,14,1,7,15,17,,,,,,1,5,12,,
"2201202000520480115",2,201,20,1,20005,20480,15,1,3,7,9,13,17,,,,2,2,13,,
"2201202000520480116",2,201,20,1,20005,20480,16,1,3,6,9,13,17,,,,2,3,5,,
"2201202000520480117",2,201,20,1,20005,20480,17,1,8,15,17,,,,,,2,3,5,13,
"2201202000520480118",2,201,20,1,20005,20480,18,3,4,7,9,13,15,17,,,1,2,3,5,13
"2201202000520480119",2,201,20,1,20005,20480,19,1,17,,,,,,,,2,5,13,,
"2201202000520480120",2,201,20,1,20005,20480,20,1,7,9,13,17,,,,,2,5,,,
"2201202000520497101",2,201,20,1,20005,20497,1,1,3,13,17,,,,,,2,8,13,,
"2201202000520497102",2,201,20,1,20005,20497,2,1,3,10,13,17,,,,,2,3,7,13,
"2201202000520497103",2,201,20,1,20005,20497,3,3,9,13,,,,,,,2,8,,,
"2201202000520497104",2,201,20,1,20005,20497,4,1,3,7,10,13,17,,,,2,3,7,10,13
"2201202000520497105",2,201,20,1,20005,20497,5,1,2,3,5,10,13,17,,,2,3,6,8,13
"2201202000520497106",2,201,20,1,20005,20497,6,1,3,7,9,17,,,,,2,2,3,5,
"2201202000520497107",2,201,20,1,20005,20497,7,1,3,4,7,9,13,,,,2,5,12,,
"2201202000520497108",2,201,20,1,20005,20497,8,1,3,5,7,9,13,12,15,17,2,2,3,7,13
"2201202000520497109",2,201,20,1,20005,20497,9,2,3,7,9,17,,,,,2,2,13,,
"2201202000520497110",2,201,20,1,20005,20497,10,2,3,7,9,13,17,,,,2,2,5,12,
"2201202000520497111",2,201,20,1,20005,20497,11,3,7,13,17,,,,,,2,3,5,13,
"2201202000520497112",2,201,20,1,20005,20497,12,3,5,9,,,,,,,2,5,10,,
"2201202000520497113",2,201,20,1,20005,20497,13,3,4,9,12,13,15,17,,,2,2,3,7,13
"2201202000520497114",2,201,20,1,20005,20497,14,1,3,4,7,9,11,13,17,14,3,,,,
"2201202000520497115",2,201,20,1,20005,20497,15,1,3,7,9,11,13,15,14,17,2,2,3,4,5
"2201202000520497116",2,201,20,1,20005,20497,16,3,17,,,,,,,,2,8,13,,
"2201202000520497117",2,201,20,1,20005,20497,17,3,10,12,,,,,,,2,5,12,,
"2201202000520497118",2,201,20,1,20005,20497,18,1,5,17,,,,,,,2,5,12,,
"2201202000520497119",2,201,20,1,20005,20497,19,1,5,17,,,,,,,2,5,12,,
"2201202000520497120",2,201,20,1,20005,20497,20,3,13,17,,,,,,,2,12,,,
"2201202000520513101",2,201,20,1,20005,20513,1,9,10,17,,,,,,,2,5,,,
"2201202000520513102",2,201,20,1,20005,20513,2,3,5,15,17,,,,,,2,13,,,
"2201202000520513103",2,201,20,1,20005,20513,3,3,,,,,,,,,2,,,,
"2201202000520513104",2,201,20,1,20005,20513,4,3,,,,,,,,,3,,,,
"2201202000520513105",2,201,20,1,20005,20513,5,3,17,,,,,,,,2,,,,
"2201202000520513106",2,201,20,1,20005,20513,6,1,2,3,4,7,9,12,13,15,2,3,6,7,13
"2201202000520513107",2,201,20,1,20005,20513,7,5,9,,,,,,,,2,5,,,
"2201202000520513108",2,201,20,1,20005,20513,8,3,10,,,,,,,,2,3,5,,
"2201202000520513109",2,201,20,1,20005,20513,9,3,17,,,,,,,,2,2,3,,
"2201202000520513110",2,201,20,1,20005,20513,10,3,5,17,,,,,,,2,4,13,,
"2201202000520513111",2,201,20,1,20005,20513,11,3,15,,,,,,,,2,99,,,
"2201202000520513112",2,201,20,1,20005,20513,12,3,9,11,15,,,,,,2,,,,
"2201202000520513113",2,201,20,1,20005,20513,13,1,3,7,9,11,12,13,,,2,3,5,12,
"2201202000520513114",2,201,20,1,20005,20513,14,1,2,3,7,9,12,,,,3,,,,
"2201202000520513115",2,201,20,1,20005,20513,15,1,3,4,7,9,13,,,,2,3,5,12,
"2201202000520513116",2,201,20,1,20005,20513,16,3,9,,,,,,,,3,,,,
"2201202000520513117",2,201,20,1,20005,20513,17,1,3,5,,,,,,,3,,,,
"2201202000520513118",2,201,20,1,20005,20513,18,3,15,,,,,,,,2,5,13,,
"2201202000520513119",2,201,20,1,20005,20513,19,3,9,17,,,,,,,2,5,,,
"2201202000520513120",2,201,20,1,20005,20513,20,3,5,9,11,,,,,,1,2,3,,
"2201202000520515101",2,201,20,1,20005,20515,1,3,9,15,,,,,,,2,5,99,,
"2201202000520515102",2,201,20,1,20005,20515,2,3,4,5,7,9,,,,,2,3,4,5,
"2201202000520515103",2,201,20,1,20005,20515,3,3,5,9,13,,,,,,2,5,7,,
"2201202000520515104",2,201,20,1,20005,20515,4,3,5,9,15,,,,,,2,4,5,,
"2201202000520515105",2,201,20,1,20005,20515,5,3,13,15,,,,,,,2,5,12,99,
"2201202000520515106",2,201,20,1,20005,20515,6,3,9,11,,,,,,,2,,,,
"2201202000520515107",2,201,20,1,20005,20515,7,3,5,9,,,,,,,2,3,5,,
"2201202000520515108",2,201,20,1,20005,20515,8,3,4,9,,,,,,,2,,,,
"2201202000520515109",2,201,20,1,20005,20515,9,3,12,,,,,,,,2,4,5,,
"2201202000520515110",2,201,20,1,20005,20515,10,3,4,5,11,,,,,,2,3,5,10,
"2201202000520515111",2,201,20,1,20005,20515,11,3,4,5,8,,,,,,2,3,4,5,
"2201202000520515112",2,201,20,1,20005,20515,12,3,5,9,,,,,,,2,5,12,,
"2201202000520515113",2,201,20,1,20005,20515,13,3,7,9,,,,,,,2,5,12,,
"2201202000520515114",2,201,20,1,20005,20515,14,3,5,9,,,,,,,2,5,,,
"2201202000520515115",2,201,20,1,20005,20515,15,3,4,9,,,,,,,3,,,,
"2201202000520515116",2,201,20,1,20005,20515,16,3,5,9,,,,,,,2,5,,,
"2201202000520515117",2,201,20,1,20005,20515,17,3,4,9,,,,,,,2,5,13,,
"2201202000520515118",2,201,20,1,20005,20515,18,3,9,11,,,,,,,3,,,,
"2201202000520515119",2,201,20,1,20005,20515,19,3,,,,,,,,,2,5,,,
"2201202000520515120",2,201,20,1,20005,20515,20,3,5,9,10,,,,,,2,5,,,
"2201202000520516101",2,201,20,1,20005,20516,1,3,5,,,,,,,2,1,,,,1
"2201202000520516102",2,201,20,1,20005,20516,2,3,7,,,,,,,2,1,,,,2
"2201202000520516103",2,201,20,1,20005,20516,3,3,,,,,,,,3,,,,,2
"2201202000520516104",2,201,20,1,20005,20516,4,3,5,3,,,,,,2,,7,,,2
"2201202000520516105",2,201,20,1,20005,20516,5,3,5,,,,,,,3,,,,,2
"2201202000520516106",2,201,20,1,20005,20516,6,3,7,,,,,,,2,,3,,,2
"2201202000520516107",2,201,20,1,20005,20516,7,3,1,7,,,,,,2,,1,3,,2
"2201202000520516108",2,201,20,1,20005,20516,8,3,5,7,,,,,,2,,,,,1
"2201202000520516109",2,201,20,1,20005,20516,9,10,3,2,3,,,,,1,,2,3,5,2
"2201202000520516110",2,201,20,1,20005,20516,10,3,5,9,2,3,,,,1,,4,5,,2
"2201202000520516111",2,201,20,1,20005,20516,11,7,,,,,,,,2,1,,,,2
"2201202000520516112",2,201,20,1,20005,20516,12,3,4,7,,,,,,2,,3,,,1
"2201202000520516113",2,201,20,1,20005,20516,13,3,5,2,3,7,,,,1,,3,,,2
"2201202000520516114",2,201,20,1,20005,20516,14,3,5,7,,,,,,2,,,,,2
"2201202000520516115",2,201,20,1,20005,20516,15,10,3,3,,,,,,1,,,,,2
"2201202000520516116",2,201,20,1,20005,20516,16,3,5,9,,,,,,2,,,,,2
"2201202000520516117",2,201,20,1,20005,20516,17,10,3,5,1,3,7,,,2,,3,3,9,2
"2201202000520516118",2,201,20,1,20005,20516,18,3,1,,,,,,,1,,5,3,,2
"2201202000520516119",2,201,20,1,20005,20516,19,3,9,,,,,,,2,,,,,2
"2201202000520516120",2,201,20,1,20005,20516,20,3,9,,,,,,,3,,,,,2
"2201202000520534101",2,201,20,1,20005,20534,1,1,5,9,,,,,,,3,,,,
"2201202000520534102",2,201,20,1,20005,20534,2,1,17,,,,,,,,3,,,,
"2201202000520534103",2,201,20,1,20005,20534,3,3,17,,,,,,,,2,12,,,
"2201202000520534104",2,201,20,1,20005,20534,4,3,17,,,,,,,,1,5,,,
"2201202000520534105",2,201,20,1,20005,20534,5,1,3,10,12,13,17,,,,2,3,7,10,13
"2201202000520534106",2,201,20,1,20005,20534,6,1,3,7,10,12,13,17,,,2,3,7,10,13
"2201202000520534107",2,201,20,1,20005,20534,7,1,3,7,10,13,17,,,,2,3,7,10,13
"2201202000520534108",2,201,20,1,20005,20534,8,1,3,9,13,17,,,,,2,3,8,13,
"2201202000520534109",2,201,20,1,20005,20534,9,3,7,9,,,,,,,2,,,,
"2201202000520534110",2,201,20,1,20005,20534,10,3,5,8,9,,,,,,2,5,,,
"2201202000520534111",2,201,20,1,20005,20534,11,1,3,5,9,11,13,15,17,7,2,2,3,5,7
"2201202000520534112",2,201,20,1,20005,20534,12,3,8,9,11,13,15,17,,,2,2,5,12,13
"2201202000520534113",2,201,20,1,20005,20534,13,1,3,4,8,9,13,12,15,17,2,2,5,7,13
"2201202000520534114",2,201,20,1,20005,20534,14,1,3,5,8,11,13,15,17,12,2,2,7,12,13
"2201202000520534115",2,201,20,1,20005,20534,15,1,3,7,17,,,,,,2,13,,,
"2201202000520534116",2,201,20,1,20005,20534,16,2,3,5,7,9,11,13,17,,3,,,,
"2201202000520534117",2,201,20,1,20005,20534,17,3,7,9,17,,,,,,2,3,5,13,
"2201202000520534118",2,201,20,1,20005,20534,18,1,3,7,17,,,,,,2,2,5,13,
"2201202000520534119",2,201,20,1,20005,20534,19,3,13,17,,,,,,,2,13,,,
"2201202000520534120",2,201,20,1,20005,20534,20,3,5,7,,,,,,,2,5,10,,
"2201202000520548101",2,201,20,1,20005,20548,1,1,3,4,7,9,12,13,15,17,2,2,5,12,13
"2201202000520548102",2,201,20,1,20005,20548,2,3,9,,,,,,,,2,3,,,
"2201202000520548103",2,201,20,1,20005,20548,3,1,3,4,7,8,11,12,13,17,2,2,3,4,13
"2201202000520548104",2,201,20,1,20005,20548,4,1,3,4,9,12,14,15,16,17,1,2,3,7,99
"2201202000520548105",2,201,20,1,20005,20548,5,1,3,7,3,11,13,15,12,17,1,2,3,4,99
"2201202000520548106",2,201,20,1,20005,20548,6,1,2,4,7,9,11,13,15,17,1,2,3,4,5
"2201202000520548107",2,201,20,1,20005,20548,7,3,5,9,,,,,,,1,4,5,10,
"2201202000520548108",2,201,20,1,20005,20548,8,3,5,9,,,,,,,2,99,,,
"2201202000520548109",2,201,20,1,20005,20548,9,1,3,7,13,17,,,,,2,3,7,8,13
"2201202000520548110",2,201,20,1,20005,20548,10,1,3,10,17,,,,,,2,3,13,,
"2201202000520548111",2,201,20,1,20005,20548,11,1,3,7,13,17,,,,,2,3,8,13,
"2201202000520548112",2,201,20,1,20005,20548,12,1,3,10,13,,,,,,2,3,8,,
"2201202000520548113",2,201,20,1,20005,20548,13,3,9,10,,,,,,,3,,,,
"2201202000520548114",2,201,20,1,20005,20548,14,3,5,17,,,,,,,2,3,,,
"2201202000520548115",2,201,20,1,20005,20548,15,2,3,4,7,13,15,17,12,14,2,6,7,8,13
"2201202000520548116",2,201,20,1,20005,20548,16,15,17,,,,,,,,3,,,,
"2201202000520548117",2,201,20,1,20005,20548,17,1,15,,,,,,,,3,,,,
"2201202000520548118",2,201,20,1,20005,20548,18,8,17,,,,,,,,3,,,,
"2201202000520548119",2,201,20,1,20005,20548,19,3,5,9,13,,,,,,1,4,10,,
"2201202000520548120",2,201,20,1,20005,20548,20,1,2,3,7,11,12,13,15,17,2,3,5,7,13
"2201202000620257101",2,201,20,1,20006,20257,1,3,5,10,13,17,,,,,3,,,,
"2201202000620257102",2,201,20,1,20006,20257,2,1,3,5,9,10,12,13,15,,3,,,,
"2201202000620257103",2,201,20,1,20006,20257,3,3,5,9,10,17,,,,,2,4,12,,
"2201202000620257104",2,201,20,1,20006,20257,4,3,4,5,8,9,10,11,12,,2,5,12,,
"2201202000620257105",2,201,20,1,20006,20257,5,3,9,13,,,,,,,2,7,13,,
"2201202000620257106",2,201,20,1,20006,20257,6,3,5,9,,,,,,,2,7,8,,
"2201202000620257107",2,201,20,1,20006,20257,7,1,3,5,9,11,15,17,,,2,2,7,8,
"2201202000620257108",2,201,20,1,20006,20257,8,3,5,9,13,,,,,,2,12,,,
"2201202000620257109",2,201,20,1,20006,20257,9,3,7,13,17,,,,,,2,7,12,13,
"2201202000620257110",2,201,20,1,20006,20257,10,3,7,8,13,17,,,,,2,3,5,7,12
"2201202000620257111",2,201,20,1,20006,20257,11,3,7,9,10,13,17,,,,2,7,9,12,13
"2201202000620257112",2,201,20,1,20006,20257,12,3,7,13,17,,,,,,2,2,3,7,12
"2201202000620257113",2,201,20,1,20006,20257,13,3,5,13,,,,,,,2,5,,,
"2201202000620257114",2,201,20,1,20006,20257,14,3,5,17,,,,,,,2,3,,,
"2201202000620257115",2,201,20,1,20006,20257,15,3,5,17,,,,,,,1,7,13,,
"2201202000620257116",2,201,20,1,20006,20257,16,3,13,,,,,,,,2,13,,,
"2201202000620257118",2,201,20,1,20006,20257,18,3,5,,,,,,,,2,5,7,,
"2201202000620257119",2,201,20,1,20006,20257,19,3,,,,,,,,,,5,,,
"2201202000620257120",2,201,20,1,20006,20257,20,3,13,,,,,,,,2,5,,,
"2201202000620259101",2,201,20,1,20006,20259,1,2,13,,,,,,,,2,,,,
"2201202000620259102",2,201,20,1,20006,20259,2,3,,,,,,,,,2,13,,,
"2201202000620259103",2,201,20,1,20006,20259,3,3,5,17,,,,,,,1,4,13,,
"2201202000620259104",2,201,20,1,20006,20259,4,3,13,,,,,,,,1,3,,,
"2201202000620259105",2,201,20,1,20006,20259,5,3,,,,,,,,,2,,,,
"2201202000620259106",2,201,20,1,20006,20259,6,3,,,,,,,,,3,,,,
"2201202000620259107",2,201,20,1,20006,20259,7,3,,,,,,,,,2,5,,,
"2201202000620259108",2,201,20,1,20006,20259,8,3,17,,,,,,,,2,5,,,
"2201202000620259109",2,201,20,1,20006,20259,9,2,3,5,13,,,,,,2,3,7,12,13
"2201202000620259110",2,201,20,1,20006,20259,10,3,7,8,9,10,13,17,,,2,2,3,7,12
"2201202000620259111",2,201,20,1,20006,20259,11,1,3,4,7,13,17,,,,2,2,3,7,8
"2201202000620259112",2,201,20,1,20006,20259,12,1,3,4,7,8,13,17,,,2,3,7,12,13
"2201202000620259113",2,201,20,1,20006,20259,13,3,10,13,,,,,,,2,3,5,,
"2201202000620259114",2,201,20,1,20006,20259,14,1,4,5,9,12,,,,,2,12,,,
"2201202000620259115",2,201,20,1,20006,20259,15,3,9,15,,,,,,,2,5,7,,
"2201202000620259116",2,201,20,1,20006,20259,16,3,7,10,,,,,,,2,3,7,13,
"2201202000620259117",2,201,20,1,20006,20259,17,1,3,9,10,11,12,13,15,17,2,3,5,7,12
"2201202000620259118",2,201,20,1,20006,20259,18,1,3,9,10,11,13,15,,,1,5,7,12,
"2201202000620259119",2,201,20,1,20006,20259,19,1,9,10,11,12,15,,,,1,3,5,7,12
"2201202000620259120",2,201,20,1,20006,20259,20,5,9,10,12,13,15,,,,2,5,7,13,
"2201202000620260101",2,201,20,1,20006,20260,1,2,13,17,,,,,,,2,7,,,
"2201202000620260102",2,201,20,1,20006,20260,2,3,17,,,,,,,,2,12,13,,
"2201202000620260103",2,201,20,1,20006,20260,3,1,3,17,,,,,,,1,3,13,,
"2201202000620260104",2,201,20,1,20006,20260,4,3,13,17,,,,,,,2,3,13,,
"2201202000620260105",2,201,20,1,20006,20260,5,3,5,11,17,,,,,,2,4,12,,
"2201202000620260106",2,201,20,1,20006,20260,6,3,9,,,,,,,,2,5,13,,
"2201202000620260107",2,201,20,1,20006,20260,7,5,,,,,,,,,2,,,,
"2201202000620260108",2,201,20,1,20006,20260,8,3,,,,,,,,,2,12,,,
"2201202000620260109",2,201,20,1,20006,20260,9,1,3,5,9,10,13,17,,,2,2,12,13,
"2201202000620260110",2,201,20,1,20006,20260,10,1,3,5,9,10,11,13,17,,2,5,12,,
"2201202000620260111",2,201,20,1,20006,20260,11,3,13,17,,,,,,,2,3,7,8,13
"2201202000620260112",2,201,20,1,20006,20260,12,3,10,12,13,17,,,,,2,3,6,8,13
"2201202000620260113",2,201,20,1,20006,20260,13,3,7,13,17,,,,,,2,3,7,8,12
"2201202000620260114",2,201,20,1,20006,20260,14,3,7,13,17,,,,,,2,3,5,7,12
"2201202000620260115",2,201,20,1,20006,20260,15,1,3,5,9,10,13,17,,,2,3,12,13,
"2201202000620260116",2,201,20,1,20006,20260,16,3,5,15,17,,,,,,3,,,,
"2201202000620260117",2,201,20,1,20006,20260,17,3,9,15,,,,,,,2,7,13,,
"2201202000620260118",2,201,20,1,20006,20260,18,3,15,17,,,,,,,2,5,7,12,
"2201202000620260119",2,201,20,1,20006,20260,19,3,13,,,,,,,,2,6,,,
"2201202000620260120",2,201,20,1,20006,20260,20,1,3,5,9,10,13,17,,,3,,,,
"2201202000720354101",2,201,20,1,20007,20354,1,3,13,17,,,,,,,2,5,13,,
"2201202000720354102",2,201,20,1,20007,20354,2,1,13,17,,,,,,,2,3,5,13,
"2201202000720354103",2,201,20,1,20007,20354,3,1,3,7,9,13,17,,,,2,5,,,
"2201202000720354104",2,201,20,1,20007,20354,4,3,9,,,,,,,,3,,,,
"2201202000720354105",2,201,20,1,20007,20354,5,3,5,9,10,,,,,,1,4,13,,
"2201202000720354106",2,201,20,1,20007,20354,6,1,3,13,17,,,,,,2,5,,,
"2201202000720354107",2,201,20,1,20007,20354,7,3,9,13,15,,,,,,2,13,,,
"2201202000720354108",2,201,20,1,20007,20354,8,3,7,10,13,17,,,,,2,3,8,13,
"2201202000720354109",2,201,20,1,20007,20354,9,1,3,7,12,13,17,,,,2,3,7,13,
"2201202000720354110",2,201,20,1,20007,20354,10,1,3,10,13,17,,,,,2,3,7,8,13
"2201202000720354111",2,201,20,1,20007,20354,11,3,17,,,,,,,,2,12,,,
"2201202000720354112",2,201,20,1,20007,20354,12,3,9,15,,,,,,,2,12,,,
"2201202000720354113",2,201,20,1,20007,20354,13,3,7,17,,,,,,,2,12,13,,
"2201202000720354114",2,201,20,1,20007,20354,14,3,7,17,,,,,,,2,12,13,,
"2201202000720354115",2,201,20,1,20007,20354,15,1,3,12,13,17,,,,,2,3,7,8,13
"2201202000720354116",2,201,20,1,20007,20354,16,3,7,9,15,,,,,,2,5,,,
"2201202000720354117",2,201,20,1,20007,20354,17,2,3,4,7,9,11,12,13,14,2,2,3,5,7
"2201202000720354118",2,201,20,1,20007,20354,18,1,3,7,9,13,15,17,,,2,3,5,7,
"2201202000720354119",2,201,20,1,20007,20354,19,2,3,4,7,8,9,11,12,14,2,2,3,5,7
"2201202000720354120",2,201,20,1,20007,20354,20,3,4,7,9,11,12,13,15,17,2,2,5,7,13
"2201202000720371101",2,201,20,1,20007,20371,1,17,,,,,,,,,3,,,,
"2201202000720371102",2,201,20,1,20007,20371,2,1,3,,,,,,,,3,,,,
"2201202000720371103",2,201,20,1,20007,20371,3,3,13,,,,,,,,2,12,,,
"2201202000720371104",2,201,20,1,20007,20371,4,3,4,9,,,,,,,2,12,,,
"2201202000720371105",2,201,20,1,20007,20371,5,3,5,9,,,,,,,3,,,,
"2201202000720371106",2,201,20,1,20007,20371,6,1,2,3,9,10,13,17,,,2,3,6,7,13
"2201202000720371107",2,201,20,1,20007,20371,7,1,3,7,13,17,,,,,2,3,8,13,
"2201202000720371108",2,201,20,1,20007,20371,8,1,3,10,13,17,,,,,2,3,7,8,13
"2201202000720371109",2,201,20,1,20007,20371,9,1,2,3,13,17,,,,,2,3,7,8,13
"2201202000720371110",2,201,20,1,20007,20371,10,1,2,3,5,7,9,13,14,17,2,3,8,12,
"2201202000720371111",2,201,20,1,20007,20371,11,3,5,9,,,,,,,2,7,,,
"2201202000720371112",2,201,20,1,20007,20371,12,3,9,,,,,,,,2,5,,,
"2201202000720371113",2,201,20,1,20007,20371,13,1,2,3,7,9,13,14,17,,2,2,3,,
"2201202000720371114",2,201,20,1,20007,20371,14,3,9,13,,,,,,,2,10,,,
"2201202000720371115",2,201,20,1,20007,20371,15,1,2,3,5,7,9,13,14,,2,3,8,12,13
"2201202000720371116",2,201,20,1,20007,20371,16,3,9,,,,,,,,2,10,,,
"2201202000720371117",2,201,20,1,20007,20371,17,1,3,4,7,9,11,12,13,15,2,2,3,5,7
"2201202000720371118",2,201,20,1,20007,20371,18,1,3,4,7,8,9,11,12,13,2,2,5,7,
"2201202000720371119",2,201,20,1,20007,20371,19,2,3,4,7,8,9,10,11,12,2,2,5,7,13
"2201202000720371120",2,201,20,1,20007,20371,20,1,2,3,4,5,7,8,9,10,2,2,3,4,5
"2201202000720372101",2,201,20,1,20007,20372,1,3,9,13,,,,,,,2,12,,,
"2201202000720372102",2,201,20,1,20007,20372,2,3,9,12,,,,,,,3,,,,
"2201202000720372103",2,201,20,1,20007,20372,3,1,5,13,,,,,,,3,,,,
"2201202000720372104",2,201,20,1,20007,20372,4,3,9,,,,,,,,1,12,13,,
"2201202000720372105",2,201,20,1,20007,20372,5,3,7,17,,,,,,,2,13,,,
"2201202000720372106",2,201,20,1,20007,20372,6,3,4,11,,,,,,,2,2,12,,
"2201202000720372107",2,201,20,1,20007,20372,7,3,4,,,,,,,,3,,,,
"2201202000720372108",2,201,20,1,20007,20372,8,3,13,17,,,,,,,2,12,13,,
"2201202000720372109",2,201,20,1,20007,20372,9,3,5,99,,,,,,,2,3,12,,
"2201202000720372110",2,201,20,1,20007,20372,10,3,13,17,,,,,,,2,12,13,,
"2201202000720372111",2,201,20,1,20007,20372,11,3,7,9,,,,,,,2,12,,,
"2201202000720372112",2,201,20,1,20007,20372,12,1,13,17,,,,,,,2,12,13,,
"2201202000720372113",2,201,20,1,20007,20372,13,3,15,17,,,,,,,2,12,13,,
"2201202000720372114",2,201,20,1,20007,20372,14,3,15,,,,,,,,3,,,,
"2201202000720372115",2,201,20,1,20007,20372,15,3,13,15,,,,,,,2,12,13,,
"2201202000720372116",2,201,20,1,20007,20372,16,3,15,17,,,,,,,2,12,13,,
"2201202000720372117",2,201,20,1,20007,20372,17,3,9,15,,,,,,,2,12,13,,
"2201202000720372118",2,201,20,1,20007,20372,18,3,9,,,,,,,,2,12,,,
"2201202000720372119",2,201,20,1,20007,20372,19,3,17,,,,,,,,2,12,,,
"2201202000720372120",2,201,20,1,20007,20372,20,3,17,,,,,,,,2,12,13,,
"2201202000720374101",2,201,20,1,20007,20374,1,3,5,9,11,,,,,,2,3,5,10,
"2201202000720374102",2,201,20,1,20007,20374,2,3,9,10,,,,,,,2,5,,,
"2201202000720374103",2,201,20,1,20007,20374,3,1,3,5,7,9,13,17,,,2,3,4,12,
"2201202000720374104",2,201,20,1,20007,20374,4,1,5,9,,,,,,,2,3,5,10,
"2201202000720374105",2,201,20,1,20007,20374,5,1,3,7,17,,,,,,2,5,10,13,
"2201202000720374106",2,201,20,1,20007,20374,6,1,3,5,10,,,,,,2,5,,,
"2201202000720374107",2,201,20,1,20007,20374,7,1,3,9,17,,,,,,2,2,3,5,13
"2201202000720374108",2,201,20,1,20007,20374,8,1,2,3,7,13,16,,,,2,2,3,4,12
"2201202000720374109",2,201,20,1,20007,20374,9,3,9,17,,,,,,,3,,,,
"2201202000720374110",2,201,20,1,20007,20374,10,1,2,3,13,17,,,,,2,3,6,13,
"2201202000720374111",2,201,20,1,20007,20374,11,1,3,9,10,13,17,,,,2,3,7,,
"2201202000720374112",2,201,20,1,20007,20374,12,1,3,7,9,11,13,15,16,17,1,2,6,10,13
"2201202000720374113",2,201,20,1,20007,20374,13,1,2,3,7,13,17,,,,2,3,6,8,13
"2201202000720374114",2,201,20,1,20007,20374,14,1,2,3,7,9,11,13,14,17,2,3,5,7,12
"2201202000720374115",2,201,20,1,20007,20374,15,1,2,3,4,7,9,12,15,17,2,2,3,4,7
"2201202000720374116",2,201,20,1,20007,20374,16,1,3,7,13,17,,,,,2,3,7,8,13
"2201202000720374117",2,201,20,1,20007,20374,17,3,4,7,11,12,13,15,17,,2,2,3,5,13
"2201202000720374118",2,201,20,1,20007,20374,18,3,5,15,,,,,,,3,,,,
"2201202000720374119",2,201,20,1,20007,20374,19,4,9,,,,,,,,3,,,,
"2201202000720374120",2,201,20,1,20007,20374,20,3,,,,,,,,,2,12,,,
"2201202000720588112",2,201,20,1,20007,20588,12,1,3,7,9,11,12,13,17,,2,2,3,9,10
"2201202000820552101",2,201,20,1,20008,20552,1,5,13,17,,,,,,,3,,,,
"2201202000820552102",2,201,20,1,20008,20552,2,7,13,17,,,,,,,2,12,13,,
"2201202000820552103",2,201,20,1,20008,20552,3,1,3,17,,,,,,,3,,,,
"2201202000820552104",2,201,20,1,20008,20552,4,1,3,17,,,,,,,2,13,,,
"2201202000820552105",2,201,20,1,20008,20552,5,3,17,,,,,,,,3,,,,
"2201202000820552106",2,201,20,1,20008,20552,6,1,5,,,,,,,,2,99,,,
"2201202000820552107",2,201,20,1,20008,20552,7,2,7,17,,,,,,,3,,,,
"2201202000820552108",2,201,20,1,20008,20552,8,3,17,,,,,,,,3,,,,
"2201202000820552109",2,201,20,1,20008,20552,9,3,9,,,,,,,,3,,,,
"2201202000820552110",2,201,20,1,20008,20552,10,3,13,14,,,,,,,2,2,6,,
"2201202000820552111",2,201,20,1,20008,20552,11,4,9,11,,,,,,,1,12,,,
"2201202000820552112",2,201,20,1,20008,20552,12,9,13,,,,,,,,3,,,,
"2201202000820552113",2,201,20,1,20008,20552,13,4,5,13,,,,,,,2,12,13,,
"2201202000820552114",2,201,20,1,20008,20552,14,3,4,9,,,,,,,2,10,,,
"2201202000820552115",2,201,20,1,20008,20552,15,4,9,17,,,,,,,3,,,,
"2201202000820552116",2,201,20,1,20008,20552,16,5,13,17,,,,,,,2,7,,,
"2201202000820552117",2,201,20,1,20008,20552,17,7,13,,,,,,,,2,12,,,
"2201202000820552118",2,201,20,1,20008,20552,18,9,13,,,,,,,,2,12,,,
"2201202000820552119",2,201,20,1,20008,20552,19,5,13,,,,,,,,2,12,,,
"2201202000820552120",2,201,20,1,20008,20552,20,3,4,5,,,,,,,2,12,,,
"2201202000820553101",2,201,20,1,20008,20553,1,1,3,13,,,,,,,1,5,12,,
"2201202000820553102",2,201,20,1,20008,20553,2,9,13,17,,,,,,,1,5,12,,
"2201202000820553103",2,201,20,1,20008,20553,3,3,13,17,,,,,,,3,,,,
"2201202000820553104",2,201,20,1,20008,20553,4,3,9,11,,,,,,,2,10,12,,
"2201202000820553105",2,201,20,1,20008,20553,5,3,9,13,,,,,,,2,12,,,
"2201202000820553106",2,201,20,1,20008,20553,6,3,9,15,17,,,,,,2,3,5,12,
"2201202000820553107",2,201,20,1,20008,20553,7,1,3,9,,,,,,,3,,,,
"2201202000820553108",2,201,20,1,20008,20553,8,3,13,,,,,,,,3,,,,
"2201202000820553109",2,201,20,1,20008,20553,9,3,9,13,,,,,,,2,12,,,
"2201202000820553110",2,201,20,1,20008,20553,10,3,15,17,,,,,,,2,12,,,
"2201202000820553111",2,201,20,1,20008,20553,11,3,13,15,,,,,,,2,13,,,
"2201202000820553112",2,201,20,1,20008,20553,12,1,3,15,,,,,,,2,2,13,,
"2201202000820553113",2,201,20,1,20008,20553,13,3,13,17,,,,,,,1,12,12,13,
"2201202000820553114",2,201,20,1,20008,20553,14,1,3,12,,,,,,,2,12,,,
"2201202000820553115",2,201,20,1,20008,20553,15,3,5,13,,,,,,,2,12,,,
"2201202000820553116",2,201,20,1,20008,20553,16,4,9,13,,,,,,,3,,,,
"2201202000820553117",2,201,20,1,20008,20553,17,1,3,15,17,,,,,,2,12,13,,
"2201202000820553118",2,201,20,1,20008,20553,18,3,13,17,,,,,,,2,12,,,
"2201202000820553119",2,201,20,1,20008,20553,19,3,12,17,,,,,,,2,12,13,,
"2201202000820553120",2,201,20,1,20008,20553,20,3,9,17,,,,,,,1,10,12,13,
"2201202000820569101",2,201,20,1,20008,20569,1,3,9,13,,,,,,,1,13,,,
"2201202000820569102",2,201,20,1,20008,20569,2,3,13,17,,,,,,,2,12,13,,
"2201202000820569103",2,201,20,1,20008,20569,3,3,5,9,,,,,,,2,12,,,
"2201202000820569104",2,201,20,1,20008,20569,4,3,7,,,,,,,,2,7,,,
"2201202000820569105",2,201,20,1,20008,20569,5,3,4,15,,,,,,,2,13,,,
"2201202000820569106",2,201,20,1,20008,20569,6,1,3,7,8,13,17,,,,2,3,7,8,10
"2201202000820569107",2,201,20,1,20008,20569,7,1,3,8,10,13,17,,,,2,3,7,10,13
"2201202000820569108",2,201,20,1,20008,20569,8,1,3,4,7,9,11,13,15,17,3,,,,
"2201202000820569109",2,201,20,1,20008,20569,9,1,3,4,7,9,11,12,13,15,2,2,5,7,13
"2201202000820569110",2,201,20,1,20008,20569,10,1,2,3,4,5,7,8,9,11,1,2,3,4,5
"2201202000820569111",2,201,20,1,20008,20569,11,1,3,8,10,13,17,,,,2,3,7,13,
"2201202000820569112",2,201,20,1,20008,20569,12,1,3,7,13,17,,,,,2,3,7,8,13
"2201202000820569113",2,201,20,1,20008,20569,13,1,3,4,7,8,9,11,12,13,1,2,3,5,6
"2201202000820569114",2,201,20,1,20008,20569,14,3,7,8,9,11,12,13,15,16,3,,,,
"2201202000820569115",2,201,20,1,20008,20569,15,1,3,10,13,17,,,,,2,3,8,12,13
"2201202000820569116",2,201,20,1,20008,20569,16,3,7,12,,,,,,,1,5,13,,
"2201202000820569117",2,201,20,1,20008,20569,17,3,5,,,,,,,,3,,,,
"2201202000820569118",2,201,20,1,20008,20569,18,3,9,10,,,,,,,2,5,,,
"2201202000820569119",2,201,20,1,20008,20569,19,3,5,9,13,,,,,,2,13,,,
"2201202000820569120",2,201,20,1,20008,20569,20,3,5,12,,,,,,,2,99,,,
"2201202000820588101",2,201,20,1,20008,20588,1,1,3,5,6,7,8,9,11,13,2,3,7,12,13
"2201202000820588102",2,201,20,1,20008,20588,2,3,7,9,11,13,15,17,,,2,3,5,12,
"2201202000820588103",2,201,20,1,20008,20588,3,3,4,7,9,11,12,13,17,,2,2,3,5,9
"2201202000820588104",2,201,20,1,20008,20588,4,1,3,4,6,7,9,11,13,15,2,2,3,5,9
"2201202000820588105",2,201,20,1,20008,20588,5,2,4,7,9,11,13,15,17,,1,,,,
"2201202000820588106",2,201,20,1,20008,20588,6,1,3,5,6,7,9,10,11,13,2,2,3,5,10
"2201202000820588107",2,201,20,1,20008,20588,7,1,3,4,7,9,11,12,13,,2,2,3,5,9
"2201202000820588108",2,201,20,1,20008,20588,8,3,5,6,7,9,11,13,,,2,2,3,4,9
"2201202000820588109",2,201,20,1,20008,20588,9,1,2,3,4,5,7,9,10,11,2,10,12,13,
"2201202000820588110",2,201,20,1,20008,20588,10,1,2,3,4,5,7,9,11,12,2,2,9,10,12
"2201202000820588111",2,201,20,1,20008,20588,11,1,3,6,9,10,13,,,,2,3,5,9,10
"2201202000820588113",2,201,20,1,20008,20588,13,3,4,7,9,11,13,17,,,2,2,3,12,13
"2201202000820588114",2,201,20,1,20008,20588,14,1,3,5,7,9,11,13,,,2,2,3,5,9
"2201202000820588115",2,201,20,1,20008,20588,15,1,3,5,6,7,8,9,11,13,2,3,5,9,12
"2201202000820588116",2,201,20,1,20008,20588,16,1,3,4,7,9,11,13,17,,2,3,9,12,13
"2201202000820588117",2,201,20,1,20008,20588,17,3,6,7,9,11,12,13,17,,2,3,5,8,10
"2201202000820588118",2,201,20,1,20008,20588,18,3,6,7,9,11,13,17,,,2,3,9,10,12
"2201202000820588119",2,201,20,1,20008,20588,19,1,3,4,5,7,9,11,13,15,2,2,3,9,10
"2201202000820588120",2,201,20,1,20008,20588,20,3,4,5,6,7,9,10,11,13,2,4,12,,
"2201202001020144101",2,201,20,1,20010,20144,1,3,7,8,9,13,17,,,,,3,5,7,12
"2201202001020144102",2,201,20,1,20010,20144,2,3,7,8,9,13,17,,,,2,2,3,7,13
"2201202001020144103",2,201,20,1,20010,20144,3,3,9,13,17,,,,,,2,7,,,
"2201202001020144104",2,201,20,1,20010,20144,4,3,5,7,10,13,17,,,,2,2,3,7,12
"2201202001020144105",2,201,20,1,20010,20144,5,3,4,7,9,11,13,17,,,2,3,5,7,12
"2201202001020144106",2,201,20,1,20010,20144,6,3,13,15,,,,,,,1,5,7,,
"2201202001020144107",2,201,20,1,20010,20144,7,3,5,9,13,,,,,,1,2,3,5,
"2201202001020144108",2,201,20,1,20010,20144,8,1,3,9,13,15,,,,,1,2,5,7,12
"2201202001020144109",2,201,20,1,20010,20144,9,3,17,,,,,,,,2,2,13,,
"2201202001020144110",2,201,20,1,20010,20144,10,3,13,,,,,,,,1,3,13,,
"2201202001020144111",2,201,20,1,20010,20144,11,3,17,,,,,,,,2,2,3,13,
"2201202001020144112",2,201,20,1,20010,20144,12,3,13,,,,,,,,1,2,3,,
"2201202001020144113",2,201,20,1,20010,20144,13,1,3,5,9,10,17,,,,3,,,,
"2201202001020144114",2,201,20,1,20010,20144,14,3,5,9,10,12,13,,,,2,5,7,12,
"2201202001020144115",2,201,20,1,20010,20144,15,1,3,5,9,10,11,12,13,17,2,5,7,12,
"2201202001020144116",2,201,20,1,20010,20144,16,1,3,5,10,14,,,,,2,3,5,7,10
"2201202001020144117",2,201,20,1,20010,20144,17,1,3,17,,,,,,,2,3,,,
"2201202001020144118",2,201,20,1,20010,20144,18,3,,,,,,,,,2,5,,,
"2201202001020144119",2,201,20,1,20010,20144,19,3,,,,,,,,,2,13,,,
"2201202001020144120",2,201,20,1,20010,20144,20,3,13,17,,,,,,,1,5,13,,
"2201202001020144121",2,201,20,1,20010,20144,21,5,,,,,,,,,2,,,,
"2201202001020148101",2,201,20,1,20010,20148,1,5,9,17,,,,,,,2,7,,,
"2201202001020148102",2,201,20,1,20010,20148,2,3,5,9,13,,,,,,2,5,7,13,
"2201202001020148103",2,201,20,1,20010,20148,3,3,9,11,17,,,,,,1,7,,,
"2201202001020148104",2,201,20,1,20010,20148,4,3,5,9,10,15,17,,,,2,6,,,
"2201202001020148105",2,201,20,1,20010,20148,5,3,,,,,,,,,2,9,,,
"2201202001020148106",2,201,20,1,20010,20148,6,3,,,,,,,,,2,13,,,
"2201202001020148107",2,201,20,1,20010,20148,7,3,,,,,,,,,2,,,,
"2201202001020148108",2,201,20,1,20010,20148,8,3,,,,,,,,,2,,,,
"2201202001020148109",2,201,20,1,20010,20148,9,3,9,10,11,12,15,,,,2,7,,,
"2201202001020148110",2,201,20,1,20010,20148,10,1,3,8,10,11,12,13,15,17,3,,,,
"2201202001020148111",2,201,20,1,20010,20148,11,1,3,9,10,11,14,16,17,,2,5,7,12,
"2201202001020148112",2,201,20,1,20010,20148,12,1,3,5,6,7,8,9,10,11,2,3,5,7,12
"2201202001020148113",2,201,20,1,20010,20148,13,1,3,8,9,13,17,,,,1,3,6,7,12
"2201202001020148114",2,201,20,1,20010,20148,14,3,4,7,10,13,17,,,,2,2,3,7,12
"2201202001020148115",2,201,20,1,20010,20148,15,1,2,3,10,13,17,,,,1,2,3,7,12
"2201202001020148116",2,201,20,1,20010,20148,16,3,4,7,8,13,17,,,,2,2,3,7,8
"2201202001020148117",2,201,20,1,20010,20148,17,3,17,,,,,,,,2,7,13,,
"2201202001020148118",2,201,20,1,20010,20148,18,3,,,,,,,,,2,3,12,,
"2201202001020148119",2,201,20,1,20010,20148,19,3,13,,,,,,,,2,7,,,
"2201202001020148120",2,201,20,1,20010,20148,20,3,17,,,,,,,,2,12,,,
"2201202001020149101",2,201,20,1,20010,20149,1,3,5,10,13,17,,,,,3,,,,
"2201202001020149102",2,201,20,1,20010,20149,2,1,3,5,10,13,17,,,,2,4,5,10,
"2201202001020149103",2,201,20,1,20010,20149,3,1,3,5,9,10,13,17,,,2,2,12,13,
"2201202001020149104",2,201,20,1,20010,20149,4,3,5,17,,,,,,,2,7,,,
"2201202001020149105",2,201,20,1,20010,20149,5,5,13,17,,,,,,,2,5,12,,
"2201202001020149106",2,201,20,1,20010,20149,6,3,17,,,,,,,,2,7,12,,
"2201202001020149107",2,201,20,1,20010,20149,7,3,7,13,17,,,,,,2,3,7,8,13
"2201202001020149108",2,201,20,1,20010,20149,8,3,13,17,,,,,,,2,3,5,12,13
"2201202001020149109",2,201,20,1,20010,20149,9,3,5,11,13,14,17,,,,2,3,5,7,12
"2201202001020149110",2,201,20,1,20010,20149,10,3,8,13,17,,,,,,2,3,7,12,
"2201202001020149111",2,201,20,1,20010,20149,11,1,3,5,9,10,12,13,17,,2,2,5,7,12
"2201202001020149112",2,201,20,1,20010,20149,12,3,17,,,,,,,,2,3,5,12,
"2201202001020149113",2,201,20,1,20010,20149,13,3,13,17,,,,,,,1,3,13,,
"2201202001020149114",2,201,20,1,20010,20149,14,3,13,17,,,,,,,1,3,13,,
"2201202001020149115",2,201,20,1,20010,20149,15,3,,,,,,,,,2,12,,,
"2201202001020149116",2,201,20,1,20010,20149,16,3,13,17,,,,,,,2,7,,,
"2201202001020149117",2,201,20,1,20010,20149,17,3,13,14,17,,,,,,2,7,,,
"2201202001020149118",2,201,20,1,20010,20149,18,3,17,,,,,,,,2,5,,,
"2201202001020149119",2,201,20,1,20010,20149,19,3,,,,,,,,,2,5,,,
"2201202001020149120",2,201,20,1,20010,20149,20,3,9,17,,,,,,,2,99,,,
"2201202001020166101",2,201,20,1,20010,20166,1,3,7,10,13,17,,,,,2,3,7,12,13
"2201202001020166102",2,201,20,1,20010,20166,2,3,5,9,13,,,,,,2,5,6,7,
"2201202001020166103",2,201,20,1,20010,20166,3,1,3,4,10,13,17,,,,1,2,3,7,12
"2201202001020166104",2,201,20,1,20010,20166,4,3,9,17,,,,,,,3,,,,
"2201202001020166105",2,201,20,1,20010,20166,5,3,5,7,8,13,17,,,,1,2,3,4,7
"2201202001020166106",2,201,20,1,20010,20166,6,3,7,13,17,,,,,,3,,,,
"2201202001020166107",2,201,20,1,20010,20166,7,1,3,5,6,7,10,11,12,15,3,,,,
"2201202001020166108",2,201,20,1,20010,20166,8,1,3,10,11,12,15,,,,2,3,5,7,
"2201202001020166109",2,201,20,1,20010,20166,9,1,3,4,5,9,10,11,12,15,1,3,5,7,13
"2201202001020166110",2,201,20,1,20010,20166,10,3,9,10,11,12,13,15,17,,2,5,7,12,
"2201202001020166111",2,201,20,1,20010,20166,11,3,17,,,,,,,,2,4,13,,
"2201202001020166112",2,201,20,1,20010,20166,12,3,9,13,17,,,,,,1,7,12,13,
"2201202001020166113",2,201,20,1,20010,20166,13,3,13,17,,,,,,,2,2,13,,
"2201202001020166114",2,201,20,1,20010,20166,14,3,17,,,,,,,,1,2,3,13,
"2201202001020166115",2,201,20,1,20010,20166,15,3,,,,,,,,,2,13,,,
"2201202001020166116",2,201,20,1,20010,20166,16,3,5,9,,,,,,,1,2,5,7,10
"2201202001020166117",2,201,20,1,20010,20166,17,3,,,,,,,,,3,,,,
"2201202001020166118",2,201,20,1,20010,20166,18,9,10,13,99,,,,,,3,,,,
"2201202001020166119",2,201,20,1,20010,20166,19,3,9,13,17,,,,,,3,,,,
"2201202001020166120",2,201,20,1,20010,20166,20,3,,,,,,,,,2,5,,,
"2201202001120108101",2,201,20,1,20011,20108,1,3,,,,,,,,,2,13,,,
"2201202001120108102",2,201,20,1,20011,20108,2,3,5,9,,,,,,,2,,,,
"2201202001120108103",2,201,20,1,20011,20108,3,3,7,13,17,,,,,,3,,,,
"2201202001120108104",2,201,20,1,20011,20108,4,3,,,,,,,,,2,5,13,,
"2201202001120108105",2,201,20,1,20011,20108,5,3,5,9,,,,,,,3,,,,
"2201202001120108106",2,201,20,1,20011,20108,6,3,,,,,,,,,2,13,,,
"2201202001120108107",2,201,20,1,20011,20108,7,3,13,,,,,,,,2,7,,,
"2201202001120108108",2,201,20,1,20011,20108,8,3,13,,,,,,,,2,3,,,
"2201202001120108109",2,201,20,1,20011,20108,9,3,13,,,,,,,,1,13,,,
"2201202001120108110",2,201,20,1,20011,20108,10,1,3,9,11,13,,,,,3,,,,
"2201202001120108111",2,201,20,1,20011,20108,11,3,5,9,,,,,,,2,5,7,,
"2201202001120108112",2,201,20,1,20011,20108,12,3,7,13,17,,,,,,3,,,,
"2201202001120108113",2,201,20,1,20011,20108,13,1,3,12,15,17,,,,,3,,,,
"2201202001120108114",2,201,20,1,20011,20108,14,1,3,5,9,10,12,13,15,17,3,,,,
"2201202001120108115",2,201,20,1,20011,20108,15,3,5,9,17,,,,,,3,,,,
"2201202001120108116",2,201,20,1,20011,20108,16,3,9,11,,,,,,,2,5,7,,
"2201202001120108117",2,201,20,1,20011,20108,17,3,9,,,,,,,,3,,,,
"2201202001120108118",2,201,20,1,20011,20108,18,3,9,,,,,,,,2,5,7,8,
"2201202001120108119",2,201,20,1,20011,20108,19,3,8,9,13,,,,,,2,3,7,8,12
"2201202001120108120",2,201,20,1,20011,20108,20,3,7,10,17,,,,,,3,,,,
"2201202001120110101",2,201,20,1,20011,20110,1,3,5,9,10,11,12,13,15,17,2,12,,,
"2201202001120110102",2,201,20,1,20011,20110,2,5,9,10,11,12,13,15,17,,3,,,,
"2201202001120110103",2,201,20,1,20011,20110,3,1,3,9,10,11,12,15,17,,2,3,5,7,
"2201202001120110104",2,201,20,1,20011,20110,4,2,3,4,5,9,10,13,15,17,2,2,5,12,13
"2201202001120110105",2,201,20,1,20011,20110,5,3,,,,,,,,,2,5,,,
"2201202001120110106",2,201,20,1,20011,20110,6,3,,,,,,,,,2,5,,,
"2201202001120110107",2,201,20,1,20011,20110,7,3,9,,,,,,,,2,,,,
"2201202001120110108",2,201,20,1,20011,20110,8,3,17,,,,,,,,2,13,,,
"2201202001120110109",2,201,20,1,20011,20110,9,1,3,4,7,8,13,17,,,2,3,7,12,13
"2201202001120110110",2,201,20,1,20011,20110,10,1,3,7,8,17,4,,,,2,2,3,7,13
"2201202001120110111",2,201,20,1,20011,20110,11,3,4,8,17,,,,,,2,2,3,7,12
"2201202001120110112",2,201,20,1,20011,20110,12,3,17,,,,,,,,2,4,13,,
"2201202001120110113",2,201,20,1,20011,20110,13,3,17,,,,,,,,2,7,,,
"2201202001120110114",2,201,20,1,20011,20110,14,2,3,7,8,13,17,,,,2,3,7,12,13
"2201202001120110115",2,201,20,1,20011,20110,15,3,17,,,,,,,,2,7,12,,
"2201202001120110116",2,201,20,1,20011,20110,16,3,13,,,,,,,,2,5,12,,
"2201202001120110117",2,201,20,1,20011,20110,17,3,5,9,11,,,,,,2,5,7,12,
"2201202001120110118",2,201,20,1,20011,20110,18,1,3,9,13,15,,,,,2,5,12,,
"2201202001120110119",2,201,20,1,20011,20110,19,3,7,9,13,,,,,,2,7,12,,
"2201202001120110120",2,201,20,1,20011,20110,20,3,9,11,,,,,,,3,,,,
"2201202001120111101",2,201,20,1,20011,20111,1,3,9,,,,,,,,2,5,,,
"2201202001120111102",2,201,20,1,20011,20111,2,3,9,10,,,,,,,2,5,13,,
"2201202001120111103",2,201,20,1,20011,20111,3,3,,,,,,,,,2,,,,
"2201202001120111104",2,201,20,1,20011,20111,4,3,99,,,,,,,,3,,,,
"2201202001120111105",2,201,20,1,20011,20111,5,3,5,,,,,,,,1,2,3,,
"2201202001120111106",2,201,20,1,20011,20111,6,1,3,13,17,,,,,,2,7,8,,
"2201202001120111107",2,201,20,1,20011,20111,7,1,2,3,13,17,,,,,2,2,5,7,8
"2201202001120111108",2,201,20,1,20011,20111,8,1,3,4,5,9,10,13,17,,3,,,,
"2201202001120111109",2,201,20,1,20011,20111,9,1,3,5,9,10,13,17,,,3,,,,
"2201202001120111110",2,201,20,1,20011,20111,10,1,3,5,9,10,11,13,17,,2,5,12,,
"2201202001120111111",2,201,20,1,20011,20111,11,3,5,9,10,13,17,,,,3,,,,
"2201202001120111112",2,201,20,1,20011,20111,12,3,9,11,,,,,,,3,,,,
"2201202001120111113",2,201,20,1,20011,20111,13,3,5,10,11,13,,,,,2,5,7,,
"2201202001120111114",2,201,20,1,20011,20111,14,3,5,11,,,,,,,2,5,6,12,
"2201202001120111115",2,201,20,1,20011,20111,15,3,10,17,,,,,,,1,3,,,
"2201202001120111116",2,201,20,1,20011,20111,16,3,13,,,,,,,,1,,,,
"2201202001120111117",2,201,20,1,20011,20111,17,3,10,,,,,,,,1,12,,,
"2201202001120111118",2,201,20,1,20011,20111,18,1,3,9,13,17,,,,,2,5,7,12,
"2201202001120111119",2,201,20,1,20011,20111,19,3,,,,,,,,,2,,,,
"2201202001120111120",2,201,20,1,20011,20111,20,3,10,13,17,,,,,,2,3,5,7,8
"2201202001120128101",2,201,20,1,20011,20128,1,3,5,,,,,,,,2,5,13,,
"2201202001120128102",2,201,20,1,20011,20128,2,3,13,,,,,,,,2,,,,
"2201202001120128103",2,201,20,1,20011,20128,3,5,,,,,,,,,2,5,,,
"2201202001120128104",2,201,20,1,20011,20128,4,17,,,,,,,,,2,,,,
"2201202001120128105",2,201,20,1,20011,20128,5,3,4,7,8,13,17,,,,2,3,7,8,12
"2201202001120128106",2,201,20,1,20011,20128,6,3,13,,,,,,,,2,7,,,
"2201202001120128107",2,201,20,1,20011,20128,7,3,12,13,,,,,,,2,7,10,,
"2201202001120128108",2,201,20,1,20011,20128,8,3,4,7,8,13,17,,,,2,2,3,7,12
"2201202001120128109",2,201,20,1,20011,20128,9,3,13,17,,,,,,,2,7,13,,
"2201202001120128110",2,201,20,1,20011,20128,10,3,13,,,,,,,,2,3,10,,
"2201202001120128111",2,201,20,1,20011,20128,11,3,9,13,,,,,,,2,7,,,
"2201202001120128112",2,201,20,1,20011,20128,12,1,2,3,5,10,,,,,2,7,12,,
"2201202001120128113",2,201,20,1,20011,20128,13,3,5,9,,,,,,,2,5,,,
"2201202001120128114",2,201,20,1,20011,20128,14,3,5,9,11,,,,,,2,7,12,,
"2201202001120128115",2,201,20,1,20011,20128,15,1,3,5,9,10,11,12,13,17,2,5,7,12,13
"2201202001120128116",2,201,20,1,20011,20128,16,1,3,5,7,8,9,10,11,12,2,5,7,12,99
"2201202001120128117",2,201,20,1,20011,20128,17,3,5,6,8,9,10,11,12,13,2,5,7,8,12
"2201202001120128118",2,201,20,1,20011,20128,18,1,3,5,9,10,11,12,13,15,2,3,5,7,12
"2201202001120128119",2,201,20,1,20011,20128,19,1,7,8,13,17,,,,,2,3,7,12,13
"2201202001120128120",2,201,20,1,20011,20128,20,3,4,7,8,13,17,,,,2,2,3,7,8
"2201202001220591101",2,201,20,1,20012,20591,1,4,13,15,17,,,,,,3,,,,
"2201202001220591102",2,201,20,1,20012,20591,2,1,3,4,7,11,12,13,15,17,2,2,3,5,7
"2201202001220591103",2,201,20,1,20012,20591,3,3,4,12,13,15,17,,,,2,2,5,7,12
"2201202001220591104",2,201,20,1,20012,20591,4,1,3,7,11,12,13,15,17,,2,2,5,7,12
"2201202001220591105",2,201,20,1,20012,20591,5,3,4,7,13,15,,,,,,,,,
"2201202001220591106",2,201,20,1,20012,20591,6,3,7,11,13,15,17,,,,2,5,7,13,
"2201202001220591107",2,201,20,1,20012,20591,7,3,4,7,8,9,13,15,17,,2,8,13,,
"2201202001220591108",2,201,20,1,20012,20591,8,3,4,11,12,13,17,,,,2,2,5,7,12
"2201202001220591109",2,201,20,1,20012,20591,9,3,4,7,13,15,,,,,,2,3,5,7
"2201202001220591110",2,201,20,1,20012,20591,10,1,3,4,7,12,13,17,,,2,2,3,5,7
"2201202001220591112",2,201,20,1,20012,20591,12,1,3,4,7,9,11,13,15,17,3,,,,
"2201202001220591113",2,201,20,1,20012,20591,13,4,11,12,13,15,17,,,,3,,,,
"2201202001220591114",2,201,20,1,20012,20591,14,1,3,4,7,9,13,15,17,,1,2,3,5,7
"2201202001220591115",2,201,20,1,20012,20591,15,3,4,7,9,12,13,15,17,,3,,,,
"2201202001220591116",2,201,20,1,20012,20591,16,1,3,7,9,13,17,,,,2,3,5,7,
"2201202001220591117",2,201,20,1,20012,20591,17,1,3,7,9,10,11,12,13,15,1,2,5,7,10
"2201202001220591118",2,201,20,1,20012,20591,18,1,2,3,4,5,9,13,17,,3,,,,
"2201202001220591119",2,201,20,1,20012,20591,19,1,2,3,7,9,12,13,15,17,2,2,3,7,
"2201202001220591120",2,201,20,1,20012,20591,20,1,3,4,5,7,9,12,13,17,3,,,,
"2201202001220592101",2,201,20,1,20012,20592,1,1,2,7,8,9,13,15,17,,3,,,,
"2201202001220592102",2,201,20,1,20012,20592,2,1,3,4,9,11,12,13,15,17,2,2,5,7,
"2201202001220592103",2,201,20,1,20012,20592,3,1,3,7,11,13,15,17,,,2,2,3,5,13
"2201202001220592104",2,201,20,1,20012,20592,4,1,3,9,13,15,17,,,,3,,,,
"2201202001220592105",2,201,20,1,20012,20592,5,1,3,4,8,12,13,15,17,,1,2,3,5,7
"2201202001220592106",2,201,20,1,20012,20592,6,1,3,7,9,12,15,16,17,,2,3,5,7,
"2201202001220592107",2,201,20,1,20012,20592,7,1,3,4,7,9,12,13,15,17,2,2,3,5,12
"2201202001220592108",2,201,20,1,20012,20592,8,1,3,7,9,12,13,15,17,,3,,,,
"2201202001220592109",2,201,20,1,20012,20592,9,1,3,4,7,12,13,15,17,,1,2,3,5,7
"2201202001220592110",2,201,20,1,20012,20592,10,1,3,7,8,9,11,13,15,17,1,2,3,5,7
"2201202001220592111",2,201,20,1,20012,20592,11,1,3,7,9,12,13,15,17,,2,5,7,13,
"2201202001220592112",2,201,20,1,20012,20592,12,1,3,9,13,15,17,,,,3,,,,
"2201202001220592113",2,201,20,1,20012,20592,13,1,3,7,13,15,17,,,,2,2,3,5,
"2201202001220592114",2,201,20,1,20012,20592,14,1,3,8,11,12,13,15,17,,3,,,,
"2201202001220592115",2,201,20,1,20012,20592,15,3,7,9,11,13,15,17,,,2,5,7,12,13
"2201202001220592116",2,201,20,1,20012,20592,16,1,3,4,7,9,12,13,15,17,2,2,3,5,
"2201202001220592117",2,201,20,1,20012,20592,17,1,4,7,8,9,12,13,15,16,3,,,,
"2201202001220592118",2,201,20,1,20012,20592,18,1,2,3,5,7,9,11,12,13,2,2,3,4,13
"2201202001220592119",2,201,20,1,20012,20592,19,1,3,6,9,12,13,17,,,1,2,5,7,
"2201202001220592120",2,201,20,1,20012,20592,20,1,3,5,7,9,13,17,,,1,2,5,7,12
"2201202001220611101",2,201,20,1,20012,20611,1,3,4,,,,,,,,2,12,,,
"2201202001220611102",2,201,20,1,20012,20611,2,3,5,9,12,,,,,,1,5,12,,
"2201202001220611103",2,201,20,1,20012,20611,3,3,13,,,,,,,,2,12,,,
"2201202001220611104",2,201,20,1,20012,20611,4,1,3,7,12,13,17,,,,2,3,7,8,13
"2201202001220611105",2,201,20,1,20012,20611,5,1,3,9,10,13,17,,,,2,3,8,13,
"2201202001220611106",2,201,20,1,20012,20611,6,1,3,13,17,,,,,,2,3,8,13,
"2201202001220611107",2,201,20,1,20012,20611,7,1,3,10,13,17,,,,,2,3,7,8,13
"2201202001220611108",2,201,20,1,20012,20611,8,3,5,12,,,,,,,2,5,,,
"2201202001220611109",2,201,20,1,20012,20611,9,3,5,9,,,,,,,2,5,,,
"2201202001220611110",2,201,20,1,20012,20611,10,3,11,12,,,,,,,2,3,5,,
"2201202001220611111",2,201,20,1,20012,20611,11,3,5,9,12,15,,,,,2,4,5,,
"2201202001220611112",2,201,20,1,20012,20611,12,1,3,7,13,14,16,17,,,2,3,,,
"2201202001220611113",2,201,20,1,20012,20611,13,1,3,7,13,17,,,,,2,5,,,
"2201202001220611114",2,201,20,1,20012,20611,14,1,3,7,,,,,,,2,5,12,,
"2201202001220611115",2,201,20,1,20012,20611,15,1,3,5,7,9,13,17,,,3,,,,
"2201202001220611116",2,201,20,1,20012,20611,16,1,3,7,13,17,,,,,2,3,12,,
"2201202001220611117",2,201,20,1,20012,20611,17,1,3,9,11,12,17,,,,1,2,3,5,7
"2201202001220611118",2,201,20,1,20012,20611,18,1,3,4,7,9,11,12,13,15,2,2,3,5,7
"2201202001220611119",2,201,20,1,20012,20611,19,1,3,4,7,9,11,12,13,15,1,2,3,5,7
"2201202001220611120",2,201,20,1,20012,20611,20,1,3,4,9,11,12,13,15,17,2,2,3,5,7
"2201202001320182101",2,201,20,1,20013,20182,1,3,10,17,,,,,,,1,4,12,,
"2201202001320182102",2,201,20,1,20013,20182,2,3,13,,,,,,,,2,3,,,
"2201202001320182103",2,201,20,1,20013,20182,3,3,5,8,10,13,,,,,2,3,7,8,12
"2201202001320182104",2,201,20,1,20013,20182,4,3,13,17,,,,,,,1,2,3,13,
"2201202001320182105",2,201,20,1,20013,20182,5,3,13,17,,,,,,,1,12,,,
"2201202001320182106",2,201,20,1,20013,20182,6,3,4,5,9,11,15,,,,1,3,5,7,
"2201202001320182107",2,201,20,1,20013,20182,7,3,5,9,11,,,,,,2,7,,,
"2201202001320182108",2,201,20,1,20013,20182,8,3,9,13,,,,,,,1,5,7,,
"2201202001320182109",2,201,20,1,20013,20182,9,3,9,11,,,,,,,2,2,3,7,
"2201202001320182110",2,201,20,1,20013,20182,10,1,9,10,11,12,13,15,17,,2,7,13,,
"2201202001320182111",2,201,20,1,20013,20182,11,1,3,5,9,10,17,,,,1,3,7,10,13
"2201202001320182112",2,201,20,1,20013,20182,12,1,3,5,9,10,12,13,17,,2,5,7,13,
"2201202001320182113",2,201,20,1,20013,20182,13,1,3,5,9,10,13,15,,,2,3,5,7,13
"2201202001320182114",2,201,20,1,20013,20182,14,3,5,7,13,17,,,,,2,2,7,8,12
"2201202001320182115",2,201,20,1,20013,20182,15,3,7,8,13,17,,,,,2,2,3,7,8
"2201202001320182116",2,201,20,1,20013,20182,16,3,7,13,17,,,,,,1,3,7,8,12
"2201202001320182117",2,201,20,1,20013,20182,17,3,7,,,,,,,,1,5,,,
"2201202001320182118",2,201,20,1,20013,20182,18,3,,,,,,,,,2,,,,
"2201202001320182119",2,201,20,1,20013,20182,19,3,,,,,,,,,2,,,,
"2201202001320182120",2,201,20,1,20013,20182,20,3,,,,,,,,,2,5,10,,
"2201202001320184101",2,201,20,1,20013,20184,1,3,9,,,,,,,,2,5,13,,
"2201202001320184102",2,201,20,1,20013,20184,2,1,3,4,7,8,12,13,17,,3,,,,
"2201202001320184103",2,201,20,1,20013,20184,3,3,,,,,,,,,2,5,,,
"2201202001320184104",2,201,20,1,20013,20184,4,1,3,7,9,13,17,,,,2,2,3,8,12
"2201202001320184105",2,201,20,1,20013,20184,5,3,5,,,,,,,,2,5,13,,
"2201202001320184106",2,201,20,1,20013,20184,6,5,,,,,,,,,2,4,,,
"2201202001320184107",2,201,20,1,20013,20184,7,1,3,5,9,10,11,12,13,16,2,3,5,7,13
"2201202001320184108",2,201,20,1,20013,20184,8,1,3,5,9,10,11,12,13,17,2,3,5,7,
"2201202001320184109",2,201,20,1,20013,20184,9,1,3,5,6,8,9,10,17,,2,5,7,,
"2201202001320184110",2,201,20,1,20013,20184,10,1,3,9,11,13,15,,,,2,3,5,7,12
"2201202001320184111",2,201,20,1,20013,20184,11,3,5,9,,,,,,,1,5,7,,
"2201202001320184112",2,201,20,1,20013,20184,12,3,5,17,,,,,,,1,5,7,12,
"2201202001320184113",2,201,20,1,20013,20184,13,3,5,9,,,,,,,1,5,7,,
"2201202001320184114",2,201,20,1,20013,20184,14,3,5,9,,,,,,,2,10,,,
"2201202001320184115",2,201,20,1,20013,20184,15,3,13,17,,,,,,,2,13,,,
"2201202001320184116",2,201,20,1,20013,20184,16,3,15,,,,,,,,2,3,12,,
"2201202001320184117",2,201,20,1,20013,20184,17,3,13,,,,,,,,2,3,,,
"2201202001320184118",2,201,20,1,20013,20184,18,1,3,4,7,13,17,,,,2,2,7,8,12
"2201202001320184119",2,201,20,1,20013,20184,19,3,13,17,,,,,,,1,3,13,,
"2201202001320184120",2,201,20,1,20013,20184,20,3,4,13,17,,,,,,2,2,3,7,8
"2201202001320186101",2,201,20,1,20013,20186,1,3,9,17,,,,,,,1,5,12,,
"2201202001320186102",2,201,20,1,20013,20186,2,3,5,9,13,15,17,,,,2,5,6,,
"2201202001320186103",2,201,20,1,20013,20186,3,5,17,,,,,,,,1,3,5,7,
"2201202001320186104",2,201,20,1,20013,20186,4,3,5,9,17,,,,,,2,7,12,,
"2201202001320186105",2,201,20,1,20013,20186,5,3,7,13,17,,,,,,1,2,3,7,12
"2201202001320186106",2,201,20,1,20013,20186,6,3,5,13,,,,,,,2,5,,,
"2201202001320186107",2,201,20,1,20013,20186,7,3,13,17,,,,,,,2,3,13,,
"2201202001320186108",2,201,20,1,20013,20186,8,3,17,,,,,,,,2,2,3,,
"2201202001320186109",2,201,20,1,20013,20186,9,3,13,17,,,,,,,2,2,3,13,
"2201202001320186110",2,201,20,1,20013,20186,10,3,13,17,,,,,,,2,3,13,,
"2201202001320186111",2,201,20,1,20013,20186,11,3,9,,,,,,,,3,,,,
"2201202001320186112",2,201,20,1,20013,20186,12,3,,,,,,,,,2,5,,,
"2201202001320186113",2,201,20,1,20013,20186,13,3,13,17,,,,,,,2,3,12,,
"2201202001320186114",2,201,20,1,20013,20186,14,3,13,17,,,,,,,2,2,3,7,8
"2201202001320186115",2,201,20,1,20013,20186,15,3,13,17,,,,,,,2,3,7,8,12
"2201202001320186116",2,201,20,1,20013,20186,16,1,3,5,9,10,13,17,,,1,3,5,12,
"2201202001320186117",2,201,20,1,20013,20186,17,3,4,9,10,11,12,,,,2,5,7,12,
"2201202001320186118",2,201,20,1,20013,20186,18,3,,,,,,,,,2,,,,
"2201202001320186119",2,201,20,1,20013,20186,19,3,5,9,10,11,13,17,,,3,,,,
"2201202001320186120",2,201,20,1,20013,20186,20,1,3,5,9,10,13,17,,,2,3,5,12,13
"2201202001320203101",2,201,20,1,20013,20203,1,1,3,7,10,13,17,,,,1,2,3,7,8
"2201202001320203102",2,201,20,1,20013,20203,2,3,5,7,8,13,17,,,,2,3,5,7,8
"2201202001320203103",2,201,20,1,20013,20203,3,1,3,7,8,13,17,,,,2,3,7,8,12
"2201202001320203104",2,201,20,1,20013,20203,4,1,3,5,7,9,10,13,17,,1,3,5,7,12
"2201202001320203105",2,201,20,1,20013,20203,5,3,5,9,,,,,,,2,7,,,
"2201202001320203106",2,201,20,1,20013,20203,6,3,5,9,14,,,,,,2,8,13,,
"2201202001320203107",2,201,20,1,20013,20203,7,3,5,9,10,13,,,,,1,5,6,12,13
"2201202001320203108",2,201,20,1,20013,20203,8,3,5,13,,,,,,,2,5,7,12,
"2201202001320203109",2,201,20,1,20013,20203,9,3,,,,,,,,,3,,,,
"2201202001320203110",2,201,20,1,20013,20203,10,3,17,,,,,,,,2,,,,
"2201202001320203111",2,201,20,1,20013,20203,11,5,9,,,,,,,,2,5,,,
"2201202001320203112",2,201,20,1,20013,20203,12,3,17,,,,,,,,2,2,13,,
"2201202001320203113",2,201,20,1,20013,20203,13,3,13,17,,,,,,,1,2,3,13,
"2201202001320203114",2,201,20,1,20013,20203,14,3,13,,,,,,,,2,3,,,
"2201202001320203115",2,201,20,1,20013,20203,15,3,13,17,,,,,,,1,3,7,,
"2201202001320203116",2,201,20,1,20013,20203,16,17,,,,,,,,,3,,,,
"2201202001320203117",2,201,20,1,20013,20203,17,1,3,9,10,11,12,13,15,17,2,2,3,7,12
"2201202001320203118",2,201,20,1,20013,20203,18,3,10,11,12,13,15,17,,,2,5,7,12,13
"2201202001320203119",2,201,20,1,20013,20203,19,1,3,5,8,9,10,11,13,15,2,2,5,7,8
"2201202001320203120",2,201,20,1,20013,20203,20,3,9,10,11,12,13,15,,,2,3,5,7,12
"2201202001420035112",2,201,20,1,20014,20035,12,1,3,4,9,13,17,,,,2,2,3,7,13
"2201202001420315101",2,201,20,1,20014,20315,1,3,7,13,17,,,,,,2,2,3,7,12
"2201202001420315102",2,201,20,1,20014,20315,2,1,3,5,6,9,,,,,2,5,7,12,
"2201202001420315103",2,201,20,1,20014,20315,3,3,5,9,,,,,,,2,3,5,7,13
"2201202001420315104",2,201,20,1,20014,20315,4,3,7,13,17,,,,,,3,,,,
"2201202001420315105",2,201,20,1,20014,20315,5,1,3,9,17,,,,,,2,7,13,,
"2201202001420315106",2,201,20,1,20014,20315,6,3,5,7,8,,,,,,2,5,12,,
"2201202001420315107",2,201,20,1,20014,20315,7,3,,,,,,,,,2,,,,
"2201202001420315108",2,201,20,1,20014,20315,8,1,3,5,9,10,11,12,15,,2,5,7,12,
"2201202001420315109",2,201,20,1,20014,20315,9,3,,,,,,,,,3,,,,
"2201202001420315110",2,201,20,1,20014,20315,10,1,3,5,9,10,11,13,15,,2,5,7,12,13
"2201202001420315111",2,201,20,1,20014,20315,11,1,3,5,9,10,11,12,15,,3,,,,
"2201202001420315112",2,201,20,1,20014,20315,12,99,,,,,,,,,2,,,,
"2201202001420315113",2,201,20,1,20014,20315,13,3,,,,,,,,,2,5,,,
"2201202001420315114",2,201,20,1,20014,20315,14,5,13,17,,,,,,,2,4,13,,
"2201202001420315115",2,201,20,1,20014,20315,15,3,9,10,11,12,13,,,,2,2,3,5,7
"2201202001420315116",2,201,20,1,20014,20315,16,3,7,13,17,,,,,,1,3,7,8,12
"2201202001420315117",2,201,20,1,20014,20315,17,3,7,10,13,17,,,,,2,2,3,7,8
"2201202001420315118",2,201,20,1,20014,20315,18,3,17,,,,,,,,2,3,13,,
"2201202001420315119",2,201,20,1,20014,20315,19,3,17,,,,,,,,2,12,,,
"2201202001420315120",2,201,20,1,20014,20315,20,3,13,,,,,,,,2,3,4,,
"2201202001420333101",2,201,20,1,20014,20333,1,3,5,9,13,,,,,,2,5,6,7,
"2201202001420333102",2,201,20,1,20014,20333,2,3,5,9,13,,,,,,1,2,3,5,
"2201202001420333103",2,201,20,1,20014,20333,3,3,5,9,,,,,,,2,6,7,,
"2201202001420333104",2,201,20,1,20014,20333,4,3,9,11,17,,,,,,2,7,12,,
"2201202001420333106",2,201,20,1,20014,20333,6,3,5,9,11,13,15,,,,3,,,,
"2201202001420333107",2,201,20,1,20014,20333,7,1,3,5,10,11,12,13,17,,3,,,,
"2201202001420333108",2,201,20,1,20014,20333,8,1,3,5,9,10,11,13,15,17,3,,,,
"2201202001420333109",2,201,20,1,20014,20333,9,3,13,17,,,,,,,1,3,13,,
"2201202001420333110",2,201,20,1,20014,20333,10,3,13,17,,,,,,,2,2,3,13,
"2201202001420333111",2,201,20,1,20014,20333,11,3,13,17,,,,,,,2,2,3,,
"2201202001420333112",2,201,20,1,20014,20333,12,3,17,,,,,,,,2,2,3,13,
"2201202001420333113",2,201,20,1,20014,20333,13,3,10,13,17,,,,,,2,3,7,8,12
"2201202001420333114",2,201,20,1,20014,20333,14,1,3,7,13,,,,,,2,3,7,8,12
"2201202001420333115",2,201,20,1,20014,20333,15,1,3,10,13,17,,,,,2,3,7,12,
"2201202001420333116",2,201,20,1,20014,20333,16,3,7,13,17,,,,,,2,2,8,12,13
"2201202001420333117",2,201,20,1,20014,20333,17,3,5,,,,,,,,2,3,,,
"2201202001420333118",2,201,20,1,20014,20333,18,3,,,,,,,,,2,,,,
"2201202001420333119",2,201,20,1,20014,20333,19,3,17,,,,,,,,2,13,,,
"2201202001420333120",2,201,20,1,20014,20333,20,3,5,9,,,,,,,2,5,,,
"2201202001420335101",2,201,20,1,20014,20335,1,1,3,9,10,15,17,,,,3,,,,
"2201202001420335102",2,201,20,1,20014,20335,2,1,3,4,7,9,13,15,17,,1,5,7,12,13
"2201202001420335103",2,201,20,1,20014,20335,3,1,3,5,9,10,12,13,,,3,,,,
"2201202001420335104",2,201,20,1,20014,20335,4,1,3,9,10,11,12,13,17,,2,5,7,13,
"2201202001420335105",2,201,20,1,20014,20335,5,3,9,11,,,,,,,3,,,,
"2201202001420335106",2,201,20,1,20014,20335,6,3,5,11,,,,,,,2,7,,,
"2201202001420335107",2,201,20,1,20014,20335,7,3,5,9,17,,,,,,3,,,,
"2201202001420335108",2,201,20,1,20014,20335,8,3,9,10,,,,,,,2,3,5,,
"2201202001420335109",2,201,20,1,20014,20335,9,1,3,4,13,17,,,,,2,3,7,12,13
"2201202001420335110",2,201,20,1,20014,20335,10,2,3,5,13,17,,,,,2,2,3,7,13
"2201202001420335111",2,201,20,1,20014,20335,11,1,3,4,7,10,13,17,,,2,3,7,12,13
"2201202001420335113",2,201,20,1,20014,20335,13,3,17,,,,,,,,2,12,13,,
"2201202001420335114",2,201,20,1,20014,20335,14,3,13,17,,,,,,,2,3,13,,
"2201202001420335115",2,201,20,1,20014,20335,15,3,13,17,,,,,,,1,12,13,,
"2201202001420335116",2,201,20,1,20014,20335,16,3,17,,,,,,,,2,12,13,,
"2201202001420335117",2,201,20,1,20014,20335,17,3,,,,,,,,,2,5,13,,
"2201202001420335118",2,201,20,1,20014,20335,18,3,,,,,,,,,2,13,,,
"2201202001420335119",2,201,20,1,20014,20335,19,3,,,,,,,,,2,99,,,
"2201202001420335120",2,201,20,1,20014,20335,20,3,,,,,,,,,2,,,,
"2201202001420336101",2,201,20,1,20014,20336,1,1,3,9,13,17,,,,,2,2,3,5,7
"2201202001420336102",2,201,20,1,20014,20336,2,3,13,,,,,,,,2,2,7,,
"2201202001420336103",2,201,20,1,20014,20336,3,3,5,9,11,,,,,,2,12,,,
"2201202001420336104",2,201,20,1,20014,20336,4,3,4,10,12,,,,,,2,2,5,7,
"2201202001420336105",2,201,20,1,20014,20336,5,,,1,3,5,9,10,13,17,3,,,,
"2201202001420336106",2,201,20,1,20014,20336,6,1,3,5,10,11,13,17,,,2,2,10,12,13
"2201202001420336107",2,201,20,1,20014,20336,7,2,3,10,11,,,,,,2,6,12,,
"2201202001420336108",2,201,20,1,20014,20336,8,1,3,9,10,11,13,17,5,,2,2,7,12,13
"2201202001420336109",2,201,20,1,20014,20336,9,,,,,,1,3,13,17,2,1,3,8,13
"2201202001420336110",2,201,20,1,20014,20336,10,1,3,9,13,17,,,,,2,7,8,12,
"2201202001420336111",2,201,20,1,20014,20336,11,3,9,13,15,,,,,,2,5,7,,
"2201202001420336112",2,201,20,1,20014,20336,12,1,3,4,5,9,10,11,13,17,2,,,1,12
"2201202001420336113",2,201,20,1,20014,20336,13,,,,,,,,3,15,2,,,1,3
"2201202001420336114",2,201,20,1,20014,20336,14,,,,,,,,3,5,2,,,1,2
"2201202001420336115",2,201,20,1,20014,20336,15,,,,,,,3,10,17,1,,1,3,13
"2201202001420336116",2,201,20,1,20014,20336,16,,,,,,,,3,5,2,,,,1
"2201202001420336117",2,201,20,1,20014,20336,17,,,,,,,,6,17,3,,,,
"2201202001420336118",2,201,20,1,20014,20336,18,1,5,11,,,,,,,2,,,,
"2201202001420336119",2,201,20,1,20014,20336,19,,,,,,,,,3,3,,,,
"2201202001420336120",2,201,20,1,20014,20336,20,,,,,,,,,3,1,,,1,10
"2201202001520071101",2,201,20,1,20015,20071,1,3,9,17,,,,,,,2,,,,
"2201202001520071102",2,201,20,1,20015,20071,2,1,3,5,9,10,11,13,17,,2,5,12,13,
"2201202001520071103",2,201,20,1,20015,20071,3,3,5,9,15,,,,,,2,7,13,,
"2201202001520071104",2,201,20,1,20015,20071,4,3,5,10,,,,,,,2,7,,,
"2201202001520071105",2,201,20,1,20015,20071,5,3,5,13,15,,,,,,2,7,13,,
"2201202001520071106",2,201,20,1,20015,20071,6,3,5,9,10,11,13,17,,,2,3,5,7,12
"2201202001520071107",2,201,20,1,20015,20071,7,3,5,17,,,,,,,2,7,12,,
"2201202001520071108",2,201,20,1,20015,20071,8,1,3,,,,,,,,3,,,,
"2201202001520071109",2,201,20,1,20015,20071,9,1,3,5,9,10,11,13,17,,2,5,7,12,
"2201202001520071110",2,201,20,1,20015,20071,10,1,3,5,9,10,12,13,,,2,5,12,13,
"2201202001520071111",2,201,20,1,20015,20071,11,3,13,,,,,,,,2,13,,,
"2201202001520071112",2,201,20,1,20015,20071,12,3,,,,,,,,,3,,,,
"2201202001520071113",2,201,20,1,20015,20071,13,3,13,,,,,,,,3,,,,
"2201202001520071114",2,201,20,1,20015,20071,14,3,13,,,,,,,,2,3,,,
"2201202001520071115",2,201,20,1,20015,20071,15,3,17,,,,,,,,2,5,13,,
"2201202001520071116",2,201,20,1,20015,20071,16,3,7,13,,,,,,,2,3,6,7,13
"2201202001520071117",2,201,20,1,20015,20071,17,3,5,9,17,,,,,,2,5,,,
"2201202001520071118",2,201,20,1,20015,20071,18,3,7,8,13,17,,,,,2,7,8,12,13
"2201202001520071119",2,201,20,1,20015,20071,19,2,3,5,7,14,,,,,2,2,3,4,6
"2201202001520071120",2,201,20,1,20015,20071,20,3,8,14,17,,,,,,2,3,5,7,
"2201202001520073101",2,201,20,1,20015,20073,1,1,3,17,,,,,,,3,,,,
"2201202001520073102",2,201,20,1,20015,20073,2,1,3,5,9,10,11,12,17,,3,,,,
"2201202001520073103",2,201,20,1,20015,20073,3,1,3,10,13,17,,,,,1,3,5,10,12
"2201202001520073104",2,201,20,1,20015,20073,4,3,11,12,,,,,,,3,,,,
"2201202001520073105",2,201,20,1,20015,20073,5,3,13,,,,,,,,2,,,,
"2201202001520073106",2,201,20,1,20015,20073,6,1,3,,,,,,,,3,,,,
"2201202001520073107",2,201,20,1,20015,20073,7,1,3,,,,,,,,3,,,,
"2201202001520073108",2,201,20,1,20015,20073,8,3,4,10,14,16,,,,,2,12,,,
"2201202001520073109",2,201,20,1,20015,20073,9,3,9,15,,,,,,,,5,7,12,13
"2201202001520073110",2,201,20,1,20015,20073,10,1,3,9,15,,,,,,3,,,,
"2201202001520073111",2,201,20,1,20015,20073,11,1,3,5,15,,,,,,3,,,,
"2201202001520073112",2,201,20,1,20015,20073,12,3,7,9,13,17,,,,,2,2,3,5,7
"2201202001520073113",2,201,20,1,20015,20073,13,1,3,13,17,,,,,,2,7,12,,
"2201202001520073114",2,201,20,1,20015,20073,14,3,7,10,14,17,,,,,2,3,5,7,8
"2201202001520073115",2,201,20,1,20015,20073,15,3,13,,,,,,,,3,,,,
"2201202001520073116",2,201,20,1,20015,20073,16,3,7,13,17,,,,,,2,3,5,7,8
"2201202001520073117",2,201,20,1,20015,20073,17,3,5,13,17,,,,,,3,,,,
"2201202001520073118",2,201,20,1,20015,20073,18,3,10,13,,,,,,,2,12,,,
"2201202001520073119",2,201,20,1,20015,20073,19,3,7,8,17,,,,,,3,,,,
"2201202001520073120",2,201,20,1,20015,20073,20,3,9,10,15,,,,,,2,12,,,
"2201202001520074101",2,201,20,1,20015,20074,1,3,9,13,17,,,,,,3,,,,
"2201202001520074102",2,201,20,1,20015,20074,2,3,9,13,17,,,,,,2,5,12,,
"2201202001520074103",2,201,20,1,20015,20074,3,3,9,13,,,,,,,2,13,,,
"2201202001520074104",2,201,20,1,20015,20074,4,3,,,,,,,,,2,,,,
"2201202001520074105",2,201,20,1,20015,20074,5,1,3,7,13,17,,,,,2,3,7,12,13
"2201202001520074106",2,201,20,1,20015,20074,6,1,3,5,9,10,12,13,14,17,1,3,5,7,13
"2201202001520074107",2,201,20,1,20015,20074,7,1,3,9,10,11,13,15,17,,2,2,5,7,13
"2201202001520074108",2,201,20,1,20015,20074,8,1,3,9,11,13,15,17,10,12,2,5,7,13,
"2201202001520074109",2,201,20,1,20015,20074,9,1,3,9,10,11,12,13,15,,2,5,7,,
"2201202001520074110",2,201,20,1,20015,20074,10,3,9,,,,,,,,2,5,13,,
"2201202001520074111",2,201,20,1,20015,20074,11,3,13,,,,,,,,2,6,13,,
"2201202001520074112",2,201,20,1,20015,20074,12,3,13,,,,,,,,2,7,,,
"2201202001520074113",2,201,20,1,20015,20074,13,3,12,13,,,,,,,2,10,,,
"2201202001520074114",2,201,20,1,20015,20074,14,3,13,17,,,,,,,2,3,13,,
"2201202001520074115",2,201,20,1,20015,20074,15,3,9,13,,,,,,,3,,,,
"2201202001520074116",2,201,20,1,20015,20074,16,3,9,,,,,,,,2,,,,
"2201202001520074117",2,201,20,1,20015,20074,17,3,,,,,,,,,2,,,,
"2201202001520074118",2,201,20,1,20015,20074,18,3,4,7,13,17,,,,,2,2,3,12,13
"2201202001520074119",2,201,20,1,20015,20074,19,3,7,8,13,17,,,,,2,2,3,7,8
"2201202001520074120",2,201,20,1,20015,20074,20,2,3,4,13,17,,,,,2,2,3,7,13
"2201202001520092101",2,201,20,1,20015,20092,1,1,3,9,10,11,13,15,,,2,5,7,12,13
"2201202001520092102",2,201,20,1,20015,20092,2,1,5,9,10,11,12,13,15,17,2,5,7,12,13
"2201202001520092103",2,201,20,1,20015,20092,3,1,8,9,11,12,15,,,,2,5,7,12,13
"2201202001520092104",2,201,20,1,20015,20092,4,1,3,9,10,12,13,15,,,2,3,5,7,
"2201202001520092105",2,201,20,1,20015,20092,5,3,9,13,,,,,,,2,5,8,,
"2201202001520092106",2,201,20,1,20015,20092,6,1,3,17,,,,,,,1,3,7,,
"2201202001520092107",2,201,20,1,20015,20092,7,3,9,15,,,,,,,1,5,7,12,
"2201202001520092108",2,201,20,1,20015,20092,8,3,5,9,17,,,,,,2,5,7,12,13
"2201202001520092109",2,201,20,1,20015,20092,9,3,4,7,8,13,,,,,2,3,7,12,
"2201202001520092110",2,201,20,1,20015,20092,10,1,3,7,8,13,17,,,,2,3,7,12,13
"2201202001520092111",2,201,20,1,20015,20092,11,1,3,7,8,13,17,,,,2,3,7,12,13
"2201202001520092112",2,201,20,1,20015,20092,12,1,2,3,7,8,13,17,,,2,2,3,7,8
"2201202001520092113",2,201,20,1,20015,20092,13,3,13,15,,,,,,,2,13,,,
"2201202001520092114",2,201,20,1,20015,20092,14,3,13,,,,,,,,1,13,,,
"2201202001520092115",2,201,20,1,20015,20092,15,3,9,,,,,,,,3,,,,
"2201202001520092116",2,201,20,1,20015,20092,16,3,13,,,,,,,,2,12,,,
"2201202001520092117",2,201,20,1,20015,20092,17,3,,,,,,,,,2,5,13,,
"2201202001520092118",2,201,20,1,20015,20092,18,3,,,,,,,,,3,,,,
"2201202001520092119",2,201,20,1,20015,20092,19,5,,,,,,,,,2,,,,
"2201202001520092120",2,201,20,1,20015,20092,20,3,13,17,,,,,,,2,3,13,,
"2201202001620277101",2,201,20,1,20016,20277,1,1,3,5,9,10,11,12,15,,3,,,,
"2201202001620277102",2,201,20,1,20016,20277,2,3,5,9,12,15,17,,,,2,5,7,,
"2201202001620277103",2,201,20,1,20016,20277,3,1,3,5,9,10,11,12,13,17,2,3,5,7,12
"2201202001620277104",2,201,20,1,20016,20277,4,1,3,5,9,10,11,12,13,15,2,3,5,7,12
"2201202001620277105",2,201,20,1,20016,20277,5,4,5,9,11,,,,,,3,,,,
"2201202001620277106",2,201,20,1,20016,20277,6,3,4,5,11,,,,,,2,2,5,13,
"2201202001620277107",2,201,20,1,20016,20277,7,3,9,11,17,,,,,,2,5,7,,
"2201202001620277108",2,201,20,1,20016,20277,8,2,3,5,9,10,,,,,2,7,,,
"2201202001620277109",2,201,20,1,20016,20277,9,3,17,,,,,,,,2,3,,,
"2201202001620277110",2,201,20,1,20016,20277,10,1,3,5,7,13,,,,,2,3,6,7,8
"2201202001620277111",2,201,20,1,20016,20277,11,3,,,,,,,,,3,,,,
"2201202001620277112",2,201,20,1,20016,20277,12,3,,,,,,,,,2,12,,,
"2201202001620277113",2,201,20,1,20016,20277,13,3,7,9,13,17,,,,,2,3,4,7,12
"2201202001620277114",2,201,20,1,20016,20277,14,3,7,8,13,,,,,,2,7,12,13,
"2201202001620277115",2,201,20,1,20016,20277,15,3,17,,,,,,,,2,3,13,,
"2201202001620277116",2,201,20,1,20016,20277,16,17,,,,,,,,,3,,,,
"2201202001620277117",2,201,20,1,20016,20277,17,1,3,7,13,17,,,,,2,7,13,,
"2201202001620277118",2,201,20,1,20016,20277,18,3,17,,,,,,,,1,3,13,,
"2201202001620277119",2,201,20,1,20016,20277,19,3,17,,,,,,,,1,2,3,13,
"2201202001620277120",2,201,20,1,20016,20277,20,3,17,,,,,,,,2,,,,
"2201202001620295101",2,201,20,1,20016,20295,1,3,7,13,,,,,,,3,,,,
"2201202001620295102",2,201,20,1,20016,20295,2,1,3,8,12,13,17,,,,1,2,3,5,6
"2201202001620295103",2,201,20,1,20016,20295,3,3,8,9,11,13,,,,,2,8,12,13,
"2201202001620295104",2,201,20,1,20016,20295,4,3,17,,,,,,,,2,13,,,
"2201202001620295105",2,201,20,1,20016,20295,5,3,7,9,13,,,,,,2,3,12,,
"2201202001620295106",2,201,20,1,20016,20295,6,3,13,17,,,,,,,2,3,13,,
"2201202001620295107",2,201,20,1,20016,20295,7,8,13,17,,,,,,,2,12,,,
"2201202001620295108",2,201,20,1,20016,20295,8,3,13,,,,,,,,2,5,7,,
"2201202001620295109",2,201,20,1,20016,20295,9,3,13,15,17,,,,,,2,5,7,,
"2201202001620295110",2,201,20,1,20016,20295,10,3,5,9,,,,,,,2,5,7,,
"2201202001620295111",2,201,20,1,20016,20295,11,1,3,5,9,10,12,15,,,2,5,7,12,13
"2201202001620295112",2,201,20,1,20016,20295,12,3,5,10,13,,,,,,3,,,,
"2201202001620295113",2,201,20,1,20016,20295,13,1,3,4,9,10,11,12,15,17,2,5,7,12,13
"2201202001620295114",2,201,20,1,20016,20295,14,3,5,,,,,,,,2,3,5,,
"2201202001620295115",2,201,20,1,20016,20295,15,3,5,9,10,11,13,15,,,3,,,,
"2201202001620295116",2,201,20,1,20016,20295,16,1,3,9,10,11,12,13,15,17,2,7,13,,
"2201202001620295117",2,201,20,1,20016,20295,17,3,,,,,,,,,2,13,,,
"2201202001620295118",2,201,20,1,20016,20295,18,3,13,,,,,,,,2,,,,
"2201202001620295119",2,201,20,1,20016,20295,19,3,,,,,,,,,3,,,,
"2201202001620295120",2,201,20,1,20016,20295,20,3,17,,,,,,,,3,,,,
"2201202001620297101",2,201,20,1,20016,20297,1,3,13,,,,,,,,2,10,,,
"2201202001620297102",2,201,20,1,20016,20297,2,3,,,,,,,,,2,,,,
"2201202001620297104",2,201,20,1,20016,20297,4,3,,,,,,,,,2,5,,,
"2201202001620297105",2,201,20,1,20016,20297,5,15,,,,,,,,,3,,,,
"2201202001620297106",2,201,20,1,20016,20297,6,3,9,17,,,,,,,2,7,13,,
"2201202001620297107",2,201,20,1,20016,20297,7,3,9,,,,,,,,2,,,,
"2201202001620297108",2,201,20,1,20016,20297,8,3,9,13,,,,,,,2,5,12,,
"2201202001620297109",2,201,20,1,20016,20297,9,3,9,13,17,,,,,,2,5,7,13,
"2201202001620297110",2,201,20,1,20016,20297,10,3,4,7,13,17,,,,,1,2,3,4,7
"2201202001620297111",2,201,20,1,20016,20297,11,1,3,4,7,13,17,,,,2,2,3,8,12
"2201202001620297112",2,201,20,1,20016,20297,12,3,4,8,13,17,,,,,2,2,3,7,12
"2201202001620297113",2,201,20,1,20016,20297,13,3,9,12,,,,,,,2,10,,,
"2201202001620297114",2,201,20,1,20016,20297,14,1,3,13,,,,,,,2,12,,,
"2201202001620297115",2,201,20,1,20016,20297,15,3,5,13,,,,,,,2,3,,,
"2201202001620297116",2,201,20,1,20016,20297,16,3,17,,,,,,,,2,13,,,
"2201202001620297117",2,201,20,1,20016,20297,17,1,3,5,9,10,11,13,15,17,1,2,5,7,13
"2201202001620297118",2,201,20,1,20016,20297,18,9,,,,,,,,,3,,,,
"2201202001620297119",2,201,20,1,20016,20297,19,3,5,8,9,10,11,13,15,17,2,5,7,13,
"2201202001620297120",2,201,20,1,20016,20297,20,1,3,9,11,12,13,15,,,2,5,7,,
"2201202001620298101",2,201,20,1,20016,20298,1,3,,,,,,,,,1,,,,
"2201202001620298102",2,201,20,1,20016,20298,2,3,17,,,,,,,,1,3,,,
"2201202001620298103",2,201,20,1,20016,20298,3,3,13,,,,,,,,2,2,,,
"2201202001620298104",2,201,20,1,20016,20298,4,3,17,,,,,,,,2,12,13,,
"2201202001620298105",2,201,20,1,20016,20298,5,3,17,,,,,,,,3,,,,
"2201202001620298106",2,201,20,1,20016,20298,6,3,9,13,,,,,,,3,,,,
"2201202001620298107",2,201,20,1,20016,20298,7,3,,,,,,,,,2,,,,
"2201202001620298108",2,201,20,1,20016,20298,8,3,17,,,,,,,,2,,,,
"2201202001620298109",2,201,20,1,20016,20298,9,3,5,10,,,,,,,2,5,12,,
"2201202001620298110",2,201,20,1,20016,20298,10,3,5,,,,,,,,2,3,,,
"2201202001620298111",2,201,20,1,20016,20298,11,5,10,11,13,,,,,,2,2,5,,
"2201202001620298112",2,201,20,1,20016,20298,12,3,6,13,,,,,,,2,7,,,
"2201202001620298113",2,201,20,1,20016,20298,13,1,3,5,9,10,11,17,,,2,2,5,12,13
"2201202001620298114",2,201,20,1,20016,20298,14,1,3,5,6,9,10,11,13,17,3,,,,
"2201202001620298115",2,201,20,1,20016,20298,15,1,3,5,9,10,13,17,,,3,,,,
"2201202001620298116",2,201,20,1,20016,20298,16,1,5,10,13,17,,,,,2,5,12,13,
"2201202001620298117",2,201,20,1,20016,20298,17,1,3,13,17,,,,,,2,7,8,12,
"2201202001620298118",2,201,20,1,20016,20298,18,1,3,13,17,,,,,,2,3,7,8,12
"2201202001620298119",2,201,20,1,20016,20298,19,1,3,13,17,,,,,,2,7,8,12,
"2201202001620298120",2,201,20,1,20016,20298,20,1,3,9,13,17,,,,,2,7,8,12,
"2201202001720390101",2,201,20,1,20017,20390,1,1,3,7,17,,,,,,2,3,5,,
"2201202001720390102",2,201,20,1,20017,20390,2,1,5,7,17,,,,,,2,2,3,5,
"2201202001720390103",2,201,20,1,20017,20390,3,3,4,7,8,9,11,12,13,17,2,2,3,13,
"2201202001720390104",2,201,20,1,20017,20390,4,1,2,3,4,5,7,8,9,10,2,2,3,5,7
"2201202001720390105",2,201,20,1,20017,20390,5,1,3,7,8,9,11,12,13,15,2,2,3,7,13
"2201202001720390106",2,201,20,1,20017,20390,6,3,4,5,7,8,9,11,12,13,2,2,5,7,13
"2201202001720390107",2,201,20,1,20017,20390,7,1,3,4,13,,,,,,2,,,,
"2201202001720390108",2,201,20,1,20017,20390,8,3,13,,,,,,,,3,,,,
"2201202001720390109",2,201,20,1,20017,20390,9,3,9,10,11,,,,,,2,5,,,
"2201202001720390110",2,201,20,1,20017,20390,10,3,13,,,,,,,,2,5,,,
"2201202001720390111",2,201,20,1,20017,20390,11,3,5,7,17,,,,,,2,3,5,,
"2201202001720390112",2,201,20,1,20017,20390,12,1,3,7,17,,,,,,2,5,,,
"2201202001720390113",2,201,20,1,20017,20390,13,3,12,15,,,,,,,1,12,,,
"2201202001720390114",2,201,20,1,20017,20390,14,3,17,,,,,,,,2,7,12,,
"2201202001720390115",2,201,20,1,20017,20390,15,11,17,,,,,,,,3,,,,
"2201202001720390116",2,201,20,1,20017,20390,16,1,3,8,13,17,,,,,2,3,8,13,
"2201202001720390117",2,201,20,1,20017,20390,17,1,3,7,10,13,17,,,,2,3,8,10,13
"2201202001720390118",2,201,20,1,20017,20390,18,3,7,,,,,,,,2,5,,,
"2201202001720390119",2,201,20,1,20017,20390,19,1,3,10,12,13,17,,,,2,3,8,10,13
"2201202001720390120",2,201,20,1,20017,20390,20,1,3,12,17,,,,,,2,3,8,10,13
"2201202001720407101",2,201,20,1,20017,20407,1,2,3,4,7,11,13,15,12,17,3,,,,
"2201202001720407102",2,201,20,1,20017,20407,2,1,2,7,11,13,15,16,17,3,2,2,3,5,13
"2201202001720407103",2,201,20,1,20017,20407,3,1,3,7,9,11,12,13,17,10,2,3,5,13,
"2201202001720407104",2,201,20,1,20017,20407,4,1,2,3,7,8,10,12,13,17,2,2,3,5,13
"2201202001720407105",2,201,20,1,20017,20407,5,1,3,4,7,8,9,11,15,17,3,,,,
"2201202001720407106",2,201,20,1,20017,20407,6,1,3,4,5,7,13,14,15,17,2,2,3,5,13
"2201202001720407107",2,201,20,1,20017,20407,7,1,2,4,7,9,11,12,15,17,2,2,3,7,13
"2201202001720407108",2,201,20,1,20017,20407,8,1,3,4,7,9,11,13,15,17,1,2,3,4,13
"2201202001720407109",2,201,20,1,20017,20407,9,1,3,7,11,12,13,15,2,17,3,,,,
"2201202001720407110",2,201,20,1,20017,20407,10,1,3,4,7,9,11,13,15,17,2,2,3,5,13
"2201202001720407111",2,201,20,1,20017,20407,11,3,12,13,15,17,,,,,2,2,5,13,
"2201202001720407112",2,201,20,1,20017,20407,12,1,3,4,7,11,12,13,15,17,2,2,5,12,13
"2201202001720407113",2,201,20,1,20017,20407,13,2,4,7,9,11,13,15,17,3,2,2,3,4,12
"2201202001720407114",2,201,20,1,20017,20407,14,1,3,4,7,9,12,13,15,17,3,,,,
"2201202001720407115",2,201,20,1,20017,20407,15,1,3,4,5,8,9,11,13,16,1,2,3,5,13
"2201202001720407116",2,201,20,1,20017,20407,16,3,4,9,12,15,17,,,,2,2,3,5,13
"2201202001720407117",2,201,20,1,20017,20407,17,1,3,4,9,11,13,12,15,17,2,2,3,7,13
"2201202001720407118",2,201,20,1,20017,20407,18,1,3,7,9,11,12,13,15,17,1,3,5,7,13
"2201202001720407119",2,201,20,1,20017,20407,19,1,3,4,7,9,11,12,14,16,1,3,5,10,13
"2201202001720407120",2,201,20,1,20017,20407,20,1,3,7,11,12,13,15,17,4,2,2,3,5,13
"2201202001720408101",2,201,20,1,20017,20408,1,1,3,7,8,9,11,13,15,16,2,2,3,5,7
"2201202001720408102",2,201,20,1,20017,20408,2,1,2,3,4,5,7,9,11,12,1,2,3,4,5
"2201202001720408103",2,201,20,1,20017,20408,3,1,3,4,5,7,9,11,12,13,1,2,3,4,5
"2201202001720408104",2,201,20,1,20017,20408,4,1,2,3,7,9,11,12,13,15,1,2,3,4,5
"2201202001720408105",2,201,20,1,20017,20408,5,1,3,7,8,9,13,15,17,,2,3,5,7,
"2201202001720408106",2,201,20,1,20017,20408,6,1,3,4,7,9,11,12,13,15,1,2,3,5,13
"2201202001720408107",2,201,20,1,20017,20408,7,1,3,7,9,12,13,15,17,,2,2,3,5,7
"2201202001720408108",2,201,20,1,20017,20408,8,1,3,4,7,9,11,12,13,15,2,2,3,5,7
"2201202001720408109",2,201,20,1,20017,20408,9,1,2,3,4,7,9,11,12,13,1,2,3,5,7
"2201202001720408110",2,201,20,1,20017,20408,10,1,3,5,7,9,12,13,15,17,1,3,5,7,10
"2201202001720408111",2,201,20,1,20017,20408,11,1,3,8,11,12,13,15,17,,2,2,3,5,12
"2201202001720408112",2,201,20,1,20017,20408,12,1,2,3,4,7,9,12,13,15,1,2,3,5,13
"2201202001720408113",2,201,20,1,20017,20408,13,1,3,4,7,9,11,12,13,15,1,2,3,5,7
"2201202001720408114",2,201,20,1,20017,20408,14,1,3,4,7,9,10,11,13,15,1,2,3,5,12
"2201202001720408115",2,201,20,1,20017,20408,15,1,3,7,9,11,12,13,15,17,2,2,3,5,
"2201202001720408116",2,201,20,1,20017,20408,16,1,3,7,9,11,12,13,14,15,1,2,3,5,6
"2201202001720408117",2,201,20,1,20017,20408,17,1,3,4,7,9,11,12,13,15,1,2,3,5,6
"2201202001720408118",2,201,20,1,20017,20408,18,1,3,7,9,11,12,13,14,15,1,2,3,5,7
"2201202001720408119",2,201,20,1,20017,20408,19,1,3,7,9,11,12,13,15,17,1,2,3,5,7
"2201202001720408120",2,201,20,1,20017,20408,20,1,2,3,7,9,11,12,15,17,1,2,3,4,5
"2201202001720410101",2,201,20,1,20017,20410,1,1,3,8,10,15,17,,,,3,,,,
"2201202001720410102",2,201,20,1,20017,20410,2,1,3,8,10,13,17,,,,2,3,7,13,
"2201202001720410103",2,201,20,1,20017,20410,3,3,9,13,17,,,,,,2,3,7,13,
"2201202001720410104",2,201,20,1,20017,20410,4,3,,,,,,,,,3,,,,
"2201202001720410105",2,201,20,1,20017,20410,5,1,3,9,13,17,,,,,2,3,7,13,
"2201202001720410106",2,201,20,1,20017,20410,6,1,3,8,10,13,14,17,,,2,3,7,13,
"2201202001720410107",2,201,20,1,20017,20410,7,1,3,8,10,15,17,,,,3,,,,
"2201202001720410108",2,201,20,1,20017,20410,8,1,3,8,13,14,17,,,,2,3,7,8,13
"2201202001720410109",2,201,20,1,20017,20410,9,3,8,13,17,,,,,,2,7,13,,
"2201202001720410110",2,201,20,1,20017,20410,10,1,3,8,13,17,,,,,3,,,,
"2201202001720410111",2,201,20,1,20017,20410,11,2,3,8,13,17,,,,,2,3,6,7,13
"2201202001720410112",2,201,20,1,20017,20410,12,3,8,13,15,17,,,,,3,,,,
"2201202001720410113",2,201,20,1,20017,20410,13,3,13,,,,,,,,2,7,,,
"2201202001720410114",2,201,20,1,20017,20410,14,3,10,13,14,,,,,,2,6,7,12,
"2201202001720410115",2,201,20,1,20017,20410,15,1,3,13,,,,,,,2,7,,,
"2201202001720410116",2,201,20,1,20017,20410,16,3,13,17,,,,,,,2,7,13,,
"2201202001720410117",2,201,20,1,20017,20410,17,1,3,13,14,17,,,,,2,3,6,7,13
"2201202001720410118",2,201,20,1,20017,20410,18,3,12,13,14,,,,,,2,6,7,,
"2201202001720410119",2,201,20,1,20017,20410,19,1,3,8,13,14,,,,,2,3,6,7,8
"2201202001720410120",2,201,20,1,20017,20410,20,3,8,10,13,17,,,,,2,6,8,7,13
"2201202001720425101",2,201,20,1,20017,20425,1,3,5,7,9,10,13,,,,1,5,11,13,
"2201202001720425102",2,201,20,1,20017,20425,2,3,5,9,12,,,,,,1,3,99,,
"2201202001720425103",2,201,20,1,20017,20425,3,3,7,9,,,,,,,2,5,10,13,
"2201202001720425104",2,201,20,1,20017,20425,4,3,9,,,,,,,,2,5,,,
"2201202001720425105",2,201,20,1,20017,20425,5,3,5,9,12,,,,,,2,,,,
"2201202001720425106",2,201,20,1,20017,20425,6,3,9,,,,,,,,2,,,,
"2201202001720425107",2,201,20,1,20017,20425,7,3,12,9,,,,,,,2,5,12,,
"2201202001720425108",2,201,20,1,20017,20425,8,3,5,9,12,,,,,,2,5,12,,
"2201202001720425109",2,201,20,1,20017,20425,9,3,9,11,,,,,,,3,,,,
"2201202001720425110",2,201,20,1,20017,20425,10,3,4,9,,,,,,,3,,,,
"2201202001720425111",2,201,20,1,20017,20425,11,3,13,,,,,,,,2,5,10,,
"2201202001720425112",2,201,20,1,20017,20425,12,3,13,17,,,,,,,2,5,,,
"2201202001720425113",2,201,20,1,20017,20425,13,3,5,9,13,,,,,,2,99,,,
"2201202001720425114",2,201,20,1,20017,20425,14,3,5,9,12,,,,,,2,4,5,13,
"2201202001720425115",2,201,20,1,20017,20425,15,3,4,9,10,,,,,,2,3,10,,
"2201202001720425116",2,201,20,1,20017,20425,16,3,5,9,12,,,,,,2,5,,,
"2201202001720425117",2,201,20,1,20017,20425,17,3,9,,,,,,,,2,5,,,
"2201202001720425118",2,201,20,1,20017,20425,18,3,5,9,12,15,,,,,2,5,10,,
"2201202001720425119",2,201,20,1,20017,20425,19,4,9,12,,,,,,,2,4,5,,
"2201202001720425120",2,201,20,1,20017,20425,20,3,5,9,13,,,,,,1,5,13,,
"2201202001720442101",2,201,20,1,20017,20442,1,1,3,5,7,9,13,17,,,2,3,5,10,12
"2201202001720442102",2,201,20,1,20017,20442,2,3,4,9,,,,,,,2,10,12,,
"2201202001720442103",2,201,20,1,20017,20442,3,1,3,5,7,9,13,17,,,2,5,,,
"2201202001720442104",2,201,20,1,20017,20442,4,1,5,,,,,,,,3,,,,
"2201202001720442105",2,201,20,1,20017,20442,5,1,3,5,7,9,11,13,17,,2,5,12,13,
"2201202001720442106",2,201,20,1,20017,20442,6,3,5,9,,,,,,,2,5,,,
"2201202001720442107",2,201,20,1,20017,20442,7,3,9,10,,,,,,,2,10,,,
"2201202001720442108",2,201,20,1,20017,20442,8,1,3,9,,,,,,,2,,,,
"2201202001720442109",2,201,20,1,20017,20442,9,1,2,3,4,9,11,14,16,17,3,,,,
"2201202001720442110",2,201,20,1,20017,20442,10,3,4,7,9,11,13,14,15,17,2,2,5,7,13
"2201202001720442111",2,201,20,1,20017,20442,11,1,3,4,7,9,11,13,15,17,3,,,,
"2201202001720442112",2,201,20,1,20017,20442,12,1,3,7,11,13,14,15,16,17,3,,,,
"2201202001720442113",2,201,20,1,20017,20442,13,1,2,3,13,14,17,,,,2,3,6,8,13
"2201202001720442114",2,201,20,1,20017,20442,14,1,3,5,7,9,10,13,12,17,2,2,3,4,13
"2201202001720442115",2,201,20,1,20017,20442,15,3,7,17,,,,,,,3,,,,
"2201202001720442116",2,201,20,1,20017,20442,16,1,3,7,,,,,,,3,,,,
"2201202001720442117",2,201,20,1,20017,20442,17,3,5,7,9,13,,,,,2,3,4,12,
"2201202001720442118",2,201,20,1,20017,20442,18,1,13,17,,,,,,,2,3,8,13,
"2201202001720442119",2,201,20,1,20017,20442,19,1,3,7,17,,,,,,2,3,7,8,13
"2201202001720442120",2,201,20,1,20017,20442,20,3,13,17,,,,,,,3,,,,
"2201202001720443101",2,201,20,1,20017,20443,1,1,3,7,9,17,,,,,2,5,,,
"2201202001720443102",2,201,20,1,20017,20443,2,1,2,3,5,7,9,11,13,14,2,5,13,,
"2201202001720443103",2,201,20,1,20017,20443,3,3,5,9,9,13,15,17,,,2,5,13,,
"2201202001720443104",2,201,20,1,20017,20443,4,1,3,7,9,13,17,,,,2,2,3,,
"2201202001720443105",2,201,20,1,20017,20443,5,1,3,7,9,13,17,,,,2,3,5,13,
"2201202001720443106",2,201,20,1,20017,20443,6,1,3,5,7,9,13,15,17,,3,,,,
"2201202001720443107",2,201,20,1,20017,20443,7,3,7,9,17,,,,,,2,5,13,,
"2201202001720443108",2,201,20,1,20017,20443,8,1,2,3,7,9,13,14,16,17,2,5,,,
"2201202001720443109",2,201,20,1,20017,20443,9,1,3,6,7,9,10,13,17,,2,13,,,
"2201202001720443110",2,201,20,1,20017,20443,10,15,17,,,,,,,,3,,,,
"2201202001720443111",2,201,20,1,20017,20443,11,1,3,7,9,13,17,,,,2,5,,,
"2201202001720443112",2,201,20,1,20017,20443,12,1,3,5,7,9,11,13,17,,2,2,13,,
"2201202001720443113",2,201,20,1,20017,20443,13,1,3,7,13,,,,,,2,5,13,,
"2201202001720443114",2,201,20,1,20017,20443,14,1,13,17,,,,,,,2,5,13,,
"2201202001720443115",2,201,20,1,20017,20443,15,1,3,7,9,13,14,17,,,2,2,3,,
"2201202001720443116",2,201,20,1,20017,20443,16,1,3,9,13,,,,,,2,5,13,,
"2201202001720443117",2,201,20,1,20017,20443,17,1,3,7,9,17,,,,,2,5,13,,
"2201202001720443118",2,201,20,1,20017,20443,18,13,17,99,,,,,,,2,5,,,
"2201202001720443119",2,201,20,1,20017,20443,19,1,3,4,7,9,13,17,,,2,2,13,,
"2201202001720443120",2,201,20,1,20017,20443,20,3,,,,,,,,,2,5,12,,
"2201202001720444101",2,201,20,1,20017,20444,1,3,9,11,7,,,,,2,,2,3,,2
"2201202001720444102",2,201,20,1,20017,20444,2,3,7,9,11,3,7,,,2,,5,,,2
"2201202001720444103",2,201,20,1,20017,20444,3,3,7,9,3,,,,,2,,2,,,2
"2201202001720444104",2,201,20,1,20017,20444,4,3,7,9,11,7,,,,2,,1,2,3,2
"2201202001720444105",2,201,20,1,20017,20444,5,10,3,7,9,3,7,,,2,,2,3,1,2
"2201202001720444106",2,201,20,1,20017,20444,6,10,3,9,3,7,,,,2,,1,2,,1
"2201202001720444107",2,201,20,1,20017,20444,7,3,7,9,3,,,,,2,,5,1,2,1
"2201202001720444108",2,201,20,1,20017,20444,8,10,3,9,3,,,,,2,,3,5,1,2
"2201202001720444109",2,201,20,1,20017,20444,9,3,5,7,9,1,3,,,2,,4,5,1,2
"2201202001720444110",2,201,20,1,20017,20444,10,10,3,4,5,7,9,11,3,7,,2,3,4,5
"2201202001720444111",2,201,20,1,20017,20444,11,10,3,5,6,7,9,11,3,2,,2,3,4,5
"2201202001720444112",2,201,20,1,20017,20444,12,10,3,5,7,9,3,,,2,,2,3,,2
"2201202001720444113",2,201,20,1,20017,20444,13,10,3,7,9,3,,,,2,,2,3,5,7
"2201202001720444114",2,201,20,1,20017,20444,14,10,3,7,9,11,9,7,,2,,2,9,1,2
"2201202001720444115",2,201,20,1,20017,20444,15,10,3,4,7,9,3,7,,2,,2,3,2,3
"2201202001720444116",2,201,20,1,20017,20444,16,10,3,5,7,9,11,3,7,,,2,3,5,1
"2201202001720444117",2,201,20,1,20017,20444,17,3,1,7,,,,,,3,,,,,2
"2201202001720444118",2,201,20,1,20017,20444,18,3,99,9,,,,,,2,,5,2,,1
"2201202001720444119",2,201,20,1,20017,20444,19,3,6,7,9,3,,,,,,5,1,2,2
"2201202001720444120",2,201,20,1,20017,20444,20,10,3,4,5,7,9,11,3,7,,3,5,1,2
"330130100013025721",3,301,30,1,30001,30257,21,1,3,17,,,,,,,2,,,,
"3301303000130257101",3,301,30,1,30001,30257,1,3,7,,,,,,,,2,12,,,
"3301303000130257102",3,301,30,1,30001,30257,2,3,7,,,,,,,,2,7,,,
"3301303000130257103",3,301,30,1,30001,30257,3,3,13,17,,,,,,,2,7,,,
"3301303000130257104",3,301,30,1,30001,30257,4,3,,,,,,,,,2,,,,
"3301303000130257105",3,301,30,1,30001,30257,5,3,7,,,,,,,,2,12,13,,
"3301303000130257106",3,301,30,1,30001,30257,6,3,7,,,,,,,,2,,,,
"3301303000130257107",3,301,30,1,30001,30257,7,3,7,,,,,,,,2,,,,
"3301303000130257108",3,301,30,1,30001,30257,8,3,7,,,,,,,,2,,,,
"3301303000130257109",3,301,30,1,30001,30257,9,3,7,,,,,,,,2,,,,
"3301303000130257110",3,301,30,1,30001,30257,10,3,,,,,,,,,3,,,,
"3301303000130257112",3,301,30,1,30001,30257,12,3,,,,,,,,,3,,,,
"3301303000130257113",3,301,30,1,30001,30257,13,5,,,,,,,,,3,,,,
"3301303000130257114",3,301,30,1,30001,30257,14,3,,,,,,,,,3,,,,
"3301303000130257115",3,301,30,1,30001,30257,15,3,,,,,,,,,3,,,,
"3301303000130257116",3,301,30,1,30001,30257,16,3,,,,,,,,,3,,,,
"3301303000130257117",3,301,30,1,30001,30257,17,3,,,,,,,,,3,,,,
"3301303000130257118",3,301,30,1,30001,30257,18,3,,,,,,,,,2,7,,,
"3301303000130257119",3,301,30,1,30001,30257,19,3,7,,,,,,,,2,7,,,
"3301303000130257120",3,301,30,1,30001,30257,20,3,,,,,,,,,3,,,,
"3301303000330024101",3,301,30,1,30003,30024,1,1,2,3,7,9,13,14,16,17,2,2,3,6,13
"3301303000330024102",3,301,30,1,30003,30024,2,1,2,3,7,9,13,14,16,17,2,2,3,5,
"3301303000330024103",3,301,30,1,30003,30024,3,1,13,17,,,,,,,2,5,13,,
"3301303000330024104",3,301,30,1,30003,30024,4,1,3,7,9,17,,,,,2,3,5,13,
"3301303000330024105",3,301,30,1,30003,30024,5,7,13,17,,,,,,,1,,,,
"3301303000330024106",3,301,30,1,30003,30024,6,1,13,17,,,,,,,2,2,3,5,13
"3301303000330024107",3,301,30,1,30003,30024,7,13,17,,,,,,,,2,3,5,13,
"3301303000330024108",3,301,30,1,30003,30024,8,1,3,7,13,17,,,,,2,5,13,,
"3301303000330024109",3,301,30,1,30003,30024,9,1,3,5,7,12,13,17,,,2,5,13,,
"3301303000330024110",3,301,30,1,30003,30024,10,1,3,7,15,17,,,,,2,5,12,,
"3301303000330024112",3,301,30,1,30003,30024,12,1,2,3,7,9,11,13,14,15,2,2,3,5,12
"3301303000330024113",3,301,30,1,30003,30024,13,1,2,3,4,7,9,13,14,16,2,2,3,5,12
"3301303000330024114",3,301,30,1,30003,30024,14,1,13,17,,,,,,,2,13,,,
"3301303000330024115",3,301,30,1,30003,30024,15,1,3,5,6,7,8,9,10,11,1,5,10,13,
"3301303000330024116",3,301,30,1,30003,30024,16,1,9,10,11,12,13,15,17,,3,,,,
"3301303000330024117",3,301,30,1,30003,30024,17,1,3,5,7,13,17,,,,2,2,3,5,13
"3301303000330024118",3,301,30,1,30003,30024,18,1,2,3,4,7,9,13,14,16,2,2,5,6,13
"3301303000330024119",3,301,30,1,30003,30024,19,1,2,3,7,9,14,17,,,,2,5,12,13
"3301303000330024120",3,301,30,1,30003,30024,20,1,7,13,17,,,,,,3,,,,
"3301303000330024211",3,301,30,2,30003,30024,11,1,13,17,,,,,,,2,3,13,,
"3301303000430040101",3,301,30,1,30004,30040,1,1,3,7,13,16,17,,,,2,3,6,8,13
"3301303000430040102",3,301,30,1,30004,30040,2,1,3,7,13,17,,,,,2,3,7,12,13
"3301303000430040103",3,301,30,1,30004,30040,3,1,3,13,16,,,,,,2,3,8,12,
"3301303000430040104",3,301,30,1,30004,30040,4,1,3,7,13,16,17,,,,2,3,13,,
"3301303000430040105",3,301,30,1,30004,30040,5,1,3,7,13,16,17,,,,2,3,7,8,13
"3301303000430040106",3,301,30,1,30004,30040,6,1,3,7,13,17,,,,,2,3,8,13,
"3301303000430040107",3,301,30,1,30004,30040,7,1,3,7,13,16,17,,,,2,3,7,12,13
"3301303000430040108",3,301,30,1,30004,30040,8,1,3,7,11,13,17,,,,2,3,8,13,
"3301303000430040109",3,301,30,1,30004,30040,9,1,3,12,13,17,,,,,2,3,7,10,13
"3301303000430040110",3,301,30,1,30004,30040,10,1,3,7,13,15,17,,,,2,3,8,12,13
"3301303000430040111",3,301,30,1,30004,30040,11,1,3,13,17,,,,,,2,3,8,12,13
"3301303000430040112",3,301,30,1,30004,30040,12,1,3,13,17,,,,,,2,3,8,13,
"3301303000430040113",3,301,30,1,30004,30040,13,1,3,12,13,17,,,,,2,3,8,10,13
"3301303000430040114",3,301,30,1,30004,30040,14,1,3,10,17,,,,,,2,3,8,12,13
"3301303000430040115",3,301,30,1,30004,30040,15,1,3,7,17,,,,,,2,3,8,12,13
"3301303000430040116",3,301,30,1,30004,30040,16,1,2,13,17,,,,,,2,3,7,8,13
"3301303000430040117",3,301,30,1,30004,30040,17,1,3,13,17,,,,,,2,3,6,8,12
"3301303000430040118",3,301,30,1,30004,30040,18,1,3,7,13,16,17,,,,2,3,6,8,13
"3301303000430040119",3,301,30,1,30004,30040,19,1,3,7,13,15,17,,,,2,3,8,12,13
"3301303000430040120",3,301,30,1,30004,30040,20,1,3,7,13,17,,,,,2,3,8,13,
"3301303000430044201",3,301,30,2,30004,30044,1,2,7,,,,,,,,1,6,,,
"3301303000430044202",3,301,30,2,30004,30044,2,3,13,,,,,,,,2,13,,,
"3301303000430044203",3,301,30,2,30004,30044,3,3,13,,,,,,,,2,12,,,
"3301303000430044204",3,301,30,2,30004,30044,4,2,3,17,,,,,,,2,13,,,
"3301303000430044205",3,301,30,2,30004,30044,5,3,5,17,,,,,,,1,12,,,
"3301303000430044206",3,301,30,2,30004,30044,6,1,3,8,10,13,,,,,2,3,7,10,
"3301303000430044207",3,301,30,2,30004,30044,7,1,3,4,7,8,9,11,12,13,1,2,3,5,7
"3301303000430044208",3,301,30,2,30004,30044,8,1,2,3,4,5,7,8,9,11,2,3,7,13,
"3301303000430044209",3,301,30,2,30004,30044,9,1,2,3,4,7,9,13,14,16,2,3,7,8,12
"3301303000430044210",3,301,30,2,30004,30044,10,1,2,3,4,5,7,9,11,13,2,3,8,12,13
"3301303000430044211",3,301,30,2,30004,30044,11,1,2,3,4,7,8,9,11,12,2,2,3,5,12
"3301303000430044212",3,301,30,2,30004,30044,12,1,3,4,7,8,9,11,12,13,2,2,5,12,13
"3301303000430044213",3,301,30,2,30004,30044,13,15,99,,,,,,,,2,,,,
"3301303000430044214",3,301,30,2,30004,30044,14,3,7,,,,,,,,2,4,13,,
"3301303000430044215",3,301,30,2,30004,30044,15,3,5,9,11,,,,,,2,,,,
"3301303000430044216",3,301,30,2,30004,30044,16,3,5,9,11,,,,,,2,5,10,,
"3301303000430044217",3,301,30,2,30004,30044,17,1,2,3,10,13,,,,,2,3,6,7,
"3301303000430044218",3,301,30,2,30004,30044,18,1,3,8,13,17,,,,,2,3,7,8,13
"3301303000430044219",3,301,30,2,30004,30044,19,1,3,4,7,8,9,10,11,12,2,2,5,12,
"3301303000430044220",3,301,30,2,30004,30044,20,1,3,4,5,6,7,8,9,11,2,3,5,7,12
"3301303000430049201",3,301,30,2,30004,30049,1,3,13,17,,,,,,,2,12,,,
"3301303000430049202",3,301,30,2,30004,30049,2,3,13,17,,,,,,,3,,,,
"3301303000430049203",3,301,30,2,30004,30049,3,1,2,3,4,5,6,7,9,11,1,2,3,4,8
"3301303000430049204",3,301,30,2,30004,30049,4,1,2,3,4,5,7,9,13,16,2,3,4,8,12
"3301303000430049205",3,301,30,2,30004,30049,5,1,3,13,17,,,,,,2,3,7,13,
"3301303000430049206",3,301,30,2,30004,30049,6,1,2,3,4,7,9,11,12,13,2,3,5,12,13
"3301303000430049207",3,301,30,2,30004,30049,7,1,2,3,7,13,17,,,,2,3,6,7,13
"3301303000430049208",3,301,30,2,30004,30049,8,1,3,4,5,7,8,9,11,12,2,2,3,5,12
"3301303000430049209",3,301,30,2,30004,30049,9,3,9,,,,,,,,2,5,,,
"3301303000430049210",3,301,30,2,30004,30049,10,3,5,7,9,,,,,,2,5,,,
"3301303000430049211",3,301,30,2,30004,30049,11,5,17,,,,,,,,2,12,,,
"3301303000430049212",3,301,30,2,30004,30049,12,1,3,7,13,17,,,,,2,3,7,8,13
"3301303000430049213",3,301,30,2,30004,30049,13,3,13,,,,,,,,3,,,,
"3301303000430049214",3,301,30,2,30004,30049,14,1,2,3,4,7,8,9,13,17,2,3,5,8,12
"3301303000430049215",3,301,30,2,30004,30049,15,1,2,3,4,5,7,9,10,13,2,2,3,5,12
"3301303000430049216",3,301,30,2,30004,30049,16,1,3,4,7,9,11,12,13,15,2,3,5,6,7
"3301303000430049217",3,301,30,2,30004,30049,17,1,3,4,7,8,9,12,13,15,2,2,5,7,12
"3301303000430049218",3,301,30,2,30004,30049,18,3,5,9,,,,,,,2,4,10,,
"3301303000430049219",3,301,30,2,30004,30049,19,3,5,7,9,,,,,,1,3,5,10,
"3301303000430049220",3,301,30,2,30004,30049,20,1,2,3,7,10,13,17,,,2,3,6,7,8
"3301303000530138201",3,301,30,2,30005,30138,1,3,5,12,,,,,,,2,12,,,
"3301303000530138202",3,301,30,2,30005,30138,2,3,,,,,,,,,2,8,,,
"3301303000530138203",3,301,30,2,30005,30138,3,3,,,,,,,,,2,,,,
"3301303000530138204",3,301,30,2,30005,30138,4,3,,,,,,,,,2,12,,,
"3301303000530138205",3,301,30,2,30005,30138,5,3,5,,,,,,,,2,4,,,
"3301303000530138206",3,301,30,2,30005,30138,6,3,,,,,,,,,2,12,,,
"3301303000530138207",3,301,30,2,30005,30138,7,3,,,,,,,,,2,5,,,
"3301303000530138208",3,301,30,2,30005,30138,8,3,,,,,,,,,2,8,,,
"3301303000530138209",3,301,30,2,30005,30138,9,3,,,,,,,,,2,,,,
"3301303000530138210",3,301,30,2,30005,30138,10,3,,,,,,,,,2,,,,
"3301303000530138211",3,301,30,2,30005,30138,11,3,,,,,,,,,3,,,,
"3301303000530138212",3,301,30,2,30005,30138,12,3,,,,,,,,,2,,,,
"3301303000530138213",3,301,30,2,30005,30138,13,3,,,,,,,,,2,12,,,
"3301303000530138214",3,301,30,2,30005,30138,14,3,,,,,,,,,3,,,,
"3301303000530138215",3,301,30,2,30005,30138,15,3,5,9,,,,,,,2,12,,,
"3301303000530138216",3,301,30,2,30005,30138,16,9,11,12,,,,,,,2,13,,,
"3301303000530138217",3,301,30,2,30005,30138,17,3,,,,,,,,,2,10,,,
"3301303000530138218",3,301,30,2,30005,30138,18,3,,,,,,,,,2,12,,,
"3301303000530138219",3,301,30,2,30005,30138,19,3,,,,,,,,,2,12,,,
"3301303000530138220",3,301,30,2,30005,30138,20,4,5,17,,,,,,,3,,,,
"3301303000530267101",3,301,30,1,30005,30267,1,3,,,,,,,,,2,7,12,,
"3301303000730315106",3,301,30,1,30007,30315,6,17,99,,,,,,,,2,99,,,
"3301303000730315114",3,301,30,1,30007,30315,14,1,3,4,5,6,7,8,9,11,2,7,9,10,12
"3301303000730315119",3,301,30,1,30007,30315,19,3,4,5,6,7,8,9,10,11,2,7,12,,
"3301303000730315201",3,301,30,2,30007,30315,1,5,7,,,,,,,,2,12,,,
"3301303000730315202",3,301,30,2,30007,30315,2,3,13,17,,,,,,,2,12,,,
"3301303000730315203",3,301,30,2,30007,30315,3,1,13,,,,,,,,2,12,,,
"3301303000730315204",3,301,30,2,30007,30315,4,3,13,17,,,,,,,2,12,,,
"3301303000730315205",3,301,30,2,30007,30315,5,3,9,13,,,,,,,2,5,,,
"3301303000730315207",3,301,30,2,30007,30315,7,3,4,5,6,7,8,9,10,11,3,,,,
"3301303000730315208",3,301,30,2,30007,30315,8,1,3,4,7,8,9,11,12,13,1,2,3,4,5
"3301303000730315209",3,301,30,2,30007,30315,9,1,2,3,4,8,9,10,11,12,2,5,12,,
"3301303000730315210",3,301,30,2,30007,30315,10,1,2,3,13,17,,,,,2,3,7,13,
"3301303000730315211",3,301,30,2,30007,30315,11,1,3,13,,,,,,,2,3,7,8,
"3301303000730315212",3,301,30,2,30007,30315,12,1,3,10,13,,,,,,2,3,7,8,
"3301303000730315213",3,301,30,2,30007,30315,13,1,3,7,9,13,,,,,2,3,7,10,
"3301303000730315215",3,301,30,2,30007,30315,15,3,4,5,7,11,13,17,,,2,2,3,12,13
"3301303000730315216",3,301,30,2,30007,30315,16,1,2,3,4,5,7,9,11,13,3,,,,
"3301303000730315217",3,301,30,2,30007,30315,17,1,3,4,7,11,17,,,,2,3,10,13,
"3301303000730315218",3,301,30,2,30007,30315,18,3,9,,,,,,,,2,5,,,
"3301303000730315220",3,301,30,2,30007,30315,20,2,3,4,5,7,9,11,12,13,2,2,3,4,5
"3301303001130011101",3,301,30,1,30011,30011,1,3,5,9,10,,,,,,2,5,,,
"3301303001130011102",3,301,30,1,30011,30011,2,3,4,5,,,,,,,3,,,,
"3301303001130011103",3,301,30,1,30011,30011,3,1,3,4,13,,,,,,2,4,5,,
"3301303001130011104",3,301,30,1,30011,30011,4,3,4,9,,,,,,,3,,,,
"3301303001130011105",3,301,30,1,30011,30011,5,3,5,9,,,,,,,2,,,,
"3301303001130011106",3,301,30,1,30011,30011,6,3,4,7,,,,,,,2,5,,,
"3301303001130011107",3,301,30,1,30011,30011,7,3,4,7,9,,,,,,3,,,,
"3301303001130011108",3,301,30,1,30011,30011,8,3,4,5,,,,,,,2,3,4,5,
"3301303001130011109",3,301,30,1,30011,30011,9,3,4,9,,,,,,,3,,,,
"3301303001130011110",3,301,30,1,30011,30011,10,3,4,5,9,,,,,,1,3,5,,
"3301303001130011111",3,301,30,1,30011,30011,11,3,4,9,,,,,,,2,7,,,
"3301303001130011112",3,301,30,1,30011,30011,12,3,4,9,,,,,,,1,4,5,10,
"3301303001130011113",3,301,30,1,30011,30011,13,3,4,7,9,,,,,,1,5,7,12,
"3301303001130011114",3,301,30,1,30011,30011,14,3,4,5,7,9,,,,,1,5,13,,
"3301303001130011115",3,301,30,1,30011,30011,15,3,4,9,,,,,,,2,5,10,,
"3301303001130011116",3,301,30,1,30011,30011,16,3,4,11,,,,,,,2,3,5,12,
"3301303001130011117",3,301,30,1,30011,30011,17,3,4,7,13,,,,,,2,5,10,,
"3301303001130011118",3,301,30,1,30011,30011,18,3,4,9,,,,,,,1,3,5,7,10
"3301303001130011119",3,301,30,1,30011,30011,19,3,4,5,7,,,,,,2,99,,,
"3301303001130011120",3,301,30,1,30011,30011,20,3,4,5,7,,,,,,1,3,4,5,10
"3301303001130015101",3,301,30,1,30011,30015,1,3,13,,,,,,,,2,5,,,
"3301303001130015102",3,301,30,1,30011,30015,2,3,13,17,,,,,,,2,5,13,,
"3301303001130015103",3,301,30,1,30011,30015,3,3,13,,,,,,,,2,,,,
"3301303001130015104",3,301,30,1,30011,30015,4,7,13,17,,,,,,,1,10,13,,
"3301303001130015105",3,301,30,1,30011,30015,5,3,17,,,,,,,,2,,,,
"3301303001130015106",3,301,30,1,30011,30015,6,3,,,,,,,,,3,,,,
"3301303001130015107",3,301,30,1,30011,30015,7,3,7,9,13,,,,,,2,5,,,
"3301303001130015108",3,301,30,1,30011,30015,8,5,,,,,,,,,2,,,,
"3301303001130015109",3,301,30,1,30011,30015,9,3,15,17,,,,,,,2,,,,
"3301303001130015110",3,301,30,1,30011,30015,10,7,9,12,,,,,,,1,5,12,,
"3301303001130015111",3,301,30,1,30011,30015,11,3,9,,,,,,,,2,,,,
"3301303001130015112",3,301,30,1,30011,30015,12,9,,,,,,,,,2,,,,
"3301303001130015113",3,301,30,1,30011,30015,13,1,,,,,,,,,3,,,,
"3301303001130015114",3,301,30,1,30011,30015,14,1,3,5,6,7,9,11,13,17,3,,,,
"3301303001130015115",3,301,30,1,30011,30015,15,5,,,,,,,,,3,,,,
"3301303001130015116",3,301,30,1,30011,30015,16,3,4,5,7,9,11,13,17,,2,2,4,9,10
"3301303001130015117",3,301,30,1,30011,30015,17,1,3,4,5,7,9,11,13,,2,10,12,13,
"3301303001130015118",3,301,30,1,30011,30015,18,3,17,,,,,,,,2,13,,,
"3301303001130015119",3,301,30,1,30011,30015,19,3,9,,,,,,,,2,12,,,
"3301303001130015120",3,301,30,1,30011,30015,20,5,,,,,,,,,2,,,,
"3301303001130020101",3,301,30,1,30011,30020,1,1,3,5,9,13,17,,,,2,3,13,,
"3301303001130020102",3,301,30,1,30011,30020,2,5,17,,,,,,,,2,5,,,
"3301303001130020103",3,301,30,1,30011,30020,3,1,3,7,9,13,17,,,,2,3,5,13,
"3301303001130020104",3,301,30,1,30011,30020,4,1,3,9,,,,,,,2,5,,,
"3301303001130020105",3,301,30,1,30011,30020,5,1,3,7,9,13,17,,,,2,2,3,,
"3301303001130020106",3,301,30,1,30011,30020,6,1,3,7,9,13,17,,,,2,3,5,13,
"3301303001130020107",3,301,30,1,30011,30020,7,3,5,10,,,,,,,2,10,,,
"3301303001130020108",3,301,30,1,30011,30020,8,1,3,7,9,13,17,,,,2,12,13,,
"3301303001130020109",3,301,30,1,30011,30020,9,1,2,3,7,8,9,11,12,13,2,2,3,5,7
"3301303001130020110",3,301,30,1,30011,30020,10,1,2,3,4,7,8,9,11,12,2,2,3,5,7
"3301303001130020111",3,301,30,1,30011,30020,11,3,7,13,,,,,,,3,,,,
"3301303001130020112",3,301,30,1,30011,30020,12,3,13,,,,,,,,1,13,,,
"3301303001130020113",3,301,30,1,30011,30020,13,5,17,,,,,,,,3,,,,
"3301303001130020114",3,301,30,1,30011,30020,14,13,15,,,,,,,,1,12,,,
"3301303001130020115",3,301,30,1,30011,30020,15,1,3,7,9,13,,,,,2,3,5,,
"3301303001130020116",3,301,30,1,30011,30020,16,1,3,7,13,17,,,,,2,3,8,13,
"3301303001130020117",3,301,30,1,30011,30020,17,1,2,3,13,16,17,,,,2,3,7,8,13
"3301303001130020118",3,301,30,1,30011,30020,18,1,2,3,13,17,,,,,2,3,8,13,
"3301303001130020119",3,301,30,1,30011,30020,19,1,3,7,13,17,,,,,2,3,8,13,
"3301303001130020120",3,301,30,1,30011,30020,20,1,2,3,4,7,8,11,12,13,2,2,3,4,5
"3301303001630241101",3,301,30,1,30016,30241,1,3,15,,,,,,,,2,12,,,
"3301303001630241102",3,301,30,1,30016,30241,2,1,3,15,,,,,,,1,7,,,
"3301303001630241103",3,301,30,1,30016,30241,3,1,3,4,15,,,,,,2,8,12,,
"3301303001630241104",3,301,30,1,30016,30241,4,3,9,11,,,,,,,2,,,,
"3301303001630241105",3,301,30,1,30016,30241,5,3,9,11,,,,,,,2,,,,
"3301303001630241106",3,301,30,1,30016,30241,6,3,10,13,,,,,,,2,,,,
"3301303001630241107",3,301,30,1,30016,30241,7,4,9,11,13,,,,,,2,,,,
"3301303001630241108",3,301,30,1,30016,30241,8,3,9,13,,,,,,,2,,,,
"3301303001630241109",3,301,30,1,30016,30241,9,3,9,,,,,,,,2,,,,
"3301303001630241110",3,301,30,1,30016,30241,10,3,9,,,,,,,,2,12,,,
"3301303001630241111",3,301,30,1,30016,30241,11,3,,,,,,,,,2,,,,
"3301303001630241112",3,301,30,1,30016,30241,12,1,4,13,,,,,,,2,2,5,12,
"3301303001630241113",3,301,30,1,30016,30241,13,3,9,,,,,,,,2,99,,,
"3301303001630241114",3,301,30,1,30016,30241,14,3,9,,,,,,,,2,7,,,
"3301303001630241115",3,301,30,1,30016,30241,15,3,,,,,,,,,3,,,,
"3301303001630241116",3,301,30,1,30016,30241,16,3,7,,,,,,,,2,12,,,
"3301303001630241117",3,301,30,1,30016,30241,17,3,9,,,,,,,,2,,,,
"3301303001630241118",3,301,30,1,30016,30241,18,9,11,,,,,,,,2,12,,,
"3301303001630241119",3,301,30,1,30016,30241,19,3,9,,,,,,,,2,12,,,
"3301303001630241120",3,301,30,1,30016,30241,20,3,15,,,,,,,,2,12,,,
"3301303001630262101",3,301,30,1,30016,30262,1,3,9,10,13,,,,,,2,,,,
"3301303001630262102",3,301,30,1,30016,30262,2,3,5,11,13,,,,,,2,,,,
"3301303001630262103",3,301,30,1,30016,30262,3,3,13,,,,,,,,2,7,,,
"3301303001630262104",3,301,30,1,30016,30262,4,3,9,,,,,,,,2,12,,,
"3301303001630262105",3,301,30,1,30016,30262,5,3,15,,,,,,,,2,12,,,
"3301303001630262106",3,301,30,1,30016,30262,6,3,10,,,,,,,,3,,,,
"3301303001630262107",3,301,30,1,30016,30262,7,2,9,10,,,,,,,3,,,,
"3301303001630262108",3,301,30,1,30016,30262,8,3,13,,,,,,,,2,7,,,
"3301303001630262109",3,301,30,1,30016,30262,9,9,11,13,,,,,,,2,7,,,
"3301303001630262110",3,301,30,1,30016,30262,10,3,12,,,,,,,,2,12,,,
"3301303001630262111",3,301,30,1,30016,30262,11,3,9,10,11,,,,,,2,,,,
"3301303001630262112",3,301,30,1,30016,30262,12,3,5,9,,,,,,,2,3,10,,
"3301303001630262113",3,301,30,1,30016,30262,13,3,9,15,,,,,,,2,12,,,
"3301303001630262114",3,301,30,1,30016,30262,14,3,8,9,,,,,,,1,7,10,,
"3301303001630262115",3,301,30,1,30016,30262,15,5,,,,,,,,,2,,,,
"3301303001630262116",3,301,30,1,30016,30262,16,3,5,9,,,,,,,2,7,10,,
"3301303001630262117",3,301,30,1,30016,30262,17,3,9,10,11,,,,,,2,,,,
"3301303001630262118",3,301,30,1,30016,30262,18,3,9,,,,,,,,2,7,,,
"3301303001630262119",3,301,30,1,30016,30262,19,3,13,,,,,,,,2,7,,,
"3301303001630262120",3,301,30,1,30016,30262,20,3,9,11,,,,,,,2,7,10,,
"3301303001630267102",3,301,30,1,30016,30267,2,3,10,,,,,,,,3,,,,
"3301303001630267103",3,301,30,1,30016,30267,3,2,15,,,,,,,,3,,,,
"3301303001630267104",3,301,30,1,30016,30267,4,2,14,,,,,,,,1,10,12,,
"3301303001630267105",3,301,30,1,30016,30267,5,1,3,17,,,,,,,2,12,,,
"3301303001630267106",3,301,30,1,30016,30267,6,1,5,,,,,,,,2,8,,,
"3301303001630267107",3,301,30,1,30016,30267,7,1,3,,,,,,,,2,6,12,,
"3301303001630267108",3,301,30,1,30016,30267,8,2,15,,,,,,,,2,12,,,
"3301303001630267109",3,301,30,1,30016,30267,9,8,,,,,,,,,2,,,,
"3301303001630267110",3,301,30,1,30016,30267,10,4,13,,,,,,,,2,12,,,
"3301303001630267111",3,301,30,1,30016,30267,11,3,15,,,,,,,,2,12,,,
"3301303001630267112",3,301,30,1,30016,30267,12,3,13,,,,,,,,2,13,,,
"3301303001630267114",3,301,30,1,30016,30267,14,3,11,12,,,,,,,2,12,,,
"3301303001630267115",3,301,30,1,30016,30267,15,2,10,,,,,,,,2,12,,,
"3301303001630267116",3,301,30,1,30016,30267,16,3,12,15,,,,,,,1,3,12,13,
"3301303001630267117",3,301,30,1,30016,30267,17,3,15,,,,,,,,2,12,,,
"3301303001630267118",3,301,30,1,30016,30267,18,3,,,,,,,,,2,3,12,,
"3301303001630267119",3,301,30,1,30016,30267,19,1,3,,,,,,,,3,,,,
"3301303001630267120",3,301,30,1,30016,30267,20,3,13,,,,,,,,2,12,,,
"3301303001630286101",3,301,30,1,30016,30286,1,3,13,17,,,,,,,2,7,13,,
"3301303001630286102",3,301,30,1,30016,30286,2,3,9,10,13,,,,,,2,,,,
"3301303001630286103",3,301,30,1,30016,30286,3,3,9,13,,,,,,,2,,,,
"3301303001630286104",3,301,30,1,30016,30286,4,3,9,13,,,,,,,2,,,,
"3301303001630286105",3,301,30,1,30016,30286,5,3,9,13,,,,,,,2,,,,
"3301303001630286106",3,301,30,1,30016,30286,6,3,13,,,,,,,,2,7,,,
"3301303001630286107",3,301,30,1,30016,30286,7,3,,,,,,,,,2,7,13,,
"3301303001630286108",3,301,30,1,30016,30286,8,2,13,17,,,,,,,2,7,13,,
"3301303001630286109",3,301,30,1,30016,30286,9,3,7,,,,,,,,2,12,,,
"3301303001630286110",3,301,30,1,30016,30286,10,3,5,17,,,,,,,2,99,,,
"3301303001630286111",3,301,30,1,30016,30286,11,3,9,,,,,,,,3,,,,
"3301303001630286112",3,301,30,1,30016,30286,12,3,7,,,,,,,,2,7,,,
"3301303001630286113",3,301,30,1,30016,30286,13,3,5,,,,,,,,2,,,,
"3301303001630286114",3,301,30,1,30016,30286,14,3,10,15,,,,,,,3,,,,
"3301303001630286115",3,301,30,1,30016,30286,15,3,15,,,,,,,,2,12,,,
"3301303001630286116",3,301,30,1,30016,30286,16,1,3,15,,,,,,,2,12,,,
"3301303001630286117",3,301,30,1,30016,30286,17,3,13,15,,,,,,,2,12,,,
"3301303001630286118",3,301,30,1,30016,30286,18,3,9,11,,,,,,,2,10,,,
"3301303001630286119",3,301,30,1,30016,30286,19,3,5,13,,,,,,,3,,,,
"3301303001630286120",3,301,30,1,30016,30286,20,3,,,,,,,,,2,99,,,
"3301303001930305201",3,301,30,2,30019,30305,1,3,13,15,,,,,,,2,12,,,
"3301303001930305202",3,301,30,2,30019,30305,2,3,7,15,,,,,,,2,12,,,
"3301303001930305203",3,301,30,2,30019,30305,3,3,13,15,,,,,,,2,12,,,
"3301303001930305204",3,301,30,2,30019,30305,4,2,3,4,15,,,,,,2,,,,
"3301303001930305205",3,301,30,2,30019,30305,5,3,15,,,,,,,,2,12,,,
"3301303001930305206",3,301,30,2,30019,30305,6,3,7,,,,,,,,2,7,13,,
"3301303001930305207",3,301,30,2,30019,30305,7,3,7,,,,,,,,2,7,,,
"3301303001930305208",3,301,30,2,30019,30305,8,3,7,,,,,,,,2,13,,,
"3301303001930305209",3,301,30,2,30019,30305,9,3,7,,,,,,,,2,7,13,,
"3301303001930305210",3,301,30,2,30019,30305,10,3,7,,,,,,,,2,7,12,,
"3301303001930305211",3,301,30,2,30019,30305,11,3,,,,,,,,,3,,,,
"3301303001930305212",3,301,30,2,30019,30305,12,3,9,10,13,,,,,,3,,,,
"3301303001930305213",3,301,30,2,30019,30305,13,3,17,,,,,,,,2,13,,,
"3301303001930305214",3,301,30,2,30019,30305,14,3,13,,,,,,,,2,,,,
"3301303001930305215",3,301,30,2,30019,30305,15,3,9,10,13,,,,,,1,,,,
"3301303001930305216",3,301,30,2,30019,30305,16,3,9,13,,,,,,,1,,,,
"3301303001930305217",3,301,30,2,30019,30305,17,3,9,13,,,,,,,1,5,7,,
"3301303001930305218",3,301,30,2,30019,30305,18,3,5,9,10,11,13,,,,1,3,5,,
"3301303001930305219",3,301,30,2,30019,30305,19,3,10,13,,,,,,,1,7,,,
"3301303001930305220",3,301,30,2,30019,30305,20,3,5,17,,,,,,,2,7,13,,
"3301303002030310201",3,301,30,2,30020,30310,1,3,7,,,,,,,,2,12,,,
"3301303002030310202",3,301,30,2,30020,30310,2,3,,,,,,,,,2,99,,,
"3301303002030310203",3,301,30,2,30020,30310,3,3,,,,,,,,,2,,,,
"3301303002030310204",3,301,30,2,30020,30310,4,3,,,,,,,,,2,,,,
"3301303002030310205",3,301,30,2,30020,30310,5,3,,,,,,,,,3,,,,
"3301303002030310206",3,301,30,2,30020,30310,6,3,,,,,,,,,2,99,,,
"3301303002030310207",3,301,30,2,30020,30310,7,3,4,5,,,,,,,2,,,,
"3301303002030310208",3,301,30,2,30020,30310,8,3,,,,,,,,,2,,,,
"3301303002030310209",3,301,30,2,30020,30310,9,3,,,,,,,,,2,,,,
"3301303002030310210",3,301,30,2,30020,30310,10,3,,,,,,,,,2,,,,
"3301303002030310211",3,301,30,2,30020,30310,11,3,,,,,,,,,2,12,,,
"3301303002030310212",3,301,30,2,30020,30310,12,3,,,,,,,,,2,99,,,
"3301303002030310213",3,301,30,2,30020,30310,13,3,,,,,,,,,2,12,,,
"3301303002030310214",3,301,30,2,30020,30310,14,3,,,,,,,,,2,13,,,
"3301303002030310215",3,301,30,2,30020,30310,15,5,,,,,,,,,2,,,,
"3301303002030310216",3,301,30,2,30020,30310,16,3,7,,,,,,,,2,99,,,
"3301303002030310217",3,301,30,2,30020,30310,17,3,,,,,,,,,2,13,,,
"3301303002030310218",3,301,30,2,30020,30310,18,3,,,,,,,,,3,,,,
"3301303002030310220",3,301,30,2,30020,30310,20,3,,,,,,,,,2,10,,,
"3301303002230174101",3,301,30,1,30022,30174,1,3,10,13,,,,,,,2,,,,
"3301303002230174102",3,301,30,1,30022,30174,2,3,10,13,,,,,,,1,,,,
"3301303002230174103",3,301,30,1,30022,30174,3,3,9,10,13,,,,,,2,3,7,,
"3301303002230174104",3,301,30,1,30022,30174,4,3,9,10,13,,,,,,2,7,,,
"3301303002230174105",3,301,30,1,30022,30174,5,3,10,13,,,,,,,1,,,,
"3301303002230174106",3,301,30,1,30022,30174,6,3,9,13,,,,,,,2,10,,,
"3301303002230174107",3,301,30,1,30022,30174,7,3,10,13,,,,,,,2,,,,
"3301303002230174108",3,301,30,1,30022,30174,8,3,9,10,11,,,,,,1,3,5,,
"3301303002230174109",3,301,30,1,30022,30174,9,3,10,13,,,,,,,2,7,,,
"3301303002230174110",3,301,30,1,30022,30174,10,3,9,13,,,,,,,2,,,,
"3301303002230174111",3,301,30,1,30022,30174,11,3,9,13,,,,,,,2,,,,
"3301303002230174112",3,301,30,1,30022,30174,12,3,9,13,,,,,,,2,,,,
"3301303002230174113",3,301,30,1,30022,30174,13,3,10,13,,,,,,,2,,,,
"3301303002230174114",3,301,30,1,30022,30174,14,3,5,10,,,,,,,2,,,,
"3301303002230174115",3,301,30,1,30022,30174,15,3,10,13,,,,,,,2,7,10,,
"3301303002230174116",3,301,30,1,30022,30174,16,2,10,13,,,,,,,2,5,10,,
"3301303002230174117",3,301,30,1,30022,30174,17,3,9,13,,,,,,,2,,,,
"3301303002230174118",3,301,30,1,30022,30174,18,3,10,13,,,,,,,2,,,,
"3301303002230174119",3,301,30,1,30022,30174,19,3,10,13,,,,,,,2,,,,
"3301303002230174120",3,301,30,1,30022,30174,20,3,10,12,13,,,,,,2,10,,,
"3301303002230178101",3,301,30,1,30022,30178,1,3,10,,,,,,,,1,,,,
"3301303002230178103",3,301,30,1,30022,30178,3,3,,,,,,,,,2,,,,
"3301303002230178104",3,301,30,1,30022,30178,4,3,5,10,,,,,,,2,,,,
"3301303002230178105",3,301,30,1,30022,30178,5,3,9,11,,,,,,,1,,,,
"3301303002230178106",3,301,30,1,30022,30178,6,3,9,,,,,,,,3,,,,
"3301303002230178107",3,301,30,1,30022,30178,7,3,9,10,,,,,,,1,,,,
"3301303002230178109",3,301,30,1,30022,30178,9,3,9,,,,,,,,3,,,,
"3301303002230178112",3,301,30,1,30022,30178,12,3,5,9,,,,,,,2,5,,,
"3301303002230178113",3,301,30,1,30022,30178,13,3,9,10,,,,,,,2,,,,
"3301303002230178114",3,301,30,1,30022,30178,14,3,5,9,,,,,,,2,4,,,
"3301303002230178115",3,301,30,1,30022,30178,15,3,5,9,10,,,,,,1,5,10,,
"3301303002230178116",3,301,30,1,30022,30178,16,3,9,10,,,,,,,2,,,,
"3301303002230178117",3,301,30,1,30022,30178,17,5,9,11,,,,,,,2,,,,
"3301303002230178118",3,301,30,1,30022,30178,18,3,5,9,10,,,,,,2,,,,
"3301303002230178119",3,301,30,1,30022,30178,19,3,9,11,13,,,,,,2,8,,,
"3301303002230178120",3,301,30,1,30022,30178,20,3,9,10,,,,,,,2,,,,
"3301303002230183101",3,301,30,1,30022,30183,1,3,9,13,,,,,,,2,10,,,
"3301303002230183102",3,301,30,1,30022,30183,2,3,9,10,13,,,,,,3,,,,
"3301303002230183103",3,301,30,1,30022,30183,3,3,9,10,11,12,13,,,,2,10,,,
"3301303002230183104",3,301,30,1,30022,30183,4,9,10,13,17,,,,,,1,10,,,
"3301303002230183105",3,301,30,1,30022,30183,5,3,10,13,,,,,,,2,10,,,
"3301303002230183106",3,301,30,1,30022,30183,6,10,13,,,,,,,,1,,,,
"3301303002230183107",3,301,30,1,30022,30183,7,3,9,13,,,,,,,2,10,,,
"3301303002230183108",3,301,30,1,30022,30183,8,3,10,13,,,,,,,1,10,,,
"3301303002230183109",3,301,30,1,30022,30183,9,3,9,12,,,,,,,2,7,,,
"3301303002230183110",3,301,30,1,30022,30183,10,10,13,,,,,,,,1,10,,,
"3301303002230183111",3,301,30,1,30022,30183,11,3,10,13,17,,,,,,2,10,,,
"3301303002230183112",3,301,30,1,30022,30183,12,3,10,,,,,,,,2,7,,,
"3301303002230183113",3,301,30,1,30022,30183,13,3,9,10,13,,,,,,2,7,10,,
"3301303002230183114",3,301,30,1,30022,30183,14,3,9,11,13,,,,,,1,10,,,
"3301303002230183115",3,301,30,1,30022,30183,15,3,9,10,,,,,,,2,10,13,,
"3301303002230183116",3,301,30,1,30022,30183,16,3,9,10,13,,,,,,3,,,,
"3301303002230183117",3,301,30,1,30022,30183,17,9,10,11,13,,,,,,1,3,,,
"3301303002230183118",3,301,30,1,30022,30183,18,3,9,10,,,,,,,2,10,,,
"3301303002230183119",3,301,30,1,30022,30183,19,3,10,13,,,,,,,2,7,,,
"3301303002230183120",3,301,30,1,30022,30183,20,3,9,11,13,,,,,,1,10,,,
"3301303002330158110",3,301,30,1,30023,30158,10,3,13,,,,,,,,2,7,,,
"3301303002330158201",3,301,30,2,30023,30158,1,3,,,,,,,,,2,7,13,,
"3301303002330158202",3,301,30,2,30023,30158,2,11,13,,,,,,,,2,10,,,
"3301303002330158203",3,301,30,2,30023,30158,3,3,10,13,,,,,,,2,10,,,
"3301303002330158204",3,301,30,2,30023,30158,4,3,10,14,,,,,,,2,10,,,
"3301303002330158205",3,301,30,2,30023,30158,5,3,9,10,12,13,,,,,1,7,10,,
"3301303002330158206",3,301,30,2,30023,30158,6,3,15,,,,,,,,1,3,12,,
"3301303002330158207",3,301,30,2,30023,30158,7,1,3,15,,,,,,,2,12,,,
"3301303002330158208",3,301,30,2,30023,30158,8,2,14,,,,,,,,2,12,,,
"3301303002330158209",3,301,30,2,30023,30158,9,1,3,15,,,,,,,2,3,12,,
"3301303002330158211",3,301,30,2,30023,30158,11,3,9,13,,,,,,,1,9,10,,
"3301303002330158212",3,301,30,2,30023,30158,12,3,13,,,,,,,,2,7,,,
"3301303002330158213",3,301,30,2,30023,30158,13,3,,,,,,,,,2,,,,
"3301303002330158214",3,301,30,2,30023,30158,14,7,9,,,,,,,,2,7,,,
"3301303002330158215",3,301,30,2,30023,30158,15,3,7,,,,,,,,3,,,,
"3301303002330158216",3,301,30,2,30023,30158,16,3,7,,,,,,,,2,7,12,,
"3301303002330158217",3,301,30,2,30023,30158,17,3,99,,,,,,,,2,,,,
"3301303002330158218",3,301,30,2,30023,30158,18,3,9,,,,,,,,2,10,,,
"3301303002330158219",3,301,30,2,30023,30158,19,3,9,,,,,,,,2,99,,,
"3301303002330158220",3,301,30,2,30023,30158,20,2,9,,,,,,,,2,99,,,
"3301303002530127101",3,301,30,1,30025,30127,1,13,17,,,,,,,,2,7,,,
"3301303002530127102",3,301,30,1,30025,30127,2,3,13,,,,,,,,3,,,,
"3301303002530127103",3,301,30,1,30025,30127,3,3,13,,,,,,,,2,7,13,,
"3301303002530127104",3,301,30,1,30025,30127,4,3,13,17,,,,,,,2,7,13,,
"3301303002530127105",3,301,30,1,30025,30127,5,3,11,13,,,,,,,2,7,,,
"3301303002530127106",3,301,30,1,30025,30127,6,13,17,,,,,,,,2,7,13,,
"3301303002530127107",3,301,30,1,30025,30127,7,3,13,,,,,,,,2,13,,,
"3301303002530127108",3,301,30,1,30025,30127,8,3,17,,,,,,,,2,13,,,
"3301303002530127109",3,301,30,1,30025,30127,9,13,17,,,,,,,,2,13,,,
"3301303002530127110",3,301,30,1,30025,30127,10,3,17,,,,,,,,2,7,,,
"3301303002530127111",3,301,30,1,30025,30127,11,3,13,,,,,,,,2,7,,,
"3301303002530127112",3,301,30,1,30025,30127,12,3,10,13,,,,,,,2,7,13,,
"3301303002530127113",3,301,30,1,30025,30127,13,3,13,,,,,,,,2,7,13,,
"3301303002530127114",3,301,30,1,30025,30127,14,3,13,,,,,,,,2,13,,,
"3301303002530127115",3,301,30,1,30025,30127,15,3,13,,,,,,,,2,7,,,
"3301303002530127116",3,301,30,1,30025,30127,16,3,13,,,,,,,,2,13,,,
"3301303002530127117",3,301,30,1,30025,30127,17,13,16,,,,,,,,2,7,,,
"3301303002530127118",3,301,30,1,30025,30127,18,3,13,17,,,,,,,2,7,,,
"3301303002530127119",3,301,30,1,30025,30127,19,1,13,,,,,,,,2,13,,,
"3301303002530127120",3,301,30,1,30025,30127,20,3,13,,,,,,,,2,7,,,
"3301303002530133101",3,301,30,1,30025,30133,1,3,10,,,,,,,,2,3,,,
"3301303002530133102",3,301,30,1,30025,30133,2,3,13,17,,,,,,,3,,,,
"3301303002530133103",3,301,30,1,30025,30133,3,3,9,,,,,,,,1,12,,,
"3301303002530133104",3,301,30,1,30025,30133,4,2,3,,,,,,,,2,,,,
"3301303002530133105",3,301,30,1,30025,30133,5,1,5,13,,,,,,,2,13,,,
"3301303002530133106",3,301,30,1,30025,30133,6,5,9,,,,,,,,2,,,,
"3301303002530133107",3,301,30,1,30025,30133,7,3,9,15,,,,,,,2,,,,
"3301303002530133108",3,301,30,1,30025,30133,8,9,17,,,,,,,,2,13,,,
"3301303002530133109",3,301,30,1,30025,30133,9,3,13,,,,,,,,1,12,,,
"3301303002530133110",3,301,30,1,30025,30133,10,5,,,,,,,,,2,13,,,
"3301303002530133111",3,301,30,1,30025,30133,11,3,5,,,,,,,,1,13,,,
"3301303002530133112",3,301,30,1,30025,30133,12,3,7,,,,,,,,1,10,,,
"3301303002530133113",3,301,30,1,30025,30133,13,9,12,,,,,,,,1,7,,,
"3301303002530133114",3,301,30,1,30025,30133,14,7,13,,,,,,,,2,10,,,
"3301303002530133115",3,301,30,1,30025,30133,15,13,17,,,,,,,,2,,,,
"3301303002530133116",3,301,30,1,30025,30133,16,5,17,,,,,,,,3,,,,
"3301303002530133117",3,301,30,1,30025,30133,17,3,17,,,,,,,,2,8,,,
"3301303002530133118",3,301,30,1,30025,30133,18,10,13,,,,,,,,2,99,,,
"3301303002530133119",3,301,30,1,30025,30133,19,1,5,15,,,,,,,2,12,,,
"3301303002530133120",3,301,30,1,30025,30133,20,13,17,,,,,,,,2,12,,,
"3301303002930066108",3,301,30,1,30029,30066,8,3,13,15,,,,,,,1,2,12,,
"3301303002930066201",3,301,30,2,30029,30066,1,3,15,17,,,,,,,2,12,,,
"3301303002930066202",3,301,30,2,30029,30066,2,3,13,17,,,,,,,2,12,13,,
"3301303002930066203",3,301,30,2,30029,30066,3,3,8,13,,,,,,,2,5,12,,
"3301303002930066204",3,301,30,2,30029,30066,4,3,13,,,,,,,,2,5,,,
"3301303002930066205",3,301,30,2,30029,30066,5,1,5,,,,,,,,2,3,,,
"3301303002930066206",3,301,30,2,30029,30066,6,3,9,,,,,,,,3,,,,
"3301303002930066207",3,301,30,2,30029,30066,7,3,9,15,,,,,,,1,12,13,,
"3301303002930066209",3,301,30,2,30029,30066,9,3,4,13,,,,,,,2,5,12,,
"3301303002930066210",3,301,30,2,30029,30066,10,3,9,17,,,,,,,1,3,12,,
"3301303002930066211",3,301,30,2,30029,30066,11,1,3,13,,,,,,,2,6,12,,
"3301303002930066212",3,301,30,2,30029,30066,12,3,13,17,,,,,,,2,3,12,,
"3301303002930066213",3,301,30,2,30029,30066,13,2,3,13,,,,,,,2,3,12,,
"3301303002930066214",3,301,30,2,30029,30066,14,1,3,13,,,,,,,2,2,12,,
"3301303002930066215",3,301,30,2,30029,30066,15,3,13,,,,,,,,2,3,5,,
"3301303002930066216",3,301,30,2,30029,30066,16,3,13,17,,,,,,,3,,,,
"3301303002930066217",3,301,30,2,30029,30066,17,3,13,17,,,,,,,2,12,13,,
"3301303002930066218",3,301,30,2,30029,30066,18,3,15,17,,,,,,,3,,,,
"3301303002930066219",3,301,30,2,30029,30066,19,3,9,17,,,,,,,3,,,,
"3301303002930066220",3,301,30,2,30029,30066,20,1,3,13,17,,,,,,2,13,,,
"3301303002930081101",3,301,30,1,30029,30081,1,1,3,10,12,17,,,,,2,3,8,13,
"3301303002930081102",3,301,30,1,30029,30081,2,1,3,7,10,13,17,,,,2,3,7,8,13
"3301303002930081103",3,301,30,1,30029,30081,3,1,3,7,10,13,17,,,,2,3,7,8,13
"3301303002930081104",3,301,30,1,30029,30081,4,1,3,12,13,17,,,,,2,3,7,8,13
"3301303002930081105",3,301,30,1,30029,30081,5,1,3,10,12,13,17,,,,2,3,7,8,13
"3301303002930081106",3,301,30,1,30029,30081,6,1,3,7,10,13,,,,,2,3,8,,
"3301303002930081107",3,301,30,1,30029,30081,7,1,3,13,15,17,,,,,2,3,8,9,12
"3301303002930081108",3,301,30,1,30029,30081,8,1,3,10,12,13,17,,,,2,3,4,7,13
"3301303002930081109",3,301,30,1,30029,30081,9,1,3,13,15,17,,,,,2,3,8,13,
"3301303002930081110",3,301,30,1,30029,30081,10,2,3,4,9,10,11,12,13,14,2,5,6,8,10
"3301303002930081111",3,301,30,1,30029,30081,11,1,3,5,7,13,17,,,,2,3,4,8,12
"3301303002930081112",3,301,30,1,30029,30081,12,1,3,7,12,13,17,,,,2,3,8,13,
"3301303002930081113",3,301,30,1,30029,30081,13,1,3,7,13,17,,,,,2,3,4,8,13
"3301303002930081114",3,301,30,1,30029,30081,14,1,3,12,13,17,,,,,2,3,8,10,13
"3301303002930081115",3,301,30,1,30029,30081,15,1,3,13,17,,,,,,2,3,8,13,
"3301303002930081116",3,301,30,1,30029,30081,16,1,2,3,13,13,14,15,17,,2,3,7,8,13
"3301303002930081117",3,301,30,1,30029,30081,17,1,2,3,7,13,17,,,,2,3,6,8,13
"3301303002930081118",3,301,30,1,30029,30081,18,1,3,13,15,17,,,,,2,3,7,8,12
"3301303002930081119",3,301,30,1,30029,30081,19,1,3,13,17,,,,,,2,3,8,13,
"3301303002930081120",3,301,30,1,30029,30081,20,1,3,7,13,17,,,,,2,3,7,8,13
"3301303002930086101",3,301,30,1,30029,30086,1,3,5,,,,,,,3,,,,,2
"3301303002930086102",3,301,30,1,30029,30086,2,3,9,5,7,,,,,2,,6,7,8,3
"3301303002930086103",3,301,30,1,30029,30086,3,5,7,,,,,,,3,,,,,2
"3301303002930086104",3,301,30,1,30029,30086,4,7,,,,,,,,3,,,,,2
"3301303002930086105",3,301,30,1,30029,30086,5,3,9,3,7,,,,,2,,7,9,3,2
"3301303002930086106",3,301,30,1,30029,30086,6,3,9,2,3,7,,,,2,,3,7,3,2
"3301303002930086107",3,301,30,1,30029,30086,7,3,9,2,3,7,,,,2,,3,7,3,2
"3301303002930086108",3,301,30,1,30029,30086,8,3,9,3,7,,,,,2,,7,8,9,3
"3301303002930086109",3,301,30,1,30029,30086,9,3,9,3,,,,,,2,,7,2,,2
"3301303002930086110",3,301,30,1,30029,30086,10,9,2,3,,,,,,1,,3,7,9,2
"3301303002930086111",3,301,30,1,30029,30086,11,3,3,5,7,,,,,3,,,,,2
"3301303002930086112",3,301,30,1,30029,30086,12,3,4,9,7,,,,,2,,4,7,,2
"3301303002930086113",3,301,30,1,30029,30086,13,3,9,3,7,,,,,2,,7,3,,2
"3301303002930086114",3,301,30,1,30029,30086,14,4,3,7,,,,,,3,,,,,2
"3301303002930086115",3,301,30,1,30029,30086,15,3,5,9,3,7,,,,2,,3,4,7,2
"3301303002930086116",3,301,30,1,30029,30086,16,3,4,9,2,3,,,,2,,3,4,7,2
"3301303002930086117",3,301,30,1,30029,30086,17,2,3,9,3,7,,,,2,,3,7,9,2
"3301303002930086118",3,301,30,1,30029,30086,18,3,5,3,7,,,,,2,,3,7,9,3
"3301303002930086119",3,301,30,1,30029,30086,19,9,3,7,,,,,,2,,7,9,1,3
"3301303002930086120",3,301,30,1,30029,30086,20,3,5,3,7,,,,,2,,3,4,7,9
"3301303002930091101",3,301,30,1,30029,30091,1,3,9,13,17,,,,,,2,3,7,9,13
"3301303002930091102",3,301,30,1,30029,30091,2,1,3,9,13,17,,,,,2,2,3,7,13
"3301303002930091103",3,301,30,1,30029,30091,3,1,3,7,13,17,,,,,2,2,3,7,13
"3301303002930091104",3,301,30,1,30029,30091,4,3,9,10,12,13,15,17,,,2,2,7,12,13
"3301303002930091105",3,301,30,1,30029,30091,5,3,8,10,13,17,,,,,2,7,8,13,
"3301303002930091106",3,301,30,1,30029,30091,6,3,13,17,,,,,,,2,7,8,13,
"3301303002930091107",3,301,30,1,30029,30091,7,3,13,17,,,,,,,2,7,8,13,
"3301303002930091108",3,301,30,1,30029,30091,8,1,17,,,,,,,,3,,,,
"3301303002930091109",3,301,30,1,30029,30091,9,3,10,13,17,,,,,,2,3,7,8,13
"3301303002930091110",3,301,30,1,30029,30091,10,2,3,8,13,17,,,,,2,3,6,7,13
"3301303002930091111",3,301,30,1,30029,30091,11,7,9,12,15,17,,,,,2,5,7,12,13
"3301303002930091112",3,301,30,1,30029,30091,12,1,3,9,13,17,,,,,2,3,7,13,
"3301303002930091113",3,301,30,1,30029,30091,13,2,3,7,13,17,,,,,2,3,6,7,13
"3301303002930091114",3,301,30,1,30029,30091,14,2,3,10,13,17,,,,,2,3,6,7,13
"3301303002930091115",3,301,30,1,30029,30091,15,1,2,3,13,17,,,,,2,3,6,7,8
"3301303002930091116",3,301,30,1,30029,30091,16,3,13,17,,,,,,,2,7,8,13,
"3301303002930091117",3,301,30,1,30029,30091,17,1,3,7,13,17,,,,,2,3,7,13,
"3301303002930091118",3,301,30,1,30029,30091,18,3,2,7,12,13,15,16,,,1,7,12,13,
"3301303002930091119",3,301,30,1,30029,30091,19,1,3,7,10,13,16,17,,,2,3,6,7,13
"3301303002930091120",3,301,30,1,30029,30091,20,1,3,10,13,17,,,,,2,7,13,,
"3301303002930109101",3,301,30,1,30029,30109,1,1,3,10,13,17,,,,,2,3,7,8,13
"3301303002930109102",3,301,30,1,30029,30109,2,1,2,13,17,,,,,,2,3,8,13,
"3301303002930109103",3,301,30,1,30029,30109,3,1,3,7,10,13,17,,,,2,3,7,8,13
"3301303002930109104",3,301,30,1,30029,30109,4,1,3,13,17,,,,,,2,3,7,8,13
"3301303002930109105",3,301,30,1,30029,30109,5,1,3,7,10,13,17,,,,2,3,7,8,13
"3301303002930109106",3,301,30,1,30029,30109,6,1,3,10,13,17,,,,,2,3,7,8,10
"3301303002930109107",3,301,30,1,30029,30109,7,1,3,10,12,13,17,,,,2,3,8,13,
"3301303002930109108",3,301,30,1,30029,30109,8,1,3,7,10,13,17,,,,2,3,7,8,12
"3301303002930109109",3,301,30,1,30029,30109,9,1,3,8,10,12,13,17,,,2,3,7,8,13
"3301303002930109110",3,301,30,1,30029,30109,10,1,3,13,17,,,,,,2,3,8,13,
"3301303002930109111",3,301,30,1,30029,30109,11,1,3,8,12,13,17,,,,2,3,8,13,
"3301303002930109112",3,301,30,1,30029,30109,12,1,3,7,13,17,,,,,2,3,8,12,
"3301303002930109113",3,301,30,1,30029,30109,13,1,3,7,10,12,13,17,,,2,3,13,,
"3301303002930109114",3,301,30,1,30029,30109,14,1,3,13,17,,,,,,2,3,8,13,
"3301303002930109115",3,301,30,1,30029,30109,15,1,3,7,13,17,,,,,2,3,8,13,
"3301303002930109116",3,301,30,1,30029,30109,16,1,3,7,10,13,17,,,,2,3,7,8,13
"3301303002930109117",3,301,30,1,30029,30109,17,1,3,7,13,17,,,,,2,3,7,8,13
"3301303002930109118",3,301,30,1,30029,30109,18,1,3,7,10,13,17,,,,2,3,7,8,12
"3301303002930109119",3,301,30,1,30029,30109,19,1,3,7,13,17,,,,,2,3,7,8,13
"3301303002930109120",3,301,30,1,30029,30109,20,1,3,7,10,13,17,,,,2,3,7,8,13
"3301303003430200101",3,301,30,1,30034,30200,1,3,7,8,9,13,16,,,,2,2,5,7,12
"3301303003430200102",3,301,30,1,30034,30200,2,3,7,9,11,12,15,,,,2,2,5,7,12
"3301303003430200103",3,301,30,1,30034,30200,3,1,3,5,7,8,9,12,13,15,2,2,3,5,13
"3301303003430200104",3,301,30,1,30034,30200,4,6,17,,,,,,,,2,4,5,13,
"3301303003430200105",3,301,30,1,30034,30200,5,3,5,10,12,,,,,,2,5,,,
"3301303003430200106",3,301,30,1,30034,30200,6,3,7,11,,,,,,,2,5,,,
"3301303003430200107",3,301,30,1,30034,30200,7,3,4,7,9,12,13,15,17,,2,2,3,5,7
"3301303003430200108",3,301,30,1,30034,30200,8,1,3,10,13,17,,,,,2,3,7,8,13
"3301303003430200109",3,301,30,1,30034,30200,9,1,3,9,10,13,17,,,,2,3,7,8,13
"3301303003430200110",3,301,30,1,30034,30200,10,1,3,8,10,12,13,17,,,2,3,7,8,13
"3301303003430200111",3,301,30,1,30034,30200,11,3,5,9,,,,,,,2,5,,,
"3301303003430200112",3,301,30,1,30034,30200,12,1,3,9,10,12,13,17,,,2,3,7,9,10
"3301303003430200113",3,301,30,1,30034,30200,13,1,3,12,13,17,,,,,2,3,7,8,10
"3301303003430200114",3,301,30,1,30034,30200,14,3,12,17,,,,,,,1,13,,,
"3301303003430200115",3,301,30,1,30034,30200,15,3,13,17,,,,,,,2,12,,,
"3301303003430200116",3,301,30,1,30034,30200,16,3,9,17,,,,,,,2,12,,,
"3301303003430200117",3,301,30,1,30034,30200,17,3,17,,,,,,,,2,12,,,
"3301303003430200118",3,301,30,1,30034,30200,18,1,3,7,9,13,17,,,,2,8,12,13,
"3301303003430200119",3,301,30,1,30034,30200,19,3,7,9,13,17,,,,,2,5,12,,
"3301303003430200120",3,301,30,1,30034,30200,20,1,3,7,9,13,17,,,,2,13,,,
"3301303003430214101",3,301,30,1,30034,30214,1,4,,,,,,,,,2,12,,,
"3301303003430214102",3,301,30,1,30034,30214,2,3,7,,,,,,,,2,12,,,
"3301303003430214104",3,301,30,1,30034,30214,4,3,,,,,,,,,2,8,,,
"3301303003430214105",3,301,30,1,30034,30214,5,3,7,,,,,,,,2,,,,
"3301303003430214106",3,301,30,1,30034,30214,6,3,7,,,,,,,,2,7,,,
"3301303003430214107",3,301,30,1,30034,30214,7,3,7,,,,,,,,2,13,,,
"3301303003430214108",3,301,30,1,30034,30214,8,3,7,,,,,,,,2,12,,,
"3301303003430214109",3,301,30,1,30034,30214,9,3,7,,,,,,,,2,12,,,
"3301303003430214110",3,301,30,1,30034,30214,10,3,,,,,,,,,3,,,,
"3301303003430214111",3,301,30,1,30034,30214,11,3,,,,,,,,,3,,,,
"3301303003430214112",3,301,30,1,30034,30214,12,3,,,,,,,,,3,,,,
"3301303003430214113",3,301,30,1,30034,30214,13,99,,,,,,,,,3,,,,
"3301303003430214114",3,301,30,1,30034,30214,14,13,,,,,,,,,2,,,,
"3301303003430214115",3,301,30,1,30034,30214,15,3,,,,,,,,,3,,,,
"3301303003430214116",3,301,30,1,30034,30214,16,3,,,,,,,,,2,,,,
"3301303003430214117",3,301,30,1,30034,30214,17,3,,,,,,,,,3,,,,
"3301303003430214118",3,301,30,1,30034,30214,18,3,,,,,,,,,2,,,,
"3301303003430214119",3,301,30,1,30034,30214,19,3,,,,,,,,,3,,,,
"3301303003430214120",3,301,30,1,30034,30214,20,3,,,,,,,,,3,,,,
"3301303003430214203",3,301,30,2,30034,30214,3,3,7,,,,,,,,2,7,,,
"3301303003430219101",3,301,30,1,30034,30219,1,3,4,,,,,,,2,,2,,,1
"3301303003430219102",3,301,30,1,30034,30219,2,3,5,,,,,,,2,,3,7,,2
"3301303003430219103",3,301,30,1,30034,30219,3,3,9,1,3,,,,,2,,,,,2
"3301303003430219104",3,301,30,1,30034,30219,4,3,7,,,,,,,2,,3,,,2
"3301303003430219105",3,301,30,1,30034,30219,5,5,6,1,7,,,,,2,,3,,,2
"3301303003430219106",3,301,30,1,30034,30219,6,9,1,3,,,,,,2,,,,,2
"3301303003430219107",3,301,30,1,30034,30219,7,2,3,,,,,,,2,,7,,,2
"3301303003430219108",3,301,30,1,30034,30219,8,3,5,,,,,,,2,1,2,,,2
"3301303003430219109",3,301,30,1,30034,30219,9,3,1,,,,,,,2,,7,,,2
"3301303003430219110",3,301,30,1,30034,30219,10,3,,,,,,,,2,,,,,1
"3301303003430219111",3,301,30,1,30034,30219,11,3,3,,,,,,,3,,,,,2
"3301303003430219112",3,301,30,1,30034,30219,12,3,,,,,,,,2,,,,,2
"3301303003430219113",3,301,30,1,30034,30219,13,3,,,,,,,,2,,,,,2
"3301303003430219114",3,301,30,1,30034,30219,14,3,,,,,,,,2,,7,,,1
"3301303003430219115",3,301,30,1,30034,30219,15,5,9,1,,,,,,2,,,,,2
"3301303003430219116",3,301,30,1,30034,30219,16,3,1,3,,,,,,2,,7,,,1
"3301303003430219117",3,301,30,1,30034,30219,17,10,3,,,,,,,2,,2,,,2
"3301303003430219118",3,301,30,1,30034,30219,18,3,7,,,,,,,2,,,,,2
"3301303003430219119",3,301,30,1,30034,30219,19,3,4,,,,,,,2,,2,,,1
"3301303003430219120",3,301,30,1,30034,30219,20,3,5,,,,,,,2,,,,,2
"3301303003430223101",3,301,30,1,30034,30223,1,11,13,,,,,,,,2,7,,,
"3301303003430223102",3,301,30,1,30034,30223,2,3,13,,,,,,,,2,7,,,
"3301303003430223103",3,301,30,1,30034,30223,3,3,11,,,,,,,,2,7,,,
"3301303003430223104",3,301,30,1,30034,30223,4,3,13,,,,,,,,2,7,,,
"3301303003430223105",3,301,30,1,30034,30223,5,3,13,,,,,,,,2,7,,,
"3301303003430223106",3,301,30,1,30034,30223,6,3,11,,,,,,,,2,7,,,
"3301303003430223107",3,301,30,1,30034,30223,7,2,10,11,,,,,,,2,7,,,
"3301303003430223108",3,301,30,1,30034,30223,8,3,13,,,,,,,,2,7,,,
"3301303003430223109",3,301,30,1,30034,30223,9,11,13,,,,,,,,2,7,,,
"3301303003430223110",3,301,30,1,30034,30223,10,11,13,,,,,,,,2,7,,,
"3301303003430223111",3,301,30,1,30034,30223,11,3,13,,,,,,,,2,7,,,
"3301303003430223112",3,301,30,1,30034,30223,12,3,13,,,,,,,,2,7,,,
"3301303003430223113",3,301,30,1,30034,30223,13,3,13,,,,,,,,2,,,,
"3301303003430223114",3,301,30,1,30034,30223,14,3,11,13,,,,,,,2,7,,,
"3301303003430223115",3,301,30,1,30034,30223,15,3,13,,,,,,,,2,7,,,
"3301303003430223116",3,301,30,1,30034,30223,16,3,13,,,,,,,,2,7,10,,
"3301303003430223117",3,301,30,1,30034,30223,17,3,13,,,,,,,,2,7,,,
"3301303003430223118",3,301,30,1,30034,30223,18,3,13,,,,,,,,2,,,,
"3301303003430223119",3,301,30,1,30034,30223,19,3,13,,,,,,,,2,7,,,
"3301303003430223120",3,301,30,1,30034,30223,20,3,13,,,,,,,,2,7,,,
"3302313100431083101",3,302,31,1,31004,31083,1,3,9,,,,,,,,3,,,,
"3302313100431083102",3,302,31,1,31004,31083,2,1,3,15,,,,,,,2,12,,,
"3302313100431083104",3,302,31,1,31004,31083,4,1,3,13,15,,,,,,2,12,,,
"3302313100431083105",3,302,31,1,31004,31083,5,3,10,,,,,,,,2,12,,,
"3302313100431083106",3,302,31,1,31004,31083,6,9,10,13,,,,,,,2,4,7,,
"3302313100431083107",3,302,31,1,31004,31083,7,1,3,13,15,,,,,,2,7,12,,
"3302313100431083108",3,302,31,1,31004,31083,8,3,11,13,,,,,,,2,7,,,
"3302313100431083109",3,302,31,1,31004,31083,9,5,9,11,,,,,,,2,7,10,,
"3302313100431083110",3,302,31,1,31004,31083,10,2,13,15,,,,,,,3,,,,
"3302313100431083111",3,302,31,1,31004,31083,11,1,3,9,,,,,,,2,12,99,,
"3302313100431083112",3,302,31,1,31004,31083,12,3,13,,,,,,,,2,7,,,
"3302313100431083113",3,302,31,1,31004,31083,13,3,13,,,,,,,,2,7,,,
"3302313100431083114",3,302,31,1,31004,31083,14,3,12,13,,,,,,,2,7,10,,
"3302313100431083115",3,302,31,1,31004,31083,15,3,9,,,,,,,,2,99,,,
"3302313100431083116",3,302,31,1,31004,31083,16,11,13,,,,,,,,2,7,10,,
"3302313100431083117",3,302,31,1,31004,31083,17,3,9,13,,,,,,,2,,,,
"3302313100431083118",3,302,31,1,31004,31083,18,3,9,13,,,,,,,2,7,,,
"3302313100431083119",3,302,31,1,31004,31083,19,3,9,13,,,,,,,1,7,,,
"3302313100431083120",3,302,31,1,31004,31083,20,3,9,13,,,,,,,2,,,,
"3302313100431083203",3,302,31,2,31004,31083,3,3,,,,,,,,,2,,,,
"3302313101331074103",3,302,31,1,31013,31074,3,3,9,10,13,,,,,,2,,,,
"3302313101331074201",3,302,31,2,31013,31074,1,3,9,10,13,,,,,,1,,,,
"3302313101331074202",3,302,31,2,31013,31074,2,3,10,13,,,,,,,2,,,,
"3302313101331074204",3,302,31,2,31013,31074,4,3,13,,,,,,,,2,13,,,
"3302313101331074205",3,302,31,2,31013,31074,5,3,9,10,13,,,,,,2,,,,
"3302313101331074206",3,302,31,2,31013,31074,6,3,,,,,,,,,2,5,7,,
"3302313101331074207",3,302,31,2,31013,31074,7,3,,,,,,,,,2,7,,,
"3302313101331074208",3,302,31,2,31013,31074,8,99,,,,,,,,,2,7,,,
"3302313101331074209",3,302,31,2,31013,31074,9,3,7,,,,,,,,2,13,,,
"3302313101331074210",3,302,31,2,31013,31074,10,3,7,,,,,,,,2,7,12,,
"3302313101331074211",3,302,31,2,31013,31074,11,3,13,,,,,,,,2,,,,
"3302313101331074212",3,302,31,2,31013,31074,12,3,13,,,,,,,,1,10,,,
"3302313101331074213",3,302,31,2,31013,31074,13,3,,,,,,,,,3,,,,
"3302313101331074214",3,302,31,2,31013,31074,14,3,11,,,,,,,,2,,,,
"3302313101331074215",3,302,31,2,31013,31074,15,9,13,,,,,,,,3,,,,
"3302313101331074216",3,302,31,2,31013,31074,16,9,12,,,,,,,,2,99,,,
"3302313101331074217",3,302,31,2,31013,31074,17,5,9,,,,,,,,2,,,,
"3302313101331074218",3,302,31,2,31013,31074,18,3,5,14,,,,,,,2,13,,,
"3302313101331074219",3,302,31,2,31013,31074,19,2,13,,,,,,,,2,13,,,
"3302313101331074220",3,302,31,2,31013,31074,20,13,17,,,,,,,,2,7,13,,
"3302313101831017101",3,302,31,1,31018,31017,1,3,9,10,13,,,,,,2,,,,
"3302313101831017102",3,302,31,1,31018,31017,2,3,9,10,13,,,,,,2,,,,
"3302313101831017103",3,302,31,1,31018,31017,3,3,13,17,,,,,,,2,7,,,
"3302313101831017104",3,302,31,1,31018,31017,4,,,3,,,,,,9,2,7,,,
"3302313101831017105",3,302,31,1,31018,31017,5,3,10,11,,,,,,,2,2,,,
"3302313101831017106",3,302,31,1,31018,31017,6,3,13,,,,,,,,2,12,,,
"3302313101831017107",3,302,31,1,31018,31017,7,3,7,13,,,,,,,2,12,,,
"3302313101831017108",3,302,31,1,31018,31017,8,3,13,,,,,,,,2,7,,,
"3302313101831017109",3,302,31,1,31018,31017,9,3,13,,,,,,,,2,7,13,,
"3302313101831017110",3,302,31,1,31018,31017,10,3,9,,,,,,,,2,7,,,
"3302313101831017111",3,302,31,1,31018,31017,11,3,10,13,,,,,,,2,5,7,,
"3302313101831017112",3,302,31,1,31018,31017,12,,,3,,,,,,9,2,,,,
"3302313101831017113",3,302,31,1,31018,31017,13,2,7,,,,,,,,2,12,,,
"3302313101831017114",3,302,31,1,31018,31017,14,3,12,13,,,,,,,2,7,,,
"3302313101831017115",3,302,31,1,31018,31017,15,3,,,,,,,,,2,7,,,
"3302313101831017116",3,302,31,1,31018,31017,16,5,9,10,13,,,,,,2,,,,
"3302313101831017117",3,302,31,1,31018,31017,17,3,9,10,13,,,,,,2,,,,
"3302313101831017118",3,302,31,1,31018,31017,18,3,9,,,,,,,,2,7,,,
"3302313101831017119",3,302,31,1,31018,31017,19,3,5,,,,,,,,2,,,,
"3302313101831017120",3,302,31,1,31018,31017,20,3,,,,,,,,,2,12,,,
"3302313101931060201",3,302,31,2,31019,31060,1,3,9,10,13,,,,,,2,,,,
"3302313101931060202",3,302,31,2,31019,31060,2,3,9,10,13,,,,,,2,,,,
"3302313101931060203",3,302,31,2,31019,31060,3,3,9,10,13,,,,,,1,,,,
"3302313101931060204",3,302,31,2,31019,31060,4,3,11,13,,,,,,,2,,,,
"3302313101931060205",3,302,31,2,31019,31060,5,3,9,10,13,,,,,,2,,,,
"3302313101931060206",3,302,31,2,31019,31060,6,3,15,,,,,,,,2,12,,,
"3302313101931060207",3,302,31,2,31019,31060,7,3,13,,,,,,,,2,10,12,,
"3302313101931060208",3,302,31,2,31019,31060,8,3,,,,,,,,,2,12,,,
"3302313101931060209",3,302,31,2,31019,31060,9,3,,,,,,,,,2,12,,,
"3302313101931060210",3,302,31,2,31019,31060,10,3,15,,,,,,,,2,12,,,
"3302313101931060211",3,302,31,2,31019,31060,11,3,13,,,,,,,,2,7,10,,
"3302313101931060212",3,302,31,2,31019,31060,12,3,13,,,,,,,,2,7,13,,
"3302313101931060213",3,302,31,2,31019,31060,13,13,17,,,,,,,,2,7,,,
"3302313101931060214",3,302,31,2,31019,31060,14,3,,,,,,,,,2,,,,
"3302313101931060215",3,302,31,2,31019,31060,15,13,17,,,,,,,,2,10,,,
"3302313101931060216",3,302,31,2,31019,31060,16,1,3,99,,,,,,,2,,,,
"3302313101931060217",3,302,31,2,31019,31060,17,3,99,,,,,,,,2,,,,
"3302313101931060218",3,302,31,2,31019,31060,18,9,12,,,,,,,,2,99,,,
"3302313101931060219",3,302,31,2,31019,31060,19,3,12,,,,,,,,2,99,,,
"3302313101931060220",3,302,31,2,31019,31060,20,5,99,,,,,,,,2,,,,
"3302313102831079201",3,302,31,2,31028,31079,1,3,9,13,,,,,,,2,7,10,,
"3302313102831079202",3,302,31,2,31028,31079,2,1,2,11,,,,,,,2,7,12,,
"3302313102831079203",3,302,31,2,31028,31079,3,3,15,,,,,,,,2,12,,,
"3302313102831079204",3,302,31,2,31028,31079,4,3,13,,,,,,,,2,7,,,
"3302313102831079206",3,302,31,2,31028,31079,6,2,11,13,,,,,,,2,7,,,
"3302313102831079207",3,302,31,2,31028,31079,7,3,9,13,,,,,,,2,5,,,
"3302313102831079208",3,302,31,2,31028,31079,8,2,11,,,,,,,,2,7,,,
"3302313102831079209",3,302,31,2,31028,31079,9,3,5,10,,,,,,,2,3,7,,
"3302313102831079210",3,302,31,2,31028,31079,10,5,9,13,,,,,,,2,4,,,
"3302313102831079211",3,302,31,2,31028,31079,11,5,9,17,,,,,,,2,7,13,,
"3302313102831079212",3,302,31,2,31028,31079,12,1,3,,,,,,,,2,4,10,,
"3302313102831079213",3,302,31,2,31028,31079,13,3,5,9,11,,,,,,2,4,,,
"3302313102831079214",3,302,31,2,31028,31079,14,2,,,,,,,,,1,5,12,,
"3302313102831079215",3,302,31,2,31028,31079,15,2,3,13,,,,,,,2,7,10,,
"3302313102831079216",3,302,31,2,31028,31079,16,3,13,,,,,,,,2,7,10,,
"3302313102831079217",3,302,31,2,31028,31079,17,3,9,11,13,,,,,,2,5,,,
"3302313102831079218",3,302,31,2,31028,31079,18,3,9,11,,,,,,,2,7,10,,
"3302313102831079219",3,302,31,2,31028,31079,19,3,10,15,,,,,,,1,10,,,
"3302313102831079220",3,302,31,2,31028,31079,20,3,9,10,,,,,,,2,5,10,,
"3302313103131100201",3,302,31,2,31031,31100,1,3,15,,,,,,,,2,12,12,,
"3302313103131100202",3,302,31,2,31031,31100,2,3,7,,,,,,,,2,12,,,
"3302313103131100203",3,302,31,2,31031,31100,3,3,15,,,,,,,,2,12,,,
"3302313103131100204",3,302,31,2,31031,31100,4,3,13,,,,,,,,2,12,,,
"3302313103131100205",3,302,31,2,31031,31100,5,2,4,,,,,,,,2,5,12,,
"3302313103131100206",3,302,31,2,31031,31100,6,2,11,17,,,,,,,2,7,10,,
"3302313103131100207",3,302,31,2,31031,31100,7,3,9,10,13,,,,,,2,99,,,
"3302313103131100208",3,302,31,2,31031,31100,8,3,9,10,13,,,,,,2,,,,
"3302313103131100209",3,302,31,2,31031,31100,9,3,9,10,13,,,,,,2,,,,
"3302313103131100210",3,302,31,2,31031,31100,10,3,9,,,,,,,,2,10,,,
"3302313103131100211",3,302,31,2,31031,31100,11,9,,,,,,,,,2,,,,
"3302313103131100212",3,302,31,2,31031,31100,12,3,9,,,,,,,,2,10,,,
"3302313103131100213",3,302,31,2,31031,31100,13,9,99,,,,,,,,2,7,,,
"3302313103131100214",3,302,31,2,31031,31100,14,9,99,,,,,,,,3,,,,
"3302313103131100215",3,302,31,2,31031,31100,15,3,13,17,,,,,,,2,7,,,
"3302313103131100216",3,302,31,2,31031,31100,16,3,13,,,,,,,,2,7,,,
"3302313103131100217",3,302,31,2,31031,31100,17,3,13,,,,,,,,2,7,,,
"3302313103131100218",3,302,31,2,31031,31100,18,3,13,,,,,,,,2,7,,,
"3302313103131100219",3,302,31,2,31031,31100,19,3,9,13,,,,,,,2,7,10,,
"3302313103131100220",3,302,31,2,31031,31100,20,5,99,,,,,,,,2,7,,,
"3302313104531040102",3,302,31,1,31045,31040,2,3,7,,,,,,,,2,7,,,
"3302313104531040103",3,302,31,1,31045,31040,3,9,,,,,,,,,3,,,,
"3302313104531040105",3,302,31,1,31045,31040,5,3,,,,,,,,,2,7,,,
"3302313104531040106",3,302,31,1,31045,31040,6,3,,,,,,,,,2,12,,,
"3302313104531040108",3,302,31,1,31045,31040,8,3,,,,,,,,,2,7,,,
"3302313104531040109",3,302,31,1,31045,31040,9,3,,,,,,,,,2,7,,,
"3302313104531040111",3,302,31,1,31045,31040,11,3,7,,,,,,,,2,8,12,,
"3302313104531040113",3,302,31,1,31045,31040,13,3,,,,,,,,,2,7,,,
"3302313104531040114",3,302,31,1,31045,31040,14,9,12,14,,,,,,,2,5,10,,
"3302313104531040115",3,302,31,1,31045,31040,15,3,,,,,,,,,2,12,,,
"3302313104531040119",3,302,31,1,31045,31040,19,3,,,,,,,,,2,12,,,
"3302313104531040120",3,302,31,1,31045,31040,20,3,,,,,,,,,3,,,,
"3302313104531040201",3,302,31,2,31045,31040,1,3,,,,,,,,,2,7,,,
"3302313104531040204",3,302,31,2,31045,31040,4,3,,,,,,,,,3,,,,
"3302313104531040207",3,302,31,2,31045,31040,7,9,,,,,,,,,2,7,,,
"3302313104531040210",3,302,31,2,31045,31040,10,3,,,,,,,,,2,12,,,
"3302313104531040212",3,302,31,2,31045,31040,12,3,5,,,,,,,,2,10,,,
"3302313104531040216",3,302,31,2,31045,31040,16,3,7,,,,,,,,3,,,,
"3302313104531040217",3,302,31,2,31045,31040,17,3,,,,,,,,,2,12,,,
"3302313104531040218",3,302,31,2,31045,31040,18,3,7,,,,,,,,2,7,,,
"3302313104631031111",3,302,31,1,31046,31031,11,1,3,7,15,,,,,,2,12,,,
"3302313104631031201",3,302,31,2,31046,31031,1,3,7,,,,,,,,2,13,,,
"3302313104631031202",3,302,31,2,31046,31031,2,1,5,7,15,,,,,,2,8,12,,
"3302313104631031203",3,302,31,2,31046,31031,3,3,7,,,,,,,,2,7,,,
"3302313104631031204",3,302,31,2,31046,31031,4,17,99,,,,,,,,2,,,,
"3302313104631031205",3,302,31,2,31046,31031,5,3,7,,,,,,,,2,7,13,,
"3302313104631031206",3,302,31,2,31046,31031,6,3,13,,,,,,,,2,,,,
"3302313104631031207",3,302,31,2,31046,31031,7,3,,,,,,,,,3,,,,
"3302313104631031208",3,302,31,2,31046,31031,8,3,13,,,,,,,,2,,,,
"3302313104631031209",3,302,31,2,31046,31031,9,3,13,,,,,,,,1,,,,
"3302313104631031210",3,302,31,2,31046,31031,10,1,3,5,11,,,,,,2,3,,,
"3302313104631031212",3,302,31,2,31046,31031,12,3,,,,,,,,,2,7,12,,
"3302313104631031213",3,302,31,2,31046,31031,13,3,7,15,,,,,,,2,3,12,,
"3302313104631031214",3,302,31,2,31046,31031,14,1,3,,,,,,,,1,3,12,,
"3302313104631031215",3,302,31,2,31046,31031,15,3,9,10,13,,,,,,2,10,,,
"3302313104631031216",3,302,31,2,31046,31031,16,3,9,13,,,,,,,2,10,,,
"3302313104631031217",3,302,31,2,31046,31031,17,1,3,,,,,,,,2,2,4,12,
"3302313104631031218",3,302,31,2,31046,31031,18,3,9,10,13,,,,,,2,,,,
"3302313104631031219",3,302,31,2,31046,31031,19,3,10,13,,,,,,,2,10,,,
"3302313104631031220",3,302,31,2,31046,31031,20,3,10,13,,,,,,,2,3,4,10,
"3302313104631034201",3,302,31,2,31046,31034,1,3,13,,,,,,,,2,7,,,
"3302313104631034202",3,302,31,2,31046,31034,2,3,9,13,,,,,,,2,7,,,
"3302313104631034203",3,302,31,2,31046,31034,3,3,13,,,,,,,,2,7,,,
"3302313104631034204",3,302,31,2,31046,31034,4,9,12,13,,,,,,,2,7,10,,
"3302313104631034205",3,302,31,2,31046,31034,5,3,5,9,11,,,,,,2,5,,,
"3302313104631034206",3,302,31,2,31046,31034,6,3,,,,,,,,,2,,,,
"3302313104631034207",3,302,31,2,31046,31034,7,3,13,,,,,,,,2,7,,,
"3302313104631034208",3,302,31,2,31046,31034,8,3,13,,,,,,,,2,7,,,
"3302313104631034209",3,302,31,2,31046,31034,9,3,5,9,10,13,,,,,2,,,,
"3302313104631034210",3,302,31,2,31046,31034,10,3,11,13,,,,,,,2,7,10,,
"3302313104631034211",3,302,31,2,31046,31034,11,3,15,,,,,,,,2,12,,,
"3302313104631034212",3,302,31,2,31046,31034,12,3,11,13,,,,,,,,7,10,,
"3302313104631034213",3,302,31,2,31046,31034,13,1,3,15,,,,,,,2,12,,,
"3302313104631034214",3,302,31,2,31046,31034,14,3,5,9,11,,,,,,2,,,,
"3302313104631034215",3,302,31,2,31046,31034,15,3,9,11,,,,,,,2,3,4,,
"3302313104631034216",3,302,31,2,31046,31034,16,3,5,9,11,,,,,,2,,,,
"3302313104631034217",3,302,31,2,31046,31034,17,9,10,11,,,,,,,2,13,,,
"3302313104631034218",3,302,31,2,31046,31034,18,3,13,,,,,,,,2,,,,
"3302313104631034219",3,302,31,2,31046,31034,19,3,,,,,,,,,1,,,,
"3302313104631034220",3,302,31,2,31046,31034,20,7,13,,,,,,,,2,12,,,
"3302323000130257111",3,302,32,1,30001,30257,11,1,3,15,,,,,,,2,12,,,
"3302323000732063111",3,302,32,1,30007,32063,11,2,9,15,,,,,,,2,7,12,,
"3302323102831079205",3,302,32,2,31028,31079,5,1,3,,,,,,,,1,7,12,,
"3302323200732052101",3,302,32,1,32007,32052,1,9,99,,,,,,,,2,99,,,
"3302323200732052102",3,302,32,1,32007,32052,2,3,,,,,,,,,2,7,,,
"3302323200732052103",3,302,32,1,32007,32052,3,3,9,13,,,,,,,1,,,,
"3302323200732052104",3,302,32,1,32007,32052,4,3,15,,,,,,,,2,12,,,
"3302323200732052105",3,302,32,1,32007,32052,5,3,9,10,13,,,,,,2,,,,
"3302323200732052106",3,302,32,1,32007,32052,6,3,,,,,,,,,2,7,,,
"3302323200732052107",3,302,32,1,32007,32052,7,3,9,11,13,,,,,,1,,,,
"3302323200732052108",3,302,32,1,32007,32052,8,3,9,,,,,,,,2,7,,,
"3302323200732052109",3,302,32,1,32007,32052,9,3,9,10,13,,,,,,2,3,,,
"3302323200732052110",3,302,32,1,32007,32052,10,3,13,,,,,,,,3,,,,
"3302323200732052111",3,302,32,1,32007,32052,11,3,,,,,,,,,2,12,,,
"3302323200732052112",3,302,32,1,32007,32052,12,3,4,9,,,,,,,2,10,99,,
"3302323200732052113",3,302,32,1,32007,32052,13,1,5,99,,,,,,,2,99,,,
"3302323200732052114",3,302,32,1,32007,32052,14,3,13,,,,,,,,2,2,7,,
"3302323200732052115",3,302,32,1,32007,32052,15,3,,,,,,,,,2,7,,,
"3302323200732052116",3,302,32,1,32007,32052,16,3,,,,,,,,,3,,,,
"3302323200732052117",3,302,32,1,32007,32052,17,3,13,,,,,,,,2,,,,
"3302323200732052118",3,302,32,1,32007,32052,18,3,,,,,,,,,3,,,,
"3302323200732052119",3,302,32,1,32007,32052,19,12,13,,,,,,,,2,7,,,
"3302323200732052120",3,302,32,1,32007,32052,20,3,15,,,,,,,,2,12,,,
"3302323200732055101",3,302,32,1,32007,32055,1,3,9,10,,,,,,,1,,,,
"3302323200732055102",3,302,32,1,32007,32055,2,10,13,,,,,,,,2,,,,
"3302323200732055103",3,302,32,1,32007,32055,3,3,9,,,,,,,,2,10,,,
"3302323200732055104",3,302,32,1,32007,32055,4,3,11,,,,,,,,2,,,,
"3302323200732055105",3,302,32,1,32007,32055,5,3,15,,,,,,,,2,12,,,
"3302323200732055106",3,302,32,1,32007,32055,6,3,11,,,,,,,,3,,,,
"3302323200732055107",3,302,32,1,32007,32055,7,3,5,9,10,,,,,,1,10,,,
"3302323200732055108",3,302,32,1,32007,32055,8,3,5,13,,,,,,,1,7,,,
"3302323200732055109",3,302,32,1,32007,32055,9,3,,,,,,,,,2,,,,
"3302323200732055110",3,302,32,1,32007,32055,10,3,11,,,,,,,,3,,,,
"3302323200732055111",3,302,32,1,32007,32055,11,3,,,,,,,,,2,12,,,
"3302323200732055112",3,302,32,1,32007,32055,12,3,9,,,,,,,,2,,,,
"3302323200732055113",3,302,32,1,32007,32055,13,3,13,15,,,,,,,2,12,,,
"3302323200732055114",3,302,32,1,32007,32055,14,3,9,,,,,,,,2,7,,,
"3302323200732055115",3,302,32,1,32007,32055,15,9,13,,,,,,,,2,10,,,
"3302323200732055116",3,302,32,1,32007,32055,16,3,15,,,,,,,,2,12,,,
"3302323200732055117",3,302,32,1,32007,32055,17,3,15,,,,,,,,2,3,12,,
"3302323200732055118",3,302,32,1,32007,32055,18,11,12,,,,,,,,2,7,,,
"3302323200732055119",3,302,32,1,32007,32055,19,12,13,,,,,,,,2,7,,,
"3302323200732055120",3,302,32,1,32007,32055,20,3,13,,,,,,,,2,7,,,
"3302323200732063102",3,302,32,1,32007,32063,2,3,,,,,,,,,2,12,,,
"3302323200732063103",3,302,32,1,32007,32063,3,3,11,,,,,,,,2,7,,,
"3302323200732063104",3,302,32,1,32007,32063,4,3,11,12,15,,,,,,2,10,,,
"3302323200732063105",3,302,32,1,32007,32063,5,3,15,,,,,,,,2,7,12,,
"3302323200732063107",3,302,32,1,32007,32063,7,2,7,,,,,,,,2,7,,,
"3302323200732063108",3,302,32,1,32007,32063,8,3,,,,,,,,,2,13,,,
"3302323200732063109",3,302,32,1,32007,32063,9,3,7,,,,,,,,2,12,,,
"3302323200732063110",3,302,32,1,32007,32063,10,5,10,16,,,,,,,2,7,12,,
"3302323200732063112",3,302,32,1,32007,32063,12,3,13,,,,,,,,2,5,7,13,
"3302323200732063113",3,302,32,1,32007,32063,13,3,15,,,,,,,,2,,,,
"3302323200732063114",3,302,32,1,32007,32063,14,3,,,,,,,,,1,5,10,13,
"3302323200732063115",3,302,32,1,32007,32063,15,3,11,15,,,,,,,1,10,12,,
"3302323200732063116",3,302,32,1,32007,32063,16,3,,,,,,,,,2,12,,,
"3302323200732063117",3,302,32,1,32007,32063,17,13,17,,,,,,,,2,7,,,
"3302323200732063118",3,302,32,1,32007,32063,18,1,3,,,,,,,,2,12,,,
"3302323200732063119",3,302,32,1,32007,32063,19,7,13,,,,,,,,2,5,13,,
"3302323200732063120",3,302,32,1,32007,32063,20,3,,,,,,,,,2,12,,,
"3302323200732063201",3,302,32,2,32007,32063,1,3,,,,,,,,,2,8,,,
"3302323200732063206",3,302,32,2,32007,32063,6,5,10,17,,,,,,,2,7,12,,
"3302323200732066101",3,302,32,1,32007,32066,1,3,,,,,,,,,1,10,,,
"3302323200732066102",3,302,32,1,32007,32066,2,1,3,,,,,,,,2,3,12,,
"3302323200732066103",3,302,32,1,32007,32066,3,3,13,,,,,,,,1,12,,,
"3302323200732066104",3,302,32,1,32007,32066,4,3,15,,,,,,,,2,12,,,
"3302323200732066105",3,302,32,1,32007,32066,5,1,3,,,,,,,,2,12,,,
"3302323200732066106",3,302,32,1,32007,32066,6,3,13,,,,,,,,2,12,,,
"3302323200732066107",3,302,32,1,32007,32066,7,3,15,,,,,,,,2,12,,,
"3302323200732066108",3,302,32,1,32007,32066,8,3,,,,,,,,,2,12,,,
"3302323200732066109",3,302,32,1,32007,32066,9,3,13,,,,,,,,2,12,,,
"3302323200732066110",3,302,32,1,32007,32066,10,3,13,15,,,,,,,2,,,,
"3302323200732066111",3,302,32,1,32007,32066,11,3,15,,,,,,,,2,12,,,
"3302323200732066112",3,302,32,1,32007,32066,12,3,15,,,,,,,,2,12,,,
"3302323200732066113",3,302,32,1,32007,32066,13,3,,,,,,,,,2,3,10,,
"3302323200732066114",3,302,32,1,32007,32066,14,1,3,,,,,,,,2,12,,,
"3302323200732066115",3,302,32,1,32007,32066,15,3,13,15,,,,,,,2,12,,,
"3302323200732066116",3,302,32,1,32007,32066,16,3,15,,,,,,,,2,12,,,
"3302323200732066117",3,302,32,1,32007,32066,17,3,15,,,,,,,,2,12,,,
"3302323200732066118",3,302,32,1,32007,32066,18,3,13,15,,,,,,,2,10,12,,
"3302323200732066119",3,302,32,1,32007,32066,19,1,3,12,,,,,,,1,8,12,,
"3302323200732066120",3,302,32,1,32007,32066,20,3,,,,,,,,,1,7,10,,
"3302323200732086101",3,302,32,1,32007,32086,1,3,9,11,,,,,,,2,9,,,
"3302323200732086102",3,302,32,1,32007,32086,2,3,,,,,,,,,2,10,,,
"3302323200732086103",3,302,32,1,32007,32086,3,1,3,13,15,,,,,,2,10,12,,
"3302323200732086104",3,302,32,1,32007,32086,4,3,,,,,,,,,2,,,,
"3302323200732086105",3,302,32,1,32007,32086,5,3,7,,,,,,,,3,,,,
"3302323200732086106",3,302,32,1,32007,32086,6,1,3,11,12,,,,,,1,12,,,
"3302323200732086107",3,302,32,1,32007,32086,7,3,,,,,,,,,2,,,,
"3302323200732086108",3,302,32,1,32007,32086,8,1,3,17,,,,,,,2,12,,,
"3302323200732086109",3,302,32,1,32007,32086,9,9,11,,,,,,,,2,10,,,
"3302323200732086110",3,302,32,1,32007,32086,10,3,9,,,,,,,,2,10,,,
"3302323200732086111",3,302,32,1,32007,32086,11,3,13,,,,,,,,2,9,,,
"3302323200732086112",3,302,32,1,32007,32086,12,3,13,17,,,,,,,3,,,,
"3302323200732086113",3,302,32,1,32007,32086,13,3,13,,,,,,,,2,7,,,
"3302323200732086114",3,302,32,1,32007,32086,14,3,13,,,,,,,,2,7,,,
"3302323200732086115",3,302,32,1,32007,32086,15,3,9,10,13,,,,,,2,10,,,
"3302323200732086116",3,302,32,1,32007,32086,16,3,9,13,,,,,,,2,10,,,
"3302323200732086117",3,302,32,1,32007,32086,17,3,9,10,13,,,,,,2,7,10,,
"3302323200732086118",3,302,32,1,32007,32086,18,3,9,13,,,,,,,2,4,10,,
"3302323200732086119",3,302,32,1,32007,32086,19,2,12,15,17,,,,,,2,12,,,
"3302323200732086120",3,302,32,1,32007,32086,20,9,11,,,,,,,,2,,,,
"3302323200732089101",3,302,32,1,32007,32089,1,2,3,9,,,,,,2,,2,,,1
"3302323200732089102",3,302,32,1,32007,32089,2,3,4,9,,,,,,2,,,,,2
"3302323200732089103",3,302,32,1,32007,32089,3,3,4,9,,,,,,2,,1,2,,1
"3302323200732089104",3,302,32,1,32007,32089,4,3,1,,,,,,,3,,,,,1
"3302323200732089105",3,302,32,1,32007,32089,5,3,9,3,,,,,,2,,7,2,,2
"3302323200732089106",3,302,32,1,32007,32089,6,3,4,2,,,,,,2,,7,9,,2
"3302323200732089107",3,302,32,1,32007,32089,7,5,9,,,,,,,2,,7,,,2
"3302323200732089108",3,302,32,1,32007,32089,8,5,5,,,,,,,2,,2,,,2
"3302323200732089109",3,302,32,1,32007,32089,9,3,9,1,,,,,,2,,,,,2
"3302323200732089110",3,302,32,1,32007,32089,10,3,9,,,,,,,2,,,,,2
"3302323200732089111",3,302,32,1,32007,32089,11,3,9,,,,,,,2,,7,,,2
"3302323200732089112",3,302,32,1,32007,32089,12,3,9,3,,,,,,2,,,,,2
"3302323200732089113",3,302,32,1,32007,32089,13,3,4,5,,,,,,2,,1,3,,2
"3302323200732089114",3,302,32,1,32007,32089,14,3,9,2,,,,,,2,,3,2,,2
"3302323200732089115",3,302,32,1,32007,32089,15,9,1,1,,,,,,2,,7,,,2
"3302323200732089116",3,302,32,1,32007,32089,16,3,5,9,,,,,,2,,1,3,,2
"3302323200732089117",3,302,32,1,32007,32089,17,5,9,2,,,,,,2,,1,2,,1
"3302323200732089118",3,302,32,1,32007,32089,18,3,9,,,,,,,2,,,,,2
"3302323200732089119",3,302,32,1,32007,32089,19,3,9,,,,,,,2,,7,,,2
"3302323200732089120",3,302,32,1,32007,32089,20,3,9,1,,,,,,2,,3,,,2
"3302323200732099101",3,302,32,1,32007,32099,1,3,5,11,,,,,,,2,4,7,,
"3302323200732099102",3,302,32,1,32007,32099,2,5,11,13,,,,,,,2,7,10,,
"3302323200732099103",3,302,32,1,32007,32099,3,3,13,15,17,,,,,,2,7,,,
"3302323200732099104",3,302,32,1,32007,32099,4,3,9,13,,,,,,,2,7,,,
"3302323200732099105",3,302,32,1,32007,32099,5,3,11,13,,,,,,,2,7,10,,
"3302323200732099106",3,302,32,1,32007,32099,6,5,13,17,,,,,,,2,3,4,,
"3302323200732099107",3,302,32,1,32007,32099,7,3,5,9,,,,,,,2,7,10,,
"3302323200732099108",3,302,32,1,32007,32099,8,3,5,13,,,,,,,2,7,,,
"3302323200732099109",3,302,32,1,32007,32099,9,3,9,12,,,,,,,2,7,10,,
"3302323200732099110",3,302,32,1,32007,32099,10,5,7,10,11,,,,,,2,10,99,,
"3302323200732099111",3,302,32,1,32007,32099,11,1,5,10,13,,,,,,2,4,7,10,
"3302323200732099112",3,302,32,1,32007,32099,12,5,9,12,,,,,,,2,4,7,,
"3302323200732099113",3,302,32,1,32007,32099,13,3,5,9,,,,,,,2,7,10,,
"3302323200732099114",3,302,32,1,32007,32099,14,3,10,,,,,,,,2,10,,,
"3302323200732099115",3,302,32,1,32007,32099,15,3,9,10,,,,,,,2,4,5,7,
"3302323200732099116",3,302,32,1,32007,32099,16,3,7,11,,,,,,,2,10,12,,
"3302323200732099117",3,302,32,1,32007,32099,17,3,11,12,,,,,,,2,3,7,10,
"3302323200732099118",3,302,32,1,32007,32099,18,4,5,12,,,,,,,2,4,10,,
"3302323200732099119",3,302,32,1,32007,32099,19,5,6,7,13,,,,,,2,,,,
"3302323200732099120",3,302,32,1,32007,32099,20,3,5,11,,,,,,,2,7,10,,
"3302323200732102101",3,302,32,1,32007,32102,1,3,,,,,,,,,2,12,,,
"3302323200732102102",3,302,32,1,32007,32102,2,3,,,,,,,,,3,,,,
"3302323200732102103",3,302,32,1,32007,32102,3,3,,,,,,,,,2,7,,,
"3302323200732102104",3,302,32,1,32007,32102,4,3,7,,,,,,,,2,7,,,
"3302323200732102105",3,302,32,1,32007,32102,5,5,,,,,,,,,2,,,,
"3302323200732102106",3,302,32,1,32007,32102,6,2,7,,,,,,,,2,7,,,
"3302323200732102107",3,302,32,1,32007,32102,7,3,,,,,,,,,2,7,,,
"3302323200732102108",3,302,32,1,32007,32102,8,3,,,,,,,,,2,7,,,
"3302323200732102109",3,302,32,1,32007,32102,9,3,7,,,,,,,,2,12,,,
"3302323200732102110",3,302,32,1,32007,32102,10,1,3,6,,,,,,,2,4,13,,
"3302323200732102111",3,302,32,1,32007,32102,11,1,17,,,,,,,,2,9,,,
"3302323200732102112",3,302,32,1,32007,32102,12,3,,,,,,,,,2,13,,,
"3302323200732102113",3,302,32,1,32007,32102,13,1,3,7,,,,,,,2,10,,,
"3302323200732102114",3,302,32,1,32007,32102,14,3,,,,,,,,,2,10,,,
"3302323200732102115",3,302,32,1,32007,32102,15,12,,,,,,,,,2,7,,,
"3302323200732102116",3,302,32,1,32007,32102,16,3,,,,,,,,,3,,,,
"3302323200732102117",3,302,32,1,32007,32102,17,3,,,,,,,,,2,10,,,
"3302323200732102118",3,302,32,1,32007,32102,18,3,,,,,,,,,2,7,,,
"3302323200732102119",3,302,32,1,32007,32102,19,3,,,,,,,,,2,7,,,
"3302323200732102120",3,302,32,1,32007,32102,20,3,7,,,,,,,,3,,,,
"3302323200732121101",3,302,32,1,32007,32121,1,3,13,,,,,,,,2,7,,,
"3302323200732121103",3,302,32,1,32007,32121,3,3,,,,,,,,,2,12,,,
"3302323200732121104",3,302,32,1,32007,32121,4,3,15,,,,,,,,2,12,,,
"3302323200732121105",3,302,32,1,32007,32121,5,3,15,,,,,,,,2,7,,,
"3302323200732121106",3,302,32,1,32007,32121,6,3,5,9,,,,,,,2,12,,,
"3302323200732121107",3,302,32,1,32007,32121,7,1,3,10,,,,,,,2,12,,,
"3302323200732121108",3,302,32,1,32007,32121,8,1,3,13,,,,,,,1,12,,,
"3302323200732121109",3,302,32,1,32007,32121,9,3,9,13,,,,,,,1,,,,
"3302323200732121110",3,302,32,1,32007,32121,10,3,9,10,,,,,,,2,7,,,
"3302323200732121111",3,302,32,1,32007,32121,11,3,,,,,,,,,2,12,,,
"3302323200732121112",3,302,32,1,32007,32121,12,3,13,,,,,,,,2,7,,,
"3302323200732121113",3,302,32,1,32007,32121,13,3,99,,,,,,,,2,,,,
"3302323200732121114",3,302,32,1,32007,32121,14,3,,,,,,,,,2,,,,
"3302323200732121115",3,302,32,1,32007,32121,15,3,9,10,13,,,,,,2,,,,
"3302323200732121116",3,302,32,1,32007,32121,16,3,9,,,,,,,,2,12,,,
"3302323200732121117",3,302,32,1,32007,32121,17,3,13,,,,,,,,2,7,,,
"3302323200732121118",3,302,32,1,32007,32121,18,3,,,,,,,,,2,10,,,
"3302323200732121119",3,302,32,1,32007,32121,19,3,,,,,,,,,2,12,,,
"3302323200732121120",3,302,32,1,32007,32121,20,3,9,13,,,,,,,2,,,,
"3302323200732124101",3,302,32,1,32007,32124,1,1,3,15,,,,,,,2,12,,,
"3302323200732124102",3,302,32,1,32007,32124,2,3,13,,,,,,,,2,,,,
"3302323200732124103",3,302,32,1,32007,32124,3,1,3,2,,,,,,,2,7,12,,
"3302323200732124104",3,302,32,1,32007,32124,4,3,,,,,,,,,2,12,,,
"3302323200732124105",3,302,32,1,32007,32124,5,3,15,,,,,,,,2,12,,,
"3302323200732124106",3,302,32,1,32007,32124,6,3,12,13,,,,,,,2,7,10,,
"3302323200732124107",3,302,32,1,32007,32124,7,,,,,,,,,,2,7,,,
"3302323200732124108",3,302,32,1,32007,32124,8,3,12,,,,,,,,2,7,,,
"3302323200732124109",3,302,32,1,32007,32124,9,3,9,10,13,,,,,,2,7,10,,
"3302323200732124110",3,302,32,1,32007,32124,10,3,9,10,13,,,,,,2,13,,,
"3302323200732124111",3,302,32,1,32007,32124,11,3,5,9,13,,,,,,1,10,,,
"3302323200732124112",3,302,32,1,32007,32124,12,3,5,10,,,,,,,1,,,,
"3302323200732124113",3,302,32,1,32007,32124,13,10,13,,,,,,,,2,10,,,
"3302323200732124114",3,302,32,1,32007,32124,14,3,9,,,,,,,,2,10,,,
"3302323200732124115",3,302,32,1,32007,32124,15,3,10,,,,,,,,2,,,,
"3302323200732124116",3,302,32,1,32007,32124,16,3,,,,,,,,,2,7,,,
"3302323200732124117",3,302,32,1,32007,32124,17,3,9,,,,,,,,2,13,,,
"3302323200732124118",3,302,32,1,32007,32124,18,3,9,,,,,,,,2,13,,,
"3302323200732124119",3,302,32,1,32007,32124,19,3,2,,,,,,,,,,,,
"3302323200732124120",3,302,32,1,32007,32124,20,3,11,13,,,,,,,2,7,,,
"3302323200732132101",3,302,32,1,32007,32132,1,3,5,9,,,,,,,2,7,,,
"3302323200732132102",3,302,32,1,32007,32132,2,2,13,,,,,,,,,7,,,
"3302323200732132103",3,302,32,1,32007,32132,3,2,9,13,,,,,,,1,7,,,
"3302323200732132104",3,302,32,1,32007,32132,4,2,9,11,13,,,,,,2,7,,,
"3302323200732132105",3,302,32,1,32007,32132,5,3,9,13,,,,,,,,7,,,
"3302323200732132106",3,302,32,1,32007,32132,6,3,9,11,,,,,,,2,7,,,
"3302323200732132107",3,302,32,1,32007,32132,7,3,9,,,,,,,,2,7,,,
"3302323200732132108",3,302,32,1,32007,32132,8,3,13,,,,,,,,2,7,,,
"3302323200732132109",3,302,32,1,32007,32132,9,1,3,9,13,,,,,,,3,7,,
"3302323200732132111",3,302,32,1,32007,32132,11,3,9,13,,,,,,,2,7,,,
"3302323200732132112",3,302,32,1,32007,32132,12,3,13,,,,,,,,2,7,,,
"3302323200732132113",3,302,32,1,32007,32132,13,2,11,13,,,,,,,2,7,,,
"3302323200732132114",3,302,32,1,32007,32132,14,3,13,,,,,,,,2,7,,,
"3302323200732132115",3,302,32,1,32007,32132,15,2,13,,,,,,,,2,7,,,
"3302323200732132116",3,302,32,1,32007,32132,16,3,13,17,,,,,,,,7,,,
"3302323200732132117",3,302,32,1,32007,32132,17,3,13,,,,,,,,2,7,,,
"3302323200732132118",3,302,32,1,32007,32132,18,3,13,,,,,,,,2,7,,,
"3302323200732132119",3,302,32,1,32007,32132,19,2,11,,,,,,,,2,7,,,
"3302323200732132120",3,302,32,1,32007,32132,20,3,9,13,,,,,,,2,7,,,
"3302323200732132210",3,302,32,2,32007,32132,10,3,13,,,,,,,,2,7,,,
"3302323200732136101",3,302,32,1,32007,32136,1,14,17,,,,,,,,2,13,,,
"3302323200732136102",3,302,32,1,32007,32136,2,3,13,,,,,,,,2,99,,,
"3302323200732136103",3,302,32,1,32007,32136,3,3,9,,,,,,,,2,,,,
"3302323200732136104",3,302,32,1,32007,32136,4,3,,,,,,,,,2,,,,
"3302323200732136105",3,302,32,1,32007,32136,5,5,9,,,,,,,,2,,,,
"3302323200732136106",3,302,32,1,32007,32136,6,3,17,,,,,,,,2,13,,,
"3302323200732136107",3,302,32,1,32007,32136,7,5,13,,,,,,,,3,,,,
"3302323200732136108",3,302,32,1,32007,32136,8,3,9,13,,,,,,,2,,,,
"3302323200732136109",3,302,32,1,32007,32136,9,3,9,10,13,,,,,,2,3,10,,
"3302323200732136110",3,302,32,1,32007,32136,10,3,9,13,,,,,,,2,,,,
"3302323200732136111",3,302,32,1,32007,32136,11,3,9,11,,,,,,,2,,,,
"3302323200732136112",3,302,32,1,32007,32136,12,3,9,13,,,,,,,2,,,,
"3302323200732136113",3,302,32,1,32007,32136,13,3,13,,,,,,,,2,13,,,
"3302323200732136114",3,302,32,1,32007,32136,14,1,3,,,,,,,,2,12,,,
"3302323200732136115",3,302,32,1,32007,32136,15,1,2,3,,,,,,,2,10,12,,
"3302323200732136116",3,302,32,1,32007,32136,16,3,4,15,,,,,,,2,12,,,
"3302323200732136117",3,302,32,1,32007,32136,17,1,3,,,,,,,,2,,,,
"3302323200732136118",3,302,32,1,32007,32136,18,3,13,,,,,,,,2,13,,,
"3302323200732136119",3,302,32,1,32007,32136,19,3,13,,,,,,,,2,13,,,
"3302323200732136120",3,302,32,1,32007,32136,20,3,14,,,,,,,,2,13,,,
"3302323202432144201",3,302,32,2,32024,32144,1,3,9,,,,,,,,2,7,,,
"3302323202432144202",3,302,32,2,32024,32144,2,3,,,,,,,,,2,7,,,
"3302323202432144203",3,302,32,2,32024,32144,3,3,,,,,,,,,2,12,,,
"3302323202432144204",3,302,32,2,32024,32144,4,3,9,,,,,,,,2,7,,,
"3302323202432144205",3,302,32,2,32024,32144,5,3,9,,,,,,,,2,7,,,
"3302323202432144206",3,302,32,2,32024,32144,6,3,9,,,,,,,,2,10,,,
"3302323202432144207",3,302,32,2,32024,32144,7,13,17,,,,,,,,2,7,,,
"3302323202432144208",3,302,32,2,32024,32144,8,3,9,,,,,,,,2,10,,,
"3302323202432144209",3,302,32,2,32024,32144,9,1,15,,,,,,,,2,12,,,
"3302323202432144210",3,302,32,2,32024,32144,10,3,,,,,,,,,2,12,,,
"3302323202432144211",3,302,32,2,32024,32144,11,3,9,13,,,,,,,2,7,10,,
"3302323202432144212",3,302,32,2,32024,32144,12,3,9,,,,,,,,2,7,13,,
"3302323202432144213",3,302,32,2,32024,32144,13,3,9,10,13,,,,,,1,,,,
"3302323202432144214",3,302,32,2,32024,32144,14,3,9,,,,,,,,2,12,,,
"3302323202432144215",3,302,32,2,32024,32144,15,13,,,,,,,,,2,,,,
"3302323202432144216",3,302,32,2,32024,32144,16,3,,,,,,,,,2,7,,,
"3302323202432144217",3,302,32,2,32024,32144,17,3,9,,,,,,,,2,12,,,
"3302323202432144218",3,302,32,2,32024,32144,18,9,,,,,,,,,2,12,,,
"3302323202432144219",3,302,32,2,32024,32144,19,3,,,,,,,,,2,7,,,
"3302323202432144220",3,302,32,2,32024,32144,20,3,,,,,,,,,2,7,,,
"3302323203032010102",3,302,32,1,32030,32010,2,1,2,11,,,,,,,2,10,12,,
"3302323203032010201",3,302,32,2,32030,32010,1,3,15,,,,,,,,2,12,,,
"3302323203032010203",3,302,32,2,32030,32010,3,3,,,,,,,,,1,4,13,,
"3302323203032010204",3,302,32,2,32030,32010,4,3,9,99,,,,,,,2,10,,,
"3302323203032010205",3,302,32,2,32030,32010,5,2,15,,,,,,,,2,12,,,
"3302323203032010206",3,302,32,2,32030,32010,6,1,3,15,,,,,,,2,12,,,
"3302323203032010207",3,302,32,2,32030,32010,7,3,10,13,,,,,,,2,10,,,
"3302323203032010208",3,302,32,2,32030,32010,8,1,3,13,,,,,,,2,,,,
"3302323203032010209",3,302,32,2,32030,32010,9,3,10,13,,,,,,,1,,,,
"3302323203032010210",3,302,32,2,32030,32010,10,3,9,10,13,,,,,,2,,,,
"3302323203032010211",3,302,32,2,32030,32010,11,3,9,13,,,,,,,1,3,10,,
"3302323203032010212",3,302,32,2,32030,32010,12,3,13,,,,,,,,2,10,,,
"3302323203032010213",3,302,32,2,32030,32010,13,3,17,,,,,,,,3,,,,
"3302323203032010214",3,302,32,2,32030,32010,14,13,17,,,,,,,,2,13,,,
"3302323203032010215",3,302,32,2,32030,32010,15,3,13,,,,,,,,2,13,,,
"3302323203032010216",3,302,32,2,32030,32010,16,3,13,,,,,,,,2,13,,,
"3302323203032010217",3,302,32,2,32030,32010,17,3,9,11,,,,,,,2,99,,,
"3302323203032010218",3,302,32,2,32030,32010,18,3,99,,,,,,,,2,13,,,
"3302323203032010219",3,302,32,2,32030,32010,19,1,9,99,,,,,,,1,99,,,
"3302323203032010220",3,302,32,2,32030,32010,20,3,5,,,,,,,,2,99,,,
"3302323203232017201",3,302,32,2,32032,32017,1,3,9,11,13,,,,,,2,,,,
"3302323203232017202",3,302,32,2,32032,32017,2,3,9,,,,,,,,2,12,,,
"3302323203232017203",3,302,32,2,32032,32017,3,3,13,,,,,,,,2,7,,,
"3302323203232017204",3,302,32,2,32032,32017,4,2,5,13,,,,,,,2,7,10,,
"3302323203232017205",3,302,32,2,32032,32017,5,3,13,,,,,,,,2,7,,,
"3302323203232017206",3,302,32,2,32032,32017,6,3,13,,,,,,,,2,7,,,
"3302323203232017207",3,302,32,2,32032,32017,7,3,9,11,,,,,,,2,5,,,
"3302323203232017208",3,302,32,2,32032,32017,8,3,9,13,,,,,,,2,8,12,,
"3302323203232017209",3,302,32,2,32032,32017,9,3,5,9,,,,,,,2,7,,,
"3302323203232017210",3,302,32,2,32032,32017,10,3,5,9,,,,,,,2,4,,,
"3302323203232017211",3,302,32,2,32032,32017,11,3,5,9,13,,,,,,2,3,7,,
"3302323203232017212",3,302,32,2,32032,32017,12,3,9,14,,,,,,,1,4,7,10,13
"3302323203232017213",3,302,32,2,32032,32017,13,3,9,10,,,,,,,2,5,,,
"3302323203232017214",3,302,32,2,32032,32017,14,4,15,,,,,,,,2,5,12,,
"3302323203232017215",3,302,32,2,32032,32017,15,3,5,13,,,,,,,2,10,13,,
"3302323203232017216",3,302,32,2,32032,32017,16,3,13,,,,,,,,2,7,,,
"3302323203232017217",3,302,32,2,32032,32017,17,3,13,,,,,,,,2,2,5,,
"3302323203232017218",3,302,32,2,32032,32017,18,2,12,13,,,,,,,2,7,,,
"3302323203232017219",3,302,32,2,32032,32017,19,2,12,,,,,,,,1,3,5,12,
"3302323203232017220",3,302,32,2,32032,32017,20,3,9,11,13,,,,,,2,5,,,
"3302323204232024201",3,302,32,2,32042,32024,1,3,1,3,,,,,,2,,7,,,2
"3302323204232024202",3,302,32,2,32042,32024,2,3,9,1,,,,,,2,,2,9,,1
"3302323204232024203",3,302,32,2,32042,32024,3,3,,,,,,,,2,,2,,,2
"3302323204232024204",3,302,32,2,32042,32024,4,2,1,6,,,,,,2,,2,,,2
"3302323204232024205",3,302,32,2,32042,32024,5,3,3,,,,,,,1,,2,,,1
"3302323204232024206",3,302,32,2,32042,32024,6,11,3,,,,,,,2,,7,,,2
"3302323204232024207",3,302,32,2,32042,32024,7,3,,,,,,,,2,,2,,,2
"3302323204232024208",3,302,32,2,32042,32024,8,9,1,3,,,,,,2,,,,,2
"3302323204232024209",3,302,32,2,32042,32024,9,3,9,1,,,,,,2,,7,,,1
"3302323204232024210",3,302,32,2,32042,32024,10,3,4,5,,,,,,2,,2,,,2
"3302323204232024211",3,302,32,2,32042,32024,11,9,1,3,,,,,,2,,,,,2
"3302323204232024212",3,302,32,2,32042,32024,12,3,5,,,,,,,2,,2,,,2
"3302323204232024213",3,302,32,2,32042,32024,13,3,1,,,,,,,2,,7,,,2
"3302323204232024214",3,302,32,2,32042,32024,14,2,3,5,,,,,,2,,2,,,1
"3302323204232024215",3,302,32,2,32042,32024,15,5,,,,,,,,2,,2,,,2
"3302323204232024216",3,302,32,2,32042,32024,16,3,,,,,,,,2,,2,,,1
"3302323204232024217",3,302,32,2,32042,32024,17,3,3,,,,,,,2,,7,,,2
"3302323204232024218",3,302,32,2,32042,32024,18,2,9,,,,,,,2,,3,2,,2
"3302323204232024219",3,302,32,2,32042,32024,19,3,1,,,,,,,2,,7,,,2
"3302323204232024220",3,302,32,2,32042,32024,20,3,9,,,,,,,2,,,,,2
"3302333301733037201",3,302,33,2,33017,33037,1,3,15,,,,,,,,2,12,,,
"3302333301733037202",3,302,33,2,33017,33037,2,3,9,10,13,,,,,,2,3,10,,
"3302333301733037203",3,302,33,2,33017,33037,3,3,,,,,,,,,2,7,,,
"3302333301733037204",3,302,33,2,33017,33037,4,3,9,,,,,,,,2,10,,,
"3302333301733037205",3,302,33,2,33017,33037,5,5,99,,,,,,,,2,10,,,
"3302333301733037206",3,302,33,2,33017,33037,6,3,12,13,,,,,,,2,7,,,
"3302333301733037207",3,302,33,2,33017,33037,7,3,13,,,,,,,,2,7,,,
"3302333301733037208",3,302,33,2,33017,33037,8,3,,,,,,,,,2,7,13,,
"3302333301733037209",3,302,33,2,33017,33037,9,1,3,13,,,,,,,2,2,3,12,
"3302333301733037210",3,302,33,2,33017,33037,10,3,,,,,,,,,2,7,,,
"3302333301733037211",3,302,33,2,33017,33037,11,3,13,,,,,,,,2,7,,,
"3302333301733037212",3,302,33,2,33017,33037,12,3,9,10,13,,,,,,1,,,,
"3302333301733037213",3,302,33,2,33017,33037,13,3,9,,,,,,,,1,99,,,
"3302333301733037214",3,302,33,2,33017,33037,14,3,9,10,13,,,,,,2,,,,
"3302333301733037215",3,302,33,2,33017,33037,15,1,,,,,,,,,3,,,,
"3302333301733037216",3,302,33,2,33017,33037,16,3,11,,,,,,,,2,12,,,
"3302333301733037217",3,302,33,2,33017,33037,17,3,9,10,13,,,,,,2,7,,,
"3302333301733037218",3,302,33,2,33017,33037,18,3,9,10,13,,,,,,1,10,,,
"3302333301733037219",3,302,33,2,33017,33037,19,3,13,,,,,,,,2,7,,,
"3302333301733037220",3,302,33,2,33017,33037,20,3,9,,,,,,,,2,10,,,
"3302333302133019106",3,302,33,1,33021,33019,6,3,9,1,11,3,,,,2,,4,,,2
"3302333302133019201",3,302,33,2,33021,33019,1,3,3,,,,,,,2,,,,,2
"3302333302133019202",3,302,33,2,33021,33019,2,3,,,,,,,,2,,2,,,1
"3302333302133019203",3,302,33,2,33021,33019,3,3,9,3,,,,,,2,,,,,2
"3302333302133019204",3,302,33,2,33021,33019,4,10,3,,,,,,,2,,7,3,,2
"3302333302133019205",3,302,33,2,33021,33019,5,3,,,,,,,,2,,2,,,2
"3302333302133019207",3,302,33,2,33021,33019,7,,,,,,,,,,,,,,
"3302333302133019208",3,302,33,2,33021,33019,8,1,13,15,,,,,,,2,12,13,,
"3302333302133019209",3,302,33,2,33021,33019,9,3,11,,,,,,,,2,7,,,
"3302333302133019210",3,302,33,2,33021,33019,10,3,9,,,,,,,,2,7,,,
"3302333302133019211",3,302,33,2,33021,33019,11,3,5,9,13,,,,,,1,,,,
"3302333302133019212",3,302,33,2,33021,33019,12,3,13,,,,,,,,2,7,,,
"3302333302133019213",3,302,33,2,33021,33019,13,3,17,,,,,,,,2,7,,,
"3302333302133019214",3,302,33,2,33021,33019,14,2,9,11,,,,,,,2,7,10,,
"3302333302133019215",3,302,33,2,33021,33019,15,3,5,9,10,,,,,,1,,,,
"3302333302133019216",3,302,33,2,33021,33019,16,3,9,,,,,,,,1,3,,,
"3302333302133019217",3,302,33,2,33021,33019,17,1,3,,,,,,,,2,9,,,
"3302333302133019218",3,302,33,2,33021,33019,18,3,10,11,13,,,,,,2,7,,,
"3302333302133019219",3,302,33,2,33021,33019,19,3,4,5,,,,,,,2,7,12,,
"3302333302133019220",3,302,33,2,33021,33019,20,3,,,,,,,,,2,7,,,
"3302333302133019221",3,302,33,2,33021,33019,21,3,11,,,,,,,,2,7,,,
"3302333302633014201",3,302,33,2,33026,33014,1,3,,,,,,,,,2,,,,
"3302333302633014202",3,302,33,2,33026,33014,2,3,,,,,,,,,2,,,,
"3302333302633014203",3,302,33,2,33026,33014,3,3,,,,,,,,,2,,,,
"3302333302633014204",3,302,33,2,33026,33014,4,3,,,,,,,,,2,12,,,
"3302333302633014205",3,302,33,2,33026,33014,5,3,,,,,,,,,2,,,,
"3302333302633014206",3,302,33,2,33026,33014,6,3,,,,,,,,,2,,,,
"3302333302633014207",3,302,33,2,33026,33014,7,3,,,,,,,,,2,,,,
"3302333302633014208",3,302,33,2,33026,33014,8,3,,,,,,,,,2,12,,,
"3302333302633014209",3,302,33,2,33026,33014,9,17,,,,,,,,,2,,,,
"3302333302633014210",3,302,33,2,33026,33014,10,99,,,,,,,,,2,,,,
"3302333302633014211",3,302,33,2,33026,33014,11,1,3,,,,,,,,2,,,,
"3302333302633014212",3,302,33,2,33026,33014,12,3,,,,,,,,,2,13,,,
"3302333302633014213",3,302,33,2,33026,33014,13,3,13,,,,,,,,2,,,,
"3302333302633014214",3,302,33,2,33026,33014,14,3,17,,,,,,,,2,,,,
"3302333302633014215",3,302,33,2,33026,33014,15,3,13,,,,,,,,2,12,,,
"3302333302633014216",3,302,33,2,33026,33014,16,3,,,,,,,,,2,,,,
"3302333302633014217",3,302,33,2,33026,33014,17,1,3,99,,,,,,,2,,,,
"3302333302633014218",3,302,33,2,33026,33014,18,3,,,,,,,,,2,6,,,
"3302333302633014219",3,302,33,2,33026,33014,19,2,3,,,,,,,,2,,,,
"3302333302633014220",3,302,33,2,33026,33014,20,3,,,,,,,,,2,13,,,
"3302333303133010201",3,302,33,2,33031,33010,1,13,16,,,,,,,,2,13,,,
"3302333303133010202",3,302,33,2,33031,33010,2,3,,,,,,,,,2,13,,,
"3302333303133010203",3,302,33,2,33031,33010,3,3,13,,,,,,,,2,13,,,
"3302333303133010204",3,302,33,2,33031,33010,4,2,13,17,,,,,,,2,7,,,
"3302333303133010205",3,302,33,2,33031,33010,5,3,4,15,,,,,,,2,12,,,
"3302333303133010206",3,302,33,2,33031,33010,6,3,15,,,,,,,,2,12,,,
"3302333303133010207",3,302,33,2,33031,33010,7,1,3,15,,,,,,,2,12,,,
"3302333303133010208",3,302,33,2,33031,33010,8,1,3,,,,,,,,2,12,,,
"3302333303133010209",3,302,33,2,33031,33010,9,3,9,13,,,,,,,2,10,,,
"3302333303133010210",3,302,33,2,33031,33010,10,3,11,13,,,,,,,2,7,13,,
"3302333303133010211",3,302,33,2,33031,33010,11,3,9,13,,,,,,,1,10,,,
"3302333303133010212",3,302,33,2,33031,33010,12,1,3,,,,,,,,2,12,,,
"3302333303133010213",3,302,33,2,33031,33010,13,3,9,13,,,,,,,1,2,3,,
"3302333303133010214",3,302,33,2,33031,33010,14,3,9,13,,,,,,,2,10,,,
"3302333303133010215",3,302,33,2,33031,33010,15,3,10,13,,,,,,,2,,,,
"3302333303133010216",3,302,33,2,33031,33010,16,3,9,,,,,,,,2,,,,
"3302333303133010217",3,302,33,2,33031,33010,17,3,9,,,,,,,,2,,,,
"3302333303133010218",3,302,33,2,33031,33010,18,3,9,,,,,,,,2,99,,,
"3302333303133010219",3,302,33,2,33031,33010,19,3,9,11,,,,,,,2,12,99,,
"3302333303133010220",3,302,33,2,33031,33010,20,3,9,11,,,,,,,1,3,99,,
"3303343401834015201",3,303,34,2,34018,34015,1,3,,,,,,,,2,,9,,,2
"3303343401834015202",3,303,34,2,34018,34015,2,5,,,,,,,,3,,,,,2
"3303343401834015203",3,303,34,2,34018,34015,3,3,5,,,,,,,1,,,,,2
"3303343401834015204",3,303,34,2,34018,34015,4,3,,,,,,,,2,,7,,,2
"3303343401834015205",3,303,34,2,34018,34015,5,3,4,,,,,,,2,,2,,,2
"3303343401834015206",3,303,34,2,34018,34015,6,3,,,,,,,,2,,,,,2
"3303343401834015207",3,303,34,2,34018,34015,7,3,4,5,,,,,,2,,4,,,2
"3303343401834015208",3,303,34,2,34018,34015,8,3,11,3,,,,,,2,,7,,,2
"3303343401834015209",3,303,34,2,34018,34015,9,3,4,,,,,,,1,,8,,,1
"3303343401834015210",3,303,34,2,34018,34015,10,10,3,,,,,,,2,,2,2,,2
"3303343401834015211",3,303,34,2,34018,34015,11,3,9,3,,,,,,2,,7,,,2
"3303343401834015212",3,303,34,2,34018,34015,12,1,3,,,,,,,2,,,,,2
"3303343401834015213",3,303,34,2,34018,34015,13,3,1,,,,,,,2,,7,,,2
"3303343401834015214",3,303,34,2,34018,34015,14,3,5,9,,,,,,2,,7,3,,2
"3303343401834015215",3,303,34,2,34018,34015,15,3,,,,,,,,2,,2,8,,2
"3303343401834015216",3,303,34,2,34018,34015,16,10,3,5,,,,,,2,,3,,,2
"3303343401834015217",3,303,34,2,34018,34015,17,3,9,3,,,,,,2,,,,,2
"3303343401834015218",3,303,34,2,34018,34015,18,5,9,3,,,,,,2,,,,,2
"3303343401834015219",3,303,34,2,34018,34015,19,9,1,3,,,,,,1,,2,7,,2
"3303343401834015220",3,303,34,2,34018,34015,20,3,1,,,,,,,2,,7,,,2
"3303343401934007201",3,303,34,2,34019,34007,1,3,9,,,,,,,,2,99,,,
"3303343401934007202",3,303,34,2,34019,34007,2,3,9,10,13,,,,,,1,7,10,,
"3303343401934007203",3,303,34,2,34019,34007,3,3,10,13,,,,,,,2,,,,
"3303343401934007204",3,303,34,2,34019,34007,4,3,9,10,13,,,,,,2,10,,,
"3303343401934007205",3,303,34,2,34019,34007,5,3,9,13,,,,,,,2,7,10,,
"3303343401934007206",3,303,34,2,34019,34007,6,3,9,10,13,,,,,,2,10,,,
"3303343401934007207",3,303,34,2,34019,34007,7,3,13,,,,,,,,2,,,,
"3303343401934007208",3,303,34,2,34019,34007,8,3,13,,,,,,,,2,13,,,
"3303343401934007209",3,303,34,2,34019,34007,9,3,13,,,,,,,,2,13,,,
"3303343401934007210",3,303,34,2,34019,34007,10,3,13,,,,,,,,2,13,,,
"3303343401934007211",3,303,34,2,34019,34007,11,1,3,15,,,,,,,2,12,,,
"3303343401934007212",3,303,34,2,34019,34007,12,2,3,13,,,,,,,2,12,,,
"3303343401934007213",3,303,34,2,34019,34007,13,3,13,,,,,,,,2,7,13,,
"3303343401934007214",3,303,34,2,34019,34007,14,3,10,,,,,,,,2,10,,,
"3303343401934007215",3,303,34,2,34019,34007,15,1,2,3,,,,,,,1,3,7,12,
"3303343401934007216",3,303,34,2,34019,34007,16,2,3,,,,,,,,2,12,,,
"3303343401934007217",3,303,34,2,34019,34007,17,3,9,11,,,,,,,2,99,,,
"3303343401934007218",3,303,34,2,34019,34007,18,2,5,12,,,,,,,2,99,,,
"3303343401934007219",3,303,34,2,34019,34007,19,3,99,,,,,,,,2,99,,,
"3303343401934007220",3,303,34,2,34019,34007,20,3,99,,,,,,,,2,99,,,
"3303343402134011201",3,303,34,2,34021,34011,1,1,3,,,,,,,,2,,,,
"3303343402134011202",3,303,34,2,34021,34011,2,3,,,,,,,,,2,13,,,
"3303343402134011203",3,303,34,2,34021,34011,3,3,5,,,,,,,,2,,,,
"3303343402134011204",3,303,34,2,34021,34011,4,1,3,5,10,13,,,,,2,7,10,13,
"3303343402134011205",3,303,34,2,34021,34011,5,3,13,,,,,,,,2,7,,,
"3303343402134011206",3,303,34,2,34021,34011,6,2,3,5,9,13,,,,,2,4,7,,
"3303343402134011207",3,303,34,2,34021,34011,7,2,3,13,,,,,,,2,5,,,
"3303343402134011208",3,303,34,2,34021,34011,8,2,3,13,14,16,,,,,2,3,7,10,
"3303343402134011209",3,303,34,2,34021,34011,9,3,11,,,,,,,,1,5,,,
"3303343402134011210",3,303,34,2,34021,34011,10,3,,,,,,,,,1,7,,,
"3303343402134011211",3,303,34,2,34021,34011,11,3,4,,,,,,,,2,5,10,,
"3303343402134011212",3,303,34,2,34021,34011,12,2,11,13,,,,,,,2,12,,,
"3303343402134011213",3,303,34,2,34021,34011,13,3,13,,,,,,,,2,3,,,
"3303343402134011214",3,303,34,2,34021,34011,14,3,11,,,,,,,,2,7,,,
"3303343402134011215",3,303,34,2,34021,34011,15,3,12,,,,,,,,2,10,,,
"3303343402134011216",3,303,34,2,34021,34011,16,2,5,9,10,11,13,,,,1,13,,,
"3303343402134011217",3,303,34,2,34021,34011,17,3,9,11,,,,,,,1,3,7,8,
"3303343402134011218",3,303,34,2,34021,34011,18,3,,,,,,,,,3,,,,
"3303343402134011219",3,303,34,2,34021,34011,19,3,5,13,99,,,,,,2,99,,,
"3303343402134011220",3,303,34,2,34021,34011,20,3,10,11,13,,,,,,2,2,,,
"3303353500435015211",3,303,35,2,35004,35015,11,3,,,,,,,,,2,7,13,,
"3303353500435015212",3,303,35,2,35004,35015,12,2,3,9,,,,,,,2,,,,
"3303353500735015219",3,303,35,2,35007,35015,19,3,5,10,13,,,,,,1,4,,,
"3303353500735015220",3,303,35,2,35007,35015,20,3,,,,,,,,,2,13,,,
"3303353501535015205",3,303,35,2,35015,35015,5,3,9,,,,,,,,1,10,,,
"3303353501535015206",3,303,35,2,35015,35015,6,3,13,,,,,,,,2,,,,
"3303353501535015207",3,303,35,2,35015,35015,7,2,3,9,,,,,,,2,10,99,,
"3303353501535015208",3,303,35,2,35015,35015,8,3,9,99,,,,,,,2,10,,,
"3303353501635015203",3,303,35,2,35016,35015,3,3,5,9,10,12,,,,,1,10,,,
"3303353501635015204",3,303,35,2,35016,35015,4,3,12,13,,,,,,,2,7,,,
"3303353501835015201",3,303,35,2,35018,35015,1,2,11,13,,,,,,,2,7,10,,
"3303353501835015202",3,303,35,2,35018,35015,2,2,5,9,10,,,,,,1,3,5,10,
"3303353502635015213",3,303,35,2,35026,35015,13,3,5,9,13,,,,,,1,4,5,10,
"3303353502635015214",3,303,35,2,35026,35015,14,3,12,13,,,,,,,2,7,,,
"3303353502735015209",3,303,35,2,35027,35015,9,3,,,,,,,,,2,7,,,
"3303353502735015210",3,303,35,2,35027,35015,10,3,,,,,,,,,2,7,,,
"3303353503735015215",3,303,35,2,35037,35015,15,3,5,9,10,13,,,,,1,3,7,10,
"3303353503735015216",3,303,35,2,35037,35015,16,3,,,,,,,,,2,7,,,
"3303353503735015217",3,303,35,2,35037,35015,17,3,9,11,,,,,,,2,10,,,
"3303353503735015218",3,303,35,2,35037,35015,18,3,12,,,,,,,,2,7,,,
"3303363600436017219",3,303,36,2,36004,36017,19,3,13,,,,,,,,2,5,,,
"3303363600536017201",3,303,36,2,36005,36017,1,2,5,17,,,,,,,1,4,,,
"3303363600536017202",3,303,36,2,36005,36017,2,1,5,15,17,,,,,,2,4,13,,
"3303363600536017203",3,303,36,2,36005,36017,3,1,3,13,17,,,,,,2,10,12,,
"3303363600536017204",3,303,36,2,36005,36017,4,3,5,14,,,,,,,2,11,,,
"3303363600836017211",3,303,36,2,36008,36017,11,1,2,13,,,,,,,2,3,5,7,
"3303363600836017212",3,303,36,2,36008,36017,12,1,5,15,17,,,,,,2,4,13,,
"3303363601036017220",3,303,36,2,36010,36017,20,1,17,,,,,,,,3,,,,
"3303363602436017218",3,303,36,2,36024,36017,18,5,7,11,,,,,,,2,5,10,,
"3303363602536017216",3,303,36,2,36025,36017,16,3,5,17,,,,,,,2,4,,,
"3303363602536017217",3,303,36,2,36025,36017,17,1,3,5,13,17,,,,,2,3,4,,
"3303363602736017210",3,303,36,2,36027,36017,10,1,13,17,,,,,,,2,,,,
"3303363602836012201",3,303,36,2,36028,36012,1,1,5,7,10,11,12,16,17,,2,3,4,9,11
"3303363602836012202",3,303,36,2,36028,36012,2,1,2,3,4,5,6,7,8,9,2,2,3,4,5
"3303363602836012203",3,303,36,2,36028,36012,3,5,10,11,,,,,,,1,6,10,13,
"3303363602836012204",3,303,36,2,36028,36012,4,3,4,9,10,11,12,13,15,17,2,5,7,,
"3303363602836012205",3,303,36,2,36028,36012,5,1,2,3,4,5,7,9,10,13,2,2,3,4,5
"3303363602836012206",3,303,36,2,36028,36012,6,1,2,3,4,5,,,,,3,,,,
"3303363602836012207",3,303,36,2,36028,36012,7,1,3,5,7,9,10,11,12,13,1,4,7,10,12
"3303363602836012208",3,303,36,2,36028,36012,8,1,2,3,9,10,11,12,14,17,2,6,7,8,12
"3303363602836012209",3,303,36,2,36028,36012,9,2,3,9,,,,,,,2,7,12,,
"3303363602836012210",3,303,36,2,36028,36012,10,1,3,13,17,,,,,,3,,,,
"3303363602836012211",3,303,36,2,36028,36012,11,7,9,12,15,,,,,,2,12,,,
"3303363602836012212",3,303,36,2,36028,36012,12,3,5,7,11,,,,,,2,6,10,13,
"3303363602836012213",3,303,36,2,36028,36012,13,1,2,3,9,10,11,17,,,2,2,3,4,8
"3303363602836012214",3,303,36,2,36028,36012,14,2,3,5,9,11,12,13,,,2,4,,,
"3303363602836012215",3,303,36,2,36028,36012,15,1,6,9,12,13,17,,,,1,3,7,9,13
"3303363602836012216",3,303,36,2,36028,36012,16,1,5,15,17,,,,,,2,4,9,12,
"3303363602836012217",3,303,36,2,36028,36012,17,1,2,3,4,5,9,10,11,12,3,,,,
"3303363602836012218",3,303,36,2,36028,36012,18,1,2,7,10,13,17,,,,1,2,3,7,8
"3303363602836012219",3,303,36,2,36028,36012,19,2,3,4,5,9,10,11,12,13,3,,,,
"3303363602836012220",3,303,36,2,36028,36012,20,3,5,9,10,13,,,,,2,4,,,
"3303363602936007201",3,303,36,2,36029,36007,1,3,13,,,,,,,,2,7,,,
"3303363602936007202",3,303,36,2,36029,36007,2,1,3,5,15,17,,,,,2,4,13,,
"3303363602936007203",3,303,36,2,36029,36007,3,5,13,,,,,,,,1,,,,
"3303363602936007204",3,303,36,2,36029,36007,4,3,5,13,,,,,,,2,12,,,
"3303363602936007205",3,303,36,2,36029,36007,5,5,9,,,,,,,,2,12,,,
"3303363602936007206",3,303,36,2,36029,36007,6,3,13,,,,,,,,3,,,,
"3303363602936007207",3,303,36,2,36029,36007,7,1,3,15,17,,,,,,2,3,13,,
"3303363602936007208",3,303,36,2,36029,36007,8,2,4,7,17,,,,,,2,13,,,
"3303363602936007209",3,303,36,2,36029,36007,9,3,13,,,,,,,,2,11,,,
"3303363602936007210",3,303,36,2,36029,36007,10,1,3,13,15,17,,,,,2,3,4,13,
"3303363602936007211",3,303,36,2,36029,36007,11,1,5,11,,,,,,,2,12,,,
"3303363602936007212",3,303,36,2,36029,36007,12,9,11,12,,,,,,,2,12,,,
"3303363602936007213",3,303,36,2,36029,36007,13,3,13,,,,,,,,2,12,,,
"3303363602936007214",3,303,36,2,36029,36007,14,1,5,13,15,,,,,,2,3,4,13,
"3303363602936007215",3,303,36,2,36029,36007,15,1,5,7,17,,,,,,2,2,,,
"3303363602936007216",3,303,36,2,36029,36007,16,3,13,,,,,,,,2,12,,,
"3303363602936007217",3,303,36,2,36029,36007,17,5,9,,,,,,,,2,12,,,
"3303363602936007218",3,303,36,2,36029,36007,18,1,3,9,15,17,,,,,3,,,,
"3303363602936007219",3,303,36,2,36029,36007,19,1,5,15,,,,,,,2,13,,,
"3303363602936007220",3,303,36,2,36029,36007,20,1,3,13,15,,,,,,2,3,4,13,
"3303363603036017213",3,303,36,2,36030,36017,13,3,13,,,,,,,,2,5,,,
"3303363603536017214",3,303,36,2,36035,36017,14,1,3,5,10,13,15,17,,,1,4,13,,
"3303363603536017215",3,303,36,2,36035,36017,15,3,5,14,,,,,,,2,13,,,
"3303363603836017205",3,303,36,2,36038,36017,5,2,5,14,,,,,,,2,12,,,
"3303363603836017206",3,303,36,2,36038,36017,6,5,9,,,,,,,,2,5,,,
"3303363603836017207",3,303,36,2,36038,36017,7,1,5,15,17,,,,,,2,4,13,,
"3303363603936017208",3,303,36,2,36039,36017,8,3,13,17,,,,,,,3,,,,
"3303363603936017209",3,303,36,2,36039,36017,9,2,3,4,13,,,,,,2,2,5,7,
"3303383800238008201",3,303,38,2,38002,38008,1,1,3,5,17,,,,,,2,7,,,
"3303383800238008202",3,303,38,2,38002,38008,2,1,3,5,10,12,,,,,2,3,4,10,
"3303383800238008203",3,303,38,2,38002,38008,3,3,5,12,15,,,,,,2,12,,,
"3303383800238008204",3,303,38,2,38002,38008,4,1,3,7,,,,,,,2,6,,,
"3303383800238008205",3,303,38,2,38002,38008,5,1,5,9,99,,,,,,2,,,,
"3303383800238008206",3,303,38,2,38002,38008,6,3,5,17,,,,,,,2,4,13,,
"3303383800238008207",3,303,38,2,38002,38008,7,1,5,15,,,,,,,2,4,13,,
"3303383800238008208",3,303,38,2,38002,38008,8,3,7,17,,,,,,,3,,,,
"3303383800238008209",3,303,38,2,38002,38008,9,2,3,,,,,,,,2,5,,,
"3303383800238008210",3,303,38,2,38002,38008,10,3,13,14,,,,,,,2,7,,,
"3303383800238008211",3,303,38,2,38002,38008,11,3,5,17,,,,,,,2,7,,,
"3303383800238008212",3,303,38,2,38002,38008,12,1,5,13,,,,,,,2,4,13,,
"3303383800238008213",3,303,38,2,38002,38008,13,5,7,,,,,,,,2,6,11,,
"3303383800238008214",3,303,38,2,38002,38008,14,1,7,15,,,,,,,2,12,,,
"3303383800238008215",3,303,38,2,38002,38008,15,1,5,17,,,,,,,2,12,,,
"3303383800238008216",3,303,38,2,38002,38008,16,3,5,13,,,,,,,2,4,,,
"3303383800238008217",3,303,38,2,38002,38008,17,1,3,5,12,,,,,,2,4,13,,
"3303383800238008218",3,303,38,2,38002,38008,18,2,5,12,,,,,,,2,6,99,,
"3303383800238008219",3,303,38,2,38002,38008,19,2,3,,,,,,,,2,4,,,
"3303383800238008220",3,303,38,2,38002,38008,20,1,3,13,,,,,,,2,5,,,
"4401404001740025205",4,401,40,2,40017,40025,5,3,11,17,,,,,,,2,4,13,,
"4401404001740025206",4,401,40,2,40017,40025,6,2,7,12,,,,,,,2,5,,,
"4401404001740025207",4,401,40,2,40017,40025,7,1,5,13,15,17,,,,,2,4,13,,
"4401404001740025208",4,401,40,2,40017,40025,8,3,11,,,,,,,,2,3,,,
"4401404001740025209",4,401,40,2,40017,40025,9,1,3,5,17,,,,,,2,7,13,,
"4401404001740025210",4,401,40,2,40017,40025,10,2,5,11,,,,,,,2,5,,,
"4401404001740025211",4,401,40,2,40017,40025,11,1,3,15,17,,,,,,2,4,13,,
"4401404001740025212",4,401,40,2,40017,40025,12,3,9,,,,,,,,2,5,,,
"4401404001740025213",4,401,40,2,40017,40025,13,1,3,5,,,,,,,2,10,13,,
"4401404001740025214",4,401,40,2,40017,40025,14,1,5,15,17,,,,,,2,4,13,,
"4401404001740025215",4,401,40,2,40017,40025,15,1,3,5,15,17,,,,,2,4,13,,
"4401404001740025216",4,401,40,2,40017,40025,16,3,9,13,,,,,,,2,5,,,
"4401404001740025217",4,401,40,2,40017,40025,17,1,5,17,,,,,,,3,,,,
"4401404001740025218",4,401,40,2,40017,40025,18,5,7,15,,,,,,,2,13,,,
"4401404001740025219",4,401,40,2,40017,40025,19,1,5,15,17,,,,,,2,4,13,,
"4401404001740025220",4,401,40,2,40017,40025,20,2,3,9,13,,,,,,2,3,,,
"4401404001940001113",4,401,40,1,40019,40001,13,2,3,11,12,13,,,,,2,3,5,7,10
"4401404001940001201",4,401,40,2,40019,40001,1,3,7,,,,,,,,2,99,,,
"4401404001940001202",4,401,40,2,40019,40001,2,1,3,5,13,17,,,,,2,4,13,,
"4401404001940001203",4,401,40,2,40019,40001,3,3,13,15,,,,,,,2,3,13,,
"4401404001940001204",4,401,40,2,40019,40001,4,1,3,5,7,10,12,14,15,17,1,3,4,5,8
"4401404001940001205",4,401,40,2,40019,40001,5,1,3,5,7,9,10,12,15,17,2,3,5,10,13
"4401404001940001206",4,401,40,2,40019,40001,6,1,7,10,,,,,,,2,3,8,12,
"4401404001940001207",4,401,40,2,40019,40001,7,1,5,13,15,17,,,,,2,4,13,,
"4401404001940001208",4,401,40,2,40019,40001,8,2,3,9,10,11,13,17,,,2,5,7,9,10
"4401404001940001209",4,401,40,2,40019,40001,9,1,3,5,11,12,13,15,17,,1,5,8,10,13
"4401404001940001210",4,401,40,2,40019,40001,10,3,13,17,,,,,,,2,13,,,
"4401404001940001211",4,401,40,2,40019,40001,11,2,5,10,13,15,,,,,2,3,,,
"4401404001940001212",4,401,40,2,40019,40001,12,1,5,12,13,15,16,,,,2,3,4,6,12
"4401404001940001214",4,401,40,2,40019,40001,14,1,3,7,9,13,11,13,17,99,2,5,7,8,12
"4401404001940001215",4,401,40,2,40019,40001,15,3,5,,,,,,,,2,12,,,
"4401404001940001216",4,401,40,2,40019,40001,16,1,3,7,13,15,17,,,,2,12,,,
"4401404001940001217",4,401,40,2,40019,40001,17,2,3,10,11,13,14,15,,,2,2,3,7,
"4401404001940001218",4,401,40,2,40019,40001,18,1,2,4,5,6,11,12,13,15,2,7,8,12,
"4401404001940001219",4,401,40,2,40019,40001,19,1,3,9,13,15,17,,,,2,3,5,7,13
"4401404001940001220",4,401,40,2,40019,40001,20,1,3,5,15,,,,,,3,,,,
"4401404002640025201",4,401,40,2,40026,40025,1,3,13,,,,,,,,2,5,,,
"4401404002640025202",4,401,40,2,40026,40025,2,1,3,5,15,17,,,,,2,4,13,,
"4401404002640025203",4,401,40,2,40026,40025,3,2,7,14,,,,,,,2,4,10,,
"4401404002640025204",4,401,40,2,40026,40025,4,1,5,17,,,,,,,2,4,13,,
"4401424200542005201",4,401,42,2,42005,42005,1,3,13,,,,,,,,2,12,,,
"4401424200542005202",4,401,42,2,42005,42005,2,1,3,5,15,17,,,,,2,4,12,,
"4401424200542005203",4,401,42,2,42005,42005,3,3,,,,,,,,,3,,,,
"4401424200542005204",4,401,42,2,42005,42005,4,5,9,,,,,,,,2,,,,
"4401424200542005205",4,401,42,2,42005,42005,5,3,4,14,,,,,,,2,6,,,
"4401424200542005206",4,401,42,2,42005,42005,6,1,3,5,12,17,,,,,2,3,13,,
"4401424200542005207",4,401,42,2,42005,42005,7,1,3,5,7,17,,,,,2,12,13,,
"4401424200542005208",4,401,42,2,42005,42005,8,9,11,12,,,,,,,2,12,,,
"4401424200542005209",4,401,42,2,42005,42005,9,3,13,,,,,,,,2,12,,,
"4401424200542005210",4,401,42,2,42005,42005,10,1,3,5,13,17,,,,,2,4,12,,
"4401424200542005211",4,401,42,2,42005,42005,11,4,5,12,15,,,,,,2,,,,
"4401424200542005212",4,401,42,2,42005,42005,12,2,16,,,,,,,,2,6,,,
"4401424200542005213",4,401,42,2,42005,42005,13,1,3,,,,,,,,2,12,,,
"4401424200542005214",4,401,42,2,42005,42005,14,1,5,15,17,,,,,,3,,,,
"4401424200542005215",4,401,42,2,42005,42005,15,5,12,17,,,,,,,2,5,,,
"4401424200542005216",4,401,42,2,42005,42005,16,3,13,,,,,,,,2,12,,,
"4401424200542005217",4,401,42,2,42005,42005,17,3,13,,,,,,,,2,12,,,
"4401424200542005218",4,401,42,2,42005,42005,18,1,5,13,17,,,,,,2,4,12,13,
"4401424200542005219",4,401,42,2,42005,42005,19,1,5,11,15,,,,,,2,12,,,
"4401424200542005220",4,401,42,2,42005,42005,20,5,9,,,,,,,,2,12,,,
"4401424200942002201",4,401,42,2,42009,42002,1,3,5,17,,,,,,,2,7,,,
"4401424200942002202",4,401,42,2,42009,42002,2,1,5,15,17,,,,,,3,,,,
"4401424200942002203",4,401,42,2,42009,42002,3,1,3,5,13,,,,,,2,4,10,,
"4401424200942002204",4,401,42,2,42009,42002,4,1,3,7,17,,,,,,2,4,,,
"4401424200942002205",4,401,42,2,42009,42002,5,1,2,3,9,15,17,,,,2,5,,,
"4401424200942002206",4,401,42,2,42009,42002,6,1,3,5,,,,,,,3,,,,
"4401424200942002207",4,401,42,2,42009,42002,7,1,7,12,,,,,,,2,12,,,
"4401424200942002208",4,401,42,2,42009,42002,8,3,7,,,,,,,,2,12,,,
"4401424200942002209",4,401,42,2,42009,42002,9,2,3,9,10,11,13,15,17,,2,2,5,7,13
"4401424200942002210",4,401,42,2,42009,42002,10,1,3,15,17,,,,,,2,4,13,,
"4401424200942002211",4,401,42,2,42009,42002,11,1,3,7,11,,,,,,2,8,13,,
"4401424200942002212",4,401,42,2,42009,42002,12,3,12,17,,,,,,,2,13,,,
"4401424200942002213",4,401,42,2,42009,42002,13,1,3,5,17,,,,,,1,4,13,,
"4401424200942002214",4,401,42,2,42009,42002,14,1,2,3,11,13,,,,,2,5,7,,
"4401424200942002215",4,401,42,2,42009,42002,15,1,3,13,,,,,,,2,7,,,
"4401424200942002216",4,401,42,2,42009,42002,16,1,5,6,14,16,,,,,2,4,13,,
"4401424200942002217",4,401,42,2,42009,42002,17,1,5,,,,,,,,2,12,,,
"4401424200942002218",4,401,42,2,42009,42002,18,1,3,5,17,,,,,,2,4,13,,
"4401424200942002219",4,401,42,2,42009,42002,19,1,3,5,,,,,,,2,,,,
"4401424200942002220",4,401,42,2,42009,42002,20,1,3,11,13,,,,,,2,13,,,
"4401434300643007201",4,401,43,2,43006,43007,1,5,10,17,,,,,,,2,3,10,,
"4401434300643007202",4,401,43,2,43006,43007,2,1,13,15,17,,,,,,2,3,13,,
"4401434300643007203",4,401,43,2,43006,43007,3,5,15,17,,,,,,,2,4,13,,
"4401434300643007204",4,401,43,2,43006,43007,4,3,7,17,,,,,,,2,4,13,,
"4401434300643007205",4,401,43,2,43006,43007,5,2,3,9,10,,,,,,2,5,,,
"4401434300643007206",4,401,43,2,43006,43007,6,1,5,13,15,17,,,,,2,3,4,12,13
"4401434300643007207",4,401,43,2,43006,43007,7,1,2,3,4,5,6,7,8,9,2,2,3,5,7
"4401434300643007208",4,401,43,2,43006,43007,8,1,3,5,13,17,,,,,2,4,9,,
"4401434300643007209",4,401,43,2,43006,43007,9,3,12,,,,,,,,2,,,,
"4401434300643007210",4,401,43,2,43006,43007,10,1,3,5,10,13,15,17,,,2,3,4,9,11
"4401434300643007211",4,401,43,2,43006,43007,11,1,3,13,15,17,,,,,2,3,9,13,
"4401434300643007212",4,401,43,2,43006,43007,12,1,5,12,13,15,17,,,,2,3,4,13,
"4401434300643007213",4,401,43,2,43006,43007,13,1,5,13,15,17,,,,,2,3,13,,
"4401434300643007214",4,401,43,2,43006,43007,14,1,3,5,10,14,17,,,,2,8,12,,
"4401434300643007215",4,401,43,2,43006,43007,15,1,7,13,,,,,,,2,3,,,
"4401434300643007216",4,401,43,2,43006,43007,16,1,5,12,13,15,17,,,,2,13,,,
"4401434300643007217",4,401,43,2,43006,43007,17,3,5,9,13,15,,,,,2,5,7,,
"4401434300643007218",4,401,43,2,43006,43007,18,2,5,14,,,,,,,1,6,12,,
"4401434300643007219",4,401,43,2,43006,43007,19,1,5,12,13,15,17,,,,3,,,,
"4401434300643007220",4,401,43,2,43006,43007,20,1,3,17,,,,,,,3,,,,
"4401434301643027104",4,401,43,1,43016,43027,4,5,9,10,,,,,,,2,6,,,
"4401434301943026101",4,401,43,1,43019,43026,1,1,3,13,,,,,,,2,4,13,,
"4401434301943026102",4,401,43,1,43019,43026,2,1,2,3,9,11,13,14,,,2,2,5,6,
"4401434301943026103",4,401,43,1,43019,43026,3,3,9,13,15,,,,,,2,2,5,12,
"4401434301943026104",4,401,43,1,43019,43026,4,3,13,17,,,,,,,2,4,13,,
"4401434301943026105",4,401,43,1,43019,43026,5,1,3,13,15,,,,,,2,7,99,,
"4401434301943026106",4,401,43,1,43019,43026,6,1,3,5,,,,,,,3,,,,
"4401434301943026107",4,401,43,1,43019,43026,7,3,13,17,,,,,,,2,5,7,8,
"4401434301943026108",4,401,43,1,43019,43026,8,1,3,13,,,,,,,2,5,7,,
"4401434301943026109",4,401,43,1,43019,43026,9,3,13,,,,,,,,2,7,,,
"4401434301943026110",4,401,43,1,43019,43026,10,1,3,9,,,,,,,2,3,5,7,
"4401434301943026111",4,401,43,1,43019,43026,11,1,3,5,,,,,,,2,7,,,
"4401434301943026112",4,401,43,1,43019,43026,12,1,2,3,,,,,,,2,2,5,12,
"4401434301943026113",4,401,43,1,43019,43026,13,1,3,9,,,,,,,2,7,,,
"4401434301943026114",4,401,43,1,43019,43026,14,2,3,,,,,,,,2,7,,,
"4401434301943026115",4,401,43,1,43019,43026,15,1,3,5,,,,,,,2,7,,,
"4401434301943026116",4,401,43,1,43019,43026,16,1,2,3,9,14,,,,,2,7,13,,
"4401434301943026117",4,401,43,1,43019,43026,17,11,13,15,,,,,,,2,13,,,
"4401434301943026118",4,401,43,1,43019,43026,18,1,3,5,,,,,,,2,7,,,
"4401434301943026119",4,401,43,1,43019,43026,19,1,3,5,,,,,,,2,7,,,
"4401434301943026120",4,401,43,1,43019,43026,20,2,3,9,11,15,,,,,2,5,7,,
"4401434301943027102",4,401,43,1,43019,43027,2,3,13,,,,,,,,2,12,,,
"4401434301943027103",4,401,43,1,43019,43027,3,3,13,,,,,,,,2,12,,,
"4401434301943027105",4,401,43,1,43019,43027,5,3,13,,,,,,,,2,12,,,
"4401434301943027106",4,401,43,1,43019,43027,6,3,9,,,,,,,,2,3,5,,
"4401434301943027107",4,401,43,1,43019,43027,7,13,15,,,,,,,,2,5,,,
"4401434301943027108",4,401,43,1,43019,43027,8,3,13,,,,,,,,2,12,,,
"4401434301943027109",4,401,43,1,43019,43027,9,3,13,,,,,,,,2,12,,,
"4401434301943027110",4,401,43,1,43019,43027,10,3,7,10,13,,,,,,2,5,7,,
"4401434301943027111",4,401,43,1,43019,43027,11,3,13,,,,,,,,2,13,,,
"4401434301943027112",4,401,43,1,43019,43027,12,3,9,99,,,,,,,2,4,,,
"4401434301943027113",4,401,43,1,43019,43027,13,3,5,,,,,,,,2,3,13,,
"4401434301943027115",4,401,43,1,43019,43027,15,2,3,9,13,,,,,,2,5,99,,
"4401434301943027116",4,401,43,1,43019,43027,16,3,13,,,,,,,,3,,,,
"4401434301943027117",4,401,43,1,43019,43027,17,9,13,15,,,,,,,2,99,,,
"4401434301943027118",4,401,43,1,43019,43027,18,3,13,,,,,,,,2,12,,,
"4401434301943027119",4,401,43,1,43019,43027,19,9,11,13,15,,,,,,2,2,3,5,
"4401434301943027120",4,401,43,1,43019,43027,20,3,5,17,,,,,,,2,4,13,,
"4401434301943027201",4,401,43,2,43019,43027,1,9,13,,,,,,,,2,99,,,
"4401434301943034101",4,401,43,1,43019,43034,1,1,13,15,17,,,,,,3,,,,
"4401434301943034102",4,401,43,1,43019,43034,2,2,3,7,15,,,,,,3,,,,
"4401434301943034103",4,401,43,1,43019,43034,3,1,3,13,15,,,,,,2,4,,,
"4401434301943034104",4,401,43,1,43019,43034,4,3,5,17,,,,,,,3,,,,
"4401434301943034105",4,401,43,1,43019,43034,5,3,13,,,,,,,,2,5,,,
"4401434301943034106",4,401,43,1,43019,43034,6,1,3,5,13,15,17,,,,2,4,13,,
"4401434301943034107",4,401,43,1,43019,43034,7,3,5,17,,,,,,,3,,,,
"4401434301943034108",4,401,43,1,43019,43034,8,1,4,13,,,,,,,1,,,,
"4401434301943034109",4,401,43,1,43019,43034,9,3,9,13,,,,,,,2,5,,,
"4401434301943034110",4,401,43,1,43019,43034,10,3,5,17,,,,,,,3,,,,
"4401434301943034111",4,401,43,1,43019,43034,11,3,,,,,,,,,2,,,,
"4401434301943034112",4,401,43,1,43019,43034,12,1,3,5,13,16,,,,,2,4,13,,
"4401434301943034113",4,401,43,1,43019,43034,13,3,5,17,,,,,,,3,,,,
"4401434301943034114",4,401,43,1,43019,43034,14,3,9,,,,,,,,2,7,,,
"4401434301943034115",4,401,43,1,43019,43034,15,3,5,13,,,,,,,2,3,12,,
"4401434301943034116",4,401,43,1,43019,43034,16,1,3,10,13,15,17,,,,2,4,13,,
"4401434301943034117",4,401,43,1,43019,43034,17,1,3,12,,,,,,,2,8,13,,
"4401434301943034118",4,401,43,1,43019,43034,18,3,9,,,,,,,,2,3,7,8,
"4401434301943034119",4,401,43,1,43019,43034,19,5,7,13,,,,,,,2,8,,,
"4401434301943034120",4,401,43,1,43019,43034,20,3,9,13,,,,,,,2,5,7,,
"4401434301943038101",4,401,43,1,43019,43038,1,1,3,4,9,10,11,14,,,2,3,5,7,9
"4401434301943038102",4,401,43,1,43019,43038,2,1,2,3,4,5,7,8,9,11,2,2,3,5,6
"4401434301943038104",4,401,43,1,43019,43038,4,1,3,5,9,10,11,13,15,17,2,3,7,8,10
"4401434301943038105",4,401,43,1,43019,43038,5,3,6,8,9,10,12,15,,,2,5,7,,
"4401434301943038106",4,401,43,1,43019,43038,6,1,3,4,,,,,,,3,,,,
"4401434301943038107",4,401,43,1,43019,43038,7,1,2,3,4,5,9,10,11,12,2,2,3,4,5
"4401434301943038108",4,401,43,1,43019,43038,8,3,10,13,,,,,,,1,3,,,
"4401434301943038109",4,401,43,1,43019,43038,9,1,3,4,5,7,9,10,11,12,2,2,3,5,7
"4401434301943038110",4,401,43,1,43019,43038,10,3,10,15,,,,,,,2,5,7,,
"4401434301943038111",4,401,43,1,43019,43038,11,2,3,13,14,15,16,99,,,2,5,7,9,10
"4401434301943038112",4,401,43,1,43019,43038,12,3,5,15,,,,,,,3,,,,
"4401434301943038113",4,401,43,1,43019,43038,13,1,4,5,6,7,8,12,13,15,3,,,,
"4401434301943038114",4,401,43,1,43019,43038,14,3,5,9,10,11,12,13,15,17,3,,,,
"4401434301943038115",4,401,43,1,43019,43038,15,3,13,17,99,,,,,,3,,,,
"4401434301943038117",4,401,43,1,43019,43038,17,1,3,17,,,,,,,2,12,,,
"4401434301943038118",4,401,43,1,43019,43038,18,3,6,13,,,,,,,2,5,7,10,
"4401434301943038119",4,401,43,1,43019,43038,19,1,2,3,4,5,6,7,8,9,3,,,,
"4401434301943038120",4,401,43,1,43019,43038,20,3,4,5,9,10,12,13,15,,2,5,7,,
"4401434301943038203",4,401,43,2,43019,43038,3,1,8,99,,,,,,,3,,,,
"4401434301943038216",4,401,43,2,43019,43038,16,1,3,17,,,,,,,2,4,7,,
"4401444301943027114",4,401,44,1,43019,43027,14,3,9,15,,,,,,,2,5,99,,
"4401444401444004201",4,401,44,2,44014,44004,1,3,5,17,,,,,,,3,,,,
"4401444401444004202",4,401,44,2,44014,44004,2,2,3,4,9,13,14,,,,1,5,7,,
"4401444401444004203",4,401,44,2,44014,44004,3,3,13,,,,,,,,2,5,,,
"4401444401444004204",4,401,44,2,44014,44004,4,3,9,13,,,,,,,2,2,5,,
"4401444401444004205",4,401,44,2,44014,44004,5,3,13,,,,,,,,2,7,,,
"4401444401444004206",4,401,44,2,44014,44004,6,1,7,,,,,,,,2,13,,,
"4401444401444004207",4,401,44,2,44014,44004,7,1,5,15,17,,,,,,2,4,13,,
"4401444401444004208",4,401,44,2,44014,44004,8,3,9,17,,,,,,,2,13,,,
"4401444401444004209",4,401,44,2,44014,44004,9,2,3,5,13,,,,,,2,5,,,
"4401444401444004210",4,401,44,2,44014,44004,10,13,,,,,,,,,1,4,13,,
"4401444401444004211",4,401,44,2,44014,44004,11,1,3,5,15,17,,,,,2,4,13,,
"4401444401444004212",4,401,44,2,44014,44004,12,1,5,17,99,,,,,,2,12,13,,
"4401444401444004213",4,401,44,2,44014,44004,13,2,3,6,13,,,,,,2,4,7,,
"4401444401444004214",4,401,44,2,44014,44004,14,1,3,5,14,,,,,,2,5,6,,
"4401444401444004215",4,401,44,2,44014,44004,15,1,5,15,17,,,,,,2,4,,,
"4401444401444004216",4,401,44,2,44014,44004,16,3,5,99,,,,,,,2,7,13,,
"4401444401444004217",4,401,44,2,44014,44004,17,3,5,10,,,,,,,2,4,,,
"4401444401444004218",4,401,44,2,44014,44004,18,1,3,,,,,,,,2,5,,,
"4401444401444004219",4,401,44,2,44014,44004,19,1,5,15,17,,,,,,2,4,,,
"4401444401444004220",4,401,44,2,44014,44004,20,2,13,,,,,,,,2,5,,,
"4401454502645014201",4,401,45,2,45026,45014,1,1,5,15,17,,,,,,2,3,12,13,
"4401454502645014202",4,401,45,2,45026,45014,2,3,5,7,,,,,,,2,4,,,
"4401454502645014203",4,401,45,2,45026,45014,3,1,3,5,17,,,,,,2,3,13,,
"4401454502645014204",4,401,45,2,45026,45014,4,3,13,,,,,,,,2,4,,,
"4401454502645014205",4,401,45,2,45026,45014,5,3,9,,,,,,,,3,,,,
"4401454502645014206",4,401,45,2,45026,45014,6,7,12,17,,,,,,,2,6,13,,
"4401454502645014207",4,401,45,2,45026,45014,7,5,7,15,,,,,,,2,,,,
"4401454502645014208",4,401,45,2,45026,45014,8,3,5,,,,,,,,2,12,,,
"4401454502645014209",4,401,45,2,45026,45014,9,1,5,17,,,,,,,2,3,4,13,
"4401454502645014210",4,401,45,2,45026,45014,10,3,5,12,16,,,,,,2,4,,,
"4401454502645014211",4,401,45,2,45026,45014,11,2,3,,,,,,,,3,,,,
"4401454502645014212",4,401,45,2,45026,45014,12,1,5,15,17,,,,,,2,3,4,,
"4401454502645014213",4,401,45,2,45026,45014,13,5,7,,,,,,,,2,4,11,,
"4401454502645014214",4,401,45,2,45026,45014,14,3,9,,,,,,,,2,12,,,
"4401454502645014215",4,401,45,2,45026,45014,15,1,5,17,,,,,,,2,4,13,,
"4401454502645014216",4,401,45,2,45026,45014,16,3,5,11,,,,,,,2,5,10,,
"4401454502645014217",4,401,45,2,45026,45014,17,3,9,,,,,,,,2,12,,,
"4401454502645014218",4,401,45,2,45026,45014,18,1,5,15,17,,,,,,2,3,4,,
"4401454502645014219",4,401,45,2,45026,45014,19,1,5,15,17,,,,,,2,4,13,,
"4401454502645014220",4,401,45,2,45026,45014,20,3,5,15,17,,,,,,2,4,13,,
"4401454502745012201",4,401,45,2,45027,45012,1,1,5,13,15,17,,,,,2,4,9,13,
"4401454502745012202",4,401,45,2,45027,45012,2,1,5,13,,,,,,,2,12,,,
"4401454502745012203",4,401,45,2,45027,45012,3,1,2,7,,,,,,,2,,,,
"4401454502745012204",4,401,45,2,45027,45012,4,1,3,13,17,,,,,,2,13,,,
"4401454502745012205",4,401,45,2,45027,45012,5,5,14,,,,,,,,2,13,,,
"4401454502745012206",4,401,45,2,45027,45012,6,1,5,9,14,,,,,,2,8,13,,
"4401454502745012207",4,401,45,2,45027,45012,7,1,3,5,,,,,,,2,12,,,
"4401454502745012208",4,401,45,2,45027,45012,8,5,7,17,,,,,,,2,6,13,,
"4401454502745012209",4,401,45,2,45027,45012,9,1,5,7,15,,,,,,3,,,,
"4401454502745012210",4,401,45,2,45027,45012,10,1,2,5,9,,,,,,2,4,13,,
"4401454502745012211",4,401,45,2,45027,45012,11,1,3,4,5,13,15,17,,,2,4,13,,
"4401454502745012212",4,401,45,2,45027,45012,12,1,3,5,15,17,,,,,2,4,9,13,
"4401454502745012213",4,401,45,2,45027,45012,13,1,4,5,,,,,,,2,7,,,
"4401454502745012214",4,401,45,2,45027,45012,14,1,5,13,15,17,,,,,2,4,13,,
"4401454502745012215",4,401,45,2,45027,45012,15,1,5,11,12,,,,,,2,6,13,,
"4401454502745012216",4,401,45,2,45027,45012,16,1,5,9,,,,,,,1,5,6,,
"4401454502745012217",4,401,45,2,45027,45012,17,3,9,,,,,,,,1,4,,,
"4401454502745012218",4,401,45,2,45027,45012,18,1,5,13,15,17,,,,,3,,,,
"4401454502745012219",4,401,45,2,45027,45012,19,1,5,17,,,,,,,2,4,13,,
"4401454502745012220",4,401,45,2,45027,45012,20,1,5,11,,,,,,,3,,,,
"5501505000650011101",5,501,50,1,50006,50011,1,3,13,,,,,,,,2,12,,,
"5501505000650011102",5,501,50,1,50006,50011,2,1,5,15,17,,,,,,3,,,,
"5501505000650011103",5,501,50,1,50006,50011,3,1,5,7,15,,,,,,2,13,,,
"5501505000650011104",5,501,50,1,50006,50011,4,5,9,,,,,,,,1,,,,
"5501505000650011105",5,501,50,1,50006,50011,5,9,11,13,,,,,,,2,5,12,,
"5501505000650011106",5,501,50,1,50006,50011,6,3,17,,,,,,,,2,7,,,
"5501505000650011107",5,501,50,1,50006,50011,7,1,5,12,15,,,,,,2,2,3,12,
"5501505000650011108",5,501,50,1,50006,50011,8,7,10,,,,,,,,2,5,12,,
"5501505000650011109",5,501,50,1,50006,50011,9,5,6,,,,,,,,3,,,,
"5501505000650011110",5,501,50,1,50006,50011,10,5,9,99,,,,,,,2,3,7,,
"5501505000650011111",5,501,50,1,50006,50011,11,3,13,,,,,,,,2,12,,,
"5501505000650011112",5,501,50,1,50006,50011,12,1,5,16,,,,,,,2,2,3,4,
"5501505000650011113",5,501,50,1,50006,50011,13,4,5,7,15,,,,,,2,8,10,,
"5501505000650011114",5,501,50,1,50006,50011,14,9,11,13,,,,,,,2,3,8,,
"5501505000650011115",5,501,50,1,50006,50011,15,6,9,,,,,,,,2,,,,
"5501505000650011116",5,501,50,1,50006,50011,16,3,13,,,,,,,,2,12,,,
"5501505000650011117",5,501,50,1,50006,50011,17,1,5,15,17,,,,,,2,3,12,,
"5501505000650011118",5,501,50,1,50006,50011,18,3,9,13,15,,,,,,2,5,,,
"5501505000650011119",5,501,50,1,50006,50011,19,5,99,,,,,,,,2,13,,,
"5501505000650011120",5,501,50,1,50006,50011,20,9,17,,,,,,,,2,99,,,
"5501505001350018118",5,501,50,1,50013,50018,18,3,9,13,,,,,,,2,5,,,
"5501505001350018119",5,501,50,1,50013,50018,19,3,5,17,,,,,,,2,3,13,,
"5501505001350018120",5,501,50,1,50013,50018,20,3,9,15,,,,,,,2,5,7,,
"5501505001550042201",5,501,50,2,50015,50042,1,3,13,,,,,,,,3,,,,
"5501505001550042202",5,501,50,2,50015,50042,2,1,3,5,12,15,17,,,,2,4,9,13,
"5501505001550042203",5,501,50,2,50015,50042,3,1,3,13,15,17,,,,,2,3,4,13,
"5501505001550042204",5,501,50,2,50015,50042,4,1,3,9,15,17,,,,,2,5,7,,
"5501505001550042205",5,501,50,2,50015,50042,5,3,5,,,,,,,,2,5,,,
"5501505001550042206",5,501,50,2,50015,50042,6,3,5,17,,,,,,,2,13,,,
"5501505001550042207",5,501,50,2,50015,50042,7,1,3,5,15,17,,,,,2,3,4,6,13
"5501505001550042208",5,501,50,2,50015,50042,8,1,3,9,,,,,,,2,5,7,,
"5501505001550042209",5,501,50,2,50015,50042,9,1,3,13,,,,,,,2,5,,,
"5501505001550042210",5,501,50,2,50015,50042,10,9,13,,,,,,,,2,4,,,
"5501505001550042211",5,501,50,2,50015,50042,11,3,13,17,,,,,,,3,,,,
"5501505001550042212",5,501,50,2,50015,50042,12,1,3,5,15,17,,,,,2,4,13,,
"5501505001550042213",5,501,50,2,50015,50042,13,1,5,12,15,17,,,,,2,3,4,10,13
"5501505001550042214",5,501,50,2,50015,50042,14,3,9,13,15,,,,,,2,7,12,,
"5501505001550042215",5,501,50,2,50015,50042,15,1,7,,,,,,,,2,6,,,
"5501505001550042216",5,501,50,2,50015,50042,16,3,17,,,,,,,,2,13,,,
"5501505001550042217",5,501,50,2,50015,50042,17,1,3,13,17,,,,,,2,4,9,13,
"5501505001550042218",5,501,50,2,50015,50042,18,1,3,13,15,17,,,,,2,4,6,13,
"5501505001550042219",5,501,50,2,50015,50042,19,2,3,9,13,,,,,,2,2,5,6,7
"5501505001550042220",5,501,50,2,50015,50042,20,5,9,,,,,,,,2,5,,,
"5501505001650018101",5,501,50,1,50016,50018,1,3,17,,,,,,,,3,,,,
"5501505001650018102",5,501,50,1,50016,50018,2,3,5,6,,,,,,,2,4,12,,
"5501505001650018103",5,501,50,1,50016,50018,3,5,13,,,,,,,,2,7,12,,
"5501505001650018104",5,501,50,1,50016,50018,4,1,6,17,,,,,,,3,,,,
"5501505001650018106",5,501,50,1,50016,50018,6,1,3,17,,,,,,,2,7,,,
"5501505001650018107",5,501,50,1,50016,50018,7,2,5,,,,,,,,2,5,,,
"5501505001650018108",5,501,50,1,50016,50018,8,3,5,17,,,,,,,2,3,13,,
"5501505001650018109",5,501,50,1,50016,50018,9,3,9,13,,,,,,,2,5,7,,
"5501505001650018110",5,501,50,1,50016,50018,10,1,3,17,,,,,,,3,,,,
"5501505001650018111",5,501,50,1,50016,50018,11,1,3,5,,,,,,,3,,,,
"5501505001650018112",5,501,50,1,50016,50018,12,2,3,4,13,,,,,,1,7,99,,
"5501505001650018113",5,501,50,1,50016,50018,13,2,3,4,7,9,10,11,12,13,3,,,,
"5501505001650018114",5,501,50,1,50016,50018,14,3,13,,,,,,,,2,12,,,
"5501505001650018115",5,501,50,1,50016,50018,15,3,5,17,,,,,,,2,12,,,
"5501505001650018116",5,501,50,1,50016,50018,16,2,3,13,15,,,,,,2,7,12,,
"5501505001650018117",5,501,50,1,50016,50018,17,3,7,,,,,,,,3,,,,
"5501505001650018203",5,501,50,2,50016,50018,3,3,9,,,,,,,,2,,,,
"5501505002250060120",5,501,50,1,50022,50060,20,1,5,15,17,,,,,,2,8,13,,
"5501505002250060201",5,501,50,2,50022,50060,1,1,3,5,15,,,,,,2,8,12,,
"5501505002250060202",5,501,50,2,50022,50060,2,3,14,15,,,,,,,2,13,99,,
"5501505002250060203",5,501,50,2,50022,50060,3,3,13,,,,,,,,2,12,,,
"5501505002250060204",5,501,50,2,50022,50060,4,9,13,,,,,,,,2,,,,
"5501505002250060205",5,501,50,2,50022,50060,5,1,5,15,17,,,,,,2,4,13,,
"5501505002250060206",5,501,50,2,50022,50060,6,1,5,15,17,,,,,,2,4,13,,
"5501505002250060207",5,501,50,2,50022,50060,7,3,9,10,11,13,17,,,,2,12,13,,
"5501505002250060208",5,501,50,2,50022,50060,8,5,15,17,,,,,,,2,13,,,
"5501505002250060209",5,501,50,2,50022,50060,9,7,,,,,,,,,2,3,8,,
"5501505002250060210",5,501,50,2,50022,50060,10,1,5,15,17,,,,,,2,9,13,,
"5501505002250060211",5,501,50,2,50022,50060,11,1,3,5,13,15,,,,,2,13,,,
"5501505002250060212",5,501,50,2,50022,50060,12,1,3,5,15,17,,,,,2,3,4,,
"5501505002250060213",5,501,50,2,50022,50060,13,9,13,,,,,,,,2,12,,,
"5501505002250060214",5,501,50,2,50022,50060,14,1,5,15,17,,,,,,2,13,,,
"5501505002250060215",5,501,50,2,50022,50060,15,1,3,15,17,,,,,,2,4,,,
"5501505002250060216",5,501,50,2,50022,50060,16,1,5,11,13,,,,,,2,4,,,
"5501505002250060217",5,501,50,2,50022,50060,17,3,9,13,,,,,,,2,11,,,
"5501505002250060218",5,501,50,2,50022,50060,18,3,5,13,17,,,,,,2,8,13,,
"5501505002250060219",5,501,50,2,50022,50060,19,3,9,,,,,,,,2,5,,,
"5501505002650041201",5,501,50,2,50026,50041,1,3,13,17,,,,,,,,7,13,,
"5501505002650041202",5,501,50,2,50026,50041,2,1,5,13,15,17,,,,,3,,,,
"5501505002650041203",5,501,50,2,50026,50041,3,5,11,,,,,,,,2,8,,,
"5501505002650041204",5,501,50,2,50026,50041,4,1,2,5,,,,,,,2,3,4,,
"5501505002650041205",5,501,50,2,50026,50041,5,3,4,9,11,,,,,,2,2,3,5,7
"5501505002650041206",5,501,50,2,50026,50041,6,3,17,,,,,,,,2,7,,,
"5501505002650041207",5,501,50,2,50026,50041,7,1,3,5,12,15,,,,,2,2,4,,
"5501505002650041208",5,501,50,2,50026,50041,8,2,4,17,,,,,,,2,3,,,
"5501505002650041209",5,501,50,2,50026,50041,9,2,3,13,,,,,,,2,5,,,
"5501505002650041210",5,501,50,2,50026,50041,10,3,9,11,,,,,,,2,3,5,,
"5501505002650041211",5,501,50,2,50026,50041,11,1,5,17,,,,,,,,4,13,,
"5501505002650041212",5,501,50,2,50026,50041,12,1,3,5,15,17,,,,,2,2,4,,
"5501505002650041213",5,501,50,2,50026,50041,13,1,3,9,,,,,,,2,13,,,
"5501505002650041214",5,501,50,2,50026,50041,14,2,3,5,,,,,,,1,4,5,7,
"5501505002650041215",5,501,50,2,50026,50041,15,1,3,9,15,,,,,,2,2,7,,
"5501505002650041216",5,501,50,2,50026,50041,16,1,3,13,,,,,,,2,7,13,,
"5501505002650041217",5,501,50,2,50026,50041,17,1,3,13,17,,,,,,2,4,13,,
"5501505002650041218",5,501,50,2,50026,50041,18,1,5,7,12,,,,,,2,8,13,,
"5501505002650041219",5,501,50,2,50026,50041,19,2,3,4,,,,,,,2,4,5,7,
"5501505002650041220",5,501,50,2,50026,50041,20,3,9,13,,,,,,,2,5,12,,
"5501505004450039201",5,501,50,2,50044,50039,1,3,13,,,,,,,,2,13,,,
"5501505004450039202",5,501,50,2,50044,50039,2,1,15,5,,,,,,,2,4,6,,
"5501505004450039203",5,501,50,2,50044,50039,3,3,5,,,,,,,,2,13,,,
"5501505004450039204",5,501,50,2,50044,50039,4,3,13,15,,,,,,,2,5,,,
"5501505004450039205",5,501,50,2,50044,50039,5,3,13,,,,,,,,2,13,,,
"5501505004450039206",5,501,50,2,50044,50039,6,1,3,15,17,,,,,,2,3,10,,
"5501505004450039207",5,501,50,2,50044,50039,7,2,9,,,,,,,,2,12,,,
"5501505004450039208",5,501,50,2,50044,50039,8,3,9,11,,,,,,,2,7,99,,
"5501505004450039209",5,501,50,2,50044,50039,9,1,3,5,15,17,,,,,2,3,6,,
"5501505004450039210",5,501,50,2,50044,50039,10,3,5,,,,,,,,2,8,,,
"5501505004450039211",5,501,50,2,50044,50039,11,9,13,17,,,,,,,2,3,5,,
"5501505004450039212",5,501,50,2,50044,50039,12,3,13,,,,,,,,2,13,,,
"5501505004450039213",5,501,50,2,50044,50039,13,1,3,5,15,,,,,,2,3,4,13,
"5501505004450039214",5,501,50,2,50044,50039,14,3,13,,,,,,,,2,12,,,
"5501505004450039215",5,501,50,2,50044,50039,15,13,15,17,,,,,,,2,5,99,,
"5501505004450039216",5,501,50,2,50044,50039,16,3,13,,,,,,,,2,12,,,
"5501505004450039217",5,501,50,2,50044,50039,17,1,3,15,17,,,,,,3,,,,
"5501505004450039218",5,501,50,2,50044,50039,18,3,5,,,,,,,,2,12,,,
"5501505004450039219",5,501,50,2,50044,50039,19,3,9,,,,,,,,2,7,,,
"5501505004450039220",5,501,50,2,50044,50039,20,2,3,13,,,,,,,2,2,5,,
"5501505005450080201",5,501,50,2,50054,50080,1,3,6,11,,,,,,,2,12,,,
"5501505005450080202",5,501,50,2,50054,50080,2,3,5,10,99,,,,,,2,,,,
"5501505005450080204",5,501,50,2,50054,50080,4,3,13,,,,,,,,2,12,,,
"5501505005450080205",5,501,50,2,50054,50080,5,3,9,10,11,13,,,,,2,5,10,99,
"5501505005450080206",5,501,50,2,50054,50080,6,3,9,,,,,,,,2,13,,,
"5501505005450080207",5,501,50,2,50054,50080,7,3,15,,,,,,,,2,5,,,
"5501505005450080208",5,501,50,2,50054,50080,8,9,17,,,,,,,,2,12,,,
"5501505005450080209",5,501,50,2,50054,50080,9,3,9,,,,,,,,2,7,,,
"5501505005450080210",5,501,50,2,50054,50080,10,3,13,,,,,,,,2,2,,,
"5501505005450080211",5,501,50,2,50054,50080,11,3,9,,,,,,,,2,7,,,
"5501505005450080212",5,501,50,2,50054,50080,12,1,2,13,15,,,,,,2,2,3,6,12
"5501505005450080213",5,501,50,2,50054,50080,13,1,15,,,,,,,,2,12,,,
"5501505005450080214",5,501,50,2,50054,50080,14,1,3,15,17,,,,,,2,3,6,13,
"5501505005450080215",5,501,50,2,50054,50080,15,3,13,,,,,,,,2,12,,,
"5501505005450080216",5,501,50,2,50054,50080,16,3,10,13,,,,,,,2,2,7,12,
"5501505005450080217",5,501,50,2,50054,50080,17,3,12,,,,,,,,2,12,,,
"5501505005450080218",5,501,50,2,50054,50080,18,1,3,5,10,17,,,,,2,3,4,6,
"5501505005450080219",5,501,50,2,50054,50080,19,3,13,,,,,,,,2,13,,,
"5501505005450080220",5,501,50,2,50054,50080,20,1,3,4,15,,,,,,2,2,3,12,
"5501505005850082201",5,501,50,2,50058,50082,1,1,5,17,,,,,,,2,13,,,
"5501505005850082202",5,501,50,2,50058,50082,2,1,3,5,13,15,17,,,,2,2,13,,
"5501505005850082203",5,501,50,2,50058,50082,3,9,13,,,,,,,,2,5,6,,
"5501505005850082204",5,501,50,2,50058,50082,4,3,5,17,,,,,,,2,4,13,,
"5501505005850082205",5,501,50,2,50058,50082,5,1,3,5,15,17,,,,,2,2,4,,
"5501505005850082206",5,501,50,2,50058,50082,6,1,5,13,,,,,,,2,5,,,
"5501505005850082207",5,501,50,2,50058,50082,7,3,5,17,,,,,,,2,4,13,,
"5501505005850082208",5,501,50,2,50058,50082,8,1,5,15,17,,,,,,2,2,4,13,
"5501505005850082209",5,501,50,2,50058,50082,9,1,3,5,17,,,,,,2,5,,,
"5501505005850082210",5,501,50,2,50058,50082,10,2,3,14,,,,,,,3,,,,
"5501505005850082211",5,501,50,2,50058,50082,11,1,5,13,15,17,,,,,2,3,4,,
"5501505005850082212",5,501,50,2,50058,50082,12,3,5,17,,,,,,,2,5,13,,
"5501505005850082213",5,501,50,2,50058,50082,13,3,4,13,,,,,,,2,5,7,,
"5501505005850082214",5,501,50,2,50058,50082,14,1,11,17,,,,,,,2,3,8,,
"5501505005850082215",5,501,50,2,50058,50082,15,5,13,16,,,,,,,2,8,12,,
"5501505005850082216",5,501,50,2,50058,50082,16,1,3,4,13,,,,,,2,3,5,7,
"5501505005850082217",5,501,50,2,50058,50082,17,1,7,10,13,,,,,,2,12,,,
"5501505005850082218",5,501,50,2,50058,50082,18,1,3,13,17,,,,,,2,7,13,,
"5501505005850082219",5,501,50,2,50058,50082,19,1,5,15,,,,,,,3,,,,
"5501505005850082220",5,501,50,2,50058,50082,20,1,3,13,,,,,,,2,3,5,13,
"5501505501650018105",5,501,50,1,55016,50018,5,1,13,,,,,,,,2,5,7,,
"5501513101951002208",5,501,51,2,31019,51002,8,1,5,7,11,,,,,,2,10,,,
"5501515100451045201",5,501,51,2,51004,51045,1,3,4,7,12,,,,,,2,5,6,13,
"5501515100451045202",5,501,51,2,51004,51045,2,5,9,,,,,,,,2,6,,,
"5501515100451045203",5,501,51,2,51004,51045,3,1,5,12,17,,,,,,2,2,6,,
"5501515100451045204",5,501,51,2,51004,51045,4,5,9,,,,,,,,2,6,,,
"5501515100451045205",5,501,51,2,51004,51045,5,3,7,,,,,,,,2,10,,,
"5501515100451045206",5,501,51,2,51004,51045,6,6,9,10,,,,,,,1,6,,,
"5501515100451045207",5,501,51,2,51004,51045,7,4,7,12,,,,,,,2,6,10,,
"5501515100451045208",5,501,51,2,51004,51045,8,2,5,,,,,,,,1,12,,,
"5501515101851042217",5,501,51,2,51018,51042,17,3,13,,,,,,,,2,7,,,
"5501515101851042218",5,501,51,2,51018,51042,18,1,5,9,,,,,,,2,13,,,
"5501515101951002201",5,501,51,2,51019,51002,1,3,13,,,,,,,,2,4,,,
"5501515101951002202",5,501,51,2,51019,51002,2,1,5,13,15,17,,,,,2,2,3,,
"5501515101951002203",5,501,51,2,51019,51002,3,1,5,7,,,,,,,2,12,,,
"5501515101951002204",5,501,51,2,51019,51002,4,5,9,,,,,,,,2,,,,
"5501515101951002205",5,501,51,2,51019,51002,5,1,9,11,,,,,,,2,7,12,,
"5501515101951002206",5,501,51,2,51019,51002,6,3,13,,,,,,,,2,7,,,
"5501515101951002207",5,501,51,2,51019,51002,7,1,5,15,17,,,,,,2,2,3,,
"5501515101951002209",5,501,51,2,51019,51002,9,5,6,,,,,,,,3,,,,
"5501515101951002210",5,501,51,2,51019,51002,10,1,2,3,11,,,,,,2,,3,7,
"5501515101951002211",5,501,51,2,51019,51002,11,3,13,,,,,,,,2,12,,,
"5501515101951002212",5,501,51,2,51019,51002,12,7,11,15,,,,,,,2,3,10,,
"5501515101951002213",5,501,51,2,51019,51002,13,1,5,15,17,,,,,,2,2,4,13,
"5501515101951002214",5,501,51,2,51019,51002,14,5,6,,,,,,,,1,12,,,
"5501515101951002215",5,501,51,2,51019,51002,15,13,17,99,,,,,,,2,5,,,
"5501515101951002216",5,501,51,2,51019,51002,16,3,17,,,,,,,,2,13,,,
"5501515101951002217",5,501,51,2,51019,51002,17,1,5,15,17,,,,,,2,2,4,13,
"5501515101951002218",5,501,51,2,51019,51002,18,2,5,7,10,14,,,,,2,13,,,
"5501515101951002219",5,501,51,2,51019,51002,19,9,12,,,,,,,,2,,,,
"5501515101951002220",5,501,51,2,51019,51002,20,2,5,17,,,,,,,2,5,7,,
"5501515102551044201",5,501,51,2,51025,51044,1,1,3,5,13,15,17,,,,2,3,4,13,
"5501515102551044202",5,501,51,2,51025,51044,2,2,5,7,,,,,,,2,99,,,
"5501515102551044203",5,501,51,2,51025,51044,3,1,2,3,9,17,,,,,2,5,6,,
"5501515102551044204",5,501,51,2,51025,51044,4,1,2,3,9,11,,,,,2,3,5,,
"5501515102551044205",5,501,51,2,51025,51044,5,2,7,12,16,,,,,,2,3,10,,
"5501515102551044206",5,501,51,2,51025,51044,6,1,3,5,10,13,15,17,,,2,4,13,,
"5501515102551044207",5,501,51,2,51025,51044,7,2,5,11,17,,,,,,2,3,8,,
"5501515102551044208",5,501,51,2,51025,51044,8,2,3,13,,,,,,,2,5,,,
"5501515102551044210",5,501,51,2,51025,51044,10,1,7,14,16,,,,,,2,,,,
"5501515102551044211",5,501,51,2,51025,51044,11,1,3,17,,,,,,,2,7,8,,
"5501515102551044212",5,501,51,2,51025,51044,12,1,3,15,17,,,,,,2,4,13,,
"5501515102551044213",5,501,51,2,51025,51044,13,1,3,5,13,15,17,,,,2,3,4,13,
"5501515102551044214",5,501,51,2,51025,51044,14,2,5,11,,,,,,,2,10,,,
"5501515102551044216",5,501,51,2,51025,51044,16,1,5,17,,,,,,,2,4,,,
"5501515102551044217",5,501,51,2,51025,51044,17,2,3,9,11,,,,,,2,5,,,
"5501515102551044218",5,501,51,2,51025,51044,18,2,3,13,,,,,,,2,5,,,
"5501515102651044209",5,501,51,2,51026,51044,9,1,3,10,12,15,,,,,2,4,13,,
"5501515104551045209",5,501,51,2,51045,51045,9,3,13,,,,,,,,2,12,,,
"5501515104551045210",5,501,51,2,51045,51045,10,1,5,15,17,,,,,,2,3,4,13,
"5501515104551045211",5,501,51,2,51045,51045,11,13,15,,,,,,,,2,5,12,,
"5501515104551045212",5,501,51,2,51045,51045,12,3,13,17,,,,,,,2,12,,,
"5501515104551045213",5,501,51,2,51045,51045,13,1,5,12,17,,,,,,2,2,4,10,
"5501515104551045214",5,501,51,2,51045,51045,14,13,15,,,,,,,,2,5,7,12,
"5501515104551045215",5,501,51,2,51045,51045,15,3,17,,,,,,,,2,13,,,
"5501515104551045216",5,501,51,2,51045,51045,16,1,5,,,,,,,,2,2,3,12,3
"5501515104551045217",5,501,51,2,51045,51045,17,3,10,11,17,,,,,,2,7,13,,
"5501515104551045218",5,501,51,2,51045,51045,18,3,13,,,,,,,,2,12,,,
"5501515104551045219",5,501,51,2,51045,51045,19,1,6,17,,,,,,,2,2,12,,
"5501515104551045220",5,501,51,2,51045,51045,20,13,15,17,,,,,,,2,10,,,
"5501515104751042102",5,501,51,1,51047,51042,2,1,7,,,,,,,,2,13,,,
"5501515104751042201",5,501,51,2,51047,51042,1,3,13,,,,,,,,2,7,,,
"5501515104751042203",5,501,51,2,51047,51042,3,1,5,9,,,,,,,2,13,,,
"5501515104751042204",5,501,51,2,51047,51042,4,3,99,,,,,,,,2,99,,,
"5501515104751042205",5,501,51,2,51047,51042,5,3,13,,,,,,,,2,7,,,
"5501515104751042206",5,501,51,2,51047,51042,6,3,5,,,,,,,,2,7,,,
"5501515104751042207",5,501,51,2,51047,51042,7,1,9,13,,,,,,,2,12,,,
"5501515104751042208",5,501,51,2,51047,51042,8,1,4,5,7,12,,,,,2,12,,,
"5501515104751042209",5,501,51,2,51047,51042,9,3,13,,,,,,,,2,7,,,
"5501515104751042210",5,501,51,2,51047,51042,10,1,5,9,,,,,,,2,12,,,
"5501515104751042211",5,501,51,2,51047,51042,11,3,10,13,,,,,,,2,5,,,
"5501515104751042212",5,501,51,2,51047,51042,12,1,5,7,13,15,,,,,2,12,,,
"5501515104751042213",5,501,51,2,51047,51042,13,3,13,,,,,,,,2,7,,,
"5501515104751042214",5,501,51,2,51047,51042,14,5,7,15,16,,,,,,2,8,10,,
"5501515104751042215",5,501,51,2,51047,51042,15,1,5,9,11,,,,,,2,12,,,
"5501515104751042216",5,501,51,2,51047,51042,16,9,13,,,,,,,,2,,,,
"5501515105251023201",5,501,51,2,51052,51023,1,3,5,17,,,,,,,3,,,,
"5501515105251023202",5,501,51,2,51052,51023,2,2,6,15,16,,,,,,2,5,7,,
"5501515105251023203",5,501,51,2,51052,51023,3,3,5,12,15,17,,,,,2,3,12,13,
"5501515105251023204",5,501,51,2,51052,51023,4,5,10,12,15,,,,,,1,3,12,13,
"5501515105251023205",5,501,51,2,51052,51023,5,1,3,5,,,,,,,2,4,7,,
"5501515105251023206",5,501,51,2,51052,51023,6,1,3,17,,,,,,,2,4,13,,
"5501515105251023207",5,501,51,2,51052,51023,7,2,7,13,14,16,,,,,2,5,10,,
"5501515105251023208",5,501,51,2,51052,51023,8,1,3,16,,,,,,,2,8,13,,
"5501515105251023209",5,501,51,2,51052,51023,9,1,13,15,17,,,,,,2,3,13,,
"5501515105251023210",5,501,51,2,51052,51023,10,1,3,17,,,,,,,2,4,13,,
"5501515105251023211",5,501,51,2,51052,51023,11,3,4,11,13,17,,,,,2,4,,,
"5501515105251023212",5,501,51,2,51052,51023,12,2,3,7,9,13,,,,,2,5,,,
"5501515105251023213",5,501,51,2,51052,51023,13,1,3,17,,,,,,,2,5,8,13,
"5501515105251023214",5,501,51,2,51052,51023,14,1,3,5,15,17,,,,,2,3,9,13,
"5501515105251023215",5,501,51,2,51052,51023,15,3,5,17,,,,,,,3,,,,
"5501515105251023216",5,501,51,2,51052,51023,16,2,13,,,,,,,,2,5,,,
"5501515105251023217",5,501,51,2,51052,51023,17,3,5,13,17,,,,,,2,4,13,,
"5501515105251023218",5,501,51,2,51052,51023,18,1,5,15,17,,,,,,2,3,11,,
"5501515105251023219",5,501,51,2,51052,51023,19,3,5,17,,,,,,,2,5,,,
"5501515105251023220",5,501,51,2,51052,51023,20,3,5,14,,,,,,,2,10,,,
"5501515105851042219",5,501,51,2,51058,51042,19,3,13,15,,,,,,,2,5,99,,
"5501515105851042220",5,501,51,2,51058,51042,20,1,5,7,10,15,,,,,2,12,,,
"5501515105851044215",5,501,51,2,51058,51044,15,5,13,,,,,,,,2,4,,,
"5501515105851044219",5,501,51,2,51058,51044,19,1,5,17,,,,,,,2,13,,,
"5501515105851044220",5,501,51,2,51058,51044,20,2,5,13,,,,,,,2,4,5,,
"5501525201452018103",5,501,52,1,52014,52018,3,1,3,13,15,,,,,,2,13,,,
"5501525201452018104",5,501,52,1,52014,52018,4,3,5,14,,,,,,,2,13,,,
"5501525201452018201",5,501,52,2,52014,52018,1,3,13,17,,,,,,,2,3,,,
"5501525201452018202",5,501,52,2,52014,52018,2,3,9,13,16,,,,,,2,3,99,,
"5501525201452018205",5,501,52,2,52014,52018,5,1,3,17,,,,,,,2,3,5,,
"5501525201452018206",5,501,52,2,52014,52018,6,1,3,5,13,15,17,,,,2,4,10,13,
"5501525201452018207",5,501,52,2,52014,52018,7,1,5,10,13,17,,,,,2,3,4,10,
"5501525201452018208",5,501,52,2,52014,52018,8,3,9,11,17,,,,,,2,5,13,,
"5501525201452018209",5,501,52,2,52014,52018,9,2,5,13,16,,,,,,2,3,13,,
"5501525201452018210",5,501,52,2,52014,52018,10,2,3,13,,,,,,,2,3,,,
"5501525202252018215",5,501,52,2,52022,52018,15,1,2,5,,,,,,,3,,,,
"5501525202252018216",5,501,52,2,52022,52018,16,1,3,17,,,,,,,2,4,13,,
"5501525203552018114",5,501,52,1,52035,52018,14,2,3,13,15,,,,,,2,7,,,
"5501525203552018211",5,501,52,2,52035,52018,11,1,3,17,,,,,,,2,13,,,
"5501525203552018212",5,501,52,2,52035,52018,12,3,7,14,,,,,,,2,12,,,
"5501525203552018213",5,501,52,2,52035,52018,13,1,10,,,,,,,,2,13,,,
"5501525203752018217",5,501,52,2,52037,52018,17,2,3,9,13,,,,,,2,5,,,
"5501525203752018218",5,501,52,2,52037,52018,18,7,9,13,,,,,,,2,5,7,,
"5501525203752018219",5,501,52,2,52037,52018,19,1,3,17,,,,,,,2,7,13,,
"5501525203752018220",5,501,52,2,52037,52018,20,1,3,17,,,,,,,2,13,,,
"5502535300453018201",5,502,53,2,53004,53018,1,3,14,,,,,,,,2,99,,,
"5502535300453018202",5,502,53,2,53004,53018,2,1,3,,,,,,,,2,,,,
"5502535300453018203",5,502,53,2,53004,53018,3,3,7,,,,,,,,2,3,,,
"5502535300453018204",5,502,53,2,53004,53018,4,3,13,,,,,,,,2,,,,
"5502535300453018205",5,502,53,2,53004,53018,5,3,5,9,12,13,,,,,2,5,99,,
"5502535300453018206",5,502,53,2,53004,53018,6,3,5,9,,,,,,,2,5,,,
"5502535300453018207",5,502,53,2,53004,53018,7,3,5,9,12,13,,,,,2,5,99,,
"5502535300453018208",5,502,53,2,53004,53018,8,1,2,,,,,,,,2,,,,
"5502535300453018209",5,502,53,2,53004,53018,9,3,,,,,,,,,2,,,,
"5502535300453018210",5,502,53,2,53004,53018,10,1,13,,,,,,,,2,,,,
"5502535300453018211",5,502,53,2,53004,53018,11,9,99,,,,,,,,2,,,,
"5502535300453018212",5,502,53,2,53004,53018,12,3,7,9,15,,,,,,2,5,99,,
"5502535300453018213",5,502,53,2,53004,53018,13,3,9,13,,,,,,,2,6,,,
"5502535300453018214",5,502,53,2,53004,53018,14,3,12,,,,,,,,1,99,,,
"5502535300453018215",5,502,53,2,53004,53018,15,1,2,,,,,,,,2,2,,,
"5502535300453018216",5,502,53,2,53004,53018,16,2,3,,,,,,,,2,,,,
"5502535300453018217",5,502,53,2,53004,53018,17,3,5,9,12,,,,,,1,4,99,,
"5502535300453018218",5,502,53,2,53004,53018,18,3,,,,,,,,,2,,,,
"5502535300453018219",5,502,53,2,53004,53018,19,3,14,,,,,,,,2,,,,
"5502535300453018220",5,502,53,2,53004,53018,20,2,3,9,12,13,,,,,2,3,5,99,
"5502535300753004101",5,502,53,1,53007,53004,1,10,5,3,5,7,,,,2,,4,3,,2
"5502535300753004102",5,502,53,1,53007,53004,2,10,7,2,6,,,,,2,,,,,2
"5502535300753004103",5,502,53,1,53007,53004,3,5,3,7,,,,,,2,,5,3,,1
"5502535300753004104",5,502,53,1,53007,53004,4,3,,,,,,,,2,,,,,2
"5502535300753004105",5,502,53,1,53007,53004,5,10,3,7,,,,,,3,,,,,2
"5502535300753004106",5,502,53,1,53007,53004,6,3,,,,,,,,2,,2,,,1
"5502535300753004107",5,502,53,1,53007,53004,7,10,5,3,7,,,,,2,,4,3,,2
"5502535300753004108",5,502,53,1,53007,53004,8,3,5,6,,,,,,2,,4,,,2
"5502535300753004109",5,502,53,1,53007,53004,9,3,,,,,,,,2,,2,3,5,2
"5502535300753004110",5,502,53,1,53007,53004,10,10,3,3,,,,,,2,,2,7,,1
"5502535300753004111",5,502,53,1,53007,53004,11,10,5,7,,,,,,2,,7,,,2
"5502535300753004112",5,502,53,1,53007,53004,12,3,5,,,,,,,2,,7,3,,2
"5502535300753004113",5,502,53,1,53007,53004,13,10,5,5,7,,,,,2,,4,3,,2
"5502535300753004114",5,502,53,1,53007,53004,14,10,5,3,,,,,,2,,8,3,,1
"5502535300753004115",5,502,53,1,53007,53004,15,3,9,3,,,,,,3,,,,,1
"5502535300753004116",5,502,53,1,53007,53004,16,10,3,5,7,,,,,2,,2,,,2
"5502535300753004117",5,502,53,1,53007,53004,17,10,3,3,7,,,,,2,,4,,,2
"5502535300753004118",5,502,53,1,53007,53004,18,2,5,11,4,,,,,2,,6,,,1
"5502535300753004119",5,502,53,1,53007,53004,19,2,3,3,,,,,,2,,5,7,,1
"5502535300753004120",5,502,53,1,53007,53004,20,10,3,9,7,,,,,2,,5,,,1
"5502535300753006101",5,502,53,1,53007,53006,1,3,13,,,,,,,,2,12,,,
"5502535300753006102",5,502,53,1,53007,53006,2,1,7,15,,,,,,,3,,,,
"5502535300753006103",5,502,53,1,53007,53006,3,1,3,9,,,,,,,2,12,,,
"5502535300753006104",5,502,53,1,53007,53006,4,3,13,99,,,,,,,2,13,99,,
"5502535300753006105",5,502,53,1,53007,53006,5,3,9,13,,,,,,,2,2,7,,
"5502535300753006106",5,502,53,1,53007,53006,6,1,5,7,15,,,,,,2,8,12,,
"5502535300753006107",5,502,53,1,53007,53006,7,1,3,9,,,,,,,1,2,13,,
"5502535300753006108",5,502,53,1,53007,53006,8,3,13,15,,,,,,,2,12,99,,
"5502535300753006109",5,502,53,1,53007,53006,9,3,13,,,,,,,,2,12,,,
"5502535300753006110",5,502,53,1,53007,53006,10,1,5,7,15,,,,,,2,13,,,
"5502535300753006111",5,502,53,1,53007,53006,11,1,9,17,,,,,,,2,12,,,
"5502535300753006112",5,502,53,1,53007,53006,12,2,11,12,13,,,,,,2,5,,,
"5502535300753006113",5,502,53,1,53007,53006,13,3,13,,,,,,,,2,12,,,
"5502535300753006114",5,502,53,1,53007,53006,14,1,5,7,15,,,,,,3,,,,
"5502535300753006115",5,502,53,1,53007,53006,15,3,15,,,,,,,,2,12,,,
"5502535300753006116",5,502,53,1,53007,53006,16,3,5,,,,,,,,2,,,,
"5502535300753006117",5,502,53,1,53007,53006,17,3,13,,,,,,,,3,,,,
"5502535300753006118",5,502,53,1,53007,53006,18,1,5,7,12,,,,,,2,3,12,,
"5502535300753006119",5,502,53,1,53007,53006,19,1,3,9,,,,,,,2,,,,
"5502535300753006120",5,502,53,1,53007,53006,20,9,13,17,,,,,,,2,5,,,
"5502535301653014201",5,502,53,2,53016,53014,1,3,9,11,,,,,,,2,,,,
"5502535301653014202",5,502,53,2,53016,53014,2,3,17,,,,,,,,2,7,,,
"5502535301653014203",5,502,53,2,53016,53014,3,3,13,,,,,,,,2,,,,
"5502535301653014204",5,502,53,2,53016,53014,4,3,4,7,,,,,,,2,3,,,
"5502535301653014205",5,502,53,2,53016,53014,5,3,13,,,,,,,,2,,,,
"5502535301653014206",5,502,53,2,53016,53014,6,9,12,13,,,,,,,2,10,,,
"5502535301653014207",5,502,53,2,53016,53014,7,3,,,,,,,,,2,,,,
"5502535301653014208",5,502,53,2,53016,53014,8,3,,,,,,,,,2,,,,
"5502535301653014209",5,502,53,2,53016,53014,9,2,4,7,9,13,,,,,2,2,13,,
"5502535301653014210",5,502,53,2,53016,53014,10,1,3,,,,,,,,2,13,,,
"5502535301653014211",5,502,53,2,53016,53014,11,5,9,13,,,,,,,2,4,10,,
"5502535301653014212",5,502,53,2,53016,53014,12,2,,,,,,,,,2,,,,
"5502535301653014213",5,502,53,2,53016,53014,13,3,,,,,,,,,2,,,,
"5502535301653014214",5,502,53,2,53016,53014,14,3,,,,,,,,,2,,,,
"5502535301653014215",5,502,53,2,53016,53014,15,13,99,,,,,,,,2,13,,,
"5502535301653014216",5,502,53,2,53016,53014,16,1,2,7,,,,,,,2,2,,,
"5502535301653014217",5,502,53,2,53016,53014,17,5,99,,,,,,,,2,99,,,
"5502535301653014218",5,502,53,2,53016,53014,18,1,3,,,,,,,,2,,,,
"5502535301653014219",5,502,53,2,53016,53014,19,9,13,15,,,,,,,2,2,3,,
"5502535301653014220",5,502,53,2,53016,53014,20,3,,,,,,,,,2,,,,
"5502535301653015202",5,502,53,2,53016,53015,2,3,4,,,,,,,,2,5,,,
"5502535301653015203",5,502,53,2,53016,53015,3,3,,,,,,,,,2,12,,,
"5502535301653015204",5,502,53,2,53016,53015,4,5,13,,,,,,,,2,,,,
"5502535301653015205",5,502,53,2,53016,53015,5,3,,,,,,,,,2,,,,
"5502535301653015206",5,502,53,2,53016,53015,6,2,13,14,,,,,,,2,10,,,
"5502535301653015207",5,502,53,2,53016,53015,7,5,,,,,,,,,2,5,7,,
"5502535301653015208",5,502,53,2,53016,53015,8,3,,,,,,,,,2,,,,
"5502535301653015209",5,502,53,2,53016,53015,9,3,5,8,,,,,,,2,5,6,7,
"5502535301653015210",5,502,53,2,53016,53015,10,5,99,,,,,,,,3,,,,
"5502535301653015211",5,502,53,2,53016,53015,11,3,,,,,,,,,2,,,,
"5502535301653015212",5,502,53,2,53016,53015,12,11,,,,,,,,,2,,,,
"5502535301653015213",5,502,53,2,53016,53015,13,3,,,,,,,,,2,,,,
"5502535301653015214",5,502,53,2,53016,53015,14,5,13,,,,,,,,2,7,,,
"5502535301653015215",5,502,53,2,53016,53015,15,3,9,,,,,,,,2,,,,
"5502535301653015216",5,502,53,2,53016,53015,16,3,5,,,,,,,,3,,,,
"5502535301653015217",5,502,53,2,53016,53015,17,3,9,13,,,,,,,2,7,,,
"5502535301653015218",5,502,53,2,53016,53015,18,12,13,,,,,,,,2,5,10,,
"5502535301653015219",5,502,53,2,53016,53015,19,3,9,12,,,,,,,2,5,,,
"5502535301653015220",5,502,53,2,53016,53015,20,3,,,,,,,,,2,,,,
"5502545400654025201",5,502,54,2,54006,54025,1,5,11,,,,,,,,2,7,,,
"5502545400654025204",5,502,54,2,54006,54025,4,5,12,13,,,,,,,2,10,,,
"5502545400654025206",5,502,54,2,54006,54025,6,3,13,,,,,,,,2,5,13,,
"5502545400654025216",5,502,54,2,54006,54025,16,3,4,13,,,,,,,2,13,,,
"5502545400654025219",5,502,54,2,54006,54025,19,7,10,11,,,,,,,3,,,,
"5502545400654025220",5,502,54,2,54006,54025,20,11,,,,,,,,,2,,,,
"5502545401054027201",5,502,54,2,54010,54027,1,3,13,,,,,,,,2,10,,,
"5502545401054027202",5,502,54,2,54010,54027,2,1,2,4,9,17,,,,,2,7,13,,
"5502545401054027208",5,502,54,2,54010,54027,8,3,,,,,,,,,2,,,,
"5502545401054027209",5,502,54,2,54010,54027,9,3,14,,,,,,,,2,2,,,
"5502545401954027203",5,502,54,2,54019,54027,3,3,7,13,,,,,,,2,5,99,,
"5502545401954027204",5,502,54,2,54019,54027,4,3,6,7,,,,,,,2,3,,,
"5502545401954027205",5,502,54,2,54019,54027,5,3,5,9,15,,,,,,2,3,,,
"5502545401954027206",5,502,54,2,54019,54027,6,3,13,,,,,,,,2,,,,
"5502545401954027207",5,502,54,2,54019,54027,7,9,12,,,,,,,,2,5,,,
"5502545401954027210",5,502,54,2,54019,54027,10,3,,,,,,,,,2,,,,
"5502545401954027211",5,502,54,2,54019,54027,11,3,99,,,,,,,,2,,,,
"5502545401954027212",5,502,54,2,54019,54027,12,3,,,,,,,,,3,,,,
"5502545401954027213",5,502,54,2,54019,54027,13,2,14,,,,,,,,2,,,,
"5502545401954027214",5,502,54,2,54019,54027,14,7,9,99,,,,,,,2,3,,,
"5502545401954027215",5,502,54,2,54019,54027,15,3,,,,,,,,,2,,,,
"5502545401954027216",5,502,54,2,54019,54027,16,3,,,,,,,,,2,2,4,,
"5502545401954027217",5,502,54,2,54019,54027,17,3,9,13,,,,,,,2,12,,,
"5502545401954027218",5,502,54,2,54019,54027,18,3,11,13,,,,,,,2,10,,,
"5502545401954027219",5,502,54,2,54019,54027,19,2,9,12,,,,,,,2,10,,,
"5502545401954027220",5,502,54,2,54019,54027,20,3,13,,,,,,,,2,10,,,
"5502545402054025202",5,502,54,2,54020,54025,2,3,5,,,,,,,,2,12,,,
"5502545402054025203",5,502,54,2,54020,54025,3,3,,,,,,,,,2,5,,,
"5502545402054025205",5,502,54,2,54020,54025,5,3,,,,,,,,,2,5,,,
"5502545402054025207",5,502,54,2,54020,54025,7,3,5,9,13,,,,,,1,7,,,
"5502545402054025208",5,502,54,2,54020,54025,8,3,,,,,,,,,2,10,,,
"5502545402054025209",5,502,54,2,54020,54025,9,13,99,,,,,,,,2,10,,,
"5502545402054025210",5,502,54,2,54020,54025,10,3,13,14,,,,,,,2,6,7,,
"5502545402054025211",5,502,54,2,54020,54025,11,3,,,,,,,,,2,,,,
"5502545402054025212",5,502,54,2,54020,54025,12,7,13,,,,,,,,2,3,7,,
"5502545402054025213",5,502,54,2,54020,54025,13,3,,,,,,,,,2,,,,
"5502545402054025214",5,502,54,2,54020,54025,14,3,9,17,,,,,,,2,3,,,
"5502545402054025215",5,502,54,2,54020,54025,15,3,,,,,,,,,2,6,,,
"5502545402054025217",5,502,54,2,54020,54025,17,5,13,,,,,,,,2,,,,
"5502545402054025218",5,502,54,2,54020,54025,18,3,,,,,,,,,2,,,,
"5502545402254024201",5,502,54,2,54022,54024,1,10,13,,,,,,,,2,12,,,
"5502545402254024202",5,502,54,2,54022,54024,2,3,,,,,,,,,3,,,,
"5502545402254024204",5,502,54,2,54022,54024,4,1,3,9,13,,,,,,2,6,5,,
"5502545402254024205",5,502,54,2,54022,54024,5,1,3,12,13,,,,,,1,5,6,10,
"5502545402254024206",5,502,54,2,54022,54024,6,2,3,5,,,,,,,2,13,,,
"5502545402254024208",5,502,54,2,54022,54024,8,3,4,5,9,13,,,,,2,2,10,13,
"5502545402254024209",5,502,54,2,54022,54024,9,3,7,9,11,,,,,,2,5,,,
"5502545402254024210",5,502,54,2,54022,54024,10,3,5,,,,,,,,2,,,,
"5502545402254024211",5,502,54,2,54022,54024,11,5,6,7,9,99,,,,,2,2,6,13,
"5502545402254024213",5,502,54,2,54022,54024,13,3,14,,,,,,,,2,,,,
"5502545402254024214",5,502,54,2,54022,54024,14,1,17,99,,,,,,,2,3,13,,
"5502545402254024217",5,502,54,2,54022,54024,17,2,9,,,,,,,,2,10,,,
"5502545402254024219",5,502,54,2,54022,54024,19,9,13,,,,,,,,3,,,,
"5502545402254024220",5,502,54,2,54022,54024,20,3,13,99,,,,,,,2,,,,
"5502545402754024203",5,502,54,2,54027,54024,3,5,9,,,,,,,,2,7,,,
"5502545402754024207",5,502,54,2,54027,54024,7,3,9,,,,,,,,2,10,,,
"5502545402754024212",5,502,54,2,54027,54024,12,3,13,,,,,,,,1,5,10,13,
"5502545402754024215",5,502,54,2,54027,54024,15,3,17,13,,,,,,,2,,,,
"5502545402754024216",5,502,54,2,54027,54024,16,1,5,9,12,99,,,,,2,7,10,,
"5502545402754024218",5,502,54,2,54027,54024,18,5,9,,,,,,,,2,,,,
"5502545402854005201",5,502,54,2,54028,54005,1,1,7,,,,,,,,2,,,,
"5502545402854005202",5,502,54,2,54028,54005,2,1,7,13,,,,,,,2,5,10,,
"5502545402854005203",5,502,54,2,54028,54005,3,3,,,,,,,,,2,,,,
"5502545402854005204",5,502,54,2,54028,54005,4,3,9,12,,,,,,,2,5,,,
"5502545402854005205",5,502,54,2,54028,54005,5,1,5,,,,,,,,1,4,,,
"5502545402854005206",5,502,54,2,54028,54005,6,2,7,12,13,,,,,,2,3,6,,
"5502545402854005207",5,502,54,2,54028,54005,7,3,5,,,,,,,,2,2,,,
"5502545402854005208",5,502,54,2,54028,54005,8,3,,,,,,,,,2,,,,
"5502545402854005209",5,502,54,2,54028,54005,9,3,13,,,,,,,,2,99,,,
"5502545402854005210",5,502,54,2,54028,54005,10,3,,,,,,,,,2,,,,
"5502545402854005211",5,502,54,2,54028,54005,11,5,6,13,,,,,,,2,10,,,
"5502545402854005212",5,502,54,2,54028,54005,12,3,,,,,,,,,2,,,,
"5502545402854005213",5,502,54,2,54028,54005,13,1,3,,,,,,,,2,4,,,
"5502545402854005214",5,502,54,2,54028,54005,14,3,,,,,,,,,2,6,,,
"5502545402854005215",5,502,54,2,54028,54005,15,5,99,,,,,,,,2,10,,,
"5502545402854005216",5,502,54,2,54028,54005,16,5,13,,,,,,,,2,6,,,
"5502545402854005217",5,502,54,2,54028,54005,17,2,3,,,,,,,,2,5,,,
"5502545402854005218",5,502,54,2,54028,54005,18,3,13,,,,,,,,2,99,,,
"5502545402854005219",5,502,54,2,54028,54005,19,4,5,13,,,,,,,2,4,,,
"5502545402854005220",5,502,54,2,54028,54005,20,3,,,,,,,,,2,5,,,
"5502555301653015201",5,502,55,2,53016,53015,1,3,,,,,,,,,3,,,,
"5502555500155068220",5,502,55,2,55001,55068,20,3,5,7,9,11,13,,,,2,2,3,6,
"5502555500655069212",5,502,55,2,55006,55069,12,3,,,,,,,,2,,,,,2
"5502555500655069213",5,502,55,2,55006,55069,13,3,9,,,,,,,2,,5,,,2
"5502555500655069214",5,502,55,2,55006,55069,14,5,,,,,,,,2,,,,,2
"5502555501055069202",5,502,55,2,55010,55069,2,4,7,,,,,,,2,,,,,2
"5502555501055069203",5,502,55,2,55010,55069,3,3,,,,,,,,2,,5,4,,2
"5502555501055069204",5,502,55,2,55010,55069,4,3,9,3,,,,,,2,,6,,,2
"5502555501055069205",5,502,55,2,55010,55069,5,3,3,6,,,,,,2,,7,,,2
"5502555501055069206",5,502,55,2,55010,55069,6,11,3,,,,,,,2,,,,,2
"5502555501055069207",5,502,55,2,55010,55069,7,3,4,5,,,,,,2,,7,,,2
"5502555501055069208",5,502,55,2,55010,55069,8,3,,,,,,,,2,,9,,,2
"5502555501055069209",5,502,55,2,55010,55069,9,3,4,,,,,,,2,,,,,2
"5502555501055069210",5,502,55,2,55010,55069,10,2,3,,,,,,,3,,,,,2
"5502555501055069215",5,502,55,2,55010,55069,15,7,3,,,,,,,2,,2,,,2
"5502555502155051201",5,502,55,2,55021,55051,1,2,14,16,,,,,,,2,10,99,,
"5502555502155051202",5,502,55,2,55021,55051,2,3,12,16,,,,,,,2,10,,,
"5502555502155051203",5,502,55,2,55021,55051,3,3,12,13,,,,,,,2,10,12,,
"5502555502155051204",5,502,55,2,55021,55051,4,7,10,14,15,,,,,,2,2,7,,
"5502555502155051205",5,502,55,2,55021,55051,5,2,7,13,14,,,,,,2,2,5,10,
"5502555502155051206",5,502,55,2,55021,55051,6,2,13,17,,,,,,,3,,,,
"5502555502155051207",5,502,55,2,55021,55051,7,3,12,13,,,,,,,2,10,,,
"5502555502155051208",5,502,55,2,55021,55051,8,5,13,99,,,,,,,2,4,99,,
"5502555502155051209",5,502,55,2,55021,55051,9,3,11,13,14,,,,,,2,2,13,,
"5502555502155051210",5,502,55,2,55021,55051,10,,,,,,2,7,4,9,2,1,10,12,13
"5502555502155051211",5,502,55,2,55021,55051,11,,,,,,,2,5,13,2,,1,5,99
"5502555502155051212",5,502,55,2,55021,55051,12,,,,,1,2,4,7,13,2,1,7,10,13
"5502555502155051213",5,502,55,2,55021,55051,13,,,,,,,5,13,99,2,,10,13,99
"5502555502155051214",5,502,55,2,55021,55051,14,,,,,,1,3,7,9,2,7,1,10,12
"5502555502155051215",5,502,55,2,55021,55051,15,,,,,,3,13,15,99,2,,1,2,10
"5502555502155051216",5,502,55,2,55021,55051,16,,,,,,1,2,9,14,2,,,1,13
"5502555502155051217",5,502,55,2,55021,55051,17,2,3,7,12,14,,,,,2,3,7,13,
"5502555502155051218",5,502,55,2,55021,55051,18,,,,,,,1,7,14,3,,,,
"5502555502155051219",5,502,55,2,55021,55051,19,2,9,15,,,,,,,2,10,12,,
"5502555502155051220",5,502,55,2,55021,55051,20,,,,,,,3,4,13,2,1,2,7,10
"5502555502455027101",5,502,55,1,55024,55027,1,4,7,,,,,,,,2,7,,,
"5502555502455027102",5,502,55,1,55024,55027,2,5,7,9,11,,,,,,2,3,,,
"5502555502455027103",5,502,55,1,55024,55027,3,9,13,,,,,,,,2,7,13,,
"5502555502455027104",5,502,55,1,55024,55027,4,3,9,12,13,,,,,,2,5,99,,
"5502555502455027105",5,502,55,1,55024,55027,5,3,5,12,13,,,,,,2,7,,,
"5502555502455027106",5,502,55,1,55024,55027,6,3,7,,,,,,,,2,13,,,
"5502555502455027107",5,502,55,1,55024,55027,7,3,5,9,13,,,,,,2,5,7,,
"5502555502455027108",5,502,55,1,55024,55027,8,3,7,,,,,,,,2,,,,
"5502555502455027109",5,502,55,1,55024,55027,9,3,9,13,,,,,,,2,5,,,
"5502555502455027110",5,502,55,1,55024,55027,10,3,9,12,,,,,,,2,12,,,
"5502555502455027111",5,502,55,1,55024,55027,11,3,9,13,,,,,,,2,12,99,,
"5502555502455027112",5,502,55,1,55024,55027,12,9,12,13,,,,,,,2,5,7,,
"5502555502455027113",5,502,55,1,55024,55027,13,3,5,9,12,,,,,,1,4,5,12,
"5502555502455027114",5,502,55,1,55024,55027,14,4,,,,,,,,,2,13,,,
"5502555502455027115",5,502,55,1,55024,55027,15,9,12,13,,,,,,,2,5,7,,
"5502555502455027116",5,502,55,1,55024,55027,16,6,7,,,,,,,,2,4,,,
"5502555502455027117",5,502,55,1,55024,55027,17,3,17,,,,,,,,2,,,,
"5502555502455027119",5,502,55,1,55024,55027,19,3,9,12,13,,,,,,2,10,99,,
"5502555502455027218",5,502,55,2,55024,55027,18,3,5,9,12,13,,,,,2,3,5,7,
"5502555502455027220",5,502,55,2,55024,55027,20,3,9,13,,,,,,,2,7,,,
"5502555502455037101",5,502,55,1,55024,55037,1,7,9,1,,,,,,3,,,,,1
"5502555502455037102",5,502,55,1,55024,55037,2,10,3,3,,,,,,2,,6,2,,1
"5502555502455037104",5,502,55,1,55024,55037,4,3,7,,,,,,,2,,,,,1
"5502555502455037105",5,502,55,1,55024,55037,5,3,2,3,,,,,,3,,,,,1
"5502555502455037106",5,502,55,1,55024,55037,6,3,4,9,3,,,,,2,,7,,,1
"5502555502455037107",5,502,55,1,55024,55037,7,9,2,3,,,,,,2,,,,,1
"5502555502455037108",5,502,55,1,55024,55037,8,5,7,,,,,,,2,,5,2,,2
"5502555502455037109",5,502,55,1,55024,55037,9,3,9,1,,,,,,2,,,,,2
"5502555502455037110",5,502,55,1,55024,55037,10,3,,,,,,,,2,,,,,2
"5502555502455037111",5,502,55,1,55024,55037,11,3,7,3,5,,,,,2,,4,,,2
"5502555502455037112",5,502,55,1,55024,55037,12,10,9,,,,,,,2,,3,,,2
"5502555502455037114",5,502,55,1,55024,55037,14,10,5,,,,,,,2,,2,,,2
"5502555502455037115",5,502,55,1,55024,55037,15,5,5,,,,,,,2,,1,,,2
"5502555502455037116",5,502,55,1,55024,55037,16,3,,,,,,,,2,,,,,2
"5502555502455037117",5,502,55,1,55024,55037,17,3,4,9,3,,,,,2,,7,2,,2
"5502555502455037118",5,502,55,1,55024,55037,18,3,3,,,,,,,2,,7,,,2
"5502555502455037119",5,502,55,1,55024,55037,19,11,7,,,,,,,2,,3,,,1
"5502555502455037120",5,502,55,1,55024,55037,20,3,,,,,,,,2,,,,,2
"5502555502455037203",5,502,55,2,55024,55037,3,3,,,,,,,,2,,,,,2
"5502555502455043101",5,502,55,1,55024,55043,1,3,,,,,,,,,2,,,,
"5502555502455043102",5,502,55,1,55024,55043,2,3,,,,,,,,,2,,,,
"5502555502455043103",5,502,55,1,55024,55043,3,17,99,,,,,,,,2,,,,
"5502555502455043104",5,502,55,1,55024,55043,4,12,13,,,,,,,,2,10,99,,
"5502555502455043105",5,502,55,1,55024,55043,5,3,,,,,,,,,3,,,,
"5502555502455043106",5,502,55,1,55024,55043,6,3,13,,,,,,,,3,,,,
"5502555502455043107",5,502,55,1,55024,55043,7,3,5,13,14,,,,,,2,6,12,,
"5502555502455043108",5,502,55,1,55024,55043,8,3,4,9,,,,,,,2,3,,,
"5502555502455043109",5,502,55,1,55024,55043,9,3,,,,,,,,,2,,,,
"5502555502455043110",5,502,55,1,55024,55043,10,99,,,,,,,,,3,,,,
"5502555502455043111",5,502,55,1,55024,55043,11,3,13,,,,,,,,2,5,,,
"5502555502455043112",5,502,55,1,55024,55043,12,1,3,4,9,,,,,,2,4,,,
"5502555502455043113",5,502,55,1,55024,55043,13,3,17,,,,,,,,2,,,,
"5502555502455043114",5,502,55,1,55024,55043,14,3,,,,,,,,,2,5,,,
"5502555502455043115",5,502,55,1,55024,55043,15,12,13,,,,,,,,2,,,,
"5502555502455043116",5,502,55,1,55024,55043,16,2,,,,,,,,,2,,,,
"5502555502455043117",5,502,55,1,55024,55043,17,3,5,9,,,,,,,2,,,,
"5502555502455043118",5,502,55,1,55024,55043,18,3,7,9,,,,,,,2,7,,,
"5502555502455043119",5,502,55,1,55024,55043,19,3,7,9,,,,,,,2,13,,,
"5502555502455043120",5,502,55,1,55024,55043,20,3,,,,,,,,,2,,,,
"5502555502455045101",5,502,55,1,55024,55045,1,3,9,13,,,,,,,2,4,5,7,
"5502555502455045104",5,502,55,1,55024,55045,4,6,7,,,,,,,,2,13,,,
"5502555502455045106",5,502,55,1,55024,55045,6,3,13,,,,,,,,2,10,,,
"5502555502455045108",5,502,55,1,55024,55045,8,3,,,,,,,,,2,,,,
"5502555502455045112",5,502,55,1,55024,55045,12,4,5,7,,,,,,,2,4,,,
"5502555502455045202",5,502,55,2,55024,55045,2,7,13,,,,,,,,2,,,,
"5502555502455045203",5,502,55,2,55024,55045,3,1,3,,,,,,,,3,,,,
"5502555502455045205",5,502,55,2,55024,55045,5,3,13,,,,,,,,2,99,,,
"5502555502455045207",5,502,55,2,55024,55045,7,3,13,,,,,,,,2,,,,
"5502555502455045209",5,502,55,2,55024,55045,9,9,15,,,,,,,,3,,,,
"5502555502455045210",5,502,55,2,55024,55045,10,3,4,,,,,,,,2,5,,,
"5502555502455045211",5,502,55,2,55024,55045,11,3,,,,,,,,,2,,,,
"5502555502455045213",5,502,55,2,55024,55045,13,5,99,,,,,,,,3,,,,
"5502555502455045214",5,502,55,2,55024,55045,14,3,4,5,,,,,,,2,2,,,
"5502555502455045215",5,502,55,2,55024,55045,15,3,13,,,,,,,,2,10,,,
"5502555502455045216",5,502,55,2,55024,55045,16,3,,,,,,,,,2,5,,,
"5502555502455045217",5,502,55,2,55024,55045,17,3,9,,,,,,,,2,99,,,
"5502555502455045218",5,502,55,2,55024,55045,18,3,13,,,,,,,,2,3,7,,
"5502555502455045219",5,502,55,2,55024,55045,19,3,9,12,13,,,,,,2,99,,,
"5502555502455045220",5,502,55,2,55024,55045,20,3,9,,,,,,,,2,,,,
"5502555502855071113",5,502,55,1,55028,55071,13,3,,,,,,,,,2,,,,
"5502555502855071201",5,502,55,2,55028,55071,1,3,9,,,,,,,,2,,,,
"5502555502855071202",5,502,55,2,55028,55071,2,3,,,,,,,,,2,,,,
"5502555502855071203",5,502,55,2,55028,55071,3,13,,,,,,,,,2,13,,,
"5502555502855071204",5,502,55,2,55028,55071,4,3,13,,,,,,,,2,,,,
"5502555502855071205",5,502,55,2,55028,55071,5,3,,,,,,,,,2,,,,
"5502555502855071206",5,502,55,2,55028,55071,6,5,13,,,,,,,,2,4,10,,
"5502555502855071207",5,502,55,2,55028,55071,7,4,9,11,,,,,,,2,,,,
"5502555502855071210",5,502,55,2,55028,55071,10,1,14,,,,,,,,2,2,,,
"5502555502855071212",5,502,55,2,55028,55071,12,13,,,,,,,,,2,,,,
"5502555502855071213",5,502,55,2,55028,55071,13,3,,,,,,,,,2,,,,
"5502555502855071214",5,502,55,2,55028,55071,14,3,,,,,,,,,2,,,,
"5502555503155071220",5,502,55,2,55031,55071,20,3,13,,,,,,,,2,10,,,
"5502555503455037113",5,502,55,1,55034,55037,13,3,4,7,,,,,,2,,3,7,,1
"5502555503755071208",5,502,55,2,55037,55071,8,3,,,,,,,,,2,2,,,
"5502555503755071209",5,502,55,2,55037,55071,9,13,,,,,,,,,2,,,,
"5502555503755071211",5,502,55,2,55037,55071,11,3,13,,,,,,,,3,,,,
"5502555503755071215",5,502,55,2,55037,55071,15,3,5,,,,,,,,2,,,,
"5502555503755071219",5,502,55,2,55037,55071,19,3,,,,,,,,,2,2,5,10,
"5502555503955071208",5,502,55,2,55039,55071,8,3,,,,,,,,,2,2,,,
"5502555503955071211",5,502,55,2,55039,55071,11,3,13,,,,,,,,3,,,,
"5502555503955071215",5,502,55,2,55039,55071,15,3,5,,,,,,,,2,,,,
"5502555503955071216",5,502,55,2,55039,55071,16,1,2,,,,,,,,2,,,,
"5502555503955071217",5,502,55,2,55039,55071,17,3,,,,,,,,,2,,,,
"5502555503955071218",5,502,55,2,55039,55071,18,3,,,,,,,,,2,,,,
"5502555503955071219",5,502,55,2,55039,55071,19,3,,,,,,,,,2,2,5,10,
"5502555505555068201",5,502,55,2,55055,55068,1,3,9,12,,,,,,,2,10,,,
"5502555505555068202",5,502,55,2,55055,55068,2,4,6,7,14,99,,,,,2,5,,,
"5502555505555068204",5,502,55,2,55055,55068,4,3,5,9,,,,,,,1,5,10,99,
"5502555505555068206",5,502,55,2,55055,55068,6,3,9,,,,,,,,2,99,,,
"5502555505555068207",5,502,55,2,55055,55068,7,5,9,13,,,,,,,2,3,7,13,
"5502555505555068208",5,502,55,2,55055,55068,8,3,,,,,,,,,2,,,,
"5502555505555068209",5,502,55,2,55055,55068,9,3,11,13,,,,,,,2,10,,,
"5502555505555068210",5,502,55,2,55055,55068,10,5,13,,,,,,,,2,10,,,
"5502555505555068211",5,502,55,2,55055,55068,11,13,99,,,,,,,,2,10,,,
"5502555505555068212",5,502,55,2,55055,55068,12,3,,,,,,,,,2,,,,
"5502555505555068213",5,502,55,2,55055,55068,13,3,7,9,16,,,,,,2,3,,,
"5502555505555068214",5,502,55,2,55055,55068,14,3,9,13,,,,,,,2,7,99,,
"5502555505555068215",5,502,55,2,55055,55068,15,3,12,13,,,,,,,2,13,,,
"5502555505555068216",5,502,55,2,55055,55068,16,3,5,13,99,,,,,,2,3,5,99,
"5502555505555068217",5,502,55,2,55055,55068,17,3,,,,,,,,,2,,,,
"5502555505555068218",5,502,55,2,55055,55068,18,3,9,11,,,,,,,2,,,,
"5502555505555068219",5,502,55,2,55055,55068,19,3,,,,,,,,,2,,,,
"5502555506255091203",5,502,55,2,55062,55091,3,3,9,,,,,,,,2,6,,,
"5502555506255091206",5,502,55,2,55062,55091,6,3,14,16,,,,,,,2,,,,
"5502555506255091207",5,502,55,2,55062,55091,7,1,5,,,,,,,,2,3,4,12,
"5502555506255091210",5,502,55,2,55062,55091,10,3,,,,,,,,,2,6,10,,
"5502555506255091211",5,502,55,2,55062,55091,11,3,9,,,,,,,,2,,,,
"5502555506255091212",5,502,55,2,55062,55091,12,2,13,14,,,,,,,2,7,,,
"5502555506255091214",5,502,55,2,55062,55091,14,3,5,9,,,,,,,3,,,,
"5502555506255091217",5,502,55,2,55062,55091,17,3,4,9,13,,,,,,2,7,10,,
"5502555506655069201",5,502,55,2,55066,55069,1,3,7,9,,,,,,2,,4,,,2
"5502555506655069211",5,502,55,2,55066,55069,11,5,3,,,,,,,2,,7,,,2
"5502555506655069216",5,502,55,2,55066,55069,16,3,,,,,,,,2,,,,,2
"5502555506655069217",5,502,55,2,55066,55069,17,3,7,9,,,,,,2,,3,3,,2
"5502555506655069218",5,502,55,2,55066,55069,18,3,,,,,,,,2,,,,,2
"5502555506655069219",5,502,55,2,55066,55069,19,2,3,7,9,,,,,2,,4,,,2
"5502555506655069220",5,502,55,2,55066,55069,20,4,11,2,,,,,,2,,,,,1
"5502555507455091201",5,502,55,2,55074,55091,1,2,9,13,14,16,,,,,2,6,,,
"5502555507455091205",5,502,55,2,55074,55091,5,3,9,12,,,,,,,2,10,,,
"5502555507455091208",5,502,55,2,55074,55091,8,3,9,16,,,,,,,1,6,7,,
"5502555507455091209",5,502,55,2,55074,55091,9,3,9,13,,,,,,,2,6,7,,
"5502555508155091202",5,502,55,2,55081,55091,2,1,5,,,,,,,,2,3,,,
"5502555508155091204",5,502,55,2,55081,55091,4,2,3,,,,,,,,2,10,,,
"5502555508155091213",5,502,55,2,55081,55091,13,1,5,,,,,,,,2,7,,,
"5502555508155091215",5,502,55,2,55081,55091,15,1,5,,,,,,,,2,3,,,
"5502555508155091216",5,502,55,2,55081,55091,16,1,5,,,,,,,,2,3,,,
"5502555508155091218",5,502,55,2,55081,55091,18,1,5,,,,,,,,2,10,,,
"5502555508155091219",5,502,55,2,55081,55091,19,3,13,,,,,,,,2,,,,
"5502555508155091220",5,502,55,2,55081,55091,20,2,16,,,,,,,,2,2,,,
"5502555508455068205",5,502,55,2,55084,55068,5,5,7,9,17,,,,,,2,13,,,
"6601606000160014206",6,601,60,2,60001,60014,6,3,,,,,,,,,2,2,,,
"6601606000260014201",6,601,60,2,60002,60014,1,3,13,,,,,,,,2,,,,
"6601606000260014205",6,601,60,2,60002,60014,5,2,13,14,,,,,,,2,13,,,
"6601606000260014216",6,601,60,2,60002,60014,16,5,,,,,,,,,2,5,7,99,
"6601606000260014217",6,601,60,2,60002,60014,17,2,3,14,,,,,,,2,6,,,
"6601606000360014202",6,601,60,2,60003,60014,2,3,9,,,,,,,,2,,,,
"6601606000360014203",6,601,60,2,60003,60014,3,1,3,,,,,,,,2,,,,
"6601606000360014209",6,601,60,2,60003,60014,9,5,13,,,,,,,,3,,,,
"6601606000460014204",6,601,60,2,60004,60014,4,3,5,,,,,,,,2,12,13,,
"6601606000460014208",6,601,60,2,60004,60014,8,7,9,,,,,,,,2,13,,,
"6601606000460014211",6,601,60,2,60004,60014,11,9,10,11,,,,,,,2,13,,,
"6601606000460014212",6,601,60,2,60004,60014,12,7,9,13,,,,,,,2,12,,,
"6601606001160014218",6,601,60,2,60011,60014,18,3,13,,,,,,,,2,10,,,
"6601606001160014219",6,601,60,2,60011,60014,19,3,5,9,13,,,,,,2,5,7,99,
"6601606001360014207",6,601,60,2,60013,60014,7,2,3,5,12,13,,,,,2,5,6,12,99
"6601606001360014214",6,601,60,2,60013,60014,14,13,,,,,,,,,2,2,,,
"6601606001360014215",6,601,60,2,60013,60014,15,9,13,,,,,,,,2,10,,,
"6601606001560014220",6,601,60,2,60015,60014,20,3,5,,,,,,,,2,2,,,
"6601606001760017219",6,601,60,2,60017,60017,19,3,,,,,,,,,2,,,,
"6601606001760017220",6,601,60,2,60017,60017,20,3,,,,,,,,,3,,,,
"6601606001860017214",6,601,60,2,60018,60017,14,3,,,,,,,,,2,,,,
"6601606001860017215",6,601,60,2,60018,60017,15,3,,,,,,,,,2,,,,
"6601606001860017218",6,601,60,2,60018,60017,18,11,12,13,,,,,,,3,,,,
"6601606003160017209",6,601,60,2,60031,60017,9,3,7,9,,,,,,,2,13,,,
"6601606003160017210",6,601,60,2,60031,60017,10,3,9,,,,,,,,2,10,99,,
"6601606003160017212",6,601,60,2,60031,60017,12,3,5,8,13,,,,,,2,7,7,,
"6601606003160017213",6,601,60,2,60031,60017,13,3,,,,,,,,,2,,,,
"6601606003160017216",6,601,60,2,60031,60017,16,13,,,,,,,,,2,,,,
"6601606003160017217",6,601,60,2,60031,60017,17,5,,,,,,,,,2,,,,
"6601606003460004101",6,601,60,1,60034,60004,1,3,5,13,,,,,,,2,4,10,,
"6601606003460004102",6,601,60,1,60034,60004,2,5,13,99,,,,,,,2,4,10,,
"6601606003460004103",6,601,60,1,60034,60004,3,9,13,,,,,,,,2,2,12,,
"6601606003460004104",6,601,60,1,60034,60004,4,3,11,13,,,,,,,2,10,13,,
"6601606003460004105",6,601,60,1,60034,60004,5,5,13,14,99,,,,,,,5,10,,
"6601606003460004106",6,601,60,1,60034,60004,6,1,5,13,99,,,,,,2,3,4,,
"6601606003460004107",6,601,60,1,60034,60004,7,3,9,10,13,14,,,,,2,2,,,
"6601606003460004108",6,601,60,1,60034,60004,8,4,5,13,,,,,,,2,3,12,,
"6601606003460004109",6,601,60,1,60034,60004,9,5,12,13,,,,,,,2,7,10,,
"6601606003460004110",6,601,60,1,60034,60004,10,1,3,13,,,,,,,2,7,,,
"6601606003460004111",6,601,60,1,60034,60004,11,7,9,15,17,,,,,,2,7,13,,
"6601606003460004112",6,601,60,1,60034,60004,12,10,11,13,,,,,,,3,,,,
"6601606003460004113",6,601,60,1,60034,60004,13,2,7,14,17,,,,,,3,,,,
"6601606003460004114",6,601,60,1,60034,60004,14,9,13,,,,,,,,2,5,,,
"6601606003460004115",6,601,60,1,60034,60004,15,2,4,13,,,,,,,1,5,10,,
"6601606003460004116",6,601,60,1,60034,60004,16,2,3,13,14,,,,,,2,2,3,,
"6601606003460004117",6,601,60,1,60034,60004,17,2,9,13,,,,,,,3,,,,
"6601606003460004118",6,601,60,1,60034,60004,18,1,9,99,,,,,,,3,,,,
"6601606003460004119",6,601,60,1,60034,60004,19,5,13,99,,,,,,,2,12,,,
"6601606003460004120",6,601,60,1,60034,60004,20,1,9,10,,,,,,,3,,,,
"6601606003560011101",6,601,60,1,60035,60011,1,2,9,13,,,,,,,3,,,,
"6601606003560011102",6,601,60,1,60035,60011,2,3,,,,,,,,,2,,,,
"6601606003560011103",6,601,60,1,60035,60011,3,3,,,,,,,,,2,,,,
"6601606003560011104",6,601,60,1,60035,60011,4,3,4,5,9,,,,,,3,,,,
"6601606003560011105",6,601,60,1,60035,60011,5,3,7,9,13,,,,,,3,,,,
"6601606003560011106",6,601,60,1,60035,60011,6,7,9,,,,,,,,2,4,,,
"6601606003560011107",6,601,60,1,60035,60011,7,3,,,,,,,,,3,,,,
"6601606003560011108",6,601,60,1,60035,60011,8,3,99,,,,,,,,2,,,,
"6601606003560011110",6,601,60,1,60035,60011,10,3,5,9,13,,,,,,1,5,10,,
"6601606003560011111",6,601,60,1,60035,60011,11,3,6,7,,,,,,,2,,,,
"6601606003560011113",6,601,60,1,60035,60011,13,3,4,5,7,9,13,,,,1,4,5,,
"6601606003560011114",6,601,60,1,60035,60011,14,13,17,,,,,,,,2,7,,,
"6601606003560011115",6,601,60,1,60035,60011,15,3,13,,,,,,,,2,,,,
"6601606003560011116",6,601,60,1,60035,60011,16,3,,,,,,,,,2,10,,,
"6601606003560011117",6,601,60,1,60035,60011,17,3,9,13,,,,,,,3,,,,
"6601606003560011118",6,601,60,1,60035,60011,18,3,5,9,12,,,,,,2,6,,,
"6601606003560011119",6,601,60,1,60035,60011,19,3,13,,,,,,,,2,,,,
"6601606003560011120",6,601,60,1,60035,60011,20,3,5,9,13,,,,,,2,5,6,99,
"6601606003560011212",6,601,60,2,60035,60011,12,3,17,,,,,,,,2,12,,,
"6601606003560013101",6,601,60,1,60035,60013,1,3,12,13,,,,,,,2,10,,,
"6601606003560013102",6,601,60,1,60035,60013,2,3,4,7,,,,,,,3,,,,
"6601606003560013103",6,601,60,1,60035,60013,3,3,,,,,,,,,2,,,,
"6601606003560013104",6,601,60,1,60035,60013,4,1,3,7,12,,,,,,2,6,7,,
"6601606003560013105",6,601,60,1,60035,60013,5,1,,,,,,,,,2,,,,
"6601606003560013106",6,601,60,1,60035,60013,6,3,,,,,,,,,2,,,,
"6601606003560013107",6,601,60,1,60035,60013,7,3,7,,,,,,,,2,6,7,,
"6601606003560013108",6,601,60,1,60035,60013,8,5,9,,,,,,,,1,4,7,,
"6601606003560013109",6,601,60,1,60035,60013,9,5,,,,,,,,,2,,,,
"6601606003560013110",6,601,60,1,60035,60013,10,3,,,,,,,,,2,,,,
"6601606003560013111",6,601,60,1,60035,60013,11,3,11,13,,,,,,,2,13,,,
"6601606003560013112",6,601,60,1,60035,60013,12,3,,,,,,,,,2,,,,
"6601606003560013113",6,601,60,1,60035,60013,13,3,4,,,,,,,,3,,,,
"6601606003560013114",6,601,60,1,60035,60013,14,4,9,,,,,,,,2,2,,,
"6601606003560013115",6,601,60,1,60035,60013,15,3,,,,,,,,,2,,,,
"6601606003560013116",6,601,60,1,60035,60013,16,12,99,,,,,,,,2,10,,,
"6601606003560013117",6,601,60,1,60035,60013,17,99,,,,,,,,,3,,,,
"6601606003560013118",6,601,60,1,60035,60013,18,3,13,,,,,,,,3,,,,
"6601606003560013119",6,601,60,1,60035,60013,19,5,,,,,,,,,2,,,,
"6601606003560013120",6,601,60,1,60035,60013,20,3,5,7,,,,,,,2,5,7,,
"6601606003660008101",6,601,60,1,60036,60008,1,3,,,,,,,,,2,5,,,
"6601606003660008102",6,601,60,1,60036,60008,2,1,7,9,13,17,,,,,2,13,,,
"6601606003660008103",6,601,60,1,60036,60008,3,3,,,,,,,,,2,,,,
"6601606003660008104",6,601,60,1,60036,60008,4,2,13,,,,,,,,2,10,,,
"6601606003660008105",6,601,60,1,60036,60008,5,1,12,,,,,,,,2,13,,,
"6601606003660008106",6,601,60,1,60036,60008,6,7,9,13,,,,,,,2,,,,
"6601606003660008107",6,601,60,1,60036,60008,7,3,13,,,,,,,,3,,,,
"6601606003660008108",6,601,60,1,60036,60008,8,3,,,,,,,,,3,,,,
"6601606003660008109",6,601,60,1,60036,60008,9,3,,,,,,,,,2,,,,
"6601606003660008110",6,601,60,1,60036,60008,10,3,,,,,,,,,2,,,,
"6601606003660008111",6,601,60,1,60036,60008,11,13,99,,,,,,,,1,,,,
"6601606003660008112",6,601,60,1,60036,60008,12,3,12,,,,,,,,2,10,,,
"6601606003660008113",6,601,60,1,60036,60008,13,3,9,13,,,,,,,2,,,,
"6601606003660008115",6,601,60,1,60036,60008,15,3,4,5,6,9,,,,,3,,,,
"6601606003660008116",6,601,60,1,60036,60008,16,3,9,,,,,,,,3,,,,
"6601606003660008117",6,601,60,1,60036,60008,17,3,12,13,15,,,,,,2,5,10,,
"6601606003660008118",6,601,60,1,60036,60008,18,3,5,99,,,,,,,2,,,,
"6601606003660008119",6,601,60,1,60036,60008,19,5,7,9,,,,,,,2,10,13,,
"6601606003660008120",6,601,60,1,60036,60008,20,13,17,,,,,,,,2,,,,
"6601606003860017207",6,601,60,2,60038,60017,7,2,4,7,9,11,,,,,2,2,12,,
"6601606004360024201",6,601,60,2,60043,60024,1,5,13,,,,,,,,3,,,,
"6601606004360024203",6,601,60,2,60043,60024,3,3,17,,,,,,,,2,,,,
"6601606004360024208",6,601,60,2,60043,60024,8,1,3,9,11,13,,,,,1,3,5,10,
"6601606004360024214",6,601,60,2,60043,60024,14,3,14,,,,,,,,2,,,,
"6601606004360024215",6,601,60,2,60043,60024,15,2,13,,,,,,,,2,,,,
"6601606004360024216",6,601,60,2,60043,60024,16,3,12,13,,,,,,,2,10,,,
"6601606004360024219",6,601,60,2,60043,60024,19,1,3,5,9,12,,,,,2,6,5,10,99
"6601606004360024220",6,601,60,2,60043,60024,20,3,,,,,,,,,2,,,,
"6601606004460017208",6,601,60,2,60044,60017,8,3,4,13,,,,,,,2,12,,,
"6601606004560024202",6,601,60,2,60045,60024,2,3,12,,,,,,,,2,7,,,
"6601606004560024205",6,601,60,2,60045,60024,5,3,5,7,9,10,,,,,2,7,13,,
"6601606004560024207",6,601,60,2,60045,60024,7,3,7,9,13,,,,,,2,3,10,,
"6601606004560024209",6,601,60,2,60045,60024,9,3,5,14,,,,,,,2,5,,,
"6601606004560024210",6,601,60,2,60045,60024,10,3,5,9,13,,,,,,1,4,5,99,
"6601606004560024211",6,601,60,2,60045,60024,11,3,13,,,,,,,,2,10,,,
"6601606004560024213",6,601,60,2,60045,60024,13,3,5,,,,,,,,2,,,,
"6601606004660017201",6,601,60,2,60046,60017,1,3,5,,,,,,,,2,6,7,,
"6601606004660017202",6,601,60,2,60046,60017,2,3,4,7,16,,,,,,2,13,,,
"6601606004660017203",6,601,60,2,60046,60017,3,1,3,4,7,9,,,,,2,3,,,
"6601606004660017204",6,601,60,2,60046,60017,4,2,14,,,,,,,,2,99,,,
"6601606004660017205",6,601,60,2,60046,60017,5,2,,,,,,,,,2,,,,
"6601606004660017206",6,601,60,2,60046,60017,6,2,3,9,,,,,,,2,7,,,
"6601606004660017211",6,601,60,2,60046,60017,11,3,,,,,,,,,2,,,,
"6601606005260024212",6,601,60,2,60052,60024,12,3,,,,,,,,,2,,,,
"6601606005260024217",6,601,60,2,60052,60024,17,1,3,5,9,,,,,,2,5,6,,
"6601606005260024218",6,601,60,2,60052,60024,18,3,5,9,13,,,,,,2,5,10,,
"6601606005660024204",6,601,60,2,60056,60024,4,3,5,17,,,,,,,2,4,13,,
"6601606005660024206",6,601,60,2,60056,60024,6,3,9,,,,,,,,2,,,,
"6601606006260014210",6,601,60,2,60062,60014,10,3,,,,,,,,,2,,,,
"6601606006260014213",6,601,60,2,60062,60014,13,3,,,,,,,,,2,,,,
"6601608003660008114",6,601,60,1,80036,60008,14,3,,,,,,,,,2,,,,
"6601616100261006117",6,601,61,1,61002,61006,17,2,9,13,,,,,,,2,,,,
"6601616100261006120",6,601,61,1,61002,61006,20,2,3,13,14,,,,,,1,7,12,,
"6601616100261006203",6,601,61,2,61002,61006,3,5,14,17,,,,,,,2,4,7,13,
"6601616100261006204",6,601,61,2,61002,61006,4,3,,,,,,,,,2,,,,
"6601616100261006205",6,601,61,2,61002,61006,5,2,3,9,,,,,,,2,,,,
"6601616100261006207",6,601,61,2,61002,61006,7,5,,,,,,,,,2,4,7,,
"6601616100261006211",6,601,61,2,61002,61006,11,2,9,13,,,,,,,2,4,,,
"6601616100261006212",6,601,61,2,61002,61006,12,2,5,9,13,,,,,,2,4,6,7,
"6601616100261006214",6,601,61,2,61002,61006,14,3,9,,,,,,,,2,,,,
"6601616100261006216",6,601,61,2,61002,61006,16,3,16,,,,,,,,1,6,12,,
"6601616100261006218",6,601,61,2,61002,61006,18,2,5,9,,,,,,,2,4,5,,
"6601616100261006219",6,601,61,2,61002,61006,19,2,9,11,13,,,,,,2,5,,,
"6601616100461006206",6,601,61,2,61004,61006,6,7,10,,,,,,,,2,13,,,
"6601616100461006208",6,601,61,2,61004,61006,8,1,2,,,,,,,,2,2,,,
"6601616100461006209",6,601,61,2,61004,61006,9,3,13,,,,,,,,2,6,7,,
"6601616100461006213",6,601,61,2,61004,61006,13,1,3,,,,,,,,2,2,,,
"6601616100461006215",6,601,61,2,61004,61006,15,3,5,13,,,,,,,2,10,,,
"6601616100561006201",6,601,61,2,61005,61006,1,1,5,,,,,,,,1,4,,,
"6601616100561006202",6,601,61,2,61005,61006,2,1,5,,,,,,,,2,3,,,
"6601616100561006210",6,601,61,2,61005,61006,10,1,2,,,,,,,,2,6,,,
"6601636300763020201",6,601,63,2,63007,63020,1,2,3,13,,,,,,,1,3,6,99,
"6601636300763020202",6,601,63,2,63007,63020,2,3,13,,,,,,,,2,10,,,
"6601636300763020204",6,601,63,2,63007,63020,4,1,5,9,14,99,,,,,2,5,,,
"6601636300763020206",6,601,63,2,63007,63020,6,2,9,,,,,,,,2,6,10,,
"6601636300763020207",6,601,63,2,63007,63020,7,3,5,99,,,,,,,2,2,13,,
"6601636300763020209",6,601,63,2,63007,63020,9,1,2,5,,,,,,,2,10,,,
"6601636300763020210",6,601,63,2,63007,63020,10,2,3,9,,,,,,,2,7,,,
"6601636300763020211",6,601,63,2,63007,63020,11,3,13,,,,,,,,2,5,,,
"6601636300763020214",6,601,63,2,63007,63020,14,3,9,14,,,,,,,2,,,,
"6601636301063026215",6,601,63,2,63010,63026,15,5,6,,,,,,,,3,,,,
"6601636301063026219",6,601,63,2,63010,63026,19,5,13,,,,,,,,2,5,,,
"6601636301163020203",6,601,63,2,63011,63020,3,4,9,10,11,,,,,,2,3,7,10,
"6601636301163020205",6,601,63,2,63011,63020,5,1,14,,,,,,,,2,,,,
"6601636301163020213",6,601,63,2,63011,63020,13,3,13,,,,,,,,2,10,,,
"6601636301163020215",6,601,63,2,63011,63020,15,1,3,15,,,,,,,2,13,,,
"6601636301163020217",6,601,63,2,63011,63020,17,3,9,13,,,,,,,2,5,,,
"6601636301163020218",6,601,63,2,63011,63020,18,2,12,14,15,,,,,,1,10,99,,
"6601636301163020219",6,601,63,2,63011,63020,19,1,3,7,,,,,,,1,4,13,,
"6601636301163020220",6,601,63,2,63011,63020,20,2,3,,,,,,,,2,5,99,,
"6601636302063026209",6,601,63,2,63020,63026,9,2,3,12,,,,,,,2,8,,,
"6601636302263026212",6,601,63,2,63022,63026,12,2,3,10,11,13,14,,,,2,7,,,
"6601636302263026218",6,601,63,2,63022,63026,18,3,5,13,,,,,,,2,7,,,
"6601636302663026220",6,601,63,2,63026,63026,20,2,3,9,14,16,,,,,2,2,3,7,10
"6601636303063026204",6,601,63,2,63030,63026,4,5,9,13,,,,,,,2,,,,
"6601636303063026205",6,601,63,2,63030,63026,5,6,99,,,,,,,,3,,,,
"6601636303063026206",6,601,63,2,63030,63026,6,2,4,10,13,15,99,,,,2,7,10,,
"6601636303063026207",6,601,63,2,63030,63026,7,3,5,,,,,,,,2,13,,,
"6601636303063026208",6,601,63,2,63030,63026,8,3,9,13,,,,,,,1,10,12,,
"6601636303063026210",6,601,63,2,63030,63026,10,4,9,13,14,16,,,,,2,8,10,13,
"6601636303063026213",6,601,63,2,63030,63026,13,3,,,,,,,,,2,10,,,
"6601636303063026214",6,601,63,2,63030,63026,14,5,99,,,,,,,,2,99,,,
"6601636303163026202",6,601,63,2,63031,63026,2,2,3,5,14,,,,,,2,7,12,,
"6601636303163026203",6,601,63,2,63031,63026,3,2,13,16,,,,,,,2,,,,
"6601636303163026211",6,601,63,2,63031,63026,11,13,99,,,,,,,,3,,,,
"6601636303363014203",6,601,63,2,63033,63014,3,5,3,9,,,,,,3,,,,,2
"6601636303363014207",6,601,63,2,63033,63014,7,2,3,,,,,,,2,,7,2,,2
"6601636303363014212",6,601,63,2,63033,63014,12,3,,,,,,,,2,1,3,,,1
"6601636304063026217",6,601,63,2,63040,63026,17,3,14,,,,,,,,2,10,,,
"6601636304463020208",6,601,63,2,63044,63020,8,1,17,,,,,,,,2,3,,,
"6601636304463020212",6,601,63,2,63044,63020,12,1,3,5,9,13,14,,,,2,4,5,,
"6601636304463020216",6,601,63,2,63044,63020,16,2,3,13,,,,,,,2,5,,,
"6601636304663014201",6,601,63,2,63046,63014,1,9,,,,,,,,2,1,,,,1
"6601636304663014218",6,601,63,2,63046,63014,18,1,,,,,,,,2,1,,,,2
"6601636304663014219",6,601,63,2,63046,63014,19,3,5,,,,,,,2,,4,5,,1
"6601636304663014220",6,601,63,2,63046,63014,20,2,3,,,,,,,2,,5,,,2
"6601636304763026216",6,601,63,2,63047,63026,16,3,5,,,,,,,,2,,,,
"6601636305963014202",6,601,63,2,63059,63014,2,5,9,,,,,,,2,,4,,,2
"6601636305963014204",6,601,63,2,63059,63014,4,2,4,,,,,,,2,,7,2,,1
"6601636305963014205",6,601,63,2,63059,63014,5,2,5,4,,,,,,2,1,9,,,2
"6601636305963014206",6,601,63,2,63059,63014,6,2,5,2,,,,,,1,,6,7,,1
"6601636305963014208",6,601,63,2,63059,63014,8,3,3,,,,,,,2,,7,,,2
"6601636305963014209",6,601,63,2,63059,63014,9,1,,,,,,,,2,,,,,2
"6601636305963014210",6,601,63,2,63059,63014,10,3,3,,,,,,,1,,5,7,,2
"6601636305963014211",6,601,63,2,63059,63014,11,4,9,,,,,,,2,,7,,,1
"6601636305963014213",6,601,63,2,63059,63014,13,10,4,1,,,,,,2,,2,3,,2
"6601636305963014214",6,601,63,2,63059,63014,14,3,9,,,,,,,2,,5,9,,2
"6601636305963014215",6,601,63,2,63059,63014,15,3,,,,,,,,2,,,,,2
"6601636305963014216",6,601,63,2,63059,63014,16,2,7,9,1,,,,,2,,7,8,,2
"6601636305963014217",6,601,63,2,63059,63014,17,3,5,,,,,,,2,,4,5,,2
"6601636308363026201",6,601,63,2,63083,63026,1,2,9,11,13,,,,,,2,3,7,13,
"6601636308463011109",6,601,63,1,63084,63011,9,13,,,,,,,,,2,10,,,
"6601636308463011201",6,601,63,2,63084,63011,1,3,13,14,,,,,,,2,6,,,
"6601636308463011202",6,601,63,2,63084,63011,2,17,,,,,,,,,2,,,,
"6601636308463011203",6,601,63,2,63084,63011,3,3,8,,,,,,,,2,,,,
"6601636308463011204",6,601,63,2,63084,63011,4,5,7,,,,,,,,3,,,,
"6601636308463011205",6,601,63,2,63084,63011,5,3,99,,,,,,,,2,10,,,
"6601636308463011206",6,601,63,2,63084,63011,6,3,,,,,,,,,2,,,,
"6601636308463011207",6,601,63,2,63084,63011,7,3,12,13,,,,,,,2,6,,,
"6601636308463011208",6,601,63,2,63084,63011,8,3,,,,,,,,,2,,,,
"6601636308463011209",6,601,63,2,63084,63011,9,3,12,,,,,,,,2,5,6,,
"6601636308463011210",6,601,63,2,63084,63011,10,4,,,,,,,,,2,,,,
"6601636308463011211",6,601,63,2,63084,63011,11,3,10,12,13,,,,,,2,5,6,,
"6601636308463011212",6,601,63,2,63084,63011,12,3,13,,,,,,,,1,5,7,10,
"6601636308463011213",6,601,63,2,63084,63011,13,3,,,,,,,,,2,,,,
"6601636308463011214",6,601,63,2,63084,63011,14,3,13,,,,,,,,2,10,,,
"6601636308463011215",6,601,63,2,63084,63011,15,3,12,13,,,,,,,2,6,,,
"6601636308463011216",6,601,63,2,63084,63011,16,3,5,9,12,13,,,,,2,5,,,
"6601636308463011217",6,601,63,2,63084,63011,17,3,12,,,,,,,,2,,,,
"6601636308463011218",6,601,63,2,63084,63011,18,3,5,9,,,,,,,2,,,,
"6601636308463011219",6,601,63,2,63084,63011,19,13,,,,,,,,,2,,,,
"6601636308463011220",6,601,63,2,63084,63011,20,3,,,,,,,,,2,,,,
"7701707000570004214",7,701,70,2,70005,70004,14,3,5,9,11,13,,,,,2,3,6,11,
"7701707000570004215",7,701,70,2,70005,70004,15,3,9,14,,,,,,,1,,,,
"7701707000770004201",7,701,70,2,70007,70004,1,3,9,,,,,,,,3,,,,
"7701707000770004203",7,701,70,2,70007,70004,3,3,5,10,17,,,,,,2,5,6,11,
"7701707000770004204",7,701,70,2,70007,70004,4,5,9,,,,,,,,3,,,,
"7701707000770004205",7,701,70,2,70007,70004,5,3,,,,,,,,,2,,,,
"7701707000770004206",7,701,70,2,70007,70004,6,3,,,,,,,,,2,,,,
"7701707001870004207",7,701,70,2,70018,70004,7,3,5,,,,,,,,2,,,,
"7701707001870004208",7,701,70,2,70018,70004,8,2,,,,,,,,,2,,,,
"7701707002870004216",7,701,70,2,70028,70004,16,3,5,9,10,11,13,17,,,3,,,,
"7701707002870004217",7,701,70,2,70028,70004,17,3,,,,,,,,,3,,,,
"7701707002870004218",7,701,70,2,70028,70004,18,3,5,11,17,,,,,,2,7,13,,
"7701707002870004219",7,701,70,2,70028,70004,19,5,,,,,,,,,2,,,,
"7701707002870004220",7,701,70,2,70028,70004,20,2,3,,,,,,,,2,10,,,
"7701717000770004202",7,701,71,2,70007,70004,2,3,5,,,,,,,,2,,,,
"7701717102470004209",7,701,71,2,71024,70004,9,3,5,9,10,17,,,,,3,,,,
"7701717102470004210",7,701,71,2,71024,70004,10,3,,,,,,,,,2,13,,,
"7701717102470004211",7,701,71,2,71024,70004,11,5,,,,,,,,,3,,,,
"7701717102470004212",7,701,71,2,71024,70004,12,3,13,,,,,,,,2,13,,,
"7701717102470004213",7,701,71,2,71024,70004,13,3,,,,,,,,,1,,,,
"7701727200472006201",7,701,72,2,72004,72006,1,3,5,15,,,,,,,2,,,,
"7701727200472006202",7,701,72,2,72004,72006,2,3,5,,,,,,,,2,,,,
"7701727200472006203",7,701,72,2,72004,72006,3,3,5,,,,,,,,2,,,,
"7701727200472006204",7,701,72,2,72004,72006,4,3,5,,,,,,,,2,,,,
"7701727200472006205",7,701,72,2,72004,72006,5,3,5,15,,,,,,,2,,,,
"7701727200472006206",7,701,72,2,72004,72006,6,2,14,15,,,,,,,1,6,,,
"7701727200472006207",7,701,72,2,72004,72006,7,3,9,,,,,,,,2,13,,,
"7701727200472006208",7,701,72,2,72004,72006,8,3,,,,,,,,,2,,,,
"7701727200472006209",7,701,72,2,72004,72006,9,5,17,,,,,,,,2,,,,
"7701727200472006210",7,701,72,2,72004,72006,10,9,,,,,,,,,2,,,,
"7701727200472006211",7,701,72,2,72004,72006,11,3,13,15,,,,,,,,13,,,
"7701727200472006212",7,701,72,2,72004,72006,12,2,16,,,,,,,,2,13,,,
"7701727200472006213",7,701,72,2,72004,72006,13,3,5,,,,,,,,2,,,,
"7701727200472006214",7,701,72,2,72004,72006,14,3,9,15,,,,,,,2,3,6,11,
"7701727200472006215",7,701,72,2,72004,72006,15,3,5,14,,,,,,,2,5,6,11,
"7701727200472006216",7,701,72,2,72004,72006,16,3,5,14,,,,,,,2,3,5,6,11
"7701727200472006217",7,701,72,2,72004,72006,17,3,5,,,,,,,,3,,,,
"7701727200472006218",7,701,72,2,72004,72006,18,3,5,,,,,,,,2,,,,
"7701727200472006219",7,701,72,2,72004,72006,19,3,17,,,,,,,,3,,,,
"7701727200472006220",7,701,72,2,72004,72006,20,2,,,,,,,,,2,,,,
"7701727202572007201",7,701,72,2,72025,72007,1,3,,,,,,,,,2,,,,
"7701727202572007202",7,701,72,2,72025,72007,2,2,5,13,99,,,,,,2,13,99,,
"7701727202572007203",7,701,72,2,72025,72007,3,2,8,17,,,,,,,2,10,,,
"7701727202572007204",7,701,72,2,72025,72007,4,9,12,,,,,,,,2,5,10,,
"7701727202572007205",7,701,72,2,72025,72007,5,3,5,15,,,,,,,2,6,,,
"7701727202572007206",7,701,72,2,72025,72007,6,3,13,16,,,,,,,2,6,13,,
"7701727202572007207",7,701,72,2,72025,72007,7,7,,,,,,,,,2,13,,,
"7701727202572007208",7,701,72,2,72025,72007,8,3,5,13,17,,,,,,2,,,,
"7701727202572007209",7,701,72,2,72025,72007,9,3,5,9,14,,,,,,2,,,,
"7701727202572007210",7,701,72,2,72025,72007,10,3,5,13,17,,,,,,2,,,,
"7701727202572007211",7,701,72,2,72025,72007,11,3,,,,,,,,,2,,,,
"7701727202572007212",7,701,72,2,72025,72007,12,1,5,14,17,,,,,,2,,,,
"7701727202572007213",7,701,72,2,72025,72007,13,1,3,5,16,,,,,,2,,,,
"7701727202572007214",7,701,72,2,72025,72007,14,2,3,5,,,,,,,3,,,,
"7701727202572007215",7,701,72,2,72025,72007,15,3,10,17,,,,,,,2,3,,,
"7701727202572007216",7,701,72,2,72025,72007,16,3,9,13,17,,,,,,2,3,,,
"7701727202572007217",7,701,72,2,72025,72007,17,3,9,17,,,,,,,2,13,,,
"7701727202572007218",7,701,72,2,72025,72007,18,3,9,17,,,,,,,2,3,,,
"7701727202572007219",7,701,72,2,72025,72007,19,3,17,,,,,,,,2,3,,,
"7701727202572007220",7,701,72,2,72025,72007,20,3,9,13,17,,,,,,2,13,,,
"7701727204572011201",7,701,72,2,72045,72011,1,2,5,,,,,,,,2,4,,,
"7701727204572011202",7,701,72,2,72045,72011,2,3,13,,,,,,,,2,10,,,
"7701727204572011203",7,701,72,2,72045,72011,3,3,11,,,,,,,,2,99,,,
"7701727204572011204",7,701,72,2,72045,72011,4,3,5,,,,,,,,3,,,,
"7701727204572011205",7,701,72,2,72045,72011,5,3,4,10,11,,,,,,2,10,,,
"7701727204572011206",7,701,72,2,72045,72011,6,3,5,11,,,,,,,2,10,,,
"7701727204572011207",7,701,72,2,72045,72011,7,2,3,,,,,,,,2,99,,,
"7701727204572011208",7,701,72,2,72045,72011,8,3,13,17,,,,,,,2,10,,,
"7701727204572011209",7,701,72,2,72045,72011,9,3,11,,,,,,,,2,10,,,
"7701727204572011210",7,701,72,2,72045,72011,10,3,13,,,,,,,,2,10,,,
"7701727204572011211",7,701,72,2,72045,72011,11,3,14,,,,,,,,2,99,,,
"7701727204572011212",7,701,72,2,72045,72011,12,1,9,17,,,,,,,2,,,,
"7701727204572011213",7,701,72,2,72045,72011,13,1,9,,,,,,,,2,10,,,
"7701727204572011214",7,701,72,2,72045,72011,14,3,13,17,,,,,,,2,6,,,
"7701727204572011215",7,701,72,2,72045,72011,15,3,13,,,,,,,,2,10,,,
"7701727204572011216",7,701,72,2,72045,72011,16,3,9,,,,,,,,2,13,,,
"7701727204572011217",7,701,72,2,72045,72011,17,2,13,,,,,,,,2,6,10,,
"7701727204572011218",7,701,72,2,72045,72011,18,2,13,,,,,,,,2,10,,,
"7701727204572011219",7,701,72,2,72045,72011,19,11,13,,,,,,,,2,10,,,
"7701727204572011220",7,701,72,2,72045,72011,20,3,9,,,,,,,,3,,,,
"7701737000773059119",7,701,73,1,70007,73059,19,17,,,,,,,,,3,,,,
"7701737300473089201",7,701,73,2,73004,73089,1,3,,,,,,,,,2,,,,
"7701737300473089202",7,701,73,2,73004,73089,2,3,,,,,,,,,2,,,,
"7701737300473089203",7,701,73,2,73004,73089,3,5,,,,,,,,,3,,,,
"7701737300473089204",7,701,73,2,73004,73089,4,2,17,,,,,,,,2,13,,,
"7701737300773059101",7,701,73,1,73007,73059,1,3,5,9,10,11,13,15,16,17,2,6,11,,
"7701737300773059102",7,701,73,1,73007,73059,2,3,13,,,,,,,,2,,,,
"7701737300773059103",7,701,73,1,73007,73059,3,2,3,9,10,11,13,14,17,,2,3,5,13,
"7701737300773059104",7,701,73,1,73007,73059,4,3,,,,,,,,,2,,,,
"7701737300773059105",7,701,73,1,73007,73059,5,1,,,,,,,,,3,,,,
"7701737300773059106",7,701,73,1,73007,73059,6,3,,,,,,,,,2,,,,
"7701737300773059107",7,701,73,1,73007,73059,7,3,,,,,,,,,2,,,,
"7701737300773059108",7,701,73,1,73007,73059,8,3,9,,,,,,,,3,,,,
"7701737300773059109",7,701,73,1,73007,73059,9,2,3,5,9,13,17,,,,2,3,5,6,
"7701737300773059110",7,701,73,1,73007,73059,10,3,5,9,10,13,17,,,,2,5,6,,
"7701737300773059111",7,701,73,1,73007,73059,11,1,3,5,9,10,13,17,,,2,5,6,12,
"7701737300773059112",7,701,73,1,73007,73059,12,3,9,,,,,,,,2,13,,,
"7701737300773059113",7,701,73,1,73007,73059,13,13,,,,,,,,,3,,,,
"7701737300773059114",7,701,73,1,73007,73059,14,3,9,10,11,,,,,,2,2,5,,
"7701737300773059115",7,701,73,1,73007,73059,15,3,5,9,15,17,,,,,2,2,,,
"7701737300773059116",7,701,73,1,73007,73059,16,3,,,,,,,,,2,,,,
"7701737300773059117",7,701,73,1,73007,73059,17,3,5,9,10,13,14,,,,2,2,3,,
"7701737300773059118",7,701,73,1,73007,73059,18,3,5,9,10,13,,,,,2,5,10,,
"7701737300773059120",7,701,73,1,73007,73059,20,2,3,5,9,10,11,13,17,,2,12,,,
"7701737301673089218",7,701,73,2,73016,73089,18,13,,,,,,,,,2,,,,
"7701737301673089219",7,701,73,2,73016,73089,19,2,15,17,,,,,,,2,5,,,
"7701737302173089211",7,701,73,2,73021,73089,11,2,17,,,,,,,,2,,,,
"7701737302373089205",7,701,73,2,73023,73089,5,3,,,,,,,,,2,,,,
"7701737302373089206",7,701,73,2,73023,73089,6,3,5,,,,,,,,2,10,,,
"7701737303773033201",7,701,73,2,73037,73033,1,2,14,17,,,,,,,2,13,,,
"7701737303773033202",7,701,73,2,73037,73033,2,2,3,4,5,14,17,,,,2,5,13,,
"7701737303773033203",7,701,73,2,73037,73033,3,1,2,3,4,13,14,17,,,,2,3,13,
"7701737303773033204",7,701,73,2,73037,73033,4,1,2,3,5,12,14,17,,,2,4,12,13,
"7701737303773033205",7,701,73,2,73037,73033,5,1,3,17,,,,,,,2,13,,,
"7701737303773033206",7,701,73,2,73037,73033,6,1,3,17,,,,,,,2,12,13,,
"7701737303773033207",7,701,73,2,73037,73033,7,1,2,3,4,5,17,,,,1,4,12,13,
"7701737303773033208",7,701,73,2,73037,73033,8,1,2,3,13,,,,,,2,5,,,
"7701737303773033209",7,701,73,2,73037,73033,9,3,,,,,,,,,2,7,,,
"7701737303773033210",7,701,73,2,73037,73033,10,3,,,,,,,,,2,7,,,
"7701737303773033211",7,701,73,2,73037,73033,11,3,,,,,,,,,1,,,,
"7701737303773033212",7,701,73,2,73037,73033,12,3,,,,,,,,,2,,,,
"7701737303773033213",7,701,73,2,73037,73033,13,3,,,,,,,,,2,,,,
"7701737303773033214",7,701,73,2,73037,73033,14,3,,,,,,,,,2,,,,
"7701737303773033215",7,701,73,2,73037,73033,15,3,13,,,,,,,,2,,,,
"7701737303773033216",7,701,73,2,73037,73033,16,3,17,,,,,,,,2,99,,,
"7701737303773033217",7,701,73,2,73037,73033,17,2,3,,,,,,,,2,6,,,
"7701737303773033218",7,701,73,2,73037,73033,18,3,17,,,,,,,,2,2,,,
"7701737303773033219",7,701,73,2,73037,73033,19,3,9,,,,,,,,2,8,12,,
"7701737303773033220",7,701,73,2,73037,73033,20,1,3,17,,,,,,,2,13,,,
"7701737305473028201",7,701,73,2,73054,73028,1,3,9,15,,,,,,,2,6,11,,
"7701737305473028202",7,701,73,2,73054,73028,2,2,3,14,,,,,,,2,10,,,
"7701737305473028203",7,701,73,2,73054,73028,3,3,,,,,,,,,2,,,,
"7701737305473028204",7,701,73,2,73054,73028,4,3,,,,,,,,,2,10,,,
"7701737305473028205",7,701,73,2,73054,73028,5,3,,,,,,,,,2,,,,
"7701737305473028206",7,701,73,2,73054,73028,6,3,,,,,,,,,2,,,,
"7701737305473028207",7,701,73,2,73054,73028,7,2,3,,,,,,,,2,10,,,
"7701737305473028208",7,701,73,2,73054,73028,8,3,9,,,,,,,,2,11,,,
"7701737305473028209",7,701,73,2,73054,73028,9,3,,,,,,,,,2,,,,
"7701737305473028210",7,701,73,2,73054,73028,10,3,9,,,,,,,,2,,,,
"7701737305473028211",7,701,73,2,73054,73028,11,3,,,,,,,,,2,,,,
"7701737305473028212",7,701,73,2,73054,73028,12,3,,,,,,,,,2,,,,
"7701737305473028213",7,701,73,2,73054,73028,13,5,,,,,,,,,2,,,,
"7701737305473028214",7,701,73,2,73054,73028,14,3,,,,,,,,,3,,,,
"7701737305473028215",7,701,73,2,73054,73028,15,2,3,4,9,,,,,,2,6,11,,
"7701737305473028216",7,701,73,2,73054,73028,16,3,,,,,,,,,2,,,,
"7701737305473028217",7,701,73,2,73054,73028,17,3,9,17,,,,,,,2,3,11,,
"7701737305473028218",7,701,73,2,73054,73028,18,3,9,,,,,,,,2,3,11,,
"7701737305473028219",7,701,73,2,73054,73028,19,3,9,,,,,,,,2,6,11,,
"7701737305473028220",7,701,73,2,73054,73028,20,2,3,9,17,,,,,,2,6,11,,
"7701737305673029201",7,701,73,2,73056,73029,1,3,9,,,,,,,,2,10,,,
"7701737305673029202",7,701,73,2,73056,73029,2,3,10,,,,,,,,2,,,,
"7701737305673029203",7,701,73,2,73056,73029,3,3,,,,,,,,,2,,,,
"7701737305673029204",7,701,73,2,73056,73029,4,3,9,,,,,,,,2,,,,
"7701737305673029205",7,701,73,2,73056,73029,5,3,,,,,,,,,2,,,,
"7701737305673029206",7,701,73,2,73056,73029,6,4,,,,,,,,,2,,,,
"7701737305673029207",7,701,73,2,73056,73029,7,3,5,,,,,,,,2,10,,,
"7701737305673029208",7,701,73,2,73056,73029,8,3,,,,,,,,,2,,,,
"7701737305673029209",7,701,73,2,73056,73029,9,3,5,,,,,,,,2,10,,,
"7701737305673029210",7,701,73,2,73056,73029,10,99,,,,,,,,,3,,,,
"7701737305673029211",7,701,73,2,73056,73029,11,2,3,,,,,,,,2,13,,,
"7701737305673029212",7,701,73,2,73056,73029,12,13,,,,,,,,,3,,,,
"7701737305673029213",7,701,73,2,73056,73029,13,17,,,,,,,,,3,,,,
"7701737305673029214",7,701,73,2,73056,73029,14,9,13,,,,,,,,2,13,,,
"7701737305673029215",7,701,73,2,73056,73029,15,3,14,99,,,,,,,2,10,,,
"7701737305673029216",7,701,73,2,73056,73029,16,17,,,,,,,,,3,,,,
"7701737305673029217",7,701,73,2,73056,73029,17,5,,,,,,,,,3,,,,
"7701737305673029218",7,701,73,2,73056,73029,18,3,,,,,,,,,2,,,,
"7701737305673029219",7,701,73,2,73056,73029,19,17,,,,,,,,,3,,,,
"7701737305673029220",7,701,73,2,73056,73029,20,2,,,,,,,,,2,6,,,
"7701737307973004201",7,701,73,2,73079,73004,1,3,,,,,,,,,3,,,,
"7701737307973004202",7,701,73,2,73079,73004,2,17,,,,,,,,,3,,,,
"7701737307973004203",7,701,73,2,73079,73004,3,17,,,,,,,,,3,,,,
"7701737307973004204",7,701,73,2,73079,73004,4,9,,,,,,,,,3,,,,
"7701737307973004205",7,701,73,2,73079,73004,5,3,,,,,,,,,3,,,,
"7701737307973004206",7,701,73,2,73079,73004,6,3,13,,,,,,,,3,,,,
"7701737307973004207",7,701,73,2,73079,73004,7,3,,,,,,,,,3,,,,
"7701737307973004208",7,701,73,2,73079,73004,8,13,17,,,,,,,,3,,,,
"7701737307973004209",7,701,73,2,73079,73004,9,3,12,,,,,,,,2,10,,,
"7701737307973004210",7,701,73,2,73079,73004,10,3,5,,,,,,,,3,,,,
"7701737307973004211",7,701,73,2,73079,73004,11,3,11,,,,,,,,2,3,10,,
"7701737307973004212",7,701,73,2,73079,73004,12,3,,,,,,,,,2,10,,,
"7701737307973004213",7,701,73,2,73079,73004,13,3,13,,,,,,,,2,10,,,
"7701737307973004214",7,701,73,2,73079,73004,14,3,,,,,,,,,2,10,,,
"7701737307973004215",7,701,73,2,73079,73004,15,1,2,3,4,5,9,15,17,,,3,6,,
"7701737307973004216",7,701,73,2,73079,73004,16,3,4,5,6,9,10,11,13,,2,3,,,
"7701737307973004217",7,701,73,2,73079,73004,17,1,3,4,5,9,11,13,,,2,3,,,
"7701737307973004218",7,701,73,2,73079,73004,18,3,4,5,9,14,,,,,2,3,,,
"7701737307973004219",7,701,73,2,73079,73004,19,3,4,5,6,9,13,,,,2,11,,,
"7701737307973004220",7,701,73,2,73079,73004,20,1,8,9,10,12,14,15,,,2,6,11,,
"7701737308473084201",7,701,73,2,73084,73084,1,5,99,,,,,,,,2,99,,,
"7701737308473084202",7,701,73,2,73084,73084,2,3,,,,,,,,,2,,,,
"7701737308473084203",7,701,73,2,73084,73084,3,4,99,,,,,,,,2,99,,,
"7701737308473084204",7,701,73,2,73084,73084,4,3,5,,,,,,,,2,,,,
"7701737308473084205",7,701,73,2,73084,73084,5,3,10,,,,,,,,2,,,,
"7701737308473084206",7,701,73,2,73084,73084,6,3,10,,,,,,,,2,,,,
"7701737308473084207",7,701,73,2,73084,73084,7,3,,,,,,,,,2,,,,
"7701737308473084208",7,701,73,2,73084,73084,8,3,5,,,,,,,,2,10,,,
"7701737309073084209",7,701,73,2,73090,73084,9,3,5,10,,,,,,,2,10,,,
"7701737309073084210",7,701,73,2,73090,73084,10,3,,,,,,,,,2,,,,
"7701737309073084211",7,701,73,2,73090,73084,11,3,14,,,,,,,,2,10,,,
"7701737309073084212",7,701,73,2,73090,73084,12,2,11,,,,,,,,2,10,,,
"7701737312073084217",7,701,73,2,73120,73084,17,3,9,13,,,,,,,2,5,,,
"7701737312073084218",7,701,73,2,73120,73084,18,3,10,,,,,,,,2,,,,
"7701737312073084219",7,701,73,2,73120,73084,19,2,3,14,,,,,,,2,10,,,
"7701737312073084220",7,701,73,2,73120,73084,20,3,,,,,,,,,2,,,,
"7701737316373084213",7,701,73,2,73163,73084,13,3,5,,,,,,,,2,10,,,
"7701737316373084214",7,701,73,2,73163,73084,14,3,,,,,,,,,2,,,,
"7701737316373084215",7,701,73,2,73163,73084,15,2,9,,,,,,,,2,10,,,
"7701737316373084216",7,701,73,2,73163,73084,16,3,9,,,,,,,,2,7,10,,
"7701737318273089220",7,701,73,2,73182,73089,20,1,3,5,9,11,13,16,17,2,2,4,6,13,
"7701737318373085201",7,701,73,2,73183,73085,1,3,,,,,,,,,2,3,10,,
"7701737318373085202",7,701,73,2,73183,73085,2,3,,,,,,,,,2,,,,
"7701737318373085203",7,701,73,2,73183,73085,3,3,,,,,,,,,2,10,,,
"7701737318373085204",7,701,73,2,73183,73085,4,3,,,,,,,,,2,2,10,,
"7701737318373085205",7,701,73,2,73183,73085,5,3,,,,,,,,,2,,,,
"7701737318373085206",7,701,73,2,73183,73085,6,3,,,,,,,,,2,10,,,
"7701737320173089207",7,701,73,2,73201,73089,7,3,9,,,,,,,,3,,,,
"7701737320173089208",7,701,73,2,73201,73089,8,2,3,13,14,,,,,,2,10,,,
"7701737320173089209",7,701,73,2,73201,73089,9,13,14,,,,,,,,2,99,,,
"7701737320173089210",7,701,73,2,73201,73089,10,2,17,,,,,,,,2,,,,
"7701737320173089212",7,701,73,2,73201,73089,12,3,9,,,,,,,,3,,,,
"7701737320173089213",7,701,73,2,73201,73089,13,3,9,,,,,,,,2,,,,
"7701737320173089214",7,701,73,2,73201,73089,14,3,13,,,,,,,,2,,,,
"7701737320173089215",7,701,73,2,73201,73089,15,3,5,,,,,,,,2,4,,,
"7701737320173089216",7,701,73,2,73201,73089,16,3,13,,,,,,,,3,,,,
"7701737320173089217",7,701,73,2,73201,73089,17,9,13,,,,,,,,2,10,,,
"7701737321173085207",7,701,73,2,73211,73085,7,3,,,,,,,,,2,,,,
"7701737321173085208",7,701,73,2,73211,73085,8,3,,,,,,,,,2,10,,,
"7701737321173085209",7,701,73,2,73211,73085,9,3,5,11,,,,,,,2,3,11,,
"7701737321173085210",7,701,73,2,73211,73085,10,2,3,,,,,,,,2,,,,
"7701737321173085211",7,701,73,2,73211,73085,11,3,17,,,,,,,,1,13,,,
"7701737321173085212",7,701,73,2,73211,73085,12,2,,,,,,,,,2,2,,,
"7701737321173085213",7,701,73,2,73211,73085,13,3,,,,,,,,,2,,,,
"7701737321173085214",7,701,73,2,73211,73085,14,3,4,,,,,,,,2,3,5,6,
"7701737321173085215",7,701,73,2,73211,73085,15,5,,,,,,,,,3,,,,
"7701737321173085216",7,701,73,2,73211,73085,16,3,14,,,,,,,,2,5,,,
"7701737321173085217",7,701,73,2,73211,73085,17,3,5,9,,,,,,,2,,,,
"7701737321173085218",7,701,73,2,73211,73085,18,1,3,5,,,,,,,2,,,,
"7701737321173085219",7,701,73,2,73211,73085,19,2,9,,,,,,,,2,3,5,11,
"7701737321173085220",7,701,73,2,73211,73085,20,2,3,12,17,,,,,,2,3,5,6,11
"7701747400174003101",7,701,74,1,74001,74003,1,9,17,,,,,,,,1,13,,,
"7701747400174003102",7,701,74,1,74001,74003,2,3,,,,,,,,,2,,,,
"7701747400174003103",7,701,74,1,74001,74003,3,13,,,,,,,,,2,,,,
"7701747400174003104",7,701,74,1,74001,74003,4,2,5,17,,,,,,,2,,,,
"7701747400174003105",7,701,74,1,74001,74003,5,12,,,,,,,,,2,,,,
"7701747400174003106",7,701,74,1,74001,74003,6,2,8,17,,,,,,,2,,,,
"7701747400174003107",7,701,74,1,74001,74003,7,9,17,,,,,,,,3,,,,
"7701747400174003108",7,701,74,1,74001,74003,8,9,12,,,,,,,,2,,,,
"7701747400174003109",7,701,74,1,74001,74003,9,9,11,,,,,,,,2,,,,
"7701747400174003110",7,701,74,1,74001,74003,10,3,,,,,,,,,2,,,,
"7701747400174003111",7,701,74,1,74001,74003,11,3,,,,,,,,,2,,,,
"7701747400174003112",7,701,74,1,74001,74003,12,3,13,,,,,,,,2,,,,
"7701747400174003113",7,701,74,1,74001,74003,13,3,17,,,,,,,,2,,,,
"7701747400174003114",7,701,74,1,74001,74003,14,1,3,5,13,,,,,,2,,,,
"7701747400174003115",7,701,74,1,74001,74003,15,3,,,,,,,,,2,,,,
"7701747400174003116",7,701,74,1,74001,74003,16,3,5,9,17,,,,,,2,13,,,
"7701747400174003117",7,701,74,1,74001,74003,17,3,,,,,,,,,2,,,,
"7701747400174003118",7,701,74,1,74001,74003,18,3,,,,,,,,,2,,,,
"7701747400174003119",7,701,74,1,74001,74003,19,3,11,17,,,,,,,2,,,,
"7701747400174003120",7,701,74,1,74001,74003,20,1,3,13,,,,,,,2,,,,
"7701747400174004101",7,701,74,1,74001,74004,1,3,5,,,,,,,,2,,,,
"7701747400174004102",7,701,74,1,74001,74004,2,3,13,,,,,,,,2,,,,
"7701747400174004103",7,701,74,1,74001,74004,3,13,,,,,,,,,2,,,,
"7701747400174004104",7,701,74,1,74001,74004,4,2,3,,,,,,,,2,10,,,
"7701747400174004105",7,701,74,1,74001,74004,5,2,3,5,,,,,,,2,6,12,,
"7701747400174004106",7,701,74,1,74001,74004,6,2,3,4,5,13,15,,,,2,3,5,6,
"7701747400174004107",7,701,74,1,74001,74004,7,3,,,,,,,,,2,,,,
"7701747400174004108",7,701,74,1,74001,74004,8,3,9,11,12,,,,,,2,,,,
"7701747400174004109",7,701,74,1,74001,74004,9,3,,,,,,,,,2,,,,
"7701747400174004110",7,701,74,1,74001,74004,10,3,4,5,,,,,,,2,5,11,,
"7701747400174004111",7,701,74,1,74001,74004,11,3,,,,,,,,,2,,,,
"7701747400174004112",7,701,74,1,74001,74004,12,17,,,,,,,,,2,,,,
"7701747400174004113",7,701,74,1,74001,74004,13,3,5,,,,,,,,2,,,,
"7701747400174004114",7,701,74,1,74001,74004,14,3,,,,,,,,,2,,,,
"7701747400174004115",7,701,74,1,74001,74004,15,3,4,5,,,,,,,2,5,6,11,
"7701747400174004116",7,701,74,1,74001,74004,16,1,2,3,7,15,,,,,2,2,5,,
"7701747400174004117",7,701,74,1,74001,74004,17,3,,,,,,,,,2,,,,
"7701747400174004118",7,701,74,1,74001,74004,18,3,,,,,,,,,2,,,,
"7701747400174004119",7,701,74,1,74001,74004,19,3,9,11,,,,,,,3,,,,
"7701747400174004120",7,701,74,1,74001,74004,20,3,11,,,,,,,,2,,,,
"7701747400174005101",7,701,74,1,74001,74005,1,10,5,1,7,,,,,2,,4,3,,2
"7701747400174005102",7,701,74,1,74001,74005,2,3,5,3,7,,,,,2,,3,4,3,1
"7701747400174005103",7,701,74,1,74001,74005,3,3,5,3,7,,,,,2,,3,,,2
"7701747400174005104",7,701,74,1,74001,74005,4,3,1,7,,,,,,2,,3,,,1
"7701747400174005105",7,701,74,1,74001,74005,5,2,3,5,4,,,,,2,,5,2,,1
"7701747400174005106",7,701,74,1,74001,74005,6,5,7,,,,,,,3,,,,,1
"7701747400174005107",7,701,74,1,74001,74005,7,3,7,,,,,,,2,,2,,,2
"7701747400174005108",7,701,74,1,74001,74005,8,10,3,7,,,,,,2,,2,,,2
"7701747400174005109",7,701,74,1,74001,74005,9,2,7,,,,,,,2,1,3,,,2
"7701747400174005110",7,701,74,1,74001,74005,10,3,3,,,,,,,2,,2,,,2
"7701747400174005111",7,701,74,1,74001,74005,11,3,9,3,7,,,,,2,,2,,,2
"7701747400174005112",7,701,74,1,74001,74005,12,3,7,,,,,,,2,,2,,,2
"7701747400174005113",7,701,74,1,74001,74005,13,6,9,,,,,,,2,,,,,1
"7701747400174005114",7,701,74,1,74001,74005,14,3,7,,,,,,,2,,3,,,1
"7701747400174005115",7,701,74,1,74001,74005,15,3,9,,,,,,,3,,,,,2
"7701747400174005116",7,701,74,1,74001,74005,16,3,9,,,,,,,1,,3,,,1
"7701747400174005117",7,701,74,1,74001,74005,17,3,,,,,,,,2,,2,,,1
"7701747400174005118",7,701,74,1,74001,74005,18,3,,,,,,,,2,1,,,,2
"7701747400174005119",7,701,74,1,74001,74005,19,3,,,,,,,,2,1,2,,,1
"7701747400174005120",7,701,74,1,74001,74005,20,3,,,,,,,,2,,,,,1
"7701747400174007101",7,701,74,1,74001,74007,1,3,17,,,,,,,,3,,,,
"7701747400174007102",7,701,74,1,74001,74007,2,3,5,,,,,,,,2,,,,
"7701747400174007103",7,701,74,1,74001,74007,3,3,13,,,,,,,,3,,,,
"7701747400174007104",7,701,74,1,74001,74007,4,3,8,,,,,,,,3,,,,
"7701747400174007105",7,701,74,1,74001,74007,5,7,12,,,,,,,,2,12,,,
"7701747400174007106",7,701,74,1,74001,74007,6,9,,,,,,,,,2,,,,
"7701747400174007107",7,701,74,1,74001,74007,7,3,9,,,,,,,,2,5,12,,
"7701747400174007108",7,701,74,1,74001,74007,8,3,9,,,,,,,,2,2,12,,
"7701747400174007109",7,701,74,1,74001,74007,9,5,9,17,,,,,,,2,12,,,
"7701747400174007110",7,701,74,1,74001,74007,10,3,9,,,,,,,,2,12,,,
"7701747400174007111",7,701,74,1,74001,74007,11,3,9,,,,,,,,2,12,,,
"7701747400174007112",7,701,74,1,74001,74007,12,3,9,,,,,,,,2,12,,,
"7701747400174007113",7,701,74,1,74001,74007,13,4,9,,,,,,,,2,12,,,
"7701747400174007114",7,701,74,1,74001,74007,14,3,9,13,,,,,,,2,12,,,
"7701747400174007115",7,701,74,1,74001,74007,15,3,,,,,,,,,2,,,,
"7701747400174007116",7,701,74,1,74001,74007,16,3,,,,,,,,,2,,,,
"7701747400174007117",7,701,74,1,74001,74007,17,3,,,,,,,,,2,,,,
"7701747400174007118",7,701,74,1,74001,74007,18,3,5,9,11,,,,,,3,,,,
"7701747400174007119",7,701,74,1,74001,74007,19,3,,,,,,,,,2,,,,
"7701747400174007120",7,701,74,1,74001,74007,20,3,4,,,,,,,,3,,,,
"8801808001480049101",8,801,80,1,80014,80049,1,3,9,,,,,,,,3,,,,
"8801808001480049102",8,801,80,1,80014,80049,2,9,12,,,,,,,,3,,,,
"8801808001480049103",8,801,80,1,80014,80049,3,9,10,11,,,,,,,2,,,,
"8801808001480049104",8,801,80,1,80014,80049,4,3,,,,,,,,,2,,,,
"8801808001480049105",8,801,80,1,80014,80049,5,3,,,,,,,,,2,12,,,
"8801808001480049106",8,801,80,1,80014,80049,6,1,5,,,,,,,,3,,,,
"8801808001480049107",8,801,80,1,80014,80049,7,3,12,13,9,,,,,,2,,,,
"8801808001480049108",8,801,80,1,80014,80049,8,9,12,,,,,,,,3,,,,
"8801808001480049109",8,801,80,1,80014,80049,9,3,9,,,,,,,,2,,,,
"8801808001480049110",8,801,80,1,80014,80049,10,3,17,,,,,,,,3,,,,
"8801808001480049111",8,801,80,1,80014,80049,11,3,5,14,,,,,,,3,,,,
"8801808001480049112",8,801,80,1,80014,80049,12,3,,,,,,,,,2,,,,
"8801808001480049113",8,801,80,1,80014,80049,13,9,11,13,,,,,,,3,,,,
"8801808001480049114",8,801,80,1,80014,80049,14,3,5,,,,,,,,2,,,,
"8801808001480049115",8,801,80,1,80014,80049,15,5,17,,,,,,,,2,,,,
"8801808001480049116",8,801,80,1,80014,80049,16,3,,,,,,,,,2,12,,,
"8801808001480049117",8,801,80,1,80014,80049,17,3,,,,,,,,,2,,,,
"8801808001480049118",8,801,80,1,80014,80049,18,9,,,,,,,,,2,,,,
"8801808001480049119",8,801,80,1,80014,80049,19,3,,,,,,,,,2,,,,
"8801808001480049120",8,801,80,1,80014,80049,20,3,,,,,,,,,2,,,,
"8801808001480053101",8,801,80,1,80014,80053,1,9,,,,,,,,,3,,,,
"8801808001480053102",8,801,80,1,80014,80053,2,11,,,,,,,,,3,,,,
"8801808001480053103",8,801,80,1,80014,80053,3,9,10,12,,,,,,,3,,,,
"8801808001480053104",8,801,80,1,80014,80053,4,3,13,,,,,,,,2,12,,,
"8801808001480053105",8,801,80,1,80014,80053,5,3,15,,,,,,,,2,,,,
"8801808001480053106",8,801,80,1,80014,80053,6,3,17,,,,,,,,2,,,,
"8801808001480053107",8,801,80,1,80014,80053,7,17,99,,,,,,,,2,13,,,
"8801808001480053108",8,801,80,1,80014,80053,8,3,11,12,,,,,,,3,,,,
"8801808001480053109",8,801,80,1,80014,80053,9,3,17,13,,,,,,,1,,,,
"8801808001480053110",8,801,80,1,80014,80053,10,1,3,9,,,,,,,2,3,,,
"8801808001480053111",8,801,80,1,80014,80053,11,1,3,5,,,,,,,2,12,,,
"8801808001480053112",8,801,80,1,80014,80053,12,3,,,,,,,,,2,,,,
"8801808001480053113",8,801,80,1,80014,80053,13,3,17,,,,,,,,2,,,,
"8801808001480053114",8,801,80,1,80014,80053,14,3,,,,,,,,,2,,,,
"8801808001480053115",8,801,80,1,80014,80053,15,1,3,17,,,,,,,2,3,,,
"8801808001480053116",8,801,80,1,80014,80053,16,3,,,,,,,,,2,,,,
"8801808001480053117",8,801,80,1,80014,80053,17,3,,,,,,,,,2,12,,,
"8801808001480053118",8,801,80,1,80014,80053,18,3,5,,,,,,,,2,12,,,
"8801808001480053119",8,801,80,1,80014,80053,19,3,,,,,,,,,2,,,,
"8801808001480053120",8,801,80,1,80014,80053,20,3,,,,,,,,,2,,,,
"8801808001480054101",8,801,80,1,80014,80054,1,5,13,,,,,,,,2,,,,
"8801808001480054102",8,801,80,1,80014,80054,2,1,13,,,,,,,,2,,,,
"8801808001480054103",8,801,80,1,80014,80054,3,3,5,13,,,,,,,3,,,,
"8801808001480054104",8,801,80,1,80014,80054,4,1,3,17,,,,,,,2,12,,,
"8801808001480054105",8,801,80,1,80014,80054,5,17,,,,,,,,,2,,,,
"8801808001480054106",8,801,80,1,80014,80054,6,3,17,,,,,,,,2,12,,,
"8801808001480054107",8,801,80,1,80014,80054,7,2,3,4,7,9,15,,,,2,3,12,,
"8801808001480054108",8,801,80,1,80014,80054,8,1,3,13,,,,,,,2,12,,,
"8801808001480054109",8,801,80,1,80014,80054,9,3,7,17,,,,,,,1,12,13,,
"8801808001480054110",8,801,80,1,80014,80054,10,2,3,4,7,8,9,11,13,15,2,2,3,7,8
"8801808001480054111",8,801,80,1,80014,80054,11,2,3,4,8,9,11,15,16,17,2,2,3,5,7
"8801808001480054112",8,801,80,1,80014,80054,12,1,3,9,,,,,,,3,,,,
"8801808001480054113",8,801,80,1,80014,80054,13,1,3,13,17,,,,,,2,3,12,,
"8801808001480054114",8,801,80,1,80014,80054,14,3,5,17,,,,,,,2,4,,,
"8801808001480054115",8,801,80,1,80014,80054,15,1,2,3,5,9,10,11,12,13,2,2,3,5,7
"8801808001480054116",8,801,80,1,80014,80054,16,1,3,9,15,,,,,,2,6,,,
"8801808001480054117",8,801,80,1,80014,80054,17,1,2,9,,,,,,,3,,,,
"8801808001480054118",8,801,80,1,80014,80054,18,3,,,,,,,,,2,8,12,,
"8801808001480054119",8,801,80,1,80014,80054,19,1,2,3,4,5,7,9,10,11,2,5,6,8,
"8801808001480054120",8,801,80,1,80014,80054,20,1,2,9,14,,,,,,2,5,,,
"8801808001480057101",8,801,80,1,80014,80057,1,3,17,,,,,,,,1,12,,,
"8801808001480057102",8,801,80,1,80014,80057,2,3,9,,,,,,,,2,12,,,
"8801808001480057103",8,801,80,1,80014,80057,3,3,5,,,,,,,,2,3,,,
"8801808001480057104",8,801,80,1,80014,80057,4,3,5,17,,,,,,,2,12,,,
"8801808001480057105",8,801,80,1,80014,80057,5,3,17,,,,,,,,2,7,10,,
"8801808001480057106",8,801,80,1,80014,80057,6,3,17,,,,,,,,2,12,13,,
"8801808001480057107",8,801,80,1,80014,80057,7,3,,,,,,,,,2,,,,
"8801808001480057108",8,801,80,1,80014,80057,8,17,,,,,,,,,2,,,,
"8801808001480057109",8,801,80,1,80014,80057,9,1,3,,,,,,,,2,,,,
"8801808001480057110",8,801,80,1,80014,80057,10,3,,,,,,,,,2,,,,
"8801808001480057111",8,801,80,1,80014,80057,11,3,,,,,,,,,2,,,,
"8801808001480057112",8,801,80,1,80014,80057,12,3,,,,,,,,,2,12,,,
"8801808001480057113",8,801,80,1,80014,80057,13,3,17,,,,,,,,2,3,,,
"8801808001480057114",8,801,80,1,80014,80057,14,3,,,,,,,,,2,,,,
"8801808001480057115",8,801,80,1,80014,80057,15,3,17,,,,,,,,2,13,,,
"8801808001480057116",8,801,80,1,80014,80057,16,3,5,,,,,,,,2,4,,,
"8801808001480057117",8,801,80,1,80014,80057,17,3,5,,,,,,,,2,8,,,
"8801808001480057118",8,801,80,1,80014,80057,18,3,5,17,,,,,,,2,4,,,
"8801808001480057119",8,801,80,1,80014,80057,19,1,3,5,13,17,,,,,2,13,,,
"8801808001480057120",8,801,80,1,80014,80057,20,1,3,5,17,,,,,,2,13,,,
"8801808001480071101",8,801,80,1,80014,80071,1,3,10,,,,,,,,2,,,,
"8801808001480071102",8,801,80,1,80014,80071,2,3,5,,,,,,,,2,,,,
"8801808001480071103",8,801,80,1,80014,80071,3,3,,,,,,,,,2,,,,
"8801808001480071104",8,801,80,1,80014,80071,4,3,,,,,,,,,3,,,,
"8801808001480071105",8,801,80,1,80014,80071,5,3,5,99,,,,,,,2,4,,,
"8801808001480071106",8,801,80,1,80014,80071,6,1,2,3,9,11,13,15,13,17,2,2,7,11,12
"8801808001480071107",8,801,80,1,80014,80071,7,17,,,,,,,,,3,,,,
"8801808001480071108",8,801,80,1,80014,80071,8,3,,,,,,,,,2,,,,
"8801808001480071109",8,801,80,1,80014,80071,9,3,9,,,,,,,,2,3,,,
"8801808001480071110",8,801,80,1,80014,80071,10,3,,,,,,,,,2,99,,,
"8801808001480071111",8,801,80,1,80014,80071,11,3,9,10,,,,,,,2,,,,
"8801808001480071112",8,801,80,1,80014,80071,12,3,,,,,,,,,2,,,,
"8801808001480071113",8,801,80,1,80014,80071,13,3,5,,,,,,,,2,13,,,
"8801808001480071114",8,801,80,1,80014,80071,14,3,,,,,,,,,2,4,13,,
"8801808001480071115",8,801,80,1,80014,80071,15,3,,,,,,,,,2,3,,,
"8801808001480071116",8,801,80,1,80014,80071,16,3,,,,,,,,,2,3,,,
"8801808001480071117",8,801,80,1,80014,80071,17,1,5,17,,,,,,,2,,,,
"8801808001480071118",8,801,80,1,80014,80071,18,3,,,,,,,,,2,,,,
"8801808001480071119",8,801,80,1,80014,80071,19,3,,,,,,,,,2,,,,
"8801808001480071120",8,801,80,1,80014,80071,20,1,3,13,,,,,,,2,,,,
"8801808001480076101",8,801,80,1,80014,80076,1,3,9,,,,,,,,2,13,,,
"8801808001480076102",8,801,80,1,80014,80076,2,8,11,,,,,,,,3,,,,
"8801808001480076103",8,801,80,1,80014,80076,3,3,,,,,,,,,2,,,,
"8801808001480076104",8,801,80,1,80014,80076,4,3,,,,,,,,,2,,,,
"8801808001480076105",8,801,80,1,80014,80076,5,3,9,,,,,,,,,,,,
"8801808001480076106",8,801,80,1,80014,80076,6,9,12,,,,,,,,3,,,,
"8801808001480076107",8,801,80,1,80014,80076,7,3,17,,,,,,,,2,13,,,
"8801808001480076108",8,801,80,1,80014,80076,8,9,13,,,,,,,,2,,,,
"8801808001480076109",8,801,80,1,80014,80076,9,3,,,,,,,,,2,,,,
"8801808001480076110",8,801,80,1,80014,80076,10,3,5,,,,,,,,2,,,,
"8801808001480076111",8,801,80,1,80014,80076,11,17,,,,,,,,,1,,,,
"8801808001480076112",8,801,80,1,80014,80076,12,17,,,,,,,,,2,,,,
"8801808001480076113",8,801,80,1,80014,80076,13,3,5,15,,,,,,,2,,,,
"8801808001480076114",8,801,80,1,80014,80076,14,3,,,,,,,,,2,,,,
"8801808001480076115",8,801,80,1,80014,80076,15,3,,,,,,,,,2,,,,
"8801808001480076116",8,801,80,1,80014,80076,16,3,,,,,,,,,2,,,,
"8801808001480076117",8,801,80,1,80014,80076,17,3,5,,,,,,,,2,,,,
"8801808001480076118",8,801,80,1,80014,80076,18,3,,,,,,,,,1,,,,
"8801808001480076119",8,801,80,1,80014,80076,19,3,,,,,,,,,2,,,,
"8801808001480076120",8,801,80,1,80014,80076,20,3,,,,,,,,,2,,,,
"8801808001480077101",8,801,80,1,80014,80077,1,1,3,17,,,,,,,2,,,,
"8801808001480077102",8,801,80,1,80014,80077,2,1,3,17,,,,,,,2,3,12,,
"8801808001480077103",8,801,80,1,80014,80077,3,1,3,17,,,,,,,2,3,13,,
"8801808001480077104",8,801,80,1,80014,80077,4,3,17,,,,,,,,2,,,,
"8801808001480077105",8,801,80,1,80014,80077,5,1,9,17,,,,,,,2,8,,,
"8801808001480077106",8,801,80,1,80014,80077,6,1,3,9,13,,,,,,2,8,12,13,
"8801808001480077107",8,801,80,1,80014,80077,7,1,3,17,,,,,,,2,12,,,
"8801808001480077108",8,801,80,1,80014,80077,8,3,5,,,,,,,,2,2,,,
"8801808001480077109",8,801,80,1,80014,80077,9,3,13,,,,,,,,2,,,,
"8801808001480077110",8,801,80,1,80014,80077,10,3,17,,,,,,,,2,,,,
"8801808001480077111",8,801,80,1,80014,80077,11,3,5,13,17,,,,,,2,12,,,
"8801808001480077112",8,801,80,1,80014,80077,12,1,3,5,13,17,,,,,1,3,,,
"8801808001480077113",8,801,80,1,80014,80077,13,3,5,,,,,,,,2,12,,,
"8801808001480077114",8,801,80,1,80014,80077,14,3,17,,,,,,,,2,13,,,
"8801808001480077115",8,801,80,1,80014,80077,15,3,,,,,,,,,3,,,,
"8801808001480077116",8,801,80,1,80014,80077,16,3,7,9,,,,,,,2,7,,,
"8801808001480077117",8,801,80,1,80014,80077,17,3,,,,,,,,,2,2,3,,
"8801808001480077118",8,801,80,1,80014,80077,18,3,,,,,,,,,2,,,,
"8801808001480077119",8,801,80,1,80014,80077,19,2,3,4,7,,,,,,2,11,,,
"8801808001480077120",8,801,80,1,80014,80077,20,3,11,12,13,,,,,,2,,,,
"8801808002280128212",8,801,80,2,80022,80128,12,3,8,11,,,,,,,2,5,,,
"8801808002280128213",8,801,80,2,80022,80128,13,3,,,,,,,,,2,,,,
"8801808003580007201",8,801,80,2,80035,80007,1,3,,,,,,,,,2,10,,,
"8801808003580007202",8,801,80,2,80035,80007,2,99,,,,,,,,,3,,,,
"8801808003580007203",8,801,80,2,80035,80007,3,3,,,,,,,,,2,,,,
"8801808003580007204",8,801,80,2,80035,80007,4,3,,,,,,,,,3,,,,
"8801808003580007205",8,801,80,2,80035,80007,5,3,9,,,,,,,,2,,,,
"8801808003580007206",8,801,80,2,80035,80007,6,3,,,,,,,,,3,,,,
"8801808003580007207",8,801,80,2,80035,80007,7,3,4,5,9,13,17,,,,3,,,,
"8801808003580007208",8,801,80,2,80035,80007,8,3,,,,,,,,,2,,,,
"8801808003580007209",8,801,80,2,80035,80007,9,3,,,,,,,,,2,10,,,
"8801808003580007210",8,801,80,2,80035,80007,10,5,,,,,,,,,3,,,,
"8801808003580007211",8,801,80,2,80035,80007,11,3,9,,,,,,,,2,5,,,
"8801808003580007212",8,801,80,2,80035,80007,12,3,,,,,,,,,3,,,,
"8801808003580007213",8,801,80,2,80035,80007,13,3,,,,,,,,,3,,,,
"8801808003580007214",8,801,80,2,80035,80007,14,3,9,,,,,,,,2,6,,,
"8801808003580007215",8,801,80,2,80035,80007,15,3,9,,,,,,,,2,3,,,
"8801808003580007216",8,801,80,2,80035,80007,16,3,9,,,,,,,,2,5,,,
"8801808003580007217",8,801,80,2,80035,80007,17,3,,,,,,,,,2,,,,
"8801808003580007218",8,801,80,2,80035,80007,18,3,9,,,,,,,,2,3,5,,
"8801808003580007219",8,801,80,2,80035,80007,19,3,5,9,15,,,,,,2,3,,,
"8801808003580007220",8,801,80,2,80035,80007,20,3,9,,,,,,,,2,5,6,,
"8801808004080099201",8,801,80,2,80040,80099,1,2,3,9,17,,,,,,3,,,,
"8801808004080099202",8,801,80,2,80040,80099,2,2,3,5,10,15,,,,,3,,,,
"8801808004080099203",8,801,80,2,80040,80099,3,3,,,,,,,,,3,,,,
"8801808004080099204",8,801,80,2,80040,80099,4,3,14,,,,,,,,2,,,,
"8801808004080099205",8,801,80,2,80040,80099,5,9,15,,,,,,,,2,,,,
"8801808004080099206",8,801,80,2,80040,80099,6,3,4,,,,,,,,3,,,,
"8801808004080099207",8,801,80,2,80040,80099,7,3,,,,,,,,,2,,,,
"8801808004080099208",8,801,80,2,80040,80099,8,3,,,,,,,,,3,,,,
"8801808004080099209",8,801,80,2,80040,80099,9,9,,,,,,,,,3,,,,
"8801808004080099210",8,801,80,2,80040,80099,10,3,,,,,,,,,3,,,,
"8801808004080099211",8,801,80,2,80040,80099,11,3,,,,,,,,,3,,,,
"8801808004080099212",8,801,80,2,80040,80099,12,2,,,,,,,,,2,,,,
"8801808004080099213",8,801,80,2,80040,80099,13,3,,,,,,,,,3,,,,
"8801808004080099214",8,801,80,2,80040,80099,14,9,,,,,,,,,3,,,,
"8801808004080099215",8,801,80,2,80040,80099,15,3,,,,,,,,,2,,,,
"8801808004080099216",8,801,80,2,80040,80099,16,3,5,10,,,,,,,2,3,11,,
"8801808004080099217",8,801,80,2,80040,80099,17,3,,,,,,,,,2,,,,
"8801808004080099218",8,801,80,2,80040,80099,18,3,,,,,,,,,3,,,,
"8801808004080099219",8,801,80,2,80040,80099,19,1,2,3,10,,,,,,2,2,11,,
"8801808004080099220",8,801,80,2,80040,80099,20,1,2,3,5,10,14,,,,2,6,11,,
"8801808006080123207",8,801,80,2,80060,80123,7,3,16,,,,,,,,3,,,,
"8801808006080123208",8,801,80,2,80060,80123,8,3,,,,,,,,,2,,,,
"8801808006080123209",8,801,80,2,80060,80123,9,1,3,,,,,,,,2,4,13,,
"8801808006080123210",8,801,80,2,80060,80123,10,3,5,,,,,,,,2,,,,
"8801808006080123211",8,801,80,2,80060,80123,11,3,,,,,,,,,2,,,,
"8801808006080123212",8,801,80,2,80060,80123,12,3,11,13,,,,,,,2,10,,,
"8801808006080123213",8,801,80,2,80060,80123,13,3,9,,,,,,,,2,10,,,
"8801808006280123201",8,801,80,2,80062,80123,1,3,5,14,,,,,,,1,4,,,
"8801808006280123202",8,801,80,2,80062,80123,2,3,5,17,,,,,,,2,10,,,
"8801808006280123203",8,801,80,2,80062,80123,3,3,17,,,,,,,,2,3,,,
"8801808006280123204",8,801,80,2,80062,80123,4,3,5,17,,,,,,,2,4,13,,
"8801808006280123205",8,801,80,2,80062,80123,5,3,5,,,,,,,,2,7,,,
"8801808006280123206",8,801,80,2,80062,80123,6,3,,,,,,,,,2,,,,
"8801808006880137106",8,801,80,1,80068,80137,6,1,3,14,,,,,,,3,,,,
"8801808006880137107",8,801,80,1,80068,80137,7,1,16,,,,,,,,2,8,,,
"8801808006880137203",8,801,80,2,80068,80137,3,2,14,,,,,,,,2,7,,,
"8801808006880137204",8,801,80,2,80068,80137,4,5,12,,,,,,,,2,10,,,
"8801808006880137205",8,801,80,2,80068,80137,5,10,13,,,,,,,,2,10,,,
"8801808006880137208",8,801,80,2,80068,80137,8,3,14,,,,,,,,2,10,,,
"8801808006880137209",8,801,80,2,80068,80137,9,2,5,10,,,,,,,3,,,,
"8801808006880137210",8,801,80,2,80068,80137,10,3,11,,,,,,,,2,13,,,
"8801808006880137211",8,801,80,2,80068,80137,11,3,9,,,,,,,,3,,,,
"8801808006880137212",8,801,80,2,80068,80137,12,3,13,,,,,,,,3,,,,
"8801808006880137213",8,801,80,2,80068,80137,13,1,3,,,,,,,,3,,,,
"8801808006880137214",8,801,80,2,80068,80137,14,1,3,,,,,,,,3,,,,
"8801808006880137215",8,801,80,2,80068,80137,15,2,99,,,,,,,,2,99,,,
"8801808006980137216",8,801,80,2,80069,80137,16,3,13,,,,,,,,1,10,,,
"8801808006980137217",8,801,80,2,80069,80137,17,9,14,,,,,,,,2,10,,,
"8801808006980137218",8,801,80,2,80069,80137,18,5,13,,,,,,,,3,,,,
"8801808006980137219",8,801,80,2,80069,80137,19,1,13,,,,,,,,2,10,,,
"8801808006980137220",8,801,80,2,80069,80137,20,3,7,,,,,,,,3,,,,
"8801808007180137201",8,801,80,2,80071,80137,1,1,9,13,,,,,,,3,,,,
"8801808007180137202",8,801,80,2,80071,80137,2,4,12,,,,,,,,2,10,,,
"8801808010380081101",8,801,80,1,80103,80081,1,3,11,,,,,,,,2,10,,,
"8801808010380081102",8,801,80,1,80103,80081,2,2,3,,,,,,,,2,7,,,
"8801808010380081103",8,801,80,1,80103,80081,3,5,13,14,,,,,,,2,,,,
"8801808010380081104",8,801,80,1,80103,80081,4,9,13,,,,,,,,2,,,,
"8801808010380081105",8,801,80,1,80103,80081,5,5,,,,,,,,,3,,,,
"8801808010380081106",8,801,80,1,80103,80081,6,9,13,,,,,,,,2,,,,
"8801808010380081108",8,801,80,1,80103,80081,8,3,13,,,,,,,,2,10,,,
"8801808010380081109",8,801,80,1,80103,80081,9,3,,,,,,,,,2,,,,
"8801808010380081110",8,801,80,1,80103,80081,10,3,,,,,,,,,2,7,,,
"8801808010380081111",8,801,80,1,80103,80081,11,3,,,,,,,,,2,,,,
"8801808010380081112",8,801,80,1,80103,80081,12,3,,,,,,,,,2,,,,
"8801808010380081113",8,801,80,1,80103,80081,13,3,4,5,12,,,,,,2,10,,,
"8801808010380081114",8,801,80,1,80103,80081,14,3,,,,,,,,,2,,,,
"8801808010380081115",8,801,80,1,80103,80081,15,3,9,,,,,,,,2,,,,
"8801808010380081116",8,801,80,1,80103,80081,16,3,,,,,,,,,2,,,,
"8801808010380081117",8,801,80,1,80103,80081,17,9,11,13,,,,,,,2,12,,,
"8801808010380081118",8,801,80,1,80103,80081,18,,,,,,,,,9,3,,,,
"8801808010380081119",8,801,80,1,80103,80081,19,1,14,,,,,,,,2,8,,,
"8801808010380081120",8,801,80,1,80103,80081,20,1,3,,,,,,,,2,8,,,
"8801808010380081207",8,801,80,2,80103,80081,7,5,,,,,,,,,3,,,,
"8801808010780015201",8,801,80,2,80107,80015,1,3,9,1,,,,,,2,,4,,,2
"8801808010780015202",8,801,80,2,80107,80015,2,3,,,,,,,,2,,,,,2
"8801808010780015203",8,801,80,2,80107,80015,3,5,1,1,,,,,,2,,,,,2
"8801808010780015204",8,801,80,2,80107,80015,4,3,4,5,1,,,,,3,,,,,2
"8801808010780015205",8,801,80,2,80107,80015,5,5,11,4,,,,,,2,,,,,2
"8801808010780015206",8,801,80,2,80107,80015,6,3,9,1,,,,,,,,5,,,2
"8801808010780015207",8,801,80,2,80107,80015,7,9,3,,,,,,,2,,6,,,2
"8801808010780015209",8,801,80,2,80107,80015,9,3,9,,,,,,,2,,,,,2
"8801808010780015210",8,801,80,2,80107,80015,10,4,9,2,,,,,,2,,,,,2
"8801808010780015213",8,801,80,2,80107,80015,13,9,3,,,,,,,2,,3,,,1
"8801808010780015214",8,801,80,2,80107,80015,14,2,9,,,,,,,3,,,,,2
"8801808010780015215",8,801,80,2,80107,80015,15,10,2,4,,,,,,2,,2,3,,2
"8801808010780015216",8,801,80,2,80107,80015,16,2,3,9,4,,,,,3,,,,,2
"8801808010780015217",8,801,80,2,80107,80015,17,2,9,3,,,,,,1,,,,,1
"8801808010780015219",8,801,80,2,80107,80015,19,1,11,3,,,,,,2,,3,6,,1
"8801808010780015220",8,801,80,2,80107,80015,20,10,2,3,7,,,,,3,,,,,1
"8801808012080128217",8,801,80,2,80120,80128,17,3,,,,,,,,,2,3,,,
"8801808012080128218",8,801,80,2,80120,80128,18,2,3,11,,,,,,,1,10,13,,
"8801808012080128219",8,801,80,2,80120,80128,19,3,9,,,,,,,,2,3,,,
"8801808012380123214",8,801,80,2,80123,80123,14,1,2,14,,,,,,,3,,,,
"8801808012380123215",8,801,80,2,80123,80123,15,3,5,9,17,,,,,,2,3,,,
"8801808012380123216",8,801,80,2,80123,80123,16,5,,,,,,,,,3,,,,
"8801808012380123217",8,801,80,2,80123,80123,17,2,3,9,,,,,,,3,,,,
"8801808012380123218",8,801,80,2,80123,80123,18,3,13,,,,,,,,2,,,,
"8801808012380123219",8,801,80,2,80123,80123,19,1,5,,,,,,,,2,3,4,,
"8801808012380123220",8,801,80,2,80123,80123,20,2,5,17,,,,,,,1,13,,,
"8801808013880128214",8,801,80,2,80138,80128,14,3,11,,,,,,,,2,10,,,
"8801808013880128215",8,801,80,2,80138,80128,15,99,,,,,,,,,3,,,,
"8801808013880128216",8,801,80,2,80138,80128,16,3,9,13,,,,,,,2,6,,,
"8801808015580128201",8,801,80,2,80155,80128,1,3,10,12,,,,,,,2,10,,,
"8801808015580128202",8,801,80,2,80155,80128,2,3,,,,,,,,,3,,,,
"8801808015580128203",8,801,80,2,80155,80128,3,3,,,,,,,,,2,,,,
"8801808015580128204",8,801,80,2,80155,80128,4,3,10,11,,,,,,,2,6,,,
"8801808015580128205",8,801,80,2,80155,80128,5,3,14,,,,,,,,2,6,,,
"8801808015580128206",8,801,80,2,80155,80128,6,3,9,12,,,,,,,2,6,,,
"8801808015580128207",8,801,80,2,80155,80128,7,13,17,,,,,,,,1,10,,,
"8801808015580128208",8,801,80,2,80155,80128,8,3,9,,,,,,,,2,5,,,
"8801808015580128209",8,801,80,2,80155,80128,9,9,99,,,,,,,,2,10,,,
"8801808015580128210",8,801,80,2,80155,80128,10,3,,,,,,,,,2,,,,
"8801808015580128211",8,801,80,2,80155,80128,11,2,3,14,,,,,,,1,,,,
"8801808015580128220",8,801,80,2,80155,80128,20,3,5,6,99,,,,,,2,99,,,
"8801808017080015212",8,801,80,2,80170,80015,12,3,9,11,3,,,,,3,,,,,1
"8801818100881016201",8,801,81,2,81008,81016,1,3,,,,,,,,,2,,,,
"8801818100881016202",8,801,81,2,81008,81016,2,3,,,,,,,,,3,,,,
"8801818100881016203",8,801,81,2,81008,81016,3,3,,,,,,,,,3,,,,
"8801818100881016204",8,801,81,2,81008,81016,4,3,,,,,,,,,3,,,,
"8801818100881016205",8,801,81,2,81008,81016,5,3,,,,,,,,,2,,,,
"8801818100881016206",8,801,81,2,81008,81016,6,13,,,,,,,,,2,2,,,
"8801818100881016207",8,801,81,2,81008,81016,7,13,,,,,,,,,2,,,,
"8801818100881016208",8,801,81,2,81008,81016,8,3,,,,,,,,,3,,,,
"8801818100881016209",8,801,81,2,81008,81016,9,3,,,,,,,,,2,,,,
"8801818100881016210",8,801,81,2,81008,81016,10,3,,,,,,,,,2,,,,
"8801818100881016211",8,801,81,2,81008,81016,11,13,,,,,,,,,2,,,,
"8801818100881016212",8,801,81,2,81008,81016,12,99,,,,,,,,,3,,,,
"8801818100881016213",8,801,81,2,81008,81016,13,2,3,4,9,10,11,14,,,2,5,6,11,
"8801818100881016214",8,801,81,2,81008,81016,14,2,3,9,11,,,,,,2,6,11,,
"8801818100881016215",8,801,81,2,81008,81016,15,2,3,4,9,14,17,,,,2,3,5,7,
"8801818100881016216",8,801,81,2,81008,81016,16,2,3,4,5,9,,,,,2,7,11,,
"8801818100881016217",8,801,81,2,81008,81016,17,2,3,9,10,11,,,,,2,5,6,,
"8801818100881016218",8,801,81,2,81008,81016,18,3,4,9,7,10,14,,,,2,2,5,11,
"8801818100881016219",8,801,81,2,81008,81016,19,3,,,,,,,,,2,,,,
"8801818100881016220",8,801,81,2,81008,81016,20,17,,,,,,,,,3,,,,
"8802828200182011201",8,802,82,2,82001,82011,1,3,9,,,,,,,,,,,,
"8802828200182011202",8,802,82,2,82001,82011,2,3,9,,,,,,,,3,,,,
"8802828200182011203",8,802,82,2,82001,82011,3,2,11,13,,,,,,,2,,,,
"8802828200182011204",8,802,82,2,82001,82011,4,3,,,,,,,,,2,6,,,
"8802828200182011205",8,802,82,2,82001,82011,5,13,,,,,,,,,2,,,,
"8802828200182011206",8,802,82,2,82001,82011,6,2,3,10,,,,,,,2,,,,
"8802828200182011207",8,802,82,2,82001,82011,7,3,12,13,,,,,,,2,10,,,
"8802828200182011208",8,802,82,2,82001,82011,8,3,13,14,,,,,,,2,6,,,
"8802828200182011209",8,802,82,2,82001,82011,9,3,5,9,13,,,,,,2,5,,,
"8802828200182011210",8,802,82,2,82001,82011,10,3,13,,,,,,,,2,6,,,
"8802828200182011211",8,802,82,2,82001,82011,11,3,9,10,11,,,,,,2,,,,
"8802828200182011213",8,802,82,2,82001,82011,13,13,99,,,,,,,,2,5,10,,
"8802828200182011214",8,802,82,2,82001,82011,14,3,,,,,,,,,2,,,,
"8802828200182011215",8,802,82,2,82001,82011,15,13,,,,,,,,,2,,,,
"8802828200182011217",8,802,82,2,82001,82011,17,3,13,,,,,,,,3,,,,
"8802828200182011218",8,802,82,2,82001,82011,18,3,9,,,,,,,,2,,,,
"8802828200182011219",8,802,82,2,82001,82011,19,3,,,,,,,,,2,,,,
"8802828200182011220",8,802,82,2,82001,82011,20,3,13,,,,,,,,2,,,,
"8802828200582006201",8,802,82,2,82005,82006,1,2,7,10,,,,,,,2,3,,,
"8802828200582006202",8,802,82,2,82005,82006,2,2,3,,,,,,,,2,,,,
"8802828200582006203",8,802,82,2,82005,82006,3,2,3,7,,,,,,,2,7,,,
"8802828200582006204",8,802,82,2,82005,82006,4,3,,,,,,,,,2,,,,
"8802828200582006205",8,802,82,2,82005,82006,5,3,,,,,,,,,2,,,,
"8802828200582006206",8,802,82,2,82005,82006,6,5,13,,,,,,,,2,3,,,
"8802828200582006207",8,802,82,2,82005,82006,7,3,13,,,,,,,,2,3,7,,
"8802828200582006208",8,802,82,2,82005,82006,8,3,9,10,,,,,,,2,,,,
"8802828200582006209",8,802,82,2,82005,82006,9,1,5,,,,,,,,2,,,,
"8802828200582006210",8,802,82,2,82005,82006,10,9,13,,,,,,,,2,7,,,
"8802828200582006211",8,802,82,2,82005,82006,11,9,12,13,,,,,,,2,10,,,
"8802828200582006212",8,802,82,2,82005,82006,12,15,,,,,,,,,2,,,,
"8802828200582006213",8,802,82,2,82005,82006,13,3,7,,,,,,,,2,7,,,
"8802828200582006214",8,802,82,2,82005,82006,14,2,13,,,,,,,,2,5,,,
"8802828200582006215",8,802,82,2,82005,82006,15,5,13,,,,,,,,2,5,,,
"8802828200582006216",8,802,82,2,82005,82006,16,3,,,,,,,,,2,,,,
"8802828200582006217",8,802,82,2,82005,82006,17,3,13,,,,,,,,2,,,,
"8802828200582006218",8,802,82,2,82005,82006,18,2,5,7,13,,,,,,2,13,,,
"8802828200582006219",8,802,82,2,82005,82006,19,5,13,99,,,,,,,2,99,,,
"8802828200582006220",8,802,82,2,82005,82006,20,9,13,,,,,,,,2,,,,
"8802828201182011112",8,802,82,1,82011,82011,12,3,5,,,,,,,,2,5,6,,
"8802828201182011216",8,802,82,2,82011,82011,16,17,,,,,,,,,2,,,,
"8802828207882018201",8,802,82,2,82078,82018,1,1,2,5,7,14,16,,,,3,,,,
"8802828207882018202",8,802,82,2,82078,82018,2,3,5,,,,,,,,2,10,,,
"8802828207882018203",8,802,82,2,82078,82018,3,3,5,,,,,,,,2,,,,
"8802828207882018204",8,802,82,2,82078,82018,4,3,11,,,,,,,,2,5,7,10,
"8802828207882018205",8,802,82,2,82078,82018,5,5,13,,,,,,,,2,4,12,,
"8802828207882018206",8,802,82,2,82078,82018,6,2,5,6,13,,,,,,2,4,,,
"8802828207882018207",8,802,82,2,82078,82018,7,3,5,10,13,,,,,,2,7,,,
"8802828207882018208",8,802,82,2,82078,82018,8,3,13,,,,,,,,2,10,,,
"8802828207882018209",8,802,82,2,82078,82018,9,3,13,14,,,,,,,2,5,10,,
"8802828207882018210",8,802,82,2,82078,82018,10,3,12,,,,,,,,2,10,,,
"8802828207882018211",8,802,82,2,82078,82018,11,2,10,13,14,,,,,,2,3,10,13,
"8802828207882018212",8,802,82,2,82078,82018,12,3,14,,,,,,,,2,2,3,13,
"8802828207882018213",8,802,82,2,82078,82018,13,3,4,5,10,13,,,,,2,4,5,7,10
"8802828207882018214",8,802,82,2,82078,82018,14,3,9,13,14,17,,,,,2,7,13,,
"8802828207882018215",8,802,82,2,82078,82018,15,3,5,,,,,,,,2,,,,
"8802828207882018216",8,802,82,2,82078,82018,16,3,99,,,,,,,,2,99,,,
"8802828207882018217",8,802,82,2,82078,82018,17,2,3,9,,,,,,,2,99,,,
"8802828207882018218",8,802,82,2,82078,82018,18,3,,,,,,,,,2,4,,,
"8802828207882018219",8,802,82,2,82078,82018,19,3,9,,,,,,,,2,,,,
"8802828207882018220",8,802,82,2,82078,82018,20,2,3,,,,,,,,2,,,,
"8802838300483024117",8,802,83,1,83004,83024,17,3,5,9,13,,,,,,2,4,,,
"8802838300483024118",8,802,83,1,83004,83024,18,3,5,99,,,,,,,2,13,,,
"8802838300483024211",8,802,83,2,83004,83024,11,1,3,,,,,,,,2,3,,,
"8802838300483024212",8,802,83,2,83004,83024,12,2,13,14,,,,,,,2,6,8,,
"8802838300483024213",8,802,83,2,83004,83024,13,3,,,,,,,,,2,,,,
"8802838300483024214",8,802,83,2,83004,83024,14,2,3,14,,,,,,,2,10,,,
"8802838300483024215",8,802,83,2,83004,83024,15,3,5,9,,,,,,,2,7,,,
"8802838300483024216",8,802,83,2,83004,83024,16,2,5,,,,,,,,3,,,,
"8802838300483024219",8,802,83,2,83004,83024,19,3,5,9,,,,,,,2,4,,,
"8802838300483024220",8,802,83,2,83004,83024,20,3,5,9,,,,,,,2,3,,,
"8802838301083002202",8,802,83,2,83010,83002,2,3,9,,,,,,,,2,5,,,
"8802838301083002203",8,802,83,2,83010,83002,3,5,13,,,,,,,,2,4,10,,
"8802838301083002204",8,802,83,2,83010,83002,4,7,9,10,14,,,,,,2,13,,,
"8802838301083002205",8,802,83,2,83010,83002,5,3,13,,,,,,,,2,,,,
"8802838301083002206",8,802,83,2,83010,83002,6,3,9,13,,,,,,,2,5,10,,
"8802838301083002207",8,802,83,2,83010,83002,7,17,99,,,,,,,,2,99,,,
"8802838301083002208",8,802,83,2,83010,83002,8,4,7,9,,,,,,,2,7,10,,
"8802838301083002209",8,802,83,2,83010,83002,9,3,14,,,,,,,,2,3,,,
"8802838301083002210",8,802,83,2,83010,83002,10,3,99,,,,,,,,2,,,,
"8802838301083002211",8,802,83,2,83010,83002,11,3,9,13,,,,,,,2,5,12,,
"8802838301083002212",8,802,83,2,83010,83002,12,2,3,5,9,13,17,,,,2,3,5,13,99
"8802838301083002213",8,802,83,2,83010,83002,13,1,13,,,,,,,,2,,,,
"8802838301083002214",8,802,83,2,83010,83002,14,3,5,9,10,12,,,,,3,,,,
"8802838301083002215",8,802,83,2,83010,83002,15,5,7,9,13,,,,,,2,3,10,13,
"8802838301083002216",8,802,83,2,83010,83002,16,3,,,,,,,,,2,,,,
"8802838301083002217",8,802,83,2,83010,83002,17,3,9,,,,,,,,2,,,,
"8802838301083002218",8,802,83,2,83010,83002,18,2,9,,,,,,,,3,,,,
"8802838301083002219",8,802,83,2,83010,83002,19,13,,,,,,,,,2,,,,
"8802838301083002220",8,802,83,2,83010,83002,20,1,13,,,,,,,,2,,,,
"8802838301683002201",8,802,83,2,83016,83002,1,2,13,14,,,,,,,2,99,,,
"8802838302883024110",8,802,83,1,83028,83024,10,3,5,,,,,,,,1,,,,
"8802838302983024107",8,802,83,1,83029,83024,7,5,9,10,17,,,,,,2,13,,,
"8802838302983024206",8,802,83,2,83029,83024,6,3,5,,,,,,,,2,5,,,
"8802838302983024208",8,802,83,2,83029,83024,8,2,3,5,,,,,,,1,,,,
"8802838302983024209",8,802,83,2,83029,83024,9,3,17,,,,,,,,2,7,,,
"8802838302983024210",8,802,83,2,83029,83024,10,1,5,14,17,,,,,,2,4,13,,
"8802838304983024201",8,802,83,2,83049,83024,1,3,11,,,,,,,,2,10,,,
"8802838304983024202",8,802,83,2,83049,83024,2,3,5,,,,,,,,2,,,,
"8802838304983024203",8,802,83,2,83049,83024,3,2,13,,,,,,,,2,,,,
"8802838304983024204",8,802,83,2,83049,83024,4,3,5,11,99,,,,,,2,10,,,
