"hid","weightslga","weightssubdivision"
"1101101000110003101",0.589999973773956,0.589999973773956
"1101101000110003102",0.589999973773956,0.589999973773956
"1101101000110003103",0.589999973773956,0.589999973773956
"1101101000110003104",0.589999973773956,0.589999973773956
"1101101000110003105",0.589999973773956,0.589999973773956
"1101101000110003106",0.589999973773956,0.589999973773956
"1101101000110003107",0.589999973773956,0.589999973773956
"1101101000110003108",0.589999973773956,0.589999973773956
"1101101000110003109",0.589999973773956,0.589999973773956
"1101101000110003110",0.589999973773956,0.589999973773956
"1101101000110003111",0.589999973773956,0.589999973773956
"1101101000110003112",0.589999973773956,0.589999973773956
"1101101000110003113",0.589999973773956,0.589999973773956
"1101101000110003114",0.589999973773956,0.589999973773956
"1101101000110003115",0.589999973773956,0.589999973773956
"1101101000110003116",0.589999973773956,0.589999973773956
"1101101000110003117",0.589999973773956,0.589999973773956
"1101101000110003118",0.589999973773956,0.589999973773956
"1101101000110003119",0.589999973773956,0.589999973773956
"1101101000110003120",0.589999973773956,0.589999973773956
"1101101000110004101",0.589999973773956,0.589999973773956
"1101101000110004102",0.589999973773956,0.589999973773956
"1101101000110004103",0.589999973773956,0.589999973773956
"1101101000110004104",0.589999973773956,0.589999973773956
"1101101000110004105",0.589999973773956,0.589999973773956
"1101101000110004106",0.589999973773956,0.589999973773956
"1101101000110004107",0.589999973773956,0.589999973773956
"1101101000110004108",0.589999973773956,0.589999973773956
"1101101000110004109",0.589999973773956,0.589999973773956
"1101101000110004110",0.589999973773956,0.589999973773956
"1101101000110004111",0.589999973773956,0.589999973773956
"1101101000110004112",0.589999973773956,0.589999973773956
"1101101000110004113",0.589999973773956,0.589999973773956
"1101101000110004114",0.589999973773956,0.589999973773956
"1101101000110004115",0.589999973773956,0.589999973773956
"1101101000110004116",0.589999973773956,0.589999973773956
"1101101000110004117",0.589999973773956,0.589999973773956
"1101101000110004118",0.589999973773956,0.589999973773956
"1101101000110004119",0.589999973773956,0.589999973773956
"1101101000110004120",0.589999973773956,0.589999973773956
"1101101000110008101",0.589999973773956,0.589999973773956
"1101101000110008102",0.589999973773956,0.589999973773956
"1101101000110008103",0.589999973773956,0.589999973773956
"1101101000110008104",0.589999973773956,0.589999973773956
"1101101000110008105",0.589999973773956,0.589999973773956
"1101101000110008106",0.589999973773956,0.589999973773956
"1101101000110008107",0.589999973773956,0.589999973773956
"1101101000110008108",0.589999973773956,0.589999973773956
"1101101000110008109",0.589999973773956,0.589999973773956
"1101101000110008110",0.589999973773956,0.589999973773956
"1101101000110008111",0.589999973773956,0.589999973773956
"1101101000110008112",0.589999973773956,0.589999973773956
"1101101000110008113",0.589999973773956,0.589999973773956
"1101101000110008114",0.589999973773956,0.589999973773956
"1101101000110008115",0.589999973773956,0.589999973773956
"1101101000110008116",0.589999973773956,0.589999973773956
"1101101000110008117",0.589999973773956,0.589999973773956
"1101101000110008118",0.589999973773956,0.589999973773956
"1101101000110008119",0.589999973773956,0.589999973773956
"1101101000110008120",0.589999973773956,0.589999973773956
"1101111100111012101",0.589999973773956,0.589999973773956
"1101111100111012102",0.589999973773956,0.589999973773956
"1101111100111012103",0.589999973773956,0.589999973773956
"1101111100111012104",0.589999973773956,0.589999973773956
"1101111100111012105",0.589999973773956,0.589999973773956
"1101111100111012106",0.589999973773956,0.589999973773956
"1101111100111012107",0.589999973773956,0.589999973773956
"1101111100111012108",0.589999973773956,0.589999973773956
"1101111100111012109",0.589999973773956,0.589999973773956
"1101111100111012110",0.589999973773956,0.589999973773956
"1101111100111012111",0.589999973773956,0.589999973773956
"1101111100111012112",0.589999973773956,0.589999973773956
"1101111100111012113",0.589999973773956,0.589999973773956
"1101111100111012114",0.589999973773956,0.589999973773956
"1101111100111012115",0.589999973773956,0.589999973773956
"1101111100111012116",0.589999973773956,0.589999973773956
"1101111100111012117",0.589999973773956,0.589999973773956
"1101111100111012118",0.589999973773956,0.589999973773956
"1101111100111012119",0.589999973773956,0.589999973773956
"1101111100111012120",0.589999973773956,0.589999973773956
"1101111100111015101",0.589999973773956,0.589999973773956
"1101111100111015102",0.589999973773956,0.589999973773956
"1101111100111015103",0.589999973773956,0.589999973773956
"1101111100111015104",0.589999973773956,0.589999973773956
"1101111100111015105",0.589999973773956,0.589999973773956
"1101111100111015106",0.589999973773956,0.589999973773956
"1101111100111015107",0.589999973773956,0.589999973773956
"1101111100111015108",0.589999973773956,0.589999973773956
"1101111100111015109",0.589999973773956,0.589999973773956
"1101111100111015110",0.589999973773956,0.589999973773956
"1101111100111015111",0.589999973773956,0.589999973773956
"1101111100111015112",0.589999973773956,0.589999973773956
"1101111100111015113",0.589999973773956,0.589999973773956
"1101111100111015114",0.589999973773956,0.589999973773956
"1101111100111015115",0.589999973773956,0.589999973773956
"1101111100111015116",0.589999973773956,0.589999973773956
"1101111100111015117",0.589999973773956,0.589999973773956
"1101111100111015118",0.589999973773956,0.589999973773956
"1101111100111015119",0.589999973773956,0.589999973773956
"1101111100111015120",0.589999973773956,0.589999973773956
"1101111100111016101",0.589999973773956,0.589999973773956
"1101111100111016102",0.589999973773956,0.589999973773956
"1101111100111016103",0.589999973773956,0.589999973773956
"1101111100111016104",0.589999973773956,0.589999973773956
"1101111100111016105",0.589999973773956,0.589999973773956
"1101111100111016106",0.589999973773956,0.589999973773956
"1101111100111016107",0.589999973773956,0.589999973773956
"1101111100111016108",0.589999973773956,0.589999973773956
"1101111100111016109",0.589999973773956,0.589999973773956
"1101111100111016110",0.589999973773956,0.589999973773956
"1101111100111016111",0.589999973773956,0.589999973773956
"1101111100111016112",0.589999973773956,0.589999973773956
"1101111100111016113",0.589999973773956,0.589999973773956
"1101111100111016114",0.589999973773956,0.589999973773956
"1101111100111016115",0.589999973773956,0.589999973773956
"1101111100111016116",0.589999973773956,0.589999973773956
"1101111100111016117",0.589999973773956,0.589999973773956
"1101111100111016118",0.589999973773956,0.589999973773956
"1101111100111016119",0.589999973773956,0.589999973773956
"1101111100111016120",0.589999973773956,0.589999973773956
"1101111100112002101",0.589999973773956,0.589999973773956
"1101111100112002102",0.589999973773956,0.589999973773956
"1101111100112002103",0.589999973773956,0.589999973773956
"1101111100112002104",0.589999973773956,0.589999973773956
"1101111100112002105",0.589999973773956,0.589999973773956
"1101111100112002106",0.589999973773956,0.589999973773956
"1101111100112002107",0.589999973773956,0.589999973773956
"1101111100112002108",0.589999973773956,0.589999973773956
"1101111100112002109",0.589999973773956,0.589999973773956
"1101111100112002110",0.589999973773956,0.589999973773956
"1101111100112002111",0.589999973773956,0.589999973773956
"1101111100112002112",0.589999973773956,0.589999973773956
"1101111100112002113",0.589999973773956,0.589999973773956
"1101111100112002114",0.589999973773956,0.589999973773956
"1101111100112002115",0.589999973773956,0.589999973773956
"1101111100112002116",0.589999973773956,0.589999973773956
"1101111100112002117",0.589999973773956,0.589999973773956
"1101111100112002118",0.589999973773956,0.589999973773956
"1101111100112002119",0.589999973773956,0.589999973773956
"1101111100112002120",0.589999973773956,0.589999973773956
"1101121200112024101",0.589999973773956,0.589999973773956
"1101121200112024102",0.589999973773956,0.589999973773956
"1101121200112024103",0.589999973773956,0.589999973773956
"1101121200112024104",0.589999973773956,0.589999973773956
"1101121200112024105",0.589999973773956,0.589999973773956
"1101121200112024106",0.589999973773956,0.589999973773956
"1101121200112024107",0.589999973773956,0.589999973773956
"1101121200112024108",0.589999973773956,0.589999973773956
"1101121200112024109",0.589999973773956,0.589999973773956
"1101121200112024110",0.589999973773956,0.589999973773956
"1101121200112024111",0.589999973773956,0.589999973773956
"1101121200112024112",0.589999973773956,0.589999973773956
"1101121200112024113",0.589999973773956,0.589999973773956
"1101121200112024114",0.589999973773956,0.589999973773956
"1101121200112024115",0.589999973773956,0.589999973773956
"1101121200112024116",0.589999973773956,0.589999973773956
"1101121200112024117",0.589999973773956,0.589999973773956
"1101121200112024118",0.589999973773956,0.589999973773956
"1101121200112024119",0.589999973773956,0.589999973773956
"1101121200112024120",0.589999973773956,0.589999973773956
"1101121200112027101",0.589999973773956,0.589999973773956
"1101121200112027102",0.589999973773956,0.589999973773956
"1101121200112027103",0.589999973773956,0.589999973773956
"1101121200112027104",0.589999973773956,0.589999973773956
"1101121200112027105",0.589999973773956,0.589999973773956
"1101121200112027106",0.589999973773956,0.589999973773956
"1101121200112027107",0.589999973773956,0.589999973773956
"1101121200112027108",0.589999973773956,0.589999973773956
"1101121200112027109",0.589999973773956,0.589999973773956
"1101121200112027110",0.589999973773956,0.589999973773956
"1101121200112027111",0.589999973773956,0.589999973773956
"1101121200112027112",0.589999973773956,0.589999973773956
"1101121200112027113",0.589999973773956,0.589999973773956
"1101121200112027114",0.589999973773956,0.589999973773956
"1101121200112027115",0.589999973773956,0.589999973773956
"1101121200112027116",0.589999973773956,0.589999973773956
"1101121200112027117",0.589999973773956,0.589999973773956
"1101121200112027118",0.589999973773956,0.589999973773956
"1101121200112027119",0.589999973773956,0.589999973773956
"1101121200112027120",0.589999973773956,0.589999973773956
"1101121200112028101",0.589999973773956,0.589999973773956
"1101121200112028102",0.589999973773956,0.589999973773956
"1101121200112028103",0.589999973773956,0.589999973773956
"1101121200112028104",0.589999973773956,0.589999973773956
"1101121200112028105",0.589999973773956,0.589999973773956
"1101121200112028106",0.589999973773956,0.589999973773956
"1101121200112028107",0.589999973773956,0.589999973773956
"1101121200112028108",0.589999973773956,0.589999973773956
"1101121200112028109",0.589999973773956,0.589999973773956
"1101121200112028110",0.589999973773956,0.589999973773956
"1101121200112028111",0.589999973773956,0.589999973773956
"1101121200112028112",0.589999973773956,0.589999973773956
"1101121200112028113",0.589999973773956,0.589999973773956
"1101121200112028114",0.589999973773956,0.589999973773956
"1101121200112028115",0.589999973773956,0.589999973773956
"1101121200112028116",0.589999973773956,0.589999973773956
"1101121200112028117",0.589999973773956,0.589999973773956
"1101121200112028118",0.589999973773956,0.589999973773956
"1101121200112028119",0.589999973773956,0.589999973773956
"1101121200112028120",0.589999973773956,0.589999973773956
"1101121200112031101",0.589999973773956,0.589999973773956
"1101121200112031102",0.589999973773956,0.589999973773956
"1101121200112031103",0.589999973773956,0.589999973773956
"1101121200112031104",0.589999973773956,0.589999973773956
"1101121200112031105",0.589999973773956,0.589999973773956
"1101121200112031106",0.589999973773956,0.589999973773956
"1101121200112031107",0.589999973773956,0.589999973773956
"1101121200112031108",0.589999973773956,0.589999973773956
"1101121200112031109",0.589999973773956,0.589999973773956
"1101121200112031110",0.589999973773956,0.589999973773956
"1101121200112031111",0.589999973773956,0.589999973773956
"1101121200112031112",0.589999973773956,0.589999973773956
"1101121200112031113",0.589999973773956,0.589999973773956
"1101121200112031114",0.589999973773956,0.589999973773956
"1101121200112031115",0.589999973773956,0.589999973773956
"1101121200112031116",0.589999973773956,0.589999973773956
"1101121200112031117",0.589999973773956,0.589999973773956
"1101121200112031118",0.589999973773956,0.589999973773956
"1101121200112031119",0.589999973773956,0.589999973773956
"1101121200112031120",0.589999973773956,0.589999973773956
"1101121200112054101",0.589999973773956,0.589999973773956
"1101121200112054102",0.589999973773956,0.589999973773956
"1101121200112054103",0.589999973773956,0.589999973773956
"1101121200112054104",0.589999973773956,0.589999973773956
"1101121200112054105",0.589999973773956,0.589999973773956
"1101121200112054106",0.589999973773956,0.589999973773956
"1101121200112054107",0.589999973773956,0.589999973773956
"1101121200112054108",0.589999973773956,0.589999973773956
"1101121200112054109",0.589999973773956,0.589999973773956
"1101121200112054110",0.589999973773956,0.589999973773956
"1101121200112054111",0.589999973773956,0.589999973773956
"1101121200112054112",0.589999973773956,0.589999973773956
"1101121200112054113",0.589999973773956,0.589999973773956
"1101121200112054114",0.589999973773956,0.589999973773956
"1101121200112054115",0.589999973773956,0.589999973773956
"1101121200112054116",0.589999973773956,0.589999973773956
"1101121200112054117",0.589999973773956,0.589999973773956
"1101121200112054118",0.589999973773956,0.589999973773956
"1101121200112054119",0.589999973773956,0.589999973773956
"1101121200112054120",0.589999973773956,0.589999973773956
"2201202000120629101",1.08000004291534,1.08000004291534
"2201202000120629102",1.08000004291534,1.08000004291534
"2201202000120629103",1.08000004291534,1.08000004291534
"2201202000120629104",1.08000004291534,1.08000004291534
"2201202000120629105",1.08000004291534,1.08000004291534
"2201202000120629106",1.08000004291534,1.08000004291534
"2201202000120629107",1.08000004291534,1.08000004291534
"2201202000120629108",1.08000004291534,1.08000004291534
"2201202000120629109",1.08000004291534,1.08000004291534
"2201202000120629110",1.08000004291534,1.08000004291534
"2201202000120629111",1.08000004291534,1.08000004291534
"2201202000120629112",1.08000004291534,1.08000004291534
"2201202000120629113",1.08000004291534,1.08000004291534
"2201202000120629114",1.08000004291534,1.08000004291534
"2201202000120629115",1.08000004291534,1.08000004291534
"2201202000120629116",1.08000004291534,1.08000004291534
"2201202000120629117",1.08000004291534,1.08000004291534
"2201202000120629118",1.08000004291534,1.08000004291534
"2201202000120629119",1.08000004291534,1.08000004291534
"2201202000120629120",1.08000004291534,1.08000004291534
"2201202000120632101",1.08000004291534,1.08000004291534
"2201202000120632102",1.08000004291534,1.08000004291534
"2201202000120632103",1.08000004291534,1.08000004291534
"2201202000120632104",1.08000004291534,1.08000004291534
"2201202000120632105",1.08000004291534,1.08000004291534
"2201202000120632106",1.08000004291534,1.08000004291534
"2201202000120632107",1.08000004291534,1.08000004291534
"2201202000120632108",1.08000004291534,1.08000004291534
"2201202000120632109",1.08000004291534,1.08000004291534
"2201202000120632110",1.08000004291534,1.08000004291534
"2201202000120632111",1.08000004291534,1.08000004291534
"2201202000120632112",1.08000004291534,1.08000004291534
"2201202000120632113",1.08000004291534,1.08000004291534
"2201202000120632114",1.08000004291534,1.08000004291534
"2201202000120632115",1.08000004291534,1.08000004291534
"2201202000120632116",1.08000004291534,1.08000004291534
"2201202000120632117",1.08000004291534,1.08000004291534
"2201202000120632118",1.08000004291534,1.08000004291534
"2201202000120632119",1.08000004291534,1.08000004291534
"2201202000120632120",1.08000004291534,1.08000004291534
"2201202000120633101",1.08000004291534,1.08000004291534
"2201202000120633102",1.08000004291534,1.08000004291534
"2201202000120633103",1.08000004291534,1.08000004291534
"2201202000120633104",1.08000004291534,1.08000004291534
"2201202000120633105",1.08000004291534,1.08000004291534
"2201202000120633106",1.08000004291534,1.08000004291534
"2201202000120633107",1.08000004291534,1.08000004291534
"2201202000120633108",1.08000004291534,1.08000004291534
"2201202000120633109",1.08000004291534,1.08000004291534
"2201202000120633110",1.08000004291534,1.08000004291534
"2201202000120633111",1.08000004291534,1.08000004291534
"2201202000120633112",1.08000004291534,1.08000004291534
"2201202000120633113",1.08000004291534,1.08000004291534
"2201202000120633114",1.08000004291534,1.08000004291534
"2201202000120633115",1.08000004291534,1.08000004291534
"2201202000120633116",1.08000004291534,1.08000004291534
"2201202000120633117",1.08000004291534,1.08000004291534
"2201202000120633118",1.08000004291534,1.08000004291534
"2201202000120633119",1.08000004291534,1.08000004291534
"2201202000120633120",1.08000004291534,1.08000004291534
"2201202000320016101",1.08000004291534,1.08000004291534
"2201202000320016102",1.08000004291534,1.08000004291534
"2201202000320016103",1.08000004291534,1.08000004291534
"2201202000320016104",1.08000004291534,1.08000004291534
"2201202000320016105",1.08000004291534,1.08000004291534
"2201202000320016106",1.08000004291534,1.08000004291534
"2201202000320016107",1.08000004291534,1.08000004291534
"2201202000320016108",1.08000004291534,1.08000004291534
"2201202000320016109",1.08000004291534,1.08000004291534
"2201202000320016110",1.08000004291534,1.08000004291534
"2201202000320016111",1.08000004291534,1.08000004291534
"2201202000320016112",1.08000004291534,1.08000004291534
"2201202000320016113",1.08000004291534,1.08000004291534
"2201202000320016114",1.08000004291534,1.08000004291534
"2201202000320016115",1.08000004291534,1.08000004291534
"2201202000320016116",1.08000004291534,1.08000004291534
"2201202000320016117",1.08000004291534,1.08000004291534
"2201202000320016118",1.08000004291534,1.08000004291534
"2201202000320016119",1.08000004291534,1.08000004291534
"2201202000320016120",1.08000004291534,1.08000004291534
"2201202000320033101",1.08000004291534,1.08000004291534
"2201202000320033102",1.08000004291534,1.08000004291534
"2201202000320033103",1.08000004291534,1.08000004291534
"2201202000320033104",1.08000004291534,1.08000004291534
"2201202000320033105",1.08000004291534,1.08000004291534
"2201202000320033106",1.08000004291534,1.08000004291534
"2201202000320033107",1.08000004291534,1.08000004291534
"2201202000320033108",1.08000004291534,1.08000004291534
"2201202000320033109",1.08000004291534,1.08000004291534
"2201202000320033110",1.08000004291534,1.08000004291534
"2201202000320033111",1.08000004291534,1.08000004291534
"2201202000320033112",1.08000004291534,1.08000004291534
"2201202000320033113",1.08000004291534,1.08000004291534
"2201202000320033114",1.08000004291534,1.08000004291534
"2201202000320033115",1.08000004291534,1.08000004291534
"2201202000320033116",1.08000004291534,1.08000004291534
"2201202000320033117",1.08000004291534,1.08000004291534
"2201202000320033118",1.08000004291534,1.08000004291534
"2201202000320033119",1.08000004291534,1.08000004291534
"2201202000320033120",1.08000004291534,1.08000004291534
"2201202000320035101",1.08000004291534,1.08000004291534
"2201202000320035102",1.08000004291534,1.08000004291534
"2201202000320035103",1.08000004291534,1.08000004291534
"2201202000320035104",1.08000004291534,1.08000004291534
"2201202000320035105",1.08000004291534,1.08000004291534
"2201202000320035106",1.08000004291534,1.08000004291534
"2201202000320035107",1.08000004291534,1.08000004291534
"2201202000320035108",1.08000004291534,1.08000004291534
"2201202000320035109",1.08000004291534,1.08000004291534
"2201202000320035110",1.08000004291534,1.08000004291534
"2201202000320035111",1.08000004291534,1.08000004291534
"2201202000320035112",1.08000004291534,1.08000004291534
"2201202000320035113",1.08000004291534,1.08000004291534
"2201202000320035114",1.08000004291534,1.08000004291534
"2201202000320035115",1.08000004291534,1.08000004291534
"2201202000320035116",1.08000004291534,1.08000004291534
"2201202000320035117",1.08000004291534,1.08000004291534
"2201202000320035118",1.08000004291534,1.08000004291534
"2201202000320035119",1.08000004291534,1.08000004291534
"2201202000320035120",1.08000004291534,1.08000004291534
"2201202000320036101",1.08000004291534,1.08000004291534
"2201202000320036102",1.08000004291534,1.08000004291534
"2201202000320036103",1.08000004291534,1.08000004291534
"2201202000320036104",1.08000004291534,1.08000004291534
"2201202000320036105",1.08000004291534,1.08000004291534
"2201202000320036106",1.08000004291534,1.08000004291534
"2201202000320036107",1.08000004291534,1.08000004291534
"2201202000320036108",1.08000004291534,1.08000004291534
"2201202000320036109",1.08000004291534,1.08000004291534
"2201202000320036110",1.08000004291534,1.08000004291534
"2201202000320036111",1.08000004291534,1.08000004291534
"2201202000320036112",1.08000004291534,1.08000004291534
"2201202000320036113",1.08000004291534,1.08000004291534
"2201202000320036114",1.08000004291534,1.08000004291534
"2201202000320036115",1.08000004291534,1.08000004291534
"2201202000320036116",1.08000004291534,1.08000004291534
"2201202000320036117",1.08000004291534,1.08000004291534
"2201202000320036118",1.08000004291534,1.08000004291534
"2201202000320036119",1.08000004291534,1.08000004291534
"2201202000320036120",1.08000004291534,1.08000004291534
"2201202000320053101",1.08000004291534,1.08000004291534
"2201202000320053102",1.08000004291534,1.08000004291534
"2201202000320053103",1.08000004291534,1.08000004291534
"2201202000320053104",1.08000004291534,1.08000004291534
"2201202000320053105",1.08000004291534,1.08000004291534
"2201202000320053106",1.08000004291534,1.08000004291534
"2201202000320053107",1.08000004291534,1.08000004291534
"2201202000320053108",1.08000004291534,1.08000004291534
"2201202000320053109",1.08000004291534,1.08000004291534
"2201202000320053110",1.08000004291534,1.08000004291534
"2201202000320053111",1.08000004291534,1.08000004291534
"2201202000320053112",1.08000004291534,1.08000004291534
"2201202000320053113",1.08000004291534,1.08000004291534
"2201202000320053114",1.08000004291534,1.08000004291534
"2201202000320053115",1.08000004291534,1.08000004291534
"2201202000320053116",1.08000004291534,1.08000004291534
"2201202000320053117",1.08000004291534,1.08000004291534
"2201202000320053118",1.08000004291534,1.08000004291534
"2201202000320053119",1.08000004291534,1.08000004291534
"2201202000320053120",1.08000004291534,1.08000004291534
"2201202000420220101",1.08000004291534,1.08000004291534
"2201202000420220103",1.08000004291534,1.08000004291534
"2201202000420220104",1.08000004291534,1.08000004291534
"2201202000420220105",1.08000004291534,1.08000004291534
"2201202000420220106",1.08000004291534,1.08000004291534
"2201202000420220107",1.08000004291534,1.08000004291534
"2201202000420220108",1.08000004291534,1.08000004291534
"2201202000420220109",1.08000004291534,1.08000004291534
"2201202000420220110",1.08000004291534,1.08000004291534
"2201202000420220111",1.08000004291534,1.08000004291534
"2201202000420220112",1.08000004291534,1.08000004291534
"2201202000420220113",1.08000004291534,1.08000004291534
"2201202000420220114",1.08000004291534,1.08000004291534
"2201202000420220115",1.08000004291534,1.08000004291534
"2201202000420220116",1.08000004291534,1.08000004291534
"2201202000420220117",1.08000004291534,1.08000004291534
"2201202000420220118",1.08000004291534,1.08000004291534
"2201202000420220119",1.08000004291534,1.08000004291534
"2201202000420220120",1.08000004291534,1.08000004291534
"2201202000420222101",1.08000004291534,1.08000004291534
"2201202000420222102",1.08000004291534,1.08000004291534
"2201202000420222103",1.08000004291534,1.08000004291534
"2201202000420222104",1.08000004291534,1.08000004291534
"2201202000420222105",1.08000004291534,1.08000004291534
"2201202000420222106",1.08000004291534,1.08000004291534
"2201202000420222107",1.08000004291534,1.08000004291534
"2201202000420222108",1.08000004291534,1.08000004291534
"2201202000420222109",1.08000004291534,1.08000004291534
"2201202000420222110",1.08000004291534,1.08000004291534
"2201202000420222111",1.08000004291534,1.08000004291534
"2201202000420222112",1.08000004291534,1.08000004291534
"2201202000420222113",1.08000004291534,1.08000004291534
"2201202000420222114",1.08000004291534,1.08000004291534
"2201202000420222115",1.08000004291534,1.08000004291534
"2201202000420222116",1.08000004291534,1.08000004291534
"2201202000420222117",1.08000004291534,1.08000004291534
"2201202000420222118",1.08000004291534,1.08000004291534
"2201202000420222119",1.08000004291534,1.08000004291534
"2201202000420222120",1.08000004291534,1.08000004291534
"2201202000420223101",1.08000004291534,1.08000004291534
"2201202000420223102",1.08000004291534,1.08000004291534
"2201202000420223103",1.08000004291534,1.08000004291534
"2201202000420223104",1.08000004291534,1.08000004291534
"2201202000420223105",1.08000004291534,1.08000004291534
"2201202000420223106",1.08000004291534,1.08000004291534
"2201202000420223107",1.08000004291534,1.08000004291534
"2201202000420223108",1.08000004291534,1.08000004291534
"2201202000420223109",1.08000004291534,1.08000004291534
"2201202000420223110",1.08000004291534,1.08000004291534
"2201202000420223111",1.08000004291534,1.08000004291534
"2201202000420223112",1.08000004291534,1.08000004291534
"2201202000420223113",1.08000004291534,1.08000004291534
"2201202000420223114",1.08000004291534,1.08000004291534
"2201202000420223115",1.08000004291534,1.08000004291534
"2201202000420223116",1.08000004291534,1.08000004291534
"2201202000420223117",1.08000004291534,1.08000004291534
"2201202000420223118",1.08000004291534,1.08000004291534
"2201202000420223119",1.08000004291534,1.08000004291534
"2201202000420223120",1.08000004291534,1.08000004291534
"2201202000420239101",1.08000004291534,1.08000004291534
"2201202000420239102",1.08000004291534,1.08000004291534
"2201202000420239103",1.08000004291534,1.08000004291534
"2201202000420239104",1.08000004291534,1.08000004291534
"2201202000420239105",1.08000004291534,1.08000004291534
"2201202000420239106",1.08000004291534,1.08000004291534
"2201202000420239107",1.08000004291534,1.08000004291534
"2201202000420239108",1.08000004291534,1.08000004291534
"2201202000420239109",1.08000004291534,1.08000004291534
"2201202000420239110",1.08000004291534,1.08000004291534
"2201202000420239111",1.08000004291534,1.08000004291534
"2201202000420239112",1.08000004291534,1.08000004291534
"2201202000420239113",1.08000004291534,1.08000004291534
"2201202000420239114",1.08000004291534,1.08000004291534
"2201202000420239115",1.08000004291534,1.08000004291534
"2201202000420239116",1.08000004291534,1.08000004291534
"2201202000420239117",1.08000004291534,1.08000004291534
"2201202000420239118",1.08000004291534,1.08000004291534
"2201202000420239119",1.08000004291534,1.08000004291534
"2201202000420239120",1.08000004291534,1.08000004291534
"2201202000520460101",1.08000004291534,1.08000004291534
"2201202000520460102",1.08000004291534,1.08000004291534
"2201202000520460103",1.08000004291534,1.08000004291534
"2201202000520460104",1.08000004291534,1.08000004291534
"2201202000520460105",1.08000004291534,1.08000004291534
"2201202000520460106",1.08000004291534,1.08000004291534
"2201202000520460107",1.08000004291534,1.08000004291534
"2201202000520460108",1.08000004291534,1.08000004291534
"2201202000520460109",1.08000004291534,1.08000004291534
"2201202000520460110",1.08000004291534,1.08000004291534
"2201202000520460111",1.08000004291534,1.08000004291534
"2201202000520460112",1.08000004291534,1.08000004291534
"2201202000520460113",1.08000004291534,1.08000004291534
"2201202000520460114",1.08000004291534,1.08000004291534
"2201202000520460115",1.08000004291534,1.08000004291534
"2201202000520460116",1.08000004291534,1.08000004291534
"2201202000520460117",1.08000004291534,1.08000004291534
"2201202000520460118",1.08000004291534,1.08000004291534
"2201202000520460119",1.08000004291534,1.08000004291534
"2201202000520460120",1.08000004291534,1.08000004291534
"2201202000520477101",1.08000004291534,1.08000004291534
"2201202000520477102",1.08000004291534,1.08000004291534
"2201202000520477103",1.08000004291534,1.08000004291534
"2201202000520477104",1.08000004291534,1.08000004291534
"2201202000520477105",1.08000004291534,1.08000004291534
"2201202000520477106",1.08000004291534,1.08000004291534
"2201202000520477107",1.08000004291534,1.08000004291534
"2201202000520477108",1.08000004291534,1.08000004291534
"2201202000520477109",1.08000004291534,1.08000004291534
"2201202000520477110",1.08000004291534,1.08000004291534
"2201202000520477111",1.08000004291534,1.08000004291534
"2201202000520477112",1.08000004291534,1.08000004291534
"2201202000520477113",1.08000004291534,1.08000004291534
"2201202000520477114",1.08000004291534,1.08000004291534
"2201202000520477115",1.08000004291534,1.08000004291534
"2201202000520477116",1.08000004291534,1.08000004291534
"2201202000520477117",1.08000004291534,1.08000004291534
"2201202000520477118",1.08000004291534,1.08000004291534
"2201202000520477119",1.08000004291534,1.08000004291534
"2201202000520477120",1.08000004291534,1.08000004291534
"2201202000520479101",1.08000004291534,1.08000004291534
"2201202000520479102",1.08000004291534,1.08000004291534
"2201202000520479103",1.08000004291534,1.08000004291534
"2201202000520479104",1.08000004291534,1.08000004291534
"2201202000520479105",1.08000004291534,1.08000004291534
"2201202000520479106",1.08000004291534,1.08000004291534
"2201202000520479107",1.08000004291534,1.08000004291534
"2201202000520479108",1.08000004291534,1.08000004291534
"2201202000520479109",1.08000004291534,1.08000004291534
"2201202000520479110",1.08000004291534,1.08000004291534
"2201202000520479111",1.08000004291534,1.08000004291534
"2201202000520479112",1.08000004291534,1.08000004291534
"2201202000520479113",1.08000004291534,1.08000004291534
"2201202000520479114",1.08000004291534,1.08000004291534
"2201202000520479115",1.08000004291534,1.08000004291534
"2201202000520479116",1.08000004291534,1.08000004291534
"2201202000520479117",1.08000004291534,1.08000004291534
"2201202000520479118",1.08000004291534,1.08000004291534
"2201202000520479119",1.08000004291534,1.08000004291534
"2201202000520479120",1.08000004291534,1.08000004291534
"2201202000520480101",1.08000004291534,1.08000004291534
"2201202000520480102",1.08000004291534,1.08000004291534
"2201202000520480103",1.08000004291534,1.08000004291534
"2201202000520480104",1.08000004291534,1.08000004291534
"2201202000520480105",1.08000004291534,1.08000004291534
"2201202000520480106",1.08000004291534,1.08000004291534
"2201202000520480107",1.08000004291534,1.08000004291534
"2201202000520480108",1.08000004291534,1.08000004291534
"2201202000520480109",1.08000004291534,1.08000004291534
"2201202000520480110",1.08000004291534,1.08000004291534
"2201202000520480111",1.08000004291534,1.08000004291534
"2201202000520480112",1.08000004291534,1.08000004291534
"2201202000520480113",1.08000004291534,1.08000004291534
"2201202000520480114",1.08000004291534,1.08000004291534
"2201202000520480115",1.08000004291534,1.08000004291534
"2201202000520480116",1.08000004291534,1.08000004291534
"2201202000520480117",1.08000004291534,1.08000004291534
"2201202000520480118",1.08000004291534,1.08000004291534
"2201202000520480119",1.08000004291534,1.08000004291534
"2201202000520480120",1.08000004291534,1.08000004291534
"2201202000520497101",1.08000004291534,1.08000004291534
"2201202000520497102",1.08000004291534,1.08000004291534
"2201202000520497103",1.08000004291534,1.08000004291534
"2201202000520497104",1.08000004291534,1.08000004291534
"2201202000520497105",1.08000004291534,1.08000004291534
"2201202000520497106",1.08000004291534,1.08000004291534
"2201202000520497107",1.08000004291534,1.08000004291534
"2201202000520497108",1.08000004291534,1.08000004291534
"2201202000520497109",1.08000004291534,1.08000004291534
"2201202000520497110",1.08000004291534,1.08000004291534
"2201202000520497111",1.08000004291534,1.08000004291534
"2201202000520497112",1.08000004291534,1.08000004291534
"2201202000520497113",1.08000004291534,1.08000004291534
"2201202000520497114",1.08000004291534,1.08000004291534
"2201202000520497115",1.08000004291534,1.08000004291534
"2201202000520497116",1.08000004291534,1.08000004291534
"2201202000520497117",1.08000004291534,1.08000004291534
"2201202000520497118",1.08000004291534,1.08000004291534
"2201202000520497119",1.08000004291534,1.08000004291534
"2201202000520497120",1.08000004291534,1.08000004291534
"2201202000520513101",1.08000004291534,1.08000004291534
"2201202000520513102",1.08000004291534,1.08000004291534
"2201202000520513103",1.08000004291534,1.08000004291534
"2201202000520513104",1.08000004291534,1.08000004291534
"2201202000520513105",1.08000004291534,1.08000004291534
"2201202000520513106",1.08000004291534,1.08000004291534
"2201202000520513107",1.08000004291534,1.08000004291534
"2201202000520513108",1.08000004291534,1.08000004291534
"2201202000520513109",1.08000004291534,1.08000004291534
"2201202000520513110",1.08000004291534,1.08000004291534
"2201202000520513111",1.08000004291534,1.08000004291534
"2201202000520513112",1.08000004291534,1.08000004291534
"2201202000520513113",1.08000004291534,1.08000004291534
"2201202000520513114",1.08000004291534,1.08000004291534
"2201202000520513115",1.08000004291534,1.08000004291534
"2201202000520513116",1.08000004291534,1.08000004291534
"2201202000520513117",1.08000004291534,1.08000004291534
"2201202000520513118",1.08000004291534,1.08000004291534
"2201202000520513119",1.08000004291534,1.08000004291534
"2201202000520513120",1.08000004291534,1.08000004291534
"2201202000520515101",1.08000004291534,1.08000004291534
"2201202000520515102",1.08000004291534,1.08000004291534
"2201202000520515103",1.08000004291534,1.08000004291534
"2201202000520515104",1.08000004291534,1.08000004291534
"2201202000520515105",1.08000004291534,1.08000004291534
"2201202000520515106",1.08000004291534,1.08000004291534
"2201202000520515107",1.08000004291534,1.08000004291534
"2201202000520515108",1.08000004291534,1.08000004291534
"2201202000520515109",1.08000004291534,1.08000004291534
"2201202000520515110",1.08000004291534,1.08000004291534
"2201202000520515111",1.08000004291534,1.08000004291534
"2201202000520515112",1.08000004291534,1.08000004291534
"2201202000520515113",1.08000004291534,1.08000004291534
"2201202000520515114",1.08000004291534,1.08000004291534
"2201202000520515115",1.08000004291534,1.08000004291534
"2201202000520515116",1.08000004291534,1.08000004291534
"2201202000520515117",1.08000004291534,1.08000004291534
"2201202000520515118",1.08000004291534,1.08000004291534
"2201202000520515119",1.08000004291534,1.08000004291534
"2201202000520515120",1.08000004291534,1.08000004291534
"2201202000520516101",1.08000004291534,1.08000004291534
"2201202000520516102",1.08000004291534,1.08000004291534
"2201202000520516103",1.08000004291534,1.08000004291534
"2201202000520516104",1.08000004291534,1.08000004291534
"2201202000520516105",1.08000004291534,1.08000004291534
"2201202000520516106",1.08000004291534,1.08000004291534
"2201202000520516107",1.08000004291534,1.08000004291534
"2201202000520516108",1.08000004291534,1.08000004291534
"2201202000520516109",1.08000004291534,1.08000004291534
"2201202000520516110",1.08000004291534,1.08000004291534
"2201202000520516111",1.08000004291534,1.08000004291534
"2201202000520516112",1.08000004291534,1.08000004291534
"2201202000520516113",1.08000004291534,1.08000004291534
"2201202000520516114",1.08000004291534,1.08000004291534
"2201202000520516115",1.08000004291534,1.08000004291534
"2201202000520516116",1.08000004291534,1.08000004291534
"2201202000520516117",1.08000004291534,1.08000004291534
"2201202000520516118",1.08000004291534,1.08000004291534
"2201202000520516119",1.08000004291534,1.08000004291534
"2201202000520516120",1.08000004291534,1.08000004291534
"2201202000520534101",1.08000004291534,1.08000004291534
"2201202000520534102",1.08000004291534,1.08000004291534
"2201202000520534103",1.08000004291534,1.08000004291534
"2201202000520534104",1.08000004291534,1.08000004291534
"2201202000520534105",1.08000004291534,1.08000004291534
"2201202000520534106",1.08000004291534,1.08000004291534
"2201202000520534107",1.08000004291534,1.08000004291534
"2201202000520534108",1.08000004291534,1.08000004291534
"2201202000520534109",1.08000004291534,1.08000004291534
"2201202000520534110",1.08000004291534,1.08000004291534
"2201202000520534111",1.08000004291534,1.08000004291534
"2201202000520534112",1.08000004291534,1.08000004291534
"2201202000520534113",1.08000004291534,1.08000004291534
"2201202000520534114",1.08000004291534,1.08000004291534
"2201202000520534115",1.08000004291534,1.08000004291534
"2201202000520534116",1.08000004291534,1.08000004291534
"2201202000520534117",1.08000004291534,1.08000004291534
"2201202000520534118",1.08000004291534,1.08000004291534
"2201202000520534119",1.08000004291534,1.08000004291534
"2201202000520534120",1.08000004291534,1.08000004291534
"2201202000520548101",1.08000004291534,1.08000004291534
"2201202000520548102",1.08000004291534,1.08000004291534
"2201202000520548103",1.08000004291534,1.08000004291534
"2201202000520548104",1.08000004291534,1.08000004291534
"2201202000520548105",1.08000004291534,1.08000004291534
"2201202000520548106",1.08000004291534,1.08000004291534
"2201202000520548107",1.08000004291534,1.08000004291534
"2201202000520548108",1.08000004291534,1.08000004291534
"2201202000520548109",1.08000004291534,1.08000004291534
"2201202000520548110",1.08000004291534,1.08000004291534
"2201202000520548111",1.08000004291534,1.08000004291534
"2201202000520548112",1.08000004291534,1.08000004291534
"2201202000520548113",1.08000004291534,1.08000004291534
"2201202000520548114",1.08000004291534,1.08000004291534
"2201202000520548115",1.08000004291534,1.08000004291534
"2201202000520548116",1.08000004291534,1.08000004291534
"2201202000520548117",1.08000004291534,1.08000004291534
"2201202000520548118",1.08000004291534,1.08000004291534
"2201202000520548119",1.08000004291534,1.08000004291534
"2201202000520548120",1.08000004291534,1.08000004291534
"2201202000620257101",1.08000004291534,1.08000004291534
"2201202000620257102",1.08000004291534,1.08000004291534
"2201202000620257103",1.08000004291534,1.08000004291534
"2201202000620257104",1.08000004291534,1.08000004291534
"2201202000620257105",1.08000004291534,1.08000004291534
"2201202000620257106",1.08000004291534,1.08000004291534
"2201202000620257107",1.08000004291534,1.08000004291534
"2201202000620257108",1.08000004291534,1.08000004291534
"2201202000620257109",1.08000004291534,1.08000004291534
"2201202000620257110",1.08000004291534,1.08000004291534
"2201202000620257111",1.08000004291534,1.08000004291534
"2201202000620257112",1.08000004291534,1.08000004291534
"2201202000620257113",1.08000004291534,1.08000004291534
"2201202000620257114",1.08000004291534,1.08000004291534
"2201202000620257115",1.08000004291534,1.08000004291534
"2201202000620257116",1.08000004291534,1.08000004291534
"2201202000620257118",1.08000004291534,1.08000004291534
"2201202000620257119",1.08000004291534,1.08000004291534
"2201202000620257120",1.08000004291534,1.08000004291534
"2201202000620259101",1.08000004291534,1.08000004291534
"2201202000620259102",1.08000004291534,1.08000004291534
"2201202000620259103",1.08000004291534,1.08000004291534
"2201202000620259104",1.08000004291534,1.08000004291534
"2201202000620259105",1.08000004291534,1.08000004291534
"2201202000620259106",1.08000004291534,1.08000004291534
"2201202000620259107",1.08000004291534,1.08000004291534
"2201202000620259108",1.08000004291534,1.08000004291534
"2201202000620259109",1.08000004291534,1.08000004291534
"2201202000620259110",1.08000004291534,1.08000004291534
"2201202000620259111",1.08000004291534,1.08000004291534
"2201202000620259112",1.08000004291534,1.08000004291534
"2201202000620259113",1.08000004291534,1.08000004291534
"2201202000620259114",1.08000004291534,1.08000004291534
"2201202000620259115",1.08000004291534,1.08000004291534
"2201202000620259116",1.08000004291534,1.08000004291534
"2201202000620259117",1.08000004291534,1.08000004291534
"2201202000620259118",1.08000004291534,1.08000004291534
"2201202000620259119",1.08000004291534,1.08000004291534
"2201202000620259120",1.08000004291534,1.08000004291534
"2201202000620260101",1.08000004291534,1.08000004291534
"2201202000620260102",1.08000004291534,1.08000004291534
"2201202000620260103",1.08000004291534,1.08000004291534
"2201202000620260104",1.08000004291534,1.08000004291534
"2201202000620260105",1.08000004291534,1.08000004291534
"2201202000620260106",1.08000004291534,1.08000004291534
"2201202000620260107",1.08000004291534,1.08000004291534
"2201202000620260108",1.08000004291534,1.08000004291534
"2201202000620260109",1.08000004291534,1.08000004291534
"2201202000620260110",1.08000004291534,1.08000004291534
"2201202000620260111",1.08000004291534,1.08000004291534
"2201202000620260112",1.08000004291534,1.08000004291534
"2201202000620260113",1.08000004291534,1.08000004291534
"2201202000620260114",1.08000004291534,1.08000004291534
"2201202000620260115",1.08000004291534,1.08000004291534
"2201202000620260116",1.08000004291534,1.08000004291534
"2201202000620260117",1.08000004291534,1.08000004291534
"2201202000620260118",1.08000004291534,1.08000004291534
"2201202000620260119",1.08000004291534,1.08000004291534
"2201202000620260120",1.08000004291534,1.08000004291534
"2201202000720354101",1.08000004291534,1.08000004291534
"2201202000720354102",1.08000004291534,1.08000004291534
"2201202000720354103",1.08000004291534,1.08000004291534
"2201202000720354104",1.08000004291534,1.08000004291534
"2201202000720354105",1.08000004291534,1.08000004291534
"2201202000720354106",1.08000004291534,1.08000004291534
"2201202000720354107",1.08000004291534,1.08000004291534
"2201202000720354108",1.08000004291534,1.08000004291534
"2201202000720354109",1.08000004291534,1.08000004291534
"2201202000720354110",1.08000004291534,1.08000004291534
"2201202000720354111",1.08000004291534,1.08000004291534
"2201202000720354112",1.08000004291534,1.08000004291534
"2201202000720354113",1.08000004291534,1.08000004291534
"2201202000720354114",1.08000004291534,1.08000004291534
"2201202000720354115",1.08000004291534,1.08000004291534
"2201202000720354116",1.08000004291534,1.08000004291534
"2201202000720354117",1.08000004291534,1.08000004291534
"2201202000720354118",1.08000004291534,1.08000004291534
"2201202000720354119",1.08000004291534,1.08000004291534
"2201202000720354120",1.08000004291534,1.08000004291534
"2201202000720371101",1.08000004291534,1.08000004291534
"2201202000720371102",1.08000004291534,1.08000004291534
"2201202000720371103",1.08000004291534,1.08000004291534
"2201202000720371104",1.08000004291534,1.08000004291534
"2201202000720371105",1.08000004291534,1.08000004291534
"2201202000720371106",1.08000004291534,1.08000004291534
"2201202000720371107",1.08000004291534,1.08000004291534
"2201202000720371108",1.08000004291534,1.08000004291534
"2201202000720371109",1.08000004291534,1.08000004291534
"2201202000720371110",1.08000004291534,1.08000004291534
"2201202000720371111",1.08000004291534,1.08000004291534
"2201202000720371112",1.08000004291534,1.08000004291534
"2201202000720371113",1.08000004291534,1.08000004291534
"2201202000720371114",1.08000004291534,1.08000004291534
"2201202000720371115",1.08000004291534,1.08000004291534
"2201202000720371116",1.08000004291534,1.08000004291534
"2201202000720371117",1.08000004291534,1.08000004291534
"2201202000720371118",1.08000004291534,1.08000004291534
"2201202000720371119",1.08000004291534,1.08000004291534
"2201202000720371120",1.08000004291534,1.08000004291534
"2201202000720372101",1.08000004291534,1.08000004291534
"2201202000720372102",1.08000004291534,1.08000004291534
"2201202000720372103",1.08000004291534,1.08000004291534
"2201202000720372104",1.08000004291534,1.08000004291534
"2201202000720372105",1.08000004291534,1.08000004291534
"2201202000720372106",1.08000004291534,1.08000004291534
"2201202000720372107",1.08000004291534,1.08000004291534
"2201202000720372108",1.08000004291534,1.08000004291534
"2201202000720372109",1.08000004291534,1.08000004291534
"2201202000720372110",1.08000004291534,1.08000004291534
"2201202000720372111",1.08000004291534,1.08000004291534
"2201202000720372112",1.08000004291534,1.08000004291534
"2201202000720372113",1.08000004291534,1.08000004291534
"2201202000720372114",1.08000004291534,1.08000004291534
"2201202000720372115",1.08000004291534,1.08000004291534
"2201202000720372116",1.08000004291534,1.08000004291534
"2201202000720372117",1.08000004291534,1.08000004291534
"2201202000720372118",1.08000004291534,1.08000004291534
"2201202000720372119",1.08000004291534,1.08000004291534
"2201202000720372120",1.08000004291534,1.08000004291534
"2201202000720374101",1.08000004291534,1.08000004291534
"2201202000720374102",1.08000004291534,1.08000004291534
"2201202000720374103",1.08000004291534,1.08000004291534
"2201202000720374104",1.08000004291534,1.08000004291534
"2201202000720374105",1.08000004291534,1.08000004291534
"2201202000720374106",1.08000004291534,1.08000004291534
"2201202000720374107",1.08000004291534,1.08000004291534
"2201202000720374108",1.08000004291534,1.08000004291534
"2201202000720374109",1.08000004291534,1.08000004291534
"2201202000720374110",1.08000004291534,1.08000004291534
"2201202000720374111",1.08000004291534,1.08000004291534
"2201202000720374112",1.08000004291534,1.08000004291534
"2201202000720374113",1.08000004291534,1.08000004291534
"2201202000720374114",1.08000004291534,1.08000004291534
"2201202000720374115",1.08000004291534,1.08000004291534
"2201202000720374116",1.08000004291534,1.08000004291534
"2201202000720374117",1.08000004291534,1.08000004291534
"2201202000720374118",1.08000004291534,1.08000004291534
"2201202000720374119",1.08000004291534,1.08000004291534
"2201202000720374120",1.08000004291534,1.08000004291534
"2201202000720588112",1.08000004291534,1.08000004291534
"2201202000820552101",1.08000004291534,1.08000004291534
"2201202000820552102",1.08000004291534,1.08000004291534
"2201202000820552103",1.08000004291534,1.08000004291534
"2201202000820552104",1.08000004291534,1.08000004291534
"2201202000820552105",1.08000004291534,1.08000004291534
"2201202000820552106",1.08000004291534,1.08000004291534
"2201202000820552107",1.08000004291534,1.08000004291534
"2201202000820552108",1.08000004291534,1.08000004291534
"2201202000820552109",1.08000004291534,1.08000004291534
"2201202000820552110",1.08000004291534,1.08000004291534
"2201202000820552111",1.08000004291534,1.08000004291534
"2201202000820552112",1.08000004291534,1.08000004291534
"2201202000820552113",1.08000004291534,1.08000004291534
"2201202000820552114",1.08000004291534,1.08000004291534
"2201202000820552115",1.08000004291534,1.08000004291534
"2201202000820552116",1.08000004291534,1.08000004291534
"2201202000820552117",1.08000004291534,1.08000004291534
"2201202000820552118",1.08000004291534,1.08000004291534
"2201202000820552119",1.08000004291534,1.08000004291534
"2201202000820552120",1.08000004291534,1.08000004291534
"2201202000820553101",1.08000004291534,1.08000004291534
"2201202000820553102",1.08000004291534,1.08000004291534
"2201202000820553103",1.08000004291534,1.08000004291534
"2201202000820553104",1.08000004291534,1.08000004291534
"2201202000820553105",1.08000004291534,1.08000004291534
"2201202000820553106",1.08000004291534,1.08000004291534
"2201202000820553107",1.08000004291534,1.08000004291534
"2201202000820553108",1.08000004291534,1.08000004291534
"2201202000820553109",1.08000004291534,1.08000004291534
"2201202000820553110",1.08000004291534,1.08000004291534
"2201202000820553111",1.08000004291534,1.08000004291534
"2201202000820553112",1.08000004291534,1.08000004291534
"2201202000820553113",1.08000004291534,1.08000004291534
"2201202000820553114",1.08000004291534,1.08000004291534
"2201202000820553115",1.08000004291534,1.08000004291534
"2201202000820553116",1.08000004291534,1.08000004291534
"2201202000820553117",1.08000004291534,1.08000004291534
"2201202000820553118",1.08000004291534,1.08000004291534
"2201202000820553119",1.08000004291534,1.08000004291534
"2201202000820553120",1.08000004291534,1.08000004291534
"2201202000820569101",1.08000004291534,1.08000004291534
"2201202000820569102",1.08000004291534,1.08000004291534
"2201202000820569103",1.08000004291534,1.08000004291534
"2201202000820569104",1.08000004291534,1.08000004291534
"2201202000820569105",1.08000004291534,1.08000004291534
"2201202000820569106",1.08000004291534,1.08000004291534
"2201202000820569107",1.08000004291534,1.08000004291534
"2201202000820569108",1.08000004291534,1.08000004291534
"2201202000820569109",1.08000004291534,1.08000004291534
"2201202000820569110",1.08000004291534,1.08000004291534
"2201202000820569111",1.08000004291534,1.08000004291534
"2201202000820569112",1.08000004291534,1.08000004291534
"2201202000820569113",1.08000004291534,1.08000004291534
"2201202000820569114",1.08000004291534,1.08000004291534
"2201202000820569115",1.08000004291534,1.08000004291534
"2201202000820569116",1.08000004291534,1.08000004291534
"2201202000820569117",1.08000004291534,1.08000004291534
"2201202000820569118",1.08000004291534,1.08000004291534
"2201202000820569119",1.08000004291534,1.08000004291534
"2201202000820569120",1.08000004291534,1.08000004291534
"2201202000820588101",1.08000004291534,1.08000004291534
"2201202000820588102",1.08000004291534,1.08000004291534
"2201202000820588103",1.08000004291534,1.08000004291534
"2201202000820588104",1.08000004291534,1.08000004291534
"2201202000820588105",1.08000004291534,1.08000004291534
"2201202000820588106",1.08000004291534,1.08000004291534
"2201202000820588107",1.08000004291534,1.08000004291534
"2201202000820588108",1.08000004291534,1.08000004291534
"2201202000820588109",1.08000004291534,1.08000004291534
"2201202000820588110",1.08000004291534,1.08000004291534
"2201202000820588111",1.08000004291534,1.08000004291534
"2201202000820588113",1.08000004291534,1.08000004291534
"2201202000820588114",1.08000004291534,1.08000004291534
"2201202000820588115",1.08000004291534,1.08000004291534
"2201202000820588116",1.08000004291534,1.08000004291534
"2201202000820588117",1.08000004291534,1.08000004291534
"2201202000820588118",1.08000004291534,1.08000004291534
"2201202000820588119",1.08000004291534,1.08000004291534
"2201202000820588120",1.08000004291534,1.08000004291534
"2201202001020144101",1.08000004291534,1.08000004291534
"2201202001020144102",1.08000004291534,1.08000004291534
"2201202001020144103",1.08000004291534,1.08000004291534
"2201202001020144104",1.08000004291534,1.08000004291534
"2201202001020144105",1.08000004291534,1.08000004291534
"2201202001020144106",1.08000004291534,1.08000004291534
"2201202001020144107",1.08000004291534,1.08000004291534
"2201202001020144108",1.08000004291534,1.08000004291534
"2201202001020144109",1.08000004291534,1.08000004291534
"2201202001020144110",1.08000004291534,1.08000004291534
"2201202001020144111",1.08000004291534,1.08000004291534
"2201202001020144112",1.08000004291534,1.08000004291534
"2201202001020144113",1.08000004291534,1.08000004291534
"2201202001020144114",1.08000004291534,1.08000004291534
"2201202001020144115",1.08000004291534,1.08000004291534
"2201202001020144116",1.08000004291534,1.08000004291534
"2201202001020144117",1.08000004291534,1.08000004291534
"2201202001020144118",1.08000004291534,1.08000004291534
"2201202001020144119",1.08000004291534,1.08000004291534
"2201202001020144120",1.08000004291534,1.08000004291534
"2201202001020148101",1.08000004291534,1.08000004291534
"2201202001020148102",1.08000004291534,1.08000004291534
"2201202001020148103",1.08000004291534,1.08000004291534
"2201202001020148104",1.08000004291534,1.08000004291534
"2201202001020148105",1.08000004291534,1.08000004291534
"2201202001020148106",1.08000004291534,1.08000004291534
"2201202001020148107",1.08000004291534,1.08000004291534
"2201202001020148108",1.08000004291534,1.08000004291534
"2201202001020148109",1.08000004291534,1.08000004291534
"2201202001020148110",1.08000004291534,1.08000004291534
"2201202001020148111",1.08000004291534,1.08000004291534
"2201202001020148112",1.08000004291534,1.08000004291534
"2201202001020148113",1.08000004291534,1.08000004291534
"2201202001020148114",1.08000004291534,1.08000004291534
"2201202001020148115",1.08000004291534,1.08000004291534
"2201202001020148116",1.08000004291534,1.08000004291534
"2201202001020148117",1.08000004291534,1.08000004291534
"2201202001020148118",1.08000004291534,1.08000004291534
"2201202001020148119",1.08000004291534,1.08000004291534
"2201202001020148120",1.08000004291534,1.08000004291534
"2201202001020149101",1.08000004291534,1.08000004291534
"2201202001020149102",1.08000004291534,1.08000004291534
"2201202001020149103",1.08000004291534,1.08000004291534
"2201202001020149104",1.08000004291534,1.08000004291534
"2201202001020149105",1.08000004291534,1.08000004291534
"2201202001020149106",1.08000004291534,1.08000004291534
"2201202001020149107",1.08000004291534,1.08000004291534
"2201202001020149108",1.08000004291534,1.08000004291534
"2201202001020149109",1.08000004291534,1.08000004291534
"2201202001020149110",1.08000004291534,1.08000004291534
"2201202001020149111",1.08000004291534,1.08000004291534
"2201202001020149112",1.08000004291534,1.08000004291534
"2201202001020149113",1.08000004291534,1.08000004291534
"2201202001020149114",1.08000004291534,1.08000004291534
"2201202001020149115",1.08000004291534,1.08000004291534
"2201202001020149116",1.08000004291534,1.08000004291534
"2201202001020149117",1.08000004291534,1.08000004291534
"2201202001020149118",1.08000004291534,1.08000004291534
"2201202001020149119",1.08000004291534,1.08000004291534
"2201202001020149120",1.08000004291534,1.08000004291534
"2201202001020166101",1.08000004291534,1.08000004291534
"2201202001020166102",1.08000004291534,1.08000004291534
"2201202001020166103",1.08000004291534,1.08000004291534
"2201202001020166104",1.08000004291534,1.08000004291534
"2201202001020166105",1.08000004291534,1.08000004291534
"2201202001020166106",1.08000004291534,1.08000004291534
"2201202001020166107",1.08000004291534,1.08000004291534
"2201202001020166108",1.08000004291534,1.08000004291534
"2201202001020166109",1.08000004291534,1.08000004291534
"2201202001020166110",1.08000004291534,1.08000004291534
"2201202001020166111",1.08000004291534,1.08000004291534
"2201202001020166112",1.08000004291534,1.08000004291534
"2201202001020166113",1.08000004291534,1.08000004291534
"2201202001020166114",1.08000004291534,1.08000004291534
"2201202001020166115",1.08000004291534,1.08000004291534
"2201202001020166116",1.08000004291534,1.08000004291534
"2201202001020166117",1.08000004291534,1.08000004291534
"2201202001020166118",1.08000004291534,1.08000004291534
"2201202001020166119",1.08000004291534,1.08000004291534
"2201202001020166120",1.08000004291534,1.08000004291534
"2201202001120108101",1.08000004291534,1.08000004291534
"2201202001120108102",1.08000004291534,1.08000004291534
"2201202001120108103",1.08000004291534,1.08000004291534
"2201202001120108104",1.08000004291534,1.08000004291534
"2201202001120108105",1.08000004291534,1.08000004291534
"2201202001120108106",1.08000004291534,1.08000004291534
"2201202001120108107",1.08000004291534,1.08000004291534
"2201202001120108108",1.08000004291534,1.08000004291534
"2201202001120108109",1.08000004291534,1.08000004291534
"2201202001120108110",1.08000004291534,1.08000004291534
"2201202001120108111",1.08000004291534,1.08000004291534
"2201202001120108112",1.08000004291534,1.08000004291534
"2201202001120108113",1.08000004291534,1.08000004291534
"2201202001120108114",1.08000004291534,1.08000004291534
"2201202001120108115",1.08000004291534,1.08000004291534
"2201202001120108116",1.08000004291534,1.08000004291534
"2201202001120108117",1.08000004291534,1.08000004291534
"2201202001120108118",1.08000004291534,1.08000004291534
"2201202001120108119",1.08000004291534,1.08000004291534
"2201202001120108120",1.08000004291534,1.08000004291534
"2201202001120110101",1.08000004291534,1.08000004291534
"2201202001120110102",1.08000004291534,1.08000004291534
"2201202001120110103",1.08000004291534,1.08000004291534
"2201202001120110104",1.08000004291534,1.08000004291534
"2201202001120110105",1.08000004291534,1.08000004291534
"2201202001120110106",1.08000004291534,1.08000004291534
"2201202001120110107",1.08000004291534,1.08000004291534
"2201202001120110108",1.08000004291534,1.08000004291534
"2201202001120110109",1.08000004291534,1.08000004291534
"2201202001120110110",1.08000004291534,1.08000004291534
"2201202001120110111",1.08000004291534,1.08000004291534
"2201202001120110112",1.08000004291534,1.08000004291534
"2201202001120110113",1.08000004291534,1.08000004291534
"2201202001120110114",1.08000004291534,1.08000004291534
"2201202001120110115",1.08000004291534,1.08000004291534
"2201202001120110116",1.08000004291534,1.08000004291534
"2201202001120110117",1.08000004291534,1.08000004291534
"2201202001120110118",1.08000004291534,1.08000004291534
"2201202001120110119",1.08000004291534,1.08000004291534
"2201202001120110120",1.08000004291534,1.08000004291534
"2201202001120111101",1.08000004291534,1.08000004291534
"2201202001120111102",1.08000004291534,1.08000004291534
"2201202001120111103",1.08000004291534,1.08000004291534
"2201202001120111104",1.08000004291534,1.08000004291534
"2201202001120111105",1.08000004291534,1.08000004291534
"2201202001120111106",1.08000004291534,1.08000004291534
"2201202001120111107",1.08000004291534,1.08000004291534
"2201202001120111108",1.08000004291534,1.08000004291534
"2201202001120111109",1.08000004291534,1.08000004291534
"2201202001120111110",1.08000004291534,1.08000004291534
"2201202001120111111",1.08000004291534,1.08000004291534
"2201202001120111112",1.08000004291534,1.08000004291534
"2201202001120111113",1.08000004291534,1.08000004291534
"2201202001120111114",1.08000004291534,1.08000004291534
"2201202001120111115",1.08000004291534,1.08000004291534
"2201202001120111116",1.08000004291534,1.08000004291534
"2201202001120111117",1.08000004291534,1.08000004291534
"2201202001120111118",1.08000004291534,1.08000004291534
"2201202001120111119",1.08000004291534,1.08000004291534
"2201202001120111120",1.08000004291534,1.08000004291534
"2201202001120128101",1.08000004291534,1.08000004291534
"2201202001120128102",1.08000004291534,1.08000004291534
"2201202001120128103",1.08000004291534,1.08000004291534
"2201202001120128104",1.08000004291534,1.08000004291534
"2201202001120128105",1.08000004291534,1.08000004291534
"2201202001120128106",1.08000004291534,1.08000004291534
"2201202001120128107",1.08000004291534,1.08000004291534
"2201202001120128108",1.08000004291534,1.08000004291534
"2201202001120128109",1.08000004291534,1.08000004291534
"2201202001120128110",1.08000004291534,1.08000004291534
"2201202001120128111",1.08000004291534,1.08000004291534
"2201202001120128112",1.08000004291534,1.08000004291534
"2201202001120128113",1.08000004291534,1.08000004291534
"2201202001120128114",1.08000004291534,1.08000004291534
"2201202001120128115",1.08000004291534,1.08000004291534
"2201202001120128116",1.08000004291534,1.08000004291534
"2201202001120128117",1.08000004291534,1.08000004291534
"2201202001120128118",1.08000004291534,1.08000004291534
"2201202001120128119",1.08000004291534,1.08000004291534
"2201202001120128120",1.08000004291534,1.08000004291534
"2201202001220591101",1.08000004291534,1.08000004291534
"2201202001220591102",1.08000004291534,1.08000004291534
"2201202001220591103",1.08000004291534,1.08000004291534
"2201202001220591104",1.08000004291534,1.08000004291534
"2201202001220591105",1.08000004291534,1.08000004291534
"2201202001220591106",1.08000004291534,1.08000004291534
"2201202001220591107",1.08000004291534,1.08000004291534
"2201202001220591108",1.08000004291534,1.08000004291534
"2201202001220591109",1.08000004291534,1.08000004291534
"2201202001220591110",1.08000004291534,1.08000004291534
"2201202001220591112",1.08000004291534,1.08000004291534
"2201202001220591113",1.08000004291534,1.08000004291534
"2201202001220591114",1.08000004291534,1.08000004291534
"2201202001220591115",1.08000004291534,1.08000004291534
"2201202001220591116",1.08000004291534,1.08000004291534
"2201202001220591117",1.08000004291534,1.08000004291534
"2201202001220591118",1.08000004291534,1.08000004291534
"2201202001220591119",1.08000004291534,1.08000004291534
"2201202001220591120",1.08000004291534,1.08000004291534
"2201202001220592101",1.08000004291534,1.08000004291534
"2201202001220592102",1.08000004291534,1.08000004291534
"2201202001220592103",1.08000004291534,1.08000004291534
"2201202001220592104",1.08000004291534,1.08000004291534
"2201202001220592105",1.08000004291534,1.08000004291534
"2201202001220592106",1.08000004291534,1.08000004291534
"2201202001220592107",1.08000004291534,1.08000004291534
"2201202001220592108",1.08000004291534,1.08000004291534
"2201202001220592109",1.08000004291534,1.08000004291534
"2201202001220592110",1.08000004291534,1.08000004291534
"2201202001220592111",1.08000004291534,1.08000004291534
"2201202001220592112",1.08000004291534,1.08000004291534
"2201202001220592113",1.08000004291534,1.08000004291534
"2201202001220592114",1.08000004291534,1.08000004291534
"2201202001220592115",1.08000004291534,1.08000004291534
"2201202001220592116",1.08000004291534,1.08000004291534
"2201202001220592117",1.08000004291534,1.08000004291534
"2201202001220592118",1.08000004291534,1.08000004291534
"2201202001220592119",1.08000004291534,1.08000004291534
"2201202001220592120",1.08000004291534,1.08000004291534
"2201202001220611101",1.08000004291534,1.08000004291534
"2201202001220611102",1.08000004291534,1.08000004291534
"2201202001220611103",1.08000004291534,1.08000004291534
"2201202001220611104",1.08000004291534,1.08000004291534
"2201202001220611105",1.08000004291534,1.08000004291534
"2201202001220611106",1.08000004291534,1.08000004291534
"2201202001220611107",1.08000004291534,1.08000004291534
"2201202001220611108",1.08000004291534,1.08000004291534
"2201202001220611109",1.08000004291534,1.08000004291534
"2201202001220611110",1.08000004291534,1.08000004291534
"2201202001220611111",1.08000004291534,1.08000004291534
"2201202001220611112",1.08000004291534,1.08000004291534
"2201202001220611113",1.08000004291534,1.08000004291534
"2201202001220611114",1.08000004291534,1.08000004291534
"2201202001220611115",1.08000004291534,1.08000004291534
"2201202001220611116",1.08000004291534,1.08000004291534
"2201202001220611117",1.08000004291534,1.08000004291534
"2201202001220611118",1.08000004291534,1.08000004291534
"2201202001220611119",1.08000004291534,1.08000004291534
"2201202001220611120",1.08000004291534,1.08000004291534
"2201202001320182101",1.08000004291534,1.08000004291534
"2201202001320182102",1.08000004291534,1.08000004291534
"2201202001320182103",1.08000004291534,1.08000004291534
"2201202001320182104",1.08000004291534,1.08000004291534
"2201202001320182105",1.08000004291534,1.08000004291534
"2201202001320182106",1.08000004291534,1.08000004291534
"2201202001320182107",1.08000004291534,1.08000004291534
"2201202001320182108",1.08000004291534,1.08000004291534
"2201202001320182109",1.08000004291534,1.08000004291534
"2201202001320182110",1.08000004291534,1.08000004291534
"2201202001320182111",1.08000004291534,1.08000004291534
"2201202001320182112",1.08000004291534,1.08000004291534
"2201202001320182113",1.08000004291534,1.08000004291534
"2201202001320182114",1.08000004291534,1.08000004291534
"2201202001320182115",1.08000004291534,1.08000004291534
"2201202001320182116",1.08000004291534,1.08000004291534
"2201202001320182117",1.08000004291534,1.08000004291534
"2201202001320182118",1.08000004291534,1.08000004291534
"2201202001320182119",1.08000004291534,1.08000004291534
"2201202001320182120",1.08000004291534,1.08000004291534
"2201202001320184101",1.08000004291534,1.08000004291534
"2201202001320184102",1.08000004291534,1.08000004291534
"2201202001320184103",1.08000004291534,1.08000004291534
"2201202001320184104",1.08000004291534,1.08000004291534
"2201202001320184105",1.08000004291534,1.08000004291534
"2201202001320184106",1.08000004291534,1.08000004291534
"2201202001320184107",1.08000004291534,1.08000004291534
"2201202001320184108",1.08000004291534,1.08000004291534
"2201202001320184109",1.08000004291534,1.08000004291534
"2201202001320184110",1.08000004291534,1.08000004291534
"2201202001320184111",1.08000004291534,1.08000004291534
"2201202001320184112",1.08000004291534,1.08000004291534
"2201202001320184113",1.08000004291534,1.08000004291534
"2201202001320184114",1.08000004291534,1.08000004291534
"2201202001320184115",1.08000004291534,1.08000004291534
"2201202001320184116",1.08000004291534,1.08000004291534
"2201202001320184117",1.08000004291534,1.08000004291534
"2201202001320184118",1.08000004291534,1.08000004291534
"2201202001320184119",1.08000004291534,1.08000004291534
"2201202001320184120",1.08000004291534,1.08000004291534
"2201202001320186101",1.08000004291534,1.08000004291534
"2201202001320186102",1.08000004291534,1.08000004291534
"2201202001320186103",1.08000004291534,1.08000004291534
"2201202001320186104",1.08000004291534,1.08000004291534
"2201202001320186105",1.08000004291534,1.08000004291534
"2201202001320186106",1.08000004291534,1.08000004291534
"2201202001320186107",1.08000004291534,1.08000004291534
"2201202001320186108",1.08000004291534,1.08000004291534
"2201202001320186109",1.08000004291534,1.08000004291534
"2201202001320186110",1.08000004291534,1.08000004291534
"2201202001320186111",1.08000004291534,1.08000004291534
"2201202001320186112",1.08000004291534,1.08000004291534
"2201202001320186113",1.08000004291534,1.08000004291534
"2201202001320186114",1.08000004291534,1.08000004291534
"2201202001320186115",1.08000004291534,1.08000004291534
"2201202001320186116",1.08000004291534,1.08000004291534
"2201202001320186117",1.08000004291534,1.08000004291534
"2201202001320186118",1.08000004291534,1.08000004291534
"2201202001320186119",1.08000004291534,1.08000004291534
"2201202001320186120",1.08000004291534,1.08000004291534
"2201202001320203101",1.08000004291534,1.08000004291534
"2201202001320203102",1.08000004291534,1.08000004291534
"2201202001320203103",1.08000004291534,1.08000004291534
"2201202001320203104",1.08000004291534,1.08000004291534
"2201202001320203105",1.08000004291534,1.08000004291534
"2201202001320203106",1.08000004291534,1.08000004291534
"2201202001320203107",1.08000004291534,1.08000004291534
"2201202001320203108",1.08000004291534,1.08000004291534
"2201202001320203109",1.08000004291534,1.08000004291534
"2201202001320203110",1.08000004291534,1.08000004291534
"2201202001320203111",1.08000004291534,1.08000004291534
"2201202001320203112",1.08000004291534,1.08000004291534
"2201202001320203113",1.08000004291534,1.08000004291534
"2201202001320203114",1.08000004291534,1.08000004291534
"2201202001320203115",1.08000004291534,1.08000004291534
"2201202001320203116",1.08000004291534,1.08000004291534
"2201202001320203117",1.08000004291534,1.08000004291534
"2201202001320203118",1.08000004291534,1.08000004291534
"2201202001320203119",1.08000004291534,1.08000004291534
"2201202001320203120",1.08000004291534,1.08000004291534
"2201202001420035112",1.08000004291534,1.08000004291534
"2201202001420315101",1.08000004291534,1.08000004291534
"2201202001420315102",1.08000004291534,1.08000004291534
"2201202001420315103",1.08000004291534,1.08000004291534
"2201202001420315104",1.08000004291534,1.08000004291534
"2201202001420315105",1.08000004291534,1.08000004291534
"2201202001420315106",1.08000004291534,1.08000004291534
"2201202001420315107",1.08000004291534,1.08000004291534
"2201202001420315108",1.08000004291534,1.08000004291534
"2201202001420315109",1.08000004291534,1.08000004291534
"2201202001420315110",1.08000004291534,1.08000004291534
"2201202001420315111",1.08000004291534,1.08000004291534
"2201202001420315112",1.08000004291534,1.08000004291534
"2201202001420315113",1.08000004291534,1.08000004291534
"2201202001420315114",1.08000004291534,1.08000004291534
"2201202001420315115",1.08000004291534,1.08000004291534
"2201202001420315116",1.08000004291534,1.08000004291534
"2201202001420315117",1.08000004291534,1.08000004291534
"2201202001420315118",1.08000004291534,1.08000004291534
"2201202001420315119",1.08000004291534,1.08000004291534
"2201202001420315120",1.08000004291534,1.08000004291534
"2201202001420333101",1.08000004291534,1.08000004291534
"2201202001420333102",1.08000004291534,1.08000004291534
"2201202001420333103",1.08000004291534,1.08000004291534
"2201202001420333104",1.08000004291534,1.08000004291534
"2201202001420333106",1.08000004291534,1.08000004291534
"2201202001420333107",1.08000004291534,1.08000004291534
"2201202001420333108",1.08000004291534,1.08000004291534
"2201202001420333109",1.08000004291534,1.08000004291534
"2201202001420333110",1.08000004291534,1.08000004291534
"2201202001420333111",1.08000004291534,1.08000004291534
"2201202001420333112",1.08000004291534,1.08000004291534
"2201202001420333113",1.08000004291534,1.08000004291534
"2201202001420333114",1.08000004291534,1.08000004291534
"2201202001420333115",1.08000004291534,1.08000004291534
"2201202001420333116",1.08000004291534,1.08000004291534
"2201202001420333117",1.08000004291534,1.08000004291534
"2201202001420333118",1.08000004291534,1.08000004291534
"2201202001420333119",1.08000004291534,1.08000004291534
"2201202001420333120",1.08000004291534,1.08000004291534
"2201202001420335101",1.08000004291534,1.08000004291534
"2201202001420335102",1.08000004291534,1.08000004291534
"2201202001420335103",1.08000004291534,1.08000004291534
"2201202001420335104",1.08000004291534,1.08000004291534
"2201202001420335105",1.08000004291534,1.08000004291534
"2201202001420335106",1.08000004291534,1.08000004291534
"2201202001420335107",1.08000004291534,1.08000004291534
"2201202001420335108",1.08000004291534,1.08000004291534
"2201202001420335109",1.08000004291534,1.08000004291534
"2201202001420335110",1.08000004291534,1.08000004291534
"2201202001420335111",1.08000004291534,1.08000004291534
"2201202001420335113",1.08000004291534,1.08000004291534
"2201202001420335114",1.08000004291534,1.08000004291534
"2201202001420335115",1.08000004291534,1.08000004291534
"2201202001420335116",1.08000004291534,1.08000004291534
"2201202001420335117",1.08000004291534,1.08000004291534
"2201202001420335118",1.08000004291534,1.08000004291534
"2201202001420335119",1.08000004291534,1.08000004291534
"2201202001420335120",1.08000004291534,1.08000004291534
"2201202001420336101",1.08000004291534,1.08000004291534
"2201202001420336102",1.08000004291534,1.08000004291534
"2201202001420336103",1.08000004291534,1.08000004291534
"2201202001420336104",1.08000004291534,1.08000004291534
"2201202001420336105",1.08000004291534,1.08000004291534
"2201202001420336106",1.08000004291534,1.08000004291534
"2201202001420336107",1.08000004291534,1.08000004291534
"2201202001420336108",1.08000004291534,1.08000004291534
"2201202001420336109",1.08000004291534,1.08000004291534
"2201202001420336110",1.08000004291534,1.08000004291534
"2201202001420336111",1.08000004291534,1.08000004291534
"2201202001420336112",1.08000004291534,1.08000004291534
"2201202001420336113",1.08000004291534,1.08000004291534
"2201202001420336114",1.08000004291534,1.08000004291534
"2201202001420336115",1.08000004291534,1.08000004291534
"2201202001420336116",1.08000004291534,1.08000004291534
"2201202001420336117",1.08000004291534,1.08000004291534
"2201202001420336118",1.08000004291534,1.08000004291534
"2201202001420336119",1.08000004291534,1.08000004291534
"2201202001420336120",1.08000004291534,1.08000004291534
"2201202001520071101",1.08000004291534,1.08000004291534
"2201202001520071102",1.08000004291534,1.08000004291534
"2201202001520071103",1.08000004291534,1.08000004291534
"2201202001520071104",1.08000004291534,1.08000004291534
"2201202001520071105",1.08000004291534,1.08000004291534
"2201202001520071106",1.08000004291534,1.08000004291534
"2201202001520071107",1.08000004291534,1.08000004291534
"2201202001520071108",1.08000004291534,1.08000004291534
"2201202001520071109",1.08000004291534,1.08000004291534
"2201202001520071110",1.08000004291534,1.08000004291534
"2201202001520071111",1.08000004291534,1.08000004291534
"2201202001520071112",1.08000004291534,1.08000004291534
"2201202001520071113",1.08000004291534,1.08000004291534
"2201202001520071114",1.08000004291534,1.08000004291534
"2201202001520071115",1.08000004291534,1.08000004291534
"2201202001520071116",1.08000004291534,1.08000004291534
"2201202001520071117",1.08000004291534,1.08000004291534
"2201202001520071118",1.08000004291534,1.08000004291534
"2201202001520071119",1.08000004291534,1.08000004291534
"2201202001520071120",1.08000004291534,1.08000004291534
"2201202001520073101",1.08000004291534,1.08000004291534
"2201202001520073102",1.08000004291534,1.08000004291534
"2201202001520073103",1.08000004291534,1.08000004291534
"2201202001520073104",1.08000004291534,1.08000004291534
"2201202001520073105",1.08000004291534,1.08000004291534
"2201202001520073106",1.08000004291534,1.08000004291534
"2201202001520073107",1.08000004291534,1.08000004291534
"2201202001520073108",1.08000004291534,1.08000004291534
"2201202001520073109",1.08000004291534,1.08000004291534
"2201202001520073110",1.08000004291534,1.08000004291534
"2201202001520073111",1.08000004291534,1.08000004291534
"2201202001520073112",1.08000004291534,1.08000004291534
"2201202001520073113",1.08000004291534,1.08000004291534
"2201202001520073114",1.08000004291534,1.08000004291534
"2201202001520073115",1.08000004291534,1.08000004291534
"2201202001520073116",1.08000004291534,1.08000004291534
"2201202001520073117",1.08000004291534,1.08000004291534
"2201202001520073118",1.08000004291534,1.08000004291534
"2201202001520073119",1.08000004291534,1.08000004291534
"2201202001520073120",1.08000004291534,1.08000004291534
"2201202001520074101",1.08000004291534,1.08000004291534
"2201202001520074102",1.08000004291534,1.08000004291534
"2201202001520074103",1.08000004291534,1.08000004291534
"2201202001520074104",1.08000004291534,1.08000004291534
"2201202001520074105",1.08000004291534,1.08000004291534
"2201202001520074106",1.08000004291534,1.08000004291534
"2201202001520074107",1.08000004291534,1.08000004291534
"2201202001520074108",1.08000004291534,1.08000004291534
"2201202001520074109",1.08000004291534,1.08000004291534
"2201202001520074110",1.08000004291534,1.08000004291534
"2201202001520074111",1.08000004291534,1.08000004291534
"2201202001520074112",1.08000004291534,1.08000004291534
"2201202001520074113",1.08000004291534,1.08000004291534
"2201202001520074114",1.08000004291534,1.08000004291534
"2201202001520074115",1.08000004291534,1.08000004291534
"2201202001520074116",1.08000004291534,1.08000004291534
"2201202001520074117",1.08000004291534,1.08000004291534
"2201202001520074118",1.08000004291534,1.08000004291534
"2201202001520074119",1.08000004291534,1.08000004291534
"2201202001520074120",1.08000004291534,1.08000004291534
"2201202001520092101",1.08000004291534,1.08000004291534
"2201202001520092102",1.08000004291534,1.08000004291534
"2201202001520092103",1.08000004291534,1.08000004291534
"2201202001520092104",1.08000004291534,1.08000004291534
"2201202001520092105",1.08000004291534,1.08000004291534
"2201202001520092106",1.08000004291534,1.08000004291534
"2201202001520092107",1.08000004291534,1.08000004291534
"2201202001520092108",1.08000004291534,1.08000004291534
"2201202001520092109",1.08000004291534,1.08000004291534
"2201202001520092110",1.08000004291534,1.08000004291534
"2201202001520092111",1.08000004291534,1.08000004291534
"2201202001520092112",1.08000004291534,1.08000004291534
"2201202001520092113",1.08000004291534,1.08000004291534
"2201202001520092114",1.08000004291534,1.08000004291534
"2201202001520092115",1.08000004291534,1.08000004291534
"2201202001520092116",1.08000004291534,1.08000004291534
"2201202001520092117",1.08000004291534,1.08000004291534
"2201202001520092118",1.08000004291534,1.08000004291534
"2201202001520092119",1.08000004291534,1.08000004291534
"2201202001520092120",1.08000004291534,1.08000004291534
"2201202001620277101",1.08000004291534,1.08000004291534
"2201202001620277102",1.08000004291534,1.08000004291534
"2201202001620277103",1.08000004291534,1.08000004291534
"2201202001620277104",1.08000004291534,1.08000004291534
"2201202001620277105",1.08000004291534,1.08000004291534
"2201202001620277106",1.08000004291534,1.08000004291534
"2201202001620277107",1.08000004291534,1.08000004291534
"2201202001620277108",1.08000004291534,1.08000004291534
"2201202001620277109",1.08000004291534,1.08000004291534
"2201202001620277110",1.08000004291534,1.08000004291534
"2201202001620277111",1.08000004291534,1.08000004291534
"2201202001620277112",1.08000004291534,1.08000004291534
"2201202001620277113",1.08000004291534,1.08000004291534
"2201202001620277114",1.08000004291534,1.08000004291534
"2201202001620277115",1.08000004291534,1.08000004291534
"2201202001620277116",1.08000004291534,1.08000004291534
"2201202001620277117",1.08000004291534,1.08000004291534
"2201202001620277118",1.08000004291534,1.08000004291534
"2201202001620277119",1.08000004291534,1.08000004291534
"2201202001620277120",1.08000004291534,1.08000004291534
"2201202001620295101",1.08000004291534,1.08000004291534
"2201202001620295102",1.08000004291534,1.08000004291534
"2201202001620295103",1.08000004291534,1.08000004291534
"2201202001620295104",1.08000004291534,1.08000004291534
"2201202001620295105",1.08000004291534,1.08000004291534
"2201202001620295106",1.08000004291534,1.08000004291534
"2201202001620295107",1.08000004291534,1.08000004291534
"2201202001620295108",1.08000004291534,1.08000004291534
"2201202001620295109",1.08000004291534,1.08000004291534
"2201202001620295110",1.08000004291534,1.08000004291534
"2201202001620295111",1.08000004291534,1.08000004291534
"2201202001620295112",1.08000004291534,1.08000004291534
"2201202001620295113",1.08000004291534,1.08000004291534
"2201202001620295114",1.08000004291534,1.08000004291534
"2201202001620295115",1.08000004291534,1.08000004291534
"2201202001620295116",1.08000004291534,1.08000004291534
"2201202001620295117",1.08000004291534,1.08000004291534
"2201202001620295118",1.08000004291534,1.08000004291534
"2201202001620295119",1.08000004291534,1.08000004291534
"2201202001620295120",1.08000004291534,1.08000004291534
"2201202001620297101",1.08000004291534,1.08000004291534
"2201202001620297102",1.08000004291534,1.08000004291534
"2201202001620297104",1.08000004291534,1.08000004291534
"2201202001620297105",1.08000004291534,1.08000004291534
"2201202001620297106",1.08000004291534,1.08000004291534
"2201202001620297107",1.08000004291534,1.08000004291534
"2201202001620297108",1.08000004291534,1.08000004291534
"2201202001620297109",1.08000004291534,1.08000004291534
"2201202001620297110",1.08000004291534,1.08000004291534
"2201202001620297111",1.08000004291534,1.08000004291534
"2201202001620297112",1.08000004291534,1.08000004291534
"2201202001620297113",1.08000004291534,1.08000004291534
"2201202001620297114",1.08000004291534,1.08000004291534
"2201202001620297115",1.08000004291534,1.08000004291534
"2201202001620297116",1.08000004291534,1.08000004291534
"2201202001620297117",1.08000004291534,1.08000004291534
"2201202001620297118",1.08000004291534,1.08000004291534
"2201202001620297119",1.08000004291534,1.08000004291534
"2201202001620297120",1.08000004291534,1.08000004291534
"2201202001620298101",1.08000004291534,1.08000004291534
"2201202001620298102",1.08000004291534,1.08000004291534
"2201202001620298103",1.08000004291534,1.08000004291534
"2201202001620298104",1.08000004291534,1.08000004291534
"2201202001620298105",1.08000004291534,1.08000004291534
"2201202001620298106",1.08000004291534,1.08000004291534
"2201202001620298107",1.08000004291534,1.08000004291534
"2201202001620298108",1.08000004291534,1.08000004291534
"2201202001620298109",1.08000004291534,1.08000004291534
"2201202001620298110",1.08000004291534,1.08000004291534
"2201202001620298111",1.08000004291534,1.08000004291534
"2201202001620298112",1.08000004291534,1.08000004291534
"2201202001620298113",1.08000004291534,1.08000004291534
"2201202001620298114",1.08000004291534,1.08000004291534
"2201202001620298115",1.08000004291534,1.08000004291534
"2201202001620298116",1.08000004291534,1.08000004291534
"2201202001620298117",1.08000004291534,1.08000004291534
"2201202001620298118",1.08000004291534,1.08000004291534
"2201202001620298119",1.08000004291534,1.08000004291534
"2201202001620298120",1.08000004291534,1.08000004291534
"2201202001720390101",1.08000004291534,1.08000004291534
"2201202001720390102",1.08000004291534,1.08000004291534
"2201202001720390103",1.08000004291534,1.08000004291534
"2201202001720390104",1.08000004291534,1.08000004291534
"2201202001720390105",1.08000004291534,1.08000004291534
"2201202001720390106",1.08000004291534,1.08000004291534
"2201202001720390107",1.08000004291534,1.08000004291534
"2201202001720390108",1.08000004291534,1.08000004291534
"2201202001720390109",1.08000004291534,1.08000004291534
"2201202001720390110",1.08000004291534,1.08000004291534
"2201202001720390111",1.08000004291534,1.08000004291534
"2201202001720390112",1.08000004291534,1.08000004291534
"2201202001720390113",1.08000004291534,1.08000004291534
"2201202001720390114",1.08000004291534,1.08000004291534
"2201202001720390115",1.08000004291534,1.08000004291534
"2201202001720390116",1.08000004291534,1.08000004291534
"2201202001720390117",1.08000004291534,1.08000004291534
"2201202001720390118",1.08000004291534,1.08000004291534
"2201202001720390119",1.08000004291534,1.08000004291534
"2201202001720390120",1.08000004291534,1.08000004291534
"2201202001720407101",1.08000004291534,1.08000004291534
"2201202001720407102",1.08000004291534,1.08000004291534
"2201202001720407103",1.08000004291534,1.08000004291534
"2201202001720407104",1.08000004291534,1.08000004291534
"2201202001720407105",1.08000004291534,1.08000004291534
"2201202001720407106",1.08000004291534,1.08000004291534
"2201202001720407107",1.08000004291534,1.08000004291534
"2201202001720407108",1.08000004291534,1.08000004291534
"2201202001720407109",1.08000004291534,1.08000004291534
"2201202001720407110",1.08000004291534,1.08000004291534
"2201202001720407111",1.08000004291534,1.08000004291534
"2201202001720407112",1.08000004291534,1.08000004291534
"2201202001720407113",1.08000004291534,1.08000004291534
"2201202001720407114",1.08000004291534,1.08000004291534
"2201202001720407115",1.08000004291534,1.08000004291534
"2201202001720407116",1.08000004291534,1.08000004291534
"2201202001720407117",1.08000004291534,1.08000004291534
"2201202001720407118",1.08000004291534,1.08000004291534
"2201202001720407119",1.08000004291534,1.08000004291534
"2201202001720407120",1.08000004291534,1.08000004291534
"2201202001720408101",1.08000004291534,1.08000004291534
"2201202001720408102",1.08000004291534,1.08000004291534
"2201202001720408103",1.08000004291534,1.08000004291534
"2201202001720408104",1.08000004291534,1.08000004291534
"2201202001720408105",1.08000004291534,1.08000004291534
"2201202001720408106",1.08000004291534,1.08000004291534
"2201202001720408107",1.08000004291534,1.08000004291534
"2201202001720408108",1.08000004291534,1.08000004291534
"2201202001720408109",1.08000004291534,1.08000004291534
"2201202001720408110",1.08000004291534,1.08000004291534
"2201202001720408111",1.08000004291534,1.08000004291534
"2201202001720408112",1.08000004291534,1.08000004291534
"2201202001720408113",1.08000004291534,1.08000004291534
"2201202001720408114",1.08000004291534,1.08000004291534
"2201202001720408115",1.08000004291534,1.08000004291534
"2201202001720408116",1.08000004291534,1.08000004291534
"2201202001720408117",1.08000004291534,1.08000004291534
"2201202001720408118",1.08000004291534,1.08000004291534
"2201202001720408119",1.08000004291534,1.08000004291534
"2201202001720408120",1.08000004291534,1.08000004291534
"2201202001720410101",1.08000004291534,1.08000004291534
"2201202001720410102",1.08000004291534,1.08000004291534
"2201202001720410103",1.08000004291534,1.08000004291534
"2201202001720410104",1.08000004291534,1.08000004291534
"2201202001720410105",1.08000004291534,1.08000004291534
"2201202001720410106",1.08000004291534,1.08000004291534
"2201202001720410107",1.08000004291534,1.08000004291534
"2201202001720410108",1.08000004291534,1.08000004291534
"2201202001720410109",1.08000004291534,1.08000004291534
"2201202001720410110",1.08000004291534,1.08000004291534
"2201202001720410111",1.08000004291534,1.08000004291534
"2201202001720410112",1.08000004291534,1.08000004291534
"2201202001720410113",1.08000004291534,1.08000004291534
"2201202001720410114",1.08000004291534,1.08000004291534
"2201202001720410115",1.08000004291534,1.08000004291534
"2201202001720410116",1.08000004291534,1.08000004291534
"2201202001720410117",1.08000004291534,1.08000004291534
"2201202001720410118",1.08000004291534,1.08000004291534
"2201202001720410119",1.08000004291534,1.08000004291534
"2201202001720410120",1.08000004291534,1.08000004291534
"2201202001720425101",1.08000004291534,1.08000004291534
"2201202001720425102",1.08000004291534,1.08000004291534
"2201202001720425103",1.08000004291534,1.08000004291534
"2201202001720425104",1.08000004291534,1.08000004291534
"2201202001720425105",1.08000004291534,1.08000004291534
"2201202001720425106",1.08000004291534,1.08000004291534
"2201202001720425107",1.08000004291534,1.08000004291534
"2201202001720425108",1.08000004291534,1.08000004291534
"2201202001720425109",1.08000004291534,1.08000004291534
"2201202001720425110",1.08000004291534,1.08000004291534
"2201202001720425111",1.08000004291534,1.08000004291534
"2201202001720425112",1.08000004291534,1.08000004291534
"2201202001720425113",1.08000004291534,1.08000004291534
"2201202001720425114",1.08000004291534,1.08000004291534
"2201202001720425115",1.08000004291534,1.08000004291534
"2201202001720425116",1.08000004291534,1.08000004291534
"2201202001720425117",1.08000004291534,1.08000004291534
"2201202001720425118",1.08000004291534,1.08000004291534
"2201202001720425119",1.08000004291534,1.08000004291534
"2201202001720425120",1.08000004291534,1.08000004291534
"2201202001720442101",1.08000004291534,1.08000004291534
"2201202001720442102",1.08000004291534,1.08000004291534
"2201202001720442103",1.08000004291534,1.08000004291534
"2201202001720442104",1.08000004291534,1.08000004291534
"2201202001720442105",1.08000004291534,1.08000004291534
"2201202001720442106",1.08000004291534,1.08000004291534
"2201202001720442107",1.08000004291534,1.08000004291534
"2201202001720442108",1.08000004291534,1.08000004291534
"2201202001720442109",1.08000004291534,1.08000004291534
"2201202001720442110",1.08000004291534,1.08000004291534
"2201202001720442111",1.08000004291534,1.08000004291534
"2201202001720442112",1.08000004291534,1.08000004291534
"2201202001720442113",1.08000004291534,1.08000004291534
"2201202001720442114",1.08000004291534,1.08000004291534
"2201202001720442115",1.08000004291534,1.08000004291534
"2201202001720442116",1.08000004291534,1.08000004291534
"2201202001720442117",1.08000004291534,1.08000004291534
"2201202001720442118",1.08000004291534,1.08000004291534
"2201202001720442119",1.08000004291534,1.08000004291534
"2201202001720442120",1.08000004291534,1.08000004291534
"2201202001720443101",1.08000004291534,1.08000004291534
"2201202001720443102",1.08000004291534,1.08000004291534
"2201202001720443103",1.08000004291534,1.08000004291534
"2201202001720443104",1.08000004291534,1.08000004291534
"2201202001720443105",1.08000004291534,1.08000004291534
"2201202001720443106",1.08000004291534,1.08000004291534
"2201202001720443107",1.08000004291534,1.08000004291534
"2201202001720443108",1.08000004291534,1.08000004291534
"2201202001720443109",1.08000004291534,1.08000004291534
"2201202001720443110",1.08000004291534,1.08000004291534
"2201202001720443111",1.08000004291534,1.08000004291534
"2201202001720443112",1.08000004291534,1.08000004291534
"2201202001720443113",1.08000004291534,1.08000004291534
"2201202001720443114",1.08000004291534,1.08000004291534
"2201202001720443115",1.08000004291534,1.08000004291534
"2201202001720443116",1.08000004291534,1.08000004291534
"2201202001720443117",1.08000004291534,1.08000004291534
"2201202001720443118",1.08000004291534,1.08000004291534
"2201202001720443119",1.08000004291534,1.08000004291534
"2201202001720443120",1.08000004291534,1.08000004291534
"2201202001720444101",1.08000004291534,1.08000004291534
"2201202001720444102",1.08000004291534,1.08000004291534
"2201202001720444103",1.08000004291534,1.08000004291534
"2201202001720444104",1.08000004291534,1.08000004291534
"2201202001720444105",1.08000004291534,1.08000004291534
"2201202001720444106",1.08000004291534,1.08000004291534
"2201202001720444107",1.08000004291534,1.08000004291534
"2201202001720444108",1.08000004291534,1.08000004291534
"2201202001720444109",1.08000004291534,1.08000004291534
"2201202001720444110",1.08000004291534,1.08000004291534
"2201202001720444111",1.08000004291534,1.08000004291534
"2201202001720444112",1.08000004291534,1.08000004291534
"2201202001720444113",1.08000004291534,1.08000004291534
"2201202001720444114",1.08000004291534,1.08000004291534
"2201202001720444115",1.08000004291534,1.08000004291534
"2201202001720444116",1.08000004291534,1.08000004291534
"2201202001720444117",1.08000004291534,1.08000004291534
"2201202001720444118",1.08000004291534,1.08000004291534
"2201202001720444119",1.08000004291534,1.08000004291534
"2201202001720444120",1.08000004291534,1.08000004291534
"3301303000130257101",1.14999997615814,1.16999995708466
"3301303000130257102",1.14999997615814,1.16999995708466
"3301303000130257103",1.14999997615814,1.16999995708466
"3301303000130257104",1.14999997615814,1.16999995708466
"3301303000130257105",1.14999997615814,1.16999995708466
"3301303000130257106",1.14999997615814,1.16999995708466
"3301303000130257107",1.14999997615814,1.16999995708466
"3301303000130257108",1.14999997615814,1.16999995708466
"3301303000130257109",1.14999997615814,1.16999995708466
"3301303000130257110",1.14999997615814,1.16999995708466
"3301303000130257112",1.14999997615814,1.16999995708466
"3301303000130257113",1.14999997615814,1.16999995708466
"3301303000130257114",1.14999997615814,1.16999995708466
"3301303000130257115",1.14999997615814,1.16999995708466
"3301303000130257116",1.14999997615814,1.16999995708466
"3301303000130257117",1.14999997615814,1.16999995708466
"3301303000130257118",1.14999997615814,1.16999995708466
"3301303000130257119",1.14999997615814,1.16999995708466
"3301303000130257120",1.14999997615814,1.16999995708466
"3301303000330024101",1.14999997615814,1.16999995708466
"3301303000330024102",1.14999997615814,1.16999995708466
"3301303000330024103",1.14999997615814,1.16999995708466
"3301303000330024104",1.14999997615814,1.16999995708466
"3301303000330024105",1.14999997615814,1.16999995708466
"3301303000330024106",1.14999997615814,1.16999995708466
"3301303000330024107",1.14999997615814,1.16999995708466
"3301303000330024108",1.14999997615814,1.16999995708466
"3301303000330024109",1.14999997615814,1.16999995708466
"3301303000330024110",1.14999997615814,1.16999995708466
"3301303000330024112",1.14999997615814,1.16999995708466
"3301303000330024113",1.14999997615814,1.16999995708466
"3301303000330024114",1.14999997615814,1.16999995708466
"3301303000330024115",1.14999997615814,1.16999995708466
"3301303000330024116",1.14999997615814,1.16999995708466
"3301303000330024117",1.14999997615814,1.16999995708466
"3301303000330024118",1.14999997615814,1.16999995708466
"3301303000330024119",1.14999997615814,1.16999995708466
"3301303000330024120",1.14999997615814,1.16999995708466
"3301303000330024211",1.14999997615814,1.16999995708466
"3301303000430040101",1.14999997615814,1.16999995708466
"3301303000430040102",1.14999997615814,1.16999995708466
"3301303000430040103",1.14999997615814,1.16999995708466
"3301303000430040104",1.14999997615814,1.16999995708466
"3301303000430040105",1.14999997615814,1.16999995708466
"3301303000430040106",1.14999997615814,1.16999995708466
"3301303000430040107",1.14999997615814,1.16999995708466
"3301303000430040108",1.14999997615814,1.16999995708466
"3301303000430040109",1.14999997615814,1.16999995708466
"3301303000430040110",1.14999997615814,1.16999995708466
"3301303000430040111",1.14999997615814,1.16999995708466
"3301303000430040112",1.14999997615814,1.16999995708466
"3301303000430040113",1.14999997615814,1.16999995708466
"3301303000430040114",1.14999997615814,1.16999995708466
"3301303000430040115",1.14999997615814,1.16999995708466
"3301303000430040116",1.14999997615814,1.16999995708466
"3301303000430040117",1.14999997615814,1.16999995708466
"3301303000430040118",1.14999997615814,1.16999995708466
"3301303000430040119",1.14999997615814,1.16999995708466
"3301303000430040120",1.14999997615814,1.16999995708466
"3301303000430044201",1.14999997615814,1.16999995708466
"3301303000430044202",1.14999997615814,1.16999995708466
"3301303000430044203",1.14999997615814,1.16999995708466
"3301303000430044204",1.14999997615814,1.16999995708466
"3301303000430044205",1.14999997615814,1.16999995708466
"3301303000430044206",1.14999997615814,1.16999995708466
"3301303000430044207",1.14999997615814,1.16999995708466
"3301303000430044208",1.14999997615814,1.16999995708466
"3301303000430044209",1.14999997615814,1.16999995708466
"3301303000430044210",1.14999997615814,1.16999995708466
"3301303000430044211",1.14999997615814,1.16999995708466
"3301303000430044212",1.14999997615814,1.16999995708466
"3301303000430044213",1.14999997615814,1.16999995708466
"3301303000430044214",1.14999997615814,1.16999995708466
"3301303000430044215",1.14999997615814,1.16999995708466
"3301303000430044216",1.14999997615814,1.16999995708466
"3301303000430044217",1.14999997615814,1.16999995708466
"3301303000430044218",1.14999997615814,1.16999995708466
"3301303000430044219",1.14999997615814,1.16999995708466
"3301303000430044220",1.14999997615814,1.16999995708466
"3301303000430049201",1.14999997615814,1.16999995708466
"3301303000430049202",1.14999997615814,1.16999995708466
"3301303000430049203",1.14999997615814,1.16999995708466
"3301303000430049204",1.14999997615814,1.16999995708466
"3301303000430049205",1.14999997615814,1.16999995708466
"3301303000430049206",1.14999997615814,1.16999995708466
"3301303000430049207",1.14999997615814,1.16999995708466
"3301303000430049208",1.14999997615814,1.16999995708466
"3301303000430049209",1.14999997615814,1.16999995708466
"3301303000430049210",1.14999997615814,1.16999995708466
"3301303000430049211",1.14999997615814,1.16999995708466
"3301303000430049212",1.14999997615814,1.16999995708466
"3301303000430049213",1.14999997615814,1.16999995708466
"3301303000430049214",1.14999997615814,1.16999995708466
"3301303000430049215",1.14999997615814,1.16999995708466
"3301303000430049216",1.14999997615814,1.16999995708466
"3301303000430049217",1.14999997615814,1.16999995708466
"3301303000430049218",1.14999997615814,1.16999995708466
"3301303000430049219",1.14999997615814,1.16999995708466
"3301303000430049220",1.14999997615814,1.16999995708466
"3301303000530138201",1.14999997615814,1.16999995708466
"3301303000530138202",1.14999997615814,1.16999995708466
"3301303000530138203",1.14999997615814,1.16999995708466
"3301303000530138204",1.14999997615814,1.16999995708466
"3301303000530138205",1.14999997615814,1.16999995708466
"3301303000530138206",1.14999997615814,1.16999995708466
"3301303000530138207",1.14999997615814,1.16999995708466
"3301303000530138208",1.14999997615814,1.16999995708466
"3301303000530138209",1.14999997615814,1.16999995708466
"3301303000530138210",1.14999997615814,1.16999995708466
"3301303000530138211",1.14999997615814,1.16999995708466
"3301303000530138212",1.14999997615814,1.16999995708466
"3301303000530138213",1.14999997615814,1.16999995708466
"3301303000530138214",1.14999997615814,1.16999995708466
"3301303000530138215",1.14999997615814,1.16999995708466
"3301303000530138216",1.14999997615814,1.16999995708466
"3301303000530138217",1.14999997615814,1.16999995708466
"3301303000530138218",1.14999997615814,1.16999995708466
"3301303000530138219",1.14999997615814,1.16999995708466
"3301303000530138220",1.14999997615814,1.16999995708466
"3301303000530267101",1.14999997615814,1.16999995708466
"3301303000730315106",1.14999997615814,1.16999995708466
"3301303000730315114",1.14999997615814,1.16999995708466
"3301303000730315119",1.14999997615814,1.16999995708466
"3301303000730315201",1.14999997615814,1.16999995708466
"3301303000730315202",1.14999997615814,1.16999995708466
"3301303000730315203",1.14999997615814,1.16999995708466
"3301303000730315204",1.14999997615814,1.16999995708466
"3301303000730315205",1.14999997615814,1.16999995708466
"3301303000730315207",1.14999997615814,1.16999995708466
"3301303000730315208",1.14999997615814,1.16999995708466
"3301303000730315209",1.14999997615814,1.16999995708466
"3301303000730315210",1.14999997615814,1.16999995708466
"3301303000730315211",1.14999997615814,1.16999995708466
"3301303000730315212",1.14999997615814,1.16999995708466
"3301303000730315213",1.14999997615814,1.16999995708466
"3301303000730315215",1.14999997615814,1.16999995708466
"3301303000730315216",1.14999997615814,1.16999995708466
"3301303000730315217",1.14999997615814,1.16999995708466
"3301303000730315218",1.14999997615814,1.16999995708466
"3301303000730315220",1.14999997615814,1.16999995708466
"3301303001130011101",1.14999997615814,1.16999995708466
"3301303001130011102",1.14999997615814,1.16999995708466
"3301303001130011103",1.14999997615814,1.16999995708466
"3301303001130011104",1.14999997615814,1.16999995708466
"3301303001130011105",1.14999997615814,1.16999995708466
"3301303001130011106",1.14999997615814,1.16999995708466
"3301303001130011107",1.14999997615814,1.16999995708466
"3301303001130011108",1.14999997615814,1.16999995708466
"3301303001130011109",1.14999997615814,1.16999995708466
"3301303001130011110",1.14999997615814,1.16999995708466
"3301303001130011111",1.14999997615814,1.16999995708466
"3301303001130011112",1.14999997615814,1.16999995708466
"3301303001130011113",1.14999997615814,1.16999995708466
"3301303001130011114",1.14999997615814,1.16999995708466
"3301303001130011115",1.14999997615814,1.16999995708466
"3301303001130011116",1.14999997615814,1.16999995708466
"3301303001130011117",1.14999997615814,1.16999995708466
"3301303001130011118",1.14999997615814,1.16999995708466
"3301303001130011119",1.14999997615814,1.16999995708466
"3301303001130011120",1.14999997615814,1.16999995708466
"3301303001130015101",1.14999997615814,1.16999995708466
"3301303001130015102",1.14999997615814,1.16999995708466
"3301303001130015103",1.14999997615814,1.16999995708466
"3301303001130015104",1.14999997615814,1.16999995708466
"3301303001130015105",1.14999997615814,1.16999995708466
"3301303001130015106",1.14999997615814,1.16999995708466
"3301303001130015107",1.14999997615814,1.16999995708466
"3301303001130015108",1.14999997615814,1.16999995708466
"3301303001130015109",1.14999997615814,1.16999995708466
"3301303001130015110",1.14999997615814,1.16999995708466
"3301303001130015111",1.14999997615814,1.16999995708466
"3301303001130015112",1.14999997615814,1.16999995708466
"3301303001130015113",1.14999997615814,1.16999995708466
"3301303001130015114",1.14999997615814,1.16999995708466
"3301303001130015115",1.14999997615814,1.16999995708466
"3301303001130015116",1.14999997615814,1.16999995708466
"3301303001130015117",1.14999997615814,1.16999995708466
"3301303001130015118",1.14999997615814,1.16999995708466
"3301303001130015119",1.14999997615814,1.16999995708466
"3301303001130015120",1.14999997615814,1.16999995708466
"3301303001130020101",1.14999997615814,1.16999995708466
"3301303001130020102",1.14999997615814,1.16999995708466
"3301303001130020103",1.14999997615814,1.16999995708466
"3301303001130020104",1.14999997615814,1.16999995708466
"3301303001130020105",1.14999997615814,1.16999995708466
"3301303001130020106",1.14999997615814,1.16999995708466
"3301303001130020107",1.14999997615814,1.16999995708466
"3301303001130020108",1.14999997615814,1.16999995708466
"3301303001130020109",1.14999997615814,1.16999995708466
"3301303001130020110",1.14999997615814,1.16999995708466
"3301303001130020111",1.14999997615814,1.16999995708466
"3301303001130020112",1.14999997615814,1.16999995708466
"3301303001130020113",1.14999997615814,1.16999995708466
"3301303001130020114",1.14999997615814,1.16999995708466
"3301303001130020115",1.14999997615814,1.16999995708466
"3301303001130020116",1.14999997615814,1.16999995708466
"3301303001130020117",1.14999997615814,1.16999995708466
"3301303001130020118",1.14999997615814,1.16999995708466
"3301303001130020119",1.14999997615814,1.16999995708466
"3301303001130020120",1.14999997615814,1.16999995708466
"3301303001630241101",1.14999997615814,1.16999995708466
"3301303001630241102",1.14999997615814,1.16999995708466
"3301303001630241103",1.14999997615814,1.16999995708466
"3301303001630241104",1.14999997615814,1.16999995708466
"3301303001630241105",1.14999997615814,1.16999995708466
"3301303001630241106",1.14999997615814,1.16999995708466
"3301303001630241107",1.14999997615814,1.16999995708466
"3301303001630241108",1.14999997615814,1.16999995708466
"3301303001630241109",1.14999997615814,1.16999995708466
"3301303001630241110",1.14999997615814,1.16999995708466
"3301303001630241111",1.14999997615814,1.16999995708466
"3301303001630241112",1.14999997615814,1.16999995708466
"3301303001630241113",1.14999997615814,1.16999995708466
"3301303001630241114",1.14999997615814,1.16999995708466
"3301303001630241115",1.14999997615814,1.16999995708466
"3301303001630241116",1.14999997615814,1.16999995708466
"3301303001630241117",1.14999997615814,1.16999995708466
"3301303001630241118",1.14999997615814,1.16999995708466
"3301303001630241119",1.14999997615814,1.16999995708466
"3301303001630241120",1.14999997615814,1.16999995708466
"3301303001630262101",1.14999997615814,1.16999995708466
"3301303001630262102",1.14999997615814,1.16999995708466
"3301303001630262103",1.14999997615814,1.16999995708466
"3301303001630262104",1.14999997615814,1.16999995708466
"3301303001630262105",1.14999997615814,1.16999995708466
"3301303001630262106",1.14999997615814,1.16999995708466
"3301303001630262107",1.14999997615814,1.16999995708466
"3301303001630262108",1.14999997615814,1.16999995708466
"3301303001630262109",1.14999997615814,1.16999995708466
"3301303001630262110",1.14999997615814,1.16999995708466
"3301303001630262111",1.14999997615814,1.16999995708466
"3301303001630262112",1.14999997615814,1.16999995708466
"3301303001630262113",1.14999997615814,1.16999995708466
"3301303001630262114",1.14999997615814,1.16999995708466
"3301303001630262115",1.14999997615814,1.16999995708466
"3301303001630262116",1.14999997615814,1.16999995708466
"3301303001630262117",1.14999997615814,1.16999995708466
"3301303001630262118",1.14999997615814,1.16999995708466
"3301303001630262119",1.14999997615814,1.16999995708466
"3301303001630262120",1.14999997615814,1.16999995708466
"3301303001630267102",1.14999997615814,1.16999995708466
"3301303001630267103",1.14999997615814,1.16999995708466
"3301303001630267104",1.14999997615814,1.16999995708466
"3301303001630267105",1.14999997615814,1.16999995708466
"3301303001630267106",1.14999997615814,1.16999995708466
"3301303001630267107",1.14999997615814,1.16999995708466
"3301303001630267108",1.14999997615814,1.16999995708466
"3301303001630267109",1.14999997615814,1.16999995708466
"3301303001630267110",1.14999997615814,1.16999995708466
"3301303001630267111",1.14999997615814,1.16999995708466
"3301303001630267112",1.14999997615814,1.16999995708466
"3301303001630267114",1.14999997615814,1.16999995708466
"3301303001630267115",1.14999997615814,1.16999995708466
"3301303001630267116",1.14999997615814,1.16999995708466
"3301303001630267117",1.14999997615814,1.16999995708466
"3301303001630267118",1.14999997615814,1.16999995708466
"3301303001630267119",1.14999997615814,1.16999995708466
"3301303001630267120",1.14999997615814,1.16999995708466
"3301303001630286101",1.14999997615814,1.16999995708466
"3301303001630286102",1.14999997615814,1.16999995708466
"3301303001630286103",1.14999997615814,1.16999995708466
"3301303001630286104",1.14999997615814,1.16999995708466
"3301303001630286105",1.14999997615814,1.16999995708466
"3301303001630286106",1.14999997615814,1.16999995708466
"3301303001630286107",1.14999997615814,1.16999995708466
"3301303001630286108",1.14999997615814,1.16999995708466
"3301303001630286109",1.14999997615814,1.16999995708466
"3301303001630286110",1.14999997615814,1.16999995708466
"3301303001630286111",1.14999997615814,1.16999995708466
"3301303001630286112",1.14999997615814,1.16999995708466
"3301303001630286113",1.14999997615814,1.16999995708466
"3301303001630286114",1.14999997615814,1.16999995708466
"3301303001630286115",1.14999997615814,1.16999995708466
"3301303001630286116",1.14999997615814,1.16999995708466
"3301303001630286117",1.14999997615814,1.16999995708466
"3301303001630286118",1.14999997615814,1.16999995708466
"3301303001630286119",1.14999997615814,1.16999995708466
"3301303001630286120",1.14999997615814,1.16999995708466
"3301303001930305201",1.14999997615814,1.16999995708466
"3301303001930305202",1.14999997615814,1.16999995708466
"3301303001930305203",1.14999997615814,1.16999995708466
"3301303001930305204",1.14999997615814,1.16999995708466
"3301303001930305205",1.14999997615814,1.16999995708466
"3301303001930305206",1.14999997615814,1.16999995708466
"3301303001930305207",1.14999997615814,1.16999995708466
"3301303001930305208",1.14999997615814,1.16999995708466
"3301303001930305209",1.14999997615814,1.16999995708466
"3301303001930305210",1.14999997615814,1.16999995708466
"3301303001930305211",1.14999997615814,1.16999995708466
"3301303001930305212",1.14999997615814,1.16999995708466
"3301303001930305213",1.14999997615814,1.16999995708466
"3301303001930305214",1.14999997615814,1.16999995708466
"3301303001930305215",1.14999997615814,1.16999995708466
"3301303001930305216",1.14999997615814,1.16999995708466
"3301303001930305217",1.14999997615814,1.16999995708466
"3301303001930305218",1.14999997615814,1.16999995708466
"3301303001930305219",1.14999997615814,1.16999995708466
"3301303001930305220",1.14999997615814,1.16999995708466
"3301303002030310201",1.14999997615814,1.16999995708466
"3301303002030310202",1.14999997615814,1.16999995708466
"3301303002030310203",1.14999997615814,1.16999995708466
"3301303002030310204",1.14999997615814,1.16999995708466
"3301303002030310205",1.14999997615814,1.16999995708466
"3301303002030310206",1.14999997615814,1.16999995708466
"3301303002030310207",1.14999997615814,1.16999995708466
"3301303002030310208",1.14999997615814,1.16999995708466
"3301303002030310209",1.14999997615814,1.16999995708466
"3301303002030310210",1.14999997615814,1.16999995708466
"3301303002030310211",1.14999997615814,1.16999995708466
"3301303002030310212",1.14999997615814,1.16999995708466
"3301303002030310213",1.14999997615814,1.16999995708466
"3301303002030310214",1.14999997615814,1.16999995708466
"3301303002030310215",1.14999997615814,1.16999995708466
"3301303002030310216",1.14999997615814,1.16999995708466
"3301303002030310217",1.14999997615814,1.16999995708466
"3301303002030310218",1.14999997615814,1.16999995708466
"3301303002030310220",1.14999997615814,1.16999995708466
"3301303002230174101",1.14999997615814,1.16999995708466
"3301303002230174102",1.14999997615814,1.16999995708466
"3301303002230174103",1.14999997615814,1.16999995708466
"3301303002230174104",1.14999997615814,1.16999995708466
"3301303002230174105",1.14999997615814,1.16999995708466
"3301303002230174106",1.14999997615814,1.16999995708466
"3301303002230174107",1.14999997615814,1.16999995708466
"3301303002230174108",1.14999997615814,1.16999995708466
"3301303002230174109",1.14999997615814,1.16999995708466
"3301303002230174110",1.14999997615814,1.16999995708466
"3301303002230174111",1.14999997615814,1.16999995708466
"3301303002230174112",1.14999997615814,1.16999995708466
"3301303002230174113",1.14999997615814,1.16999995708466
"3301303002230174114",1.14999997615814,1.16999995708466
"3301303002230174115",1.14999997615814,1.16999995708466
"3301303002230174116",1.14999997615814,1.16999995708466
"3301303002230174117",1.14999997615814,1.16999995708466
"3301303002230174118",1.14999997615814,1.16999995708466
"3301303002230174119",1.14999997615814,1.16999995708466
"3301303002230174120",1.14999997615814,1.16999995708466
"3301303002230178101",1.14999997615814,1.16999995708466
"3301303002230178103",1.14999997615814,1.16999995708466
"3301303002230178104",1.14999997615814,1.16999995708466
"3301303002230178105",1.14999997615814,1.16999995708466
"3301303002230178106",1.14999997615814,1.16999995708466
"3301303002230178107",1.14999997615814,1.16999995708466
"3301303002230178109",1.14999997615814,1.16999995708466
"3301303002230178112",1.14999997615814,1.16999995708466
"3301303002230178113",1.14999997615814,1.16999995708466
"3301303002230178114",1.14999997615814,1.16999995708466
"3301303002230178115",1.14999997615814,1.16999995708466
"3301303002230178116",1.14999997615814,1.16999995708466
"3301303002230178117",1.14999997615814,1.16999995708466
"3301303002230178118",1.14999997615814,1.16999995708466
"3301303002230178119",1.14999997615814,1.16999995708466
"3301303002230178120",1.14999997615814,1.16999995708466
"3301303002230183101",1.14999997615814,1.16999995708466
"3301303002230183102",1.14999997615814,1.16999995708466
"3301303002230183103",1.14999997615814,1.16999995708466
"3301303002230183104",1.14999997615814,1.16999995708466
"3301303002230183105",1.14999997615814,1.16999995708466
"3301303002230183106",1.14999997615814,1.16999995708466
"3301303002230183107",1.14999997615814,1.16999995708466
"3301303002230183108",1.14999997615814,1.16999995708466
"3301303002230183109",1.14999997615814,1.16999995708466
"3301303002230183110",1.14999997615814,1.16999995708466
"3301303002230183111",1.14999997615814,1.16999995708466
"3301303002230183112",1.14999997615814,1.16999995708466
"3301303002230183113",1.14999997615814,1.16999995708466
"3301303002230183114",1.14999997615814,1.16999995708466
"3301303002230183115",1.14999997615814,1.16999995708466
"3301303002230183116",1.14999997615814,1.16999995708466
"3301303002230183117",1.14999997615814,1.16999995708466
"3301303002230183118",1.14999997615814,1.16999995708466
"3301303002230183119",1.14999997615814,1.16999995708466
"3301303002230183120",1.14999997615814,1.16999995708466
"3301303002330158110",1.14999997615814,1.16999995708466
"3301303002330158201",1.14999997615814,1.16999995708466
"3301303002330158202",1.14999997615814,1.16999995708466
"3301303002330158203",1.14999997615814,1.16999995708466
"3301303002330158204",1.14999997615814,1.16999995708466
"3301303002330158205",1.14999997615814,1.16999995708466
"3301303002330158206",1.14999997615814,1.16999995708466
"3301303002330158207",1.14999997615814,1.16999995708466
"3301303002330158208",1.14999997615814,1.16999995708466
"3301303002330158209",1.14999997615814,1.16999995708466
"3301303002330158211",1.14999997615814,1.16999995708466
"3301303002330158212",1.14999997615814,1.16999995708466
"3301303002330158213",1.14999997615814,1.16999995708466
"3301303002330158214",1.14999997615814,1.16999995708466
"3301303002330158215",1.14999997615814,1.16999995708466
"3301303002330158216",1.14999997615814,1.16999995708466
"3301303002330158217",1.14999997615814,1.16999995708466
"3301303002330158218",1.14999997615814,1.16999995708466
"3301303002330158219",1.14999997615814,1.16999995708466
"3301303002330158220",1.14999997615814,1.16999995708466
"3301303002530127101",1.14999997615814,1.16999995708466
"3301303002530127102",1.14999997615814,1.16999995708466
"3301303002530127103",1.14999997615814,1.16999995708466
"3301303002530127104",1.14999997615814,1.16999995708466
"3301303002530127105",1.14999997615814,1.16999995708466
"3301303002530127106",1.14999997615814,1.16999995708466
"3301303002530127107",1.14999997615814,1.16999995708466
"3301303002530127108",1.14999997615814,1.16999995708466
"3301303002530127109",1.14999997615814,1.16999995708466
"3301303002530127110",1.14999997615814,1.16999995708466
"3301303002530127111",1.14999997615814,1.16999995708466
"3301303002530127112",1.14999997615814,1.16999995708466
"3301303002530127113",1.14999997615814,1.16999995708466
"3301303002530127114",1.14999997615814,1.16999995708466
"3301303002530127115",1.14999997615814,1.16999995708466
"3301303002530127116",1.14999997615814,1.16999995708466
"3301303002530127117",1.14999997615814,1.16999995708466
"3301303002530127118",1.14999997615814,1.16999995708466
"3301303002530127119",1.14999997615814,1.16999995708466
"3301303002530127120",1.14999997615814,1.16999995708466
"3301303002530133101",1.14999997615814,1.16999995708466
"3301303002530133102",1.14999997615814,1.16999995708466
"3301303002530133103",1.14999997615814,1.16999995708466
"3301303002530133104",1.14999997615814,1.16999995708466
"3301303002530133105",1.14999997615814,1.16999995708466
"3301303002530133106",1.14999997615814,1.16999995708466
"3301303002530133107",1.14999997615814,1.16999995708466
"3301303002530133108",1.14999997615814,1.16999995708466
"3301303002530133109",1.14999997615814,1.16999995708466
"3301303002530133110",1.14999997615814,1.16999995708466
"3301303002530133111",1.14999997615814,1.16999995708466
"3301303002530133112",1.14999997615814,1.16999995708466
"3301303002530133113",1.14999997615814,1.16999995708466
"3301303002530133114",1.14999997615814,1.16999995708466
"3301303002530133115",1.14999997615814,1.16999995708466
"3301303002530133116",1.14999997615814,1.16999995708466
"3301303002530133117",1.14999997615814,1.16999995708466
"3301303002530133118",1.14999997615814,1.16999995708466
"3301303002530133119",1.14999997615814,1.16999995708466
"3301303002530133120",1.14999997615814,1.16999995708466
"3301303002930066108",1.14999997615814,1.16999995708466
"3301303002930066201",1.14999997615814,1.16999995708466
"3301303002930066202",1.14999997615814,1.16999995708466
"3301303002930066203",1.14999997615814,1.16999995708466
"3301303002930066204",1.14999997615814,1.16999995708466
"3301303002930066205",1.14999997615814,1.16999995708466
"3301303002930066206",1.14999997615814,1.16999995708466
"3301303002930066207",1.14999997615814,1.16999995708466
"3301303002930066209",1.14999997615814,1.16999995708466
"3301303002930066210",1.14999997615814,1.16999995708466
"3301303002930066211",1.14999997615814,1.16999995708466
"3301303002930066212",1.14999997615814,1.16999995708466
"3301303002930066213",1.14999997615814,1.16999995708466
"3301303002930066214",1.14999997615814,1.16999995708466
"3301303002930066215",1.14999997615814,1.16999995708466
"3301303002930066216",1.14999997615814,1.16999995708466
"3301303002930066217",1.14999997615814,1.16999995708466
"3301303002930066218",1.14999997615814,1.16999995708466
"3301303002930066219",1.14999997615814,1.16999995708466
"3301303002930066220",1.14999997615814,1.16999995708466
"3301303002930081101",1.14999997615814,1.16999995708466
"3301303002930081102",1.14999997615814,1.16999995708466
"3301303002930081103",1.14999997615814,1.16999995708466
"3301303002930081104",1.14999997615814,1.16999995708466
"3301303002930081105",1.14999997615814,1.16999995708466
"3301303002930081106",1.14999997615814,1.16999995708466
"3301303002930081107",1.14999997615814,1.16999995708466
"3301303002930081108",1.14999997615814,1.16999995708466
"3301303002930081109",1.14999997615814,1.16999995708466
"3301303002930081110",1.14999997615814,1.16999995708466
"3301303002930081111",1.14999997615814,1.16999995708466
"3301303002930081112",1.14999997615814,1.16999995708466
"3301303002930081113",1.14999997615814,1.16999995708466
"3301303002930081114",1.14999997615814,1.16999995708466
"3301303002930081115",1.14999997615814,1.16999995708466
"3301303002930081116",1.14999997615814,1.16999995708466
"3301303002930081117",1.14999997615814,1.16999995708466
"3301303002930081118",1.14999997615814,1.16999995708466
"3301303002930081119",1.14999997615814,1.16999995708466
"3301303002930081120",1.14999997615814,1.16999995708466
"3301303002930086101",1.14999997615814,1.16999995708466
"3301303002930086102",1.14999997615814,1.16999995708466
"3301303002930086103",1.14999997615814,1.16999995708466
"3301303002930086104",1.14999997615814,1.16999995708466
"3301303002930086105",1.14999997615814,1.16999995708466
"3301303002930086106",1.14999997615814,1.16999995708466
"3301303002930086107",1.14999997615814,1.16999995708466
"3301303002930086108",1.14999997615814,1.16999995708466
"3301303002930086109",1.14999997615814,1.16999995708466
"3301303002930086110",1.14999997615814,1.16999995708466
"3301303002930086111",1.14999997615814,1.16999995708466
"3301303002930086112",1.14999997615814,1.16999995708466
"3301303002930086113",1.14999997615814,1.16999995708466
"3301303002930086114",1.14999997615814,1.16999995708466
"3301303002930086115",1.14999997615814,1.16999995708466
"3301303002930086116",1.14999997615814,1.16999995708466
"3301303002930086117",1.14999997615814,1.16999995708466
"3301303002930086118",1.14999997615814,1.16999995708466
"3301303002930086119",1.14999997615814,1.16999995708466
"3301303002930086120",1.14999997615814,1.16999995708466
"3301303002930091101",1.14999997615814,1.16999995708466
"3301303002930091102",1.14999997615814,1.16999995708466
"3301303002930091103",1.14999997615814,1.16999995708466
"3301303002930091104",1.14999997615814,1.16999995708466
"3301303002930091105",1.14999997615814,1.16999995708466
"3301303002930091106",1.14999997615814,1.16999995708466
"3301303002930091107",1.14999997615814,1.16999995708466
"3301303002930091108",1.14999997615814,1.16999995708466
"3301303002930091109",1.14999997615814,1.16999995708466
"3301303002930091110",1.14999997615814,1.16999995708466
"3301303002930091111",1.14999997615814,1.16999995708466
"3301303002930091112",1.14999997615814,1.16999995708466
"3301303002930091113",1.14999997615814,1.16999995708466
"3301303002930091114",1.14999997615814,1.16999995708466
"3301303002930091115",1.14999997615814,1.16999995708466
"3301303002930091116",1.14999997615814,1.16999995708466
"3301303002930091117",1.14999997615814,1.16999995708466
"3301303002930091118",1.14999997615814,1.16999995708466
"3301303002930091119",1.14999997615814,1.16999995708466
"3301303002930091120",1.14999997615814,1.16999995708466
"3301303002930109101",1.14999997615814,1.16999995708466
"3301303002930109102",1.14999997615814,1.16999995708466
"3301303002930109103",1.14999997615814,1.16999995708466
"3301303002930109104",1.14999997615814,1.16999995708466
"3301303002930109105",1.14999997615814,1.16999995708466
"3301303002930109106",1.14999997615814,1.16999995708466
"3301303002930109107",1.14999997615814,1.16999995708466
"3301303002930109108",1.14999997615814,1.16999995708466
"3301303002930109109",1.14999997615814,1.16999995708466
"3301303002930109110",1.14999997615814,1.16999995708466
"3301303002930109111",1.14999997615814,1.16999995708466
"3301303002930109112",1.14999997615814,1.16999995708466
"3301303002930109113",1.14999997615814,1.16999995708466
"3301303002930109114",1.14999997615814,1.16999995708466
"3301303002930109115",1.14999997615814,1.16999995708466
"3301303002930109116",1.14999997615814,1.16999995708466
"3301303002930109117",1.14999997615814,1.16999995708466
"3301303002930109118",1.14999997615814,1.16999995708466
"3301303002930109119",1.14999997615814,1.16999995708466
"3301303002930109120",1.14999997615814,1.16999995708466
"3301303003430200101",1.14999997615814,1.16999995708466
"3301303003430200102",1.14999997615814,1.16999995708466
"3301303003430200103",1.14999997615814,1.16999995708466
"3301303003430200104",1.14999997615814,1.16999995708466
"3301303003430200105",1.14999997615814,1.16999995708466
"3301303003430200106",1.14999997615814,1.16999995708466
"3301303003430200107",1.14999997615814,1.16999995708466
"3301303003430200108",1.14999997615814,1.16999995708466
"3301303003430200109",1.14999997615814,1.16999995708466
"3301303003430200110",1.14999997615814,1.16999995708466
"3301303003430200111",1.14999997615814,1.16999995708466
"3301303003430200112",1.14999997615814,1.16999995708466
"3301303003430200113",1.14999997615814,1.16999995708466
"3301303003430200114",1.14999997615814,1.16999995708466
"3301303003430200115",1.14999997615814,1.16999995708466
"3301303003430200116",1.14999997615814,1.16999995708466
"3301303003430200117",1.14999997615814,1.16999995708466
"3301303003430200118",1.14999997615814,1.16999995708466
"3301303003430200119",1.14999997615814,1.16999995708466
"3301303003430200120",1.14999997615814,1.16999995708466
"3301303003430214101",1.14999997615814,1.16999995708466
"3301303003430214102",1.14999997615814,1.16999995708466
"3301303003430214104",1.14999997615814,1.16999995708466
"3301303003430214105",1.14999997615814,1.16999995708466
"3301303003430214106",1.14999997615814,1.16999995708466
"3301303003430214107",1.14999997615814,1.16999995708466
"3301303003430214108",1.14999997615814,1.16999995708466
"3301303003430214109",1.14999997615814,1.16999995708466
"3301303003430214110",1.14999997615814,1.16999995708466
"3301303003430214111",1.14999997615814,1.16999995708466
"3301303003430214112",1.14999997615814,1.16999995708466
"3301303003430214113",1.14999997615814,1.16999995708466
"3301303003430214114",1.14999997615814,1.16999995708466
"3301303003430214115",1.14999997615814,1.16999995708466
"3301303003430214116",1.14999997615814,1.16999995708466
"3301303003430214117",1.14999997615814,1.16999995708466
"3301303003430214118",1.14999997615814,1.16999995708466
"3301303003430214119",1.14999997615814,1.16999995708466
"3301303003430214120",1.14999997615814,1.16999995708466
"3301303003430214203",1.14999997615814,1.16999995708466
"3301303003430219101",1.14999997615814,1.16999995708466
"3301303003430219102",1.14999997615814,1.16999995708466
"3301303003430219103",1.14999997615814,1.16999995708466
"3301303003430219104",1.14999997615814,1.16999995708466
"3301303003430219105",1.14999997615814,1.16999995708466
"3301303003430219106",1.14999997615814,1.16999995708466
"3301303003430219107",1.14999997615814,1.16999995708466
"3301303003430219108",1.14999997615814,1.16999995708466
"3301303003430219109",1.14999997615814,1.16999995708466
"3301303003430219110",1.14999997615814,1.16999995708466
"3301303003430219111",1.14999997615814,1.16999995708466
"3301303003430219112",1.14999997615814,1.16999995708466
"3301303003430219113",1.14999997615814,1.16999995708466
"3301303003430219114",1.14999997615814,1.16999995708466
"3301303003430219115",1.14999997615814,1.16999995708466
"3301303003430219116",1.14999997615814,1.16999995708466
"3301303003430219117",1.14999997615814,1.16999995708466
"3301303003430219118",1.14999997615814,1.16999995708466
"3301303003430219119",1.14999997615814,1.16999995708466
"3301303003430219120",1.14999997615814,1.16999995708466
"3301303003430223101",1.14999997615814,1.16999995708466
"3301303003430223102",1.14999997615814,1.16999995708466
"3301303003430223103",1.14999997615814,1.16999995708466
"3301303003430223104",1.14999997615814,1.16999995708466
"3301303003430223105",1.14999997615814,1.16999995708466
"3301303003430223106",1.14999997615814,1.16999995708466
"3301303003430223107",1.14999997615814,1.16999995708466
"3301303003430223108",1.14999997615814,1.16999995708466
"3301303003430223109",1.14999997615814,1.16999995708466
"3301303003430223110",1.14999997615814,1.16999995708466
"3301303003430223111",1.14999997615814,1.16999995708466
"3301303003430223112",1.14999997615814,1.16999995708466
"3301303003430223113",1.14999997615814,1.16999995708466
"3301303003430223114",1.14999997615814,1.16999995708466
"3301303003430223115",1.14999997615814,1.16999995708466
"3301303003430223116",1.14999997615814,1.16999995708466
"3301303003430223117",1.14999997615814,1.16999995708466
"3301303003430223118",1.14999997615814,1.16999995708466
"3301303003430223119",1.14999997615814,1.16999995708466
"3301303003430223120",1.14999997615814,1.16999995708466
"3302313100431083101",1.14999997615814,1.08000004291534
"3302313100431083102",1.14999997615814,1.08000004291534
"3302313100431083104",1.14999997615814,1.08000004291534
"3302313100431083105",1.14999997615814,1.08000004291534
"3302313100431083106",1.14999997615814,1.08000004291534
"3302313100431083107",1.14999997615814,1.08000004291534
"3302313100431083108",1.14999997615814,1.08000004291534
"3302313100431083109",1.14999997615814,1.08000004291534
"3302313100431083110",1.14999997615814,1.08000004291534
"3302313100431083111",1.14999997615814,1.08000004291534
"3302313100431083112",1.14999997615814,1.08000004291534
"3302313100431083113",1.14999997615814,1.08000004291534
"3302313100431083114",1.14999997615814,1.08000004291534
"3302313100431083115",1.14999997615814,1.08000004291534
"3302313100431083116",1.14999997615814,1.08000004291534
"3302313100431083117",1.14999997615814,1.08000004291534
"3302313100431083118",1.14999997615814,1.08000004291534
"3302313100431083119",1.14999997615814,1.08000004291534
"3302313100431083120",1.14999997615814,1.08000004291534
"3302313100431083203",1.14999997615814,1.08000004291534
"3302313101331074103",1.14999997615814,1.08000004291534
"3302313101331074201",1.14999997615814,1.08000004291534
"3302313101331074202",1.14999997615814,1.08000004291534
"3302313101331074204",1.14999997615814,1.08000004291534
"3302313101331074205",1.14999997615814,1.08000004291534
"3302313101331074206",1.14999997615814,1.08000004291534
"3302313101331074207",1.14999997615814,1.08000004291534
"3302313101331074208",1.14999997615814,1.08000004291534
"3302313101331074209",1.14999997615814,1.08000004291534
"3302313101331074210",1.14999997615814,1.08000004291534
"3302313101331074211",1.14999997615814,1.08000004291534
"3302313101331074212",1.14999997615814,1.08000004291534
"3302313101331074213",1.14999997615814,1.08000004291534
"3302313101331074214",1.14999997615814,1.08000004291534
"3302313101331074215",1.14999997615814,1.08000004291534
"3302313101331074216",1.14999997615814,1.08000004291534
"3302313101331074217",1.14999997615814,1.08000004291534
"3302313101331074218",1.14999997615814,1.08000004291534
"3302313101331074219",1.14999997615814,1.08000004291534
"3302313101331074220",1.14999997615814,1.08000004291534
"3302313101831017101",1.14999997615814,1.08000004291534
"3302313101831017102",1.14999997615814,1.08000004291534
"3302313101831017103",1.14999997615814,1.08000004291534
"3302313101831017104",1.14999997615814,1.08000004291534
"3302313101831017105",1.14999997615814,1.08000004291534
"3302313101831017106",1.14999997615814,1.08000004291534
"3302313101831017107",1.14999997615814,1.08000004291534
"3302313101831017108",1.14999997615814,1.08000004291534
"3302313101831017109",1.14999997615814,1.08000004291534
"3302313101831017110",1.14999997615814,1.08000004291534
"3302313101831017111",1.14999997615814,1.08000004291534
"3302313101831017112",1.14999997615814,1.08000004291534
"3302313101831017113",1.14999997615814,1.08000004291534
"3302313101831017114",1.14999997615814,1.08000004291534
"3302313101831017115",1.14999997615814,1.08000004291534
"3302313101831017116",1.14999997615814,1.08000004291534
"3302313101831017117",1.14999997615814,1.08000004291534
"3302313101831017118",1.14999997615814,1.08000004291534
"3302313101831017119",1.14999997615814,1.08000004291534
"3302313101831017120",1.14999997615814,1.08000004291534
"3302313101931060201",1.14999997615814,1.08000004291534
"3302313101931060202",1.14999997615814,1.08000004291534
"3302313101931060203",1.14999997615814,1.08000004291534
"3302313101931060204",1.14999997615814,1.08000004291534
"3302313101931060205",1.14999997615814,1.08000004291534
"3302313101931060206",1.14999997615814,1.08000004291534
"3302313101931060207",1.14999997615814,1.08000004291534
"3302313101931060208",1.14999997615814,1.08000004291534
"3302313101931060209",1.14999997615814,1.08000004291534
"3302313101931060210",1.14999997615814,1.08000004291534
"3302313101931060211",1.14999997615814,1.08000004291534
"3302313101931060212",1.14999997615814,1.08000004291534
"3302313101931060213",1.14999997615814,1.08000004291534
"3302313101931060214",1.14999997615814,1.08000004291534
"3302313101931060215",1.14999997615814,1.08000004291534
"3302313101931060216",1.14999997615814,1.08000004291534
"3302313101931060217",1.14999997615814,1.08000004291534
"3302313101931060218",1.14999997615814,1.08000004291534
"3302313101931060219",1.14999997615814,1.08000004291534
"3302313101931060220",1.14999997615814,1.08000004291534
"3302313102831079201",1.14999997615814,1.08000004291534
"3302313102831079202",1.14999997615814,1.08000004291534
"3302313102831079203",1.14999997615814,1.08000004291534
"3302313102831079204",1.14999997615814,1.08000004291534
"3302313102831079206",1.14999997615814,1.08000004291534
"3302313102831079207",1.14999997615814,1.08000004291534
"3302313102831079208",1.14999997615814,1.08000004291534
"3302313102831079209",1.14999997615814,1.08000004291534
"3302313102831079210",1.14999997615814,1.08000004291534
"3302313102831079211",1.14999997615814,1.08000004291534
"3302313102831079212",1.14999997615814,1.08000004291534
"3302313102831079213",1.14999997615814,1.08000004291534
"3302313102831079214",1.14999997615814,1.08000004291534
"3302313102831079215",1.14999997615814,1.08000004291534
"3302313102831079216",1.14999997615814,1.08000004291534
"3302313102831079217",1.14999997615814,1.08000004291534
"3302313102831079218",1.14999997615814,1.08000004291534
"3302313102831079219",1.14999997615814,1.08000004291534
"3302313102831079220",1.14999997615814,1.08000004291534
"3302313103131100201",1.14999997615814,1.08000004291534
"3302313103131100202",1.14999997615814,1.08000004291534
"3302313103131100203",1.14999997615814,1.08000004291534
"3302313103131100204",1.14999997615814,1.08000004291534
"3302313103131100205",1.14999997615814,1.08000004291534
"3302313103131100206",1.14999997615814,1.08000004291534
"3302313103131100207",1.14999997615814,1.08000004291534
"3302313103131100208",1.14999997615814,1.08000004291534
"3302313103131100209",1.14999997615814,1.08000004291534
"3302313103131100210",1.14999997615814,1.08000004291534
"3302313103131100211",1.14999997615814,1.08000004291534
"3302313103131100212",1.14999997615814,1.08000004291534
"3302313103131100213",1.14999997615814,1.08000004291534
"3302313103131100214",1.14999997615814,1.08000004291534
"3302313103131100215",1.14999997615814,1.08000004291534
"3302313103131100216",1.14999997615814,1.08000004291534
"3302313103131100217",1.14999997615814,1.08000004291534
"3302313103131100218",1.14999997615814,1.08000004291534
"3302313103131100219",1.14999997615814,1.08000004291534
"3302313103131100220",1.14999997615814,1.08000004291534
"3302313104531040102",1.14999997615814,1.08000004291534
"3302313104531040103",1.14999997615814,1.08000004291534
"3302313104531040105",1.14999997615814,1.08000004291534
"3302313104531040106",1.14999997615814,1.08000004291534
"3302313104531040108",1.14999997615814,1.08000004291534
"3302313104531040109",1.14999997615814,1.08000004291534
"3302313104531040111",1.14999997615814,1.08000004291534
"3302313104531040113",1.14999997615814,1.08000004291534
"3302313104531040114",1.14999997615814,1.08000004291534
"3302313104531040115",1.14999997615814,1.08000004291534
"3302313104531040119",1.14999997615814,1.08000004291534
"3302313104531040120",1.14999997615814,1.08000004291534
"3302313104531040201",1.14999997615814,1.08000004291534
"3302313104531040204",1.14999997615814,1.08000004291534
"3302313104531040207",1.14999997615814,1.08000004291534
"3302313104531040210",1.14999997615814,1.08000004291534
"3302313104531040212",1.14999997615814,1.08000004291534
"3302313104531040216",1.14999997615814,1.08000004291534
"3302313104531040217",1.14999997615814,1.08000004291534
"3302313104531040218",1.14999997615814,1.08000004291534
"3302313104631031111",1.14999997615814,1.08000004291534
"3302313104631031201",1.14999997615814,1.08000004291534
"3302313104631031202",1.14999997615814,1.08000004291534
"3302313104631031203",1.14999997615814,1.08000004291534
"3302313104631031204",1.14999997615814,1.08000004291534
"3302313104631031205",1.14999997615814,1.08000004291534
"3302313104631031206",1.14999997615814,1.08000004291534
"3302313104631031207",1.14999997615814,1.08000004291534
"3302313104631031208",1.14999997615814,1.08000004291534
"3302313104631031209",1.14999997615814,1.08000004291534
"3302313104631031210",1.14999997615814,1.08000004291534
"3302313104631031212",1.14999997615814,1.08000004291534
"3302313104631031213",1.14999997615814,1.08000004291534
"3302313104631031214",1.14999997615814,1.08000004291534
"3302313104631031215",1.14999997615814,1.08000004291534
"3302313104631031216",1.14999997615814,1.08000004291534
"3302313104631031217",1.14999997615814,1.08000004291534
"3302313104631031218",1.14999997615814,1.08000004291534
"3302313104631031219",1.14999997615814,1.08000004291534
"3302313104631031220",1.14999997615814,1.08000004291534
"3302313104631034201",1.14999997615814,1.08000004291534
"3302313104631034202",1.14999997615814,1.08000004291534
"3302313104631034203",1.14999997615814,1.08000004291534
"3302313104631034204",1.14999997615814,1.08000004291534
"3302313104631034205",1.14999997615814,1.08000004291534
"3302313104631034206",1.14999997615814,1.08000004291534
"3302313104631034207",1.14999997615814,1.08000004291534
"3302313104631034208",1.14999997615814,1.08000004291534
"3302313104631034209",1.14999997615814,1.08000004291534
"3302313104631034210",1.14999997615814,1.08000004291534
"3302313104631034211",1.14999997615814,1.08000004291534
"3302313104631034212",1.14999997615814,1.08000004291534
"3302313104631034213",1.14999997615814,1.08000004291534
"3302313104631034214",1.14999997615814,1.08000004291534
"3302313104631034215",1.14999997615814,1.08000004291534
"3302313104631034216",1.14999997615814,1.08000004291534
"3302313104631034217",1.14999997615814,1.08000004291534
"3302313104631034218",1.14999997615814,1.08000004291534
"3302313104631034219",1.14999997615814,1.08000004291534
"3302313104631034220",1.14999997615814,1.08000004291534
"3302323000130257111",1.14999997615814,1.08000004291534
"3302323000732063111",1.14999997615814,1.08000004291534
"3302323102831079205",1.14999997615814,1.08000004291534
"3302323200732052101",1.14999997615814,1.08000004291534
"3302323200732052102",1.14999997615814,1.08000004291534
"3302323200732052103",1.14999997615814,1.08000004291534
"3302323200732052104",1.14999997615814,1.08000004291534
"3302323200732052105",1.14999997615814,1.08000004291534
"3302323200732052106",1.14999997615814,1.08000004291534
"3302323200732052107",1.14999997615814,1.08000004291534
"3302323200732052108",1.14999997615814,1.08000004291534
"3302323200732052109",1.14999997615814,1.08000004291534
"3302323200732052110",1.14999997615814,1.08000004291534
"3302323200732052111",1.14999997615814,1.08000004291534
"3302323200732052112",1.14999997615814,1.08000004291534
"3302323200732052113",1.14999997615814,1.08000004291534
"3302323200732052114",1.14999997615814,1.08000004291534
"3302323200732052115",1.14999997615814,1.08000004291534
"3302323200732052116",1.14999997615814,1.08000004291534
"3302323200732052117",1.14999997615814,1.08000004291534
"3302323200732052118",1.14999997615814,1.08000004291534
"3302323200732052119",1.14999997615814,1.08000004291534
"3302323200732052120",1.14999997615814,1.08000004291534
"3302323200732055101",1.14999997615814,1.08000004291534
"3302323200732055102",1.14999997615814,1.08000004291534
"3302323200732055103",1.14999997615814,1.08000004291534
"3302323200732055104",1.14999997615814,1.08000004291534
"3302323200732055105",1.14999997615814,1.08000004291534
"3302323200732055106",1.14999997615814,1.08000004291534
"3302323200732055107",1.14999997615814,1.08000004291534
"3302323200732055108",1.14999997615814,1.08000004291534
"3302323200732055109",1.14999997615814,1.08000004291534
"3302323200732055110",1.14999997615814,1.08000004291534
"3302323200732055111",1.14999997615814,1.08000004291534
"3302323200732055112",1.14999997615814,1.08000004291534
"3302323200732055113",1.14999997615814,1.08000004291534
"3302323200732055114",1.14999997615814,1.08000004291534
"3302323200732055115",1.14999997615814,1.08000004291534
"3302323200732055116",1.14999997615814,1.08000004291534
"3302323200732055117",1.14999997615814,1.08000004291534
"3302323200732055118",1.14999997615814,1.08000004291534
"3302323200732055119",1.14999997615814,1.08000004291534
"3302323200732055120",1.14999997615814,1.08000004291534
"3302323200732063102",1.14999997615814,1.08000004291534
"3302323200732063103",1.14999997615814,1.08000004291534
"3302323200732063104",1.14999997615814,1.08000004291534
"3302323200732063105",1.14999997615814,1.08000004291534
"3302323200732063107",1.14999997615814,1.08000004291534
"3302323200732063108",1.14999997615814,1.08000004291534
"3302323200732063109",1.14999997615814,1.08000004291534
"3302323200732063110",1.14999997615814,1.08000004291534
"3302323200732063112",1.14999997615814,1.08000004291534
"3302323200732063113",1.14999997615814,1.08000004291534
"3302323200732063114",1.14999997615814,1.08000004291534
"3302323200732063115",1.14999997615814,1.08000004291534
"3302323200732063116",1.14999997615814,1.08000004291534
"3302323200732063117",1.14999997615814,1.08000004291534
"3302323200732063118",1.14999997615814,1.08000004291534
"3302323200732063119",1.14999997615814,1.08000004291534
"3302323200732063120",1.14999997615814,1.08000004291534
"3302323200732063201",1.14999997615814,1.08000004291534
"3302323200732063206",1.14999997615814,1.08000004291534
"3302323200732066101",1.14999997615814,1.08000004291534
"3302323200732066102",1.14999997615814,1.08000004291534
"3302323200732066103",1.14999997615814,1.08000004291534
"3302323200732066104",1.14999997615814,1.08000004291534
"3302323200732066105",1.14999997615814,1.08000004291534
"3302323200732066106",1.14999997615814,1.08000004291534
"3302323200732066107",1.14999997615814,1.08000004291534
"3302323200732066108",1.14999997615814,1.08000004291534
"3302323200732066109",1.14999997615814,1.08000004291534
"3302323200732066110",1.14999997615814,1.08000004291534
"3302323200732066111",1.14999997615814,1.08000004291534
"3302323200732066112",1.14999997615814,1.08000004291534
"3302323200732066113",1.14999997615814,1.08000004291534
"3302323200732066114",1.14999997615814,1.08000004291534
"3302323200732066115",1.14999997615814,1.08000004291534
"3302323200732066116",1.14999997615814,1.08000004291534
"3302323200732066117",1.14999997615814,1.08000004291534
"3302323200732066118",1.14999997615814,1.08000004291534
"3302323200732066119",1.14999997615814,1.08000004291534
"3302323200732066120",1.14999997615814,1.08000004291534
"3302323200732086101",1.14999997615814,1.08000004291534
"3302323200732086102",1.14999997615814,1.08000004291534
"3302323200732086103",1.14999997615814,1.08000004291534
"3302323200732086104",1.14999997615814,1.08000004291534
"3302323200732086105",1.14999997615814,1.08000004291534
"3302323200732086106",1.14999997615814,1.08000004291534
"3302323200732086107",1.14999997615814,1.08000004291534
"3302323200732086108",1.14999997615814,1.08000004291534
"3302323200732086109",1.14999997615814,1.08000004291534
"3302323200732086110",1.14999997615814,1.08000004291534
"3302323200732086111",1.14999997615814,1.08000004291534
"3302323200732086112",1.14999997615814,1.08000004291534
"3302323200732086113",1.14999997615814,1.08000004291534
"3302323200732086114",1.14999997615814,1.08000004291534
"3302323200732086115",1.14999997615814,1.08000004291534
"3302323200732086116",1.14999997615814,1.08000004291534
"3302323200732086117",1.14999997615814,1.08000004291534
"3302323200732086118",1.14999997615814,1.08000004291534
"3302323200732086119",1.14999997615814,1.08000004291534
"3302323200732086120",1.14999997615814,1.08000004291534
"3302323200732089101",1.14999997615814,1.08000004291534
"3302323200732089102",1.14999997615814,1.08000004291534
"3302323200732089103",1.14999997615814,1.08000004291534
"3302323200732089104",1.14999997615814,1.08000004291534
"3302323200732089105",1.14999997615814,1.08000004291534
"3302323200732089106",1.14999997615814,1.08000004291534
"3302323200732089107",1.14999997615814,1.08000004291534
"3302323200732089108",1.14999997615814,1.08000004291534
"3302323200732089109",1.14999997615814,1.08000004291534
"3302323200732089110",1.14999997615814,1.08000004291534
"3302323200732089111",1.14999997615814,1.08000004291534
"3302323200732089112",1.14999997615814,1.08000004291534
"3302323200732089113",1.14999997615814,1.08000004291534
"3302323200732089114",1.14999997615814,1.08000004291534
"3302323200732089115",1.14999997615814,1.08000004291534
"3302323200732089116",1.14999997615814,1.08000004291534
"3302323200732089117",1.14999997615814,1.08000004291534
"3302323200732089118",1.14999997615814,1.08000004291534
"3302323200732089119",1.14999997615814,1.08000004291534
"3302323200732089120",1.14999997615814,1.08000004291534
"3302323200732099101",1.14999997615814,1.08000004291534
"3302323200732099102",1.14999997615814,1.08000004291534
"3302323200732099103",1.14999997615814,1.08000004291534
"3302323200732099104",1.14999997615814,1.08000004291534
"3302323200732099105",1.14999997615814,1.08000004291534
"3302323200732099106",1.14999997615814,1.08000004291534
"3302323200732099107",1.14999997615814,1.08000004291534
"3302323200732099108",1.14999997615814,1.08000004291534
"3302323200732099109",1.14999997615814,1.08000004291534
"3302323200732099110",1.14999997615814,1.08000004291534
"3302323200732099111",1.14999997615814,1.08000004291534
"3302323200732099112",1.14999997615814,1.08000004291534
"3302323200732099113",1.14999997615814,1.08000004291534
"3302323200732099114",1.14999997615814,1.08000004291534
"3302323200732099115",1.14999997615814,1.08000004291534
"3302323200732099116",1.14999997615814,1.08000004291534
"3302323200732099117",1.14999997615814,1.08000004291534
"3302323200732099118",1.14999997615814,1.08000004291534
"3302323200732099119",1.14999997615814,1.08000004291534
"3302323200732099120",1.14999997615814,1.08000004291534
"3302323200732102101",1.14999997615814,1.08000004291534
"3302323200732102102",1.14999997615814,1.08000004291534
"3302323200732102103",1.14999997615814,1.08000004291534
"3302323200732102104",1.14999997615814,1.08000004291534
"3302323200732102105",1.14999997615814,1.08000004291534
"3302323200732102106",1.14999997615814,1.08000004291534
"3302323200732102107",1.14999997615814,1.08000004291534
"3302323200732102108",1.14999997615814,1.08000004291534
"3302323200732102109",1.14999997615814,1.08000004291534
"3302323200732102110",1.14999997615814,1.08000004291534
"3302323200732102111",1.14999997615814,1.08000004291534
"3302323200732102112",1.14999997615814,1.08000004291534
"3302323200732102113",1.14999997615814,1.08000004291534
"3302323200732102114",1.14999997615814,1.08000004291534
"3302323200732102115",1.14999997615814,1.08000004291534
"3302323200732102116",1.14999997615814,1.08000004291534
"3302323200732102117",1.14999997615814,1.08000004291534
"3302323200732102118",1.14999997615814,1.08000004291534
"3302323200732102119",1.14999997615814,1.08000004291534
"3302323200732102120",1.14999997615814,1.08000004291534
"3302323200732121101",1.14999997615814,1.08000004291534
"3302323200732121103",1.14999997615814,1.08000004291534
"3302323200732121104",1.14999997615814,1.08000004291534
"3302323200732121105",1.14999997615814,1.08000004291534
"3302323200732121106",1.14999997615814,1.08000004291534
"3302323200732121107",1.14999997615814,1.08000004291534
"3302323200732121108",1.14999997615814,1.08000004291534
"3302323200732121109",1.14999997615814,1.08000004291534
"3302323200732121110",1.14999997615814,1.08000004291534
"3302323200732121111",1.14999997615814,1.08000004291534
"3302323200732121112",1.14999997615814,1.08000004291534
"3302323200732121113",1.14999997615814,1.08000004291534
"3302323200732121114",1.14999997615814,1.08000004291534
"3302323200732121115",1.14999997615814,1.08000004291534
"3302323200732121116",1.14999997615814,1.08000004291534
"3302323200732121117",1.14999997615814,1.08000004291534
"3302323200732121118",1.14999997615814,1.08000004291534
"3302323200732121119",1.14999997615814,1.08000004291534
"3302323200732121120",1.14999997615814,1.08000004291534
"3302323200732124101",1.14999997615814,1.08000004291534
"3302323200732124102",1.14999997615814,1.08000004291534
"3302323200732124103",1.14999997615814,1.08000004291534
"3302323200732124104",1.14999997615814,1.08000004291534
"3302323200732124105",1.14999997615814,1.08000004291534
"3302323200732124106",1.14999997615814,1.08000004291534
"3302323200732124107",1.14999997615814,1.08000004291534
"3302323200732124108",1.14999997615814,1.08000004291534
"3302323200732124109",1.14999997615814,1.08000004291534
"3302323200732124110",1.14999997615814,1.08000004291534
"3302323200732124111",1.14999997615814,1.08000004291534
"3302323200732124112",1.14999997615814,1.08000004291534
"3302323200732124113",1.14999997615814,1.08000004291534
"3302323200732124114",1.14999997615814,1.08000004291534
"3302323200732124115",1.14999997615814,1.08000004291534
"3302323200732124116",1.14999997615814,1.08000004291534
"3302323200732124117",1.14999997615814,1.08000004291534
"3302323200732124118",1.14999997615814,1.08000004291534
"3302323200732124119",1.14999997615814,1.08000004291534
"3302323200732124120",1.14999997615814,1.08000004291534
"3302323200732132101",1.14999997615814,1.08000004291534
"3302323200732132102",1.14999997615814,1.08000004291534
"3302323200732132103",1.14999997615814,1.08000004291534
"3302323200732132104",1.14999997615814,1.08000004291534
"3302323200732132105",1.14999997615814,1.08000004291534
"3302323200732132106",1.14999997615814,1.08000004291534
"3302323200732132107",1.14999997615814,1.08000004291534
"3302323200732132108",1.14999997615814,1.08000004291534
"3302323200732132109",1.14999997615814,1.08000004291534
"3302323200732132111",1.14999997615814,1.08000004291534
"3302323200732132112",1.14999997615814,1.08000004291534
"3302323200732132113",1.14999997615814,1.08000004291534
"3302323200732132114",1.14999997615814,1.08000004291534
"3302323200732132115",1.14999997615814,1.08000004291534
"3302323200732132116",1.14999997615814,1.08000004291534
"3302323200732132117",1.14999997615814,1.08000004291534
"3302323200732132118",1.14999997615814,1.08000004291534
"3302323200732132119",1.14999997615814,1.08000004291534
"3302323200732132120",1.14999997615814,1.08000004291534
"3302323200732132210",1.14999997615814,1.08000004291534
"3302323200732136101",1.14999997615814,1.08000004291534
"3302323200732136102",1.14999997615814,1.08000004291534
"3302323200732136103",1.14999997615814,1.08000004291534
"3302323200732136104",1.14999997615814,1.08000004291534
"3302323200732136105",1.14999997615814,1.08000004291534
"3302323200732136106",1.14999997615814,1.08000004291534
"3302323200732136107",1.14999997615814,1.08000004291534
"3302323200732136108",1.14999997615814,1.08000004291534
"3302323200732136109",1.14999997615814,1.08000004291534
"3302323200732136110",1.14999997615814,1.08000004291534
"3302323200732136111",1.14999997615814,1.08000004291534
"3302323200732136112",1.14999997615814,1.08000004291534
"3302323200732136113",1.14999997615814,1.08000004291534
"3302323200732136114",1.14999997615814,1.08000004291534
"3302323200732136115",1.14999997615814,1.08000004291534
"3302323200732136116",1.14999997615814,1.08000004291534
"3302323200732136117",1.14999997615814,1.08000004291534
"3302323200732136118",1.14999997615814,1.08000004291534
"3302323200732136119",1.14999997615814,1.08000004291534
"3302323200732136120",1.14999997615814,1.08000004291534
"3302323202432144201",1.14999997615814,1.08000004291534
"3302323202432144202",1.14999997615814,1.08000004291534
"3302323202432144203",1.14999997615814,1.08000004291534
"3302323202432144204",1.14999997615814,1.08000004291534
"3302323202432144205",1.14999997615814,1.08000004291534
"3302323202432144206",1.14999997615814,1.08000004291534
"3302323202432144207",1.14999997615814,1.08000004291534
"3302323202432144208",1.14999997615814,1.08000004291534
"3302323202432144209",1.14999997615814,1.08000004291534
"3302323202432144210",1.14999997615814,1.08000004291534
"3302323202432144211",1.14999997615814,1.08000004291534
"3302323202432144212",1.14999997615814,1.08000004291534
"3302323202432144213",1.14999997615814,1.08000004291534
"3302323202432144214",1.14999997615814,1.08000004291534
"3302323202432144215",1.14999997615814,1.08000004291534
"3302323202432144216",1.14999997615814,1.08000004291534
"3302323202432144217",1.14999997615814,1.08000004291534
"3302323202432144218",1.14999997615814,1.08000004291534
"3302323202432144219",1.14999997615814,1.08000004291534
"3302323202432144220",1.14999997615814,1.08000004291534
"3302323203032010102",1.14999997615814,1.08000004291534
"3302323203032010201",1.14999997615814,1.08000004291534
"3302323203032010203",1.14999997615814,1.08000004291534
"3302323203032010204",1.14999997615814,1.08000004291534
"3302323203032010205",1.14999997615814,1.08000004291534
"3302323203032010206",1.14999997615814,1.08000004291534
"3302323203032010207",1.14999997615814,1.08000004291534
"3302323203032010208",1.14999997615814,1.08000004291534
"3302323203032010209",1.14999997615814,1.08000004291534
"3302323203032010210",1.14999997615814,1.08000004291534
"3302323203032010211",1.14999997615814,1.08000004291534
"3302323203032010212",1.14999997615814,1.08000004291534
"3302323203032010213",1.14999997615814,1.08000004291534
"3302323203032010214",1.14999997615814,1.08000004291534
"3302323203032010215",1.14999997615814,1.08000004291534
"3302323203032010216",1.14999997615814,1.08000004291534
"3302323203032010217",1.14999997615814,1.08000004291534
"3302323203032010218",1.14999997615814,1.08000004291534
"3302323203032010219",1.14999997615814,1.08000004291534
"3302323203032010220",1.14999997615814,1.08000004291534
"3302323203232017201",1.14999997615814,1.08000004291534
"3302323203232017202",1.14999997615814,1.08000004291534
"3302323203232017203",1.14999997615814,1.08000004291534
"3302323203232017204",1.14999997615814,1.08000004291534
"3302323203232017205",1.14999997615814,1.08000004291534
"3302323203232017206",1.14999997615814,1.08000004291534
"3302323203232017207",1.14999997615814,1.08000004291534
"3302323203232017208",1.14999997615814,1.08000004291534
"3302323203232017209",1.14999997615814,1.08000004291534
"3302323203232017210",1.14999997615814,1.08000004291534
"3302323203232017211",1.14999997615814,1.08000004291534
"3302323203232017212",1.14999997615814,1.08000004291534
"3302323203232017213",1.14999997615814,1.08000004291534
"3302323203232017214",1.14999997615814,1.08000004291534
"3302323203232017215",1.14999997615814,1.08000004291534
"3302323203232017216",1.14999997615814,1.08000004291534
"3302323203232017217",1.14999997615814,1.08000004291534
"3302323203232017218",1.14999997615814,1.08000004291534
"3302323203232017219",1.14999997615814,1.08000004291534
"3302323203232017220",1.14999997615814,1.08000004291534
"3302323204232024201",1.14999997615814,1.08000004291534
"3302323204232024202",1.14999997615814,1.08000004291534
"3302323204232024203",1.14999997615814,1.08000004291534
"3302323204232024204",1.14999997615814,1.08000004291534
"3302323204232024205",1.14999997615814,1.08000004291534
"3302323204232024206",1.14999997615814,1.08000004291534
"3302323204232024207",1.14999997615814,1.08000004291534
"3302323204232024208",1.14999997615814,1.08000004291534
"3302323204232024209",1.14999997615814,1.08000004291534
"3302323204232024210",1.14999997615814,1.08000004291534
"3302323204232024211",1.14999997615814,1.08000004291534
"3302323204232024212",1.14999997615814,1.08000004291534
"3302323204232024213",1.14999997615814,1.08000004291534
"3302323204232024214",1.14999997615814,1.08000004291534
"3302323204232024215",1.14999997615814,1.08000004291534
"3302323204232024216",1.14999997615814,1.08000004291534
"3302323204232024217",1.14999997615814,1.08000004291534
"3302323204232024218",1.14999997615814,1.08000004291534
"3302323204232024219",1.14999997615814,1.08000004291534
"3302323204232024220",1.14999997615814,1.08000004291534
"3302333301733037201",1.14999997615814,1.08000004291534
"3302333301733037202",1.14999997615814,1.08000004291534
"3302333301733037203",1.14999997615814,1.08000004291534
"3302333301733037204",1.14999997615814,1.08000004291534
"3302333301733037205",1.14999997615814,1.08000004291534
"3302333301733037206",1.14999997615814,1.08000004291534
"3302333301733037207",1.14999997615814,1.08000004291534
"3302333301733037208",1.14999997615814,1.08000004291534
"3302333301733037209",1.14999997615814,1.08000004291534
"3302333301733037210",1.14999997615814,1.08000004291534
"3302333301733037211",1.14999997615814,1.08000004291534
"3302333301733037212",1.14999997615814,1.08000004291534
"3302333301733037213",1.14999997615814,1.08000004291534
"3302333301733037214",1.14999997615814,1.08000004291534
"3302333301733037215",1.14999997615814,1.08000004291534
"3302333301733037216",1.14999997615814,1.08000004291534
"3302333301733037217",1.14999997615814,1.08000004291534
"3302333301733037218",1.14999997615814,1.08000004291534
"3302333301733037219",1.14999997615814,1.08000004291534
"3302333301733037220",1.14999997615814,1.08000004291534
"3302333302133019106",1.14999997615814,1.08000004291534
"3302333302133019201",1.14999997615814,1.08000004291534
"3302333302133019202",1.14999997615814,1.08000004291534
"3302333302133019203",1.14999997615814,1.08000004291534
"3302333302133019204",1.14999997615814,1.08000004291534
"3302333302133019205",1.14999997615814,1.08000004291534
"3302333302133019207",1.14999997615814,1.08000004291534
"3302333302133019208",1.14999997615814,1.08000004291534
"3302333302133019209",1.14999997615814,1.08000004291534
"3302333302133019210",1.14999997615814,1.08000004291534
"3302333302133019211",1.14999997615814,1.08000004291534
"3302333302133019212",1.14999997615814,1.08000004291534
"3302333302133019213",1.14999997615814,1.08000004291534
"3302333302133019214",1.14999997615814,1.08000004291534
"3302333302133019215",1.14999997615814,1.08000004291534
"3302333302133019216",1.14999997615814,1.08000004291534
"3302333302133019217",1.14999997615814,1.08000004291534
"3302333302133019218",1.14999997615814,1.08000004291534
"3302333302133019219",1.14999997615814,1.08000004291534
"3302333302133019220",1.14999997615814,1.08000004291534
"3302333302633014201",1.14999997615814,1.08000004291534
"3302333302633014202",1.14999997615814,1.08000004291534
"3302333302633014203",1.14999997615814,1.08000004291534
"3302333302633014204",1.14999997615814,1.08000004291534
"3302333302633014205",1.14999997615814,1.08000004291534
"3302333302633014206",1.14999997615814,1.08000004291534
"3302333302633014207",1.14999997615814,1.08000004291534
"3302333302633014208",1.14999997615814,1.08000004291534
"3302333302633014209",1.14999997615814,1.08000004291534
"3302333302633014210",1.14999997615814,1.08000004291534
"3302333302633014211",1.14999997615814,1.08000004291534
"3302333302633014212",1.14999997615814,1.08000004291534
"3302333302633014213",1.14999997615814,1.08000004291534
"3302333302633014214",1.14999997615814,1.08000004291534
"3302333302633014215",1.14999997615814,1.08000004291534
"3302333302633014216",1.14999997615814,1.08000004291534
"3302333302633014217",1.14999997615814,1.08000004291534
"3302333302633014218",1.14999997615814,1.08000004291534
"3302333302633014219",1.14999997615814,1.08000004291534
"3302333302633014220",1.14999997615814,1.08000004291534
"3302333303133010201",1.14999997615814,1.08000004291534
"3302333303133010202",1.14999997615814,1.08000004291534
"3302333303133010203",1.14999997615814,1.08000004291534
"3302333303133010204",1.14999997615814,1.08000004291534
"3302333303133010205",1.14999997615814,1.08000004291534
"3302333303133010206",1.14999997615814,1.08000004291534
"3302333303133010207",1.14999997615814,1.08000004291534
"3302333303133010208",1.14999997615814,1.08000004291534
"3302333303133010209",1.14999997615814,1.08000004291534
"3302333303133010210",1.14999997615814,1.08000004291534
"3302333303133010211",1.14999997615814,1.08000004291534
"3302333303133010212",1.14999997615814,1.08000004291534
"3302333303133010213",1.14999997615814,1.08000004291534
"3302333303133010214",1.14999997615814,1.08000004291534
"3302333303133010215",1.14999997615814,1.08000004291534
"3302333303133010216",1.14999997615814,1.08000004291534
"3302333303133010217",1.14999997615814,1.08000004291534
"3302333303133010218",1.14999997615814,1.08000004291534
"3302333303133010219",1.14999997615814,1.08000004291534
"3302333303133010220",1.14999997615814,1.08000004291534
"3303343401834015201",1.14999997615814,1.23000001907349
"3303343401834015202",1.14999997615814,1.23000001907349
"3303343401834015203",1.14999997615814,1.23000001907349
"3303343401834015204",1.14999997615814,1.23000001907349
"3303343401834015205",1.14999997615814,1.23000001907349
"3303343401834015206",1.14999997615814,1.23000001907349
"3303343401834015207",1.14999997615814,1.23000001907349
"3303343401834015208",1.14999997615814,1.23000001907349
"3303343401834015209",1.14999997615814,1.23000001907349
"3303343401834015210",1.14999997615814,1.23000001907349
"3303343401834015211",1.14999997615814,1.23000001907349
"3303343401834015212",1.14999997615814,1.23000001907349
"3303343401834015213",1.14999997615814,1.23000001907349
"3303343401834015214",1.14999997615814,1.23000001907349
"3303343401834015215",1.14999997615814,1.23000001907349
"3303343401834015216",1.14999997615814,1.23000001907349
"3303343401834015217",1.14999997615814,1.23000001907349
"3303343401834015218",1.14999997615814,1.23000001907349
"3303343401834015219",1.14999997615814,1.23000001907349
"3303343401834015220",1.14999997615814,1.23000001907349
"3303343401934007201",1.14999997615814,1.23000001907349
"3303343401934007202",1.14999997615814,1.23000001907349
"3303343401934007203",1.14999997615814,1.23000001907349
"3303343401934007204",1.14999997615814,1.23000001907349
"3303343401934007205",1.14999997615814,1.23000001907349
"3303343401934007206",1.14999997615814,1.23000001907349
"3303343401934007207",1.14999997615814,1.23000001907349
"3303343401934007208",1.14999997615814,1.23000001907349
"3303343401934007209",1.14999997615814,1.23000001907349
"3303343401934007210",1.14999997615814,1.23000001907349
"3303343401934007211",1.14999997615814,1.23000001907349
"3303343401934007212",1.14999997615814,1.23000001907349
"3303343401934007213",1.14999997615814,1.23000001907349
"3303343401934007214",1.14999997615814,1.23000001907349
"3303343401934007215",1.14999997615814,1.23000001907349
"3303343401934007216",1.14999997615814,1.23000001907349
"3303343401934007217",1.14999997615814,1.23000001907349
"3303343401934007218",1.14999997615814,1.23000001907349
"3303343401934007219",1.14999997615814,1.23000001907349
"3303343401934007220",1.14999997615814,1.23000001907349
"3303343402134011201",1.14999997615814,1.23000001907349
"3303343402134011202",1.14999997615814,1.23000001907349
"3303343402134011203",1.14999997615814,1.23000001907349
"3303343402134011204",1.14999997615814,1.23000001907349
"3303343402134011205",1.14999997615814,1.23000001907349
"3303343402134011206",1.14999997615814,1.23000001907349
"3303343402134011207",1.14999997615814,1.23000001907349
"3303343402134011208",1.14999997615814,1.23000001907349
"3303343402134011209",1.14999997615814,1.23000001907349
"3303343402134011210",1.14999997615814,1.23000001907349
"3303343402134011211",1.14999997615814,1.23000001907349
"3303343402134011212",1.14999997615814,1.23000001907349
"3303343402134011213",1.14999997615814,1.23000001907349
"3303343402134011214",1.14999997615814,1.23000001907349
"3303343402134011215",1.14999997615814,1.23000001907349
"3303343402134011216",1.14999997615814,1.23000001907349
"3303343402134011217",1.14999997615814,1.23000001907349
"3303343402134011218",1.14999997615814,1.23000001907349
"3303343402134011219",1.14999997615814,1.23000001907349
"3303343402134011220",1.14999997615814,1.23000001907349
"3303353500435015211",1.14999997615814,1.23000001907349
"3303353500435015212",1.14999997615814,1.23000001907349
"3303353500735015219",1.14999997615814,1.23000001907349
"3303353500735015220",1.14999997615814,1.23000001907349
"3303353501535015205",1.14999997615814,1.23000001907349
"3303353501535015206",1.14999997615814,1.23000001907349
"3303353501535015207",1.14999997615814,1.23000001907349
"3303353501535015208",1.14999997615814,1.23000001907349
"3303353501635015203",1.14999997615814,1.23000001907349
"3303353501635015204",1.14999997615814,1.23000001907349
"3303353501835015201",1.14999997615814,1.23000001907349
"3303353501835015202",1.14999997615814,1.23000001907349
"3303353502635015213",1.14999997615814,1.23000001907349
"3303353502635015214",1.14999997615814,1.23000001907349
"3303353502735015209",1.14999997615814,1.23000001907349
"3303353502735015210",1.14999997615814,1.23000001907349
"3303353503735015215",1.14999997615814,1.23000001907349
"3303353503735015216",1.14999997615814,1.23000001907349
"3303353503735015217",1.14999997615814,1.23000001907349
"3303353503735015218",1.14999997615814,1.23000001907349
"3303363600436017219",1.14999997615814,1.23000001907349
"3303363600536017201",1.14999997615814,1.23000001907349
"3303363600536017202",1.14999997615814,1.23000001907349
"3303363600536017203",1.14999997615814,1.23000001907349
"3303363600536017204",1.14999997615814,1.23000001907349
"3303363600836017211",1.14999997615814,1.23000001907349
"3303363600836017212",1.14999997615814,1.23000001907349
"3303363601036017220",1.14999997615814,1.23000001907349
"3303363602436017218",1.14999997615814,1.23000001907349
"3303363602536017216",1.14999997615814,1.23000001907349
"3303363602536017217",1.14999997615814,1.23000001907349
"3303363602736017210",1.14999997615814,1.23000001907349
"3303363602836012201",1.14999997615814,1.23000001907349
"3303363602836012202",1.14999997615814,1.23000001907349
"3303363602836012203",1.14999997615814,1.23000001907349
"3303363602836012204",1.14999997615814,1.23000001907349
"3303363602836012205",1.14999997615814,1.23000001907349
"3303363602836012206",1.14999997615814,1.23000001907349
"3303363602836012207",1.14999997615814,1.23000001907349
"3303363602836012208",1.14999997615814,1.23000001907349
"3303363602836012209",1.14999997615814,1.23000001907349
"3303363602836012210",1.14999997615814,1.23000001907349
"3303363602836012211",1.14999997615814,1.23000001907349
"3303363602836012212",1.14999997615814,1.23000001907349
"3303363602836012213",1.14999997615814,1.23000001907349
"3303363602836012214",1.14999997615814,1.23000001907349
"3303363602836012215",1.14999997615814,1.23000001907349
"3303363602836012216",1.14999997615814,1.23000001907349
"3303363602836012217",1.14999997615814,1.23000001907349
"3303363602836012218",1.14999997615814,1.23000001907349
"3303363602836012219",1.14999997615814,1.23000001907349
"3303363602836012220",1.14999997615814,1.23000001907349
"3303363602936007201",1.14999997615814,1.23000001907349
"3303363602936007202",1.14999997615814,1.23000001907349
"3303363602936007203",1.14999997615814,1.23000001907349
"3303363602936007204",1.14999997615814,1.23000001907349
"3303363602936007205",1.14999997615814,1.23000001907349
"3303363602936007206",1.14999997615814,1.23000001907349
"3303363602936007207",1.14999997615814,1.23000001907349
"3303363602936007208",1.14999997615814,1.23000001907349
"3303363602936007209",1.14999997615814,1.23000001907349
"3303363602936007210",1.14999997615814,1.23000001907349
"3303363602936007211",1.14999997615814,1.23000001907349
"3303363602936007212",1.14999997615814,1.23000001907349
"3303363602936007213",1.14999997615814,1.23000001907349
"3303363602936007214",1.14999997615814,1.23000001907349
"3303363602936007215",1.14999997615814,1.23000001907349
"3303363602936007216",1.14999997615814,1.23000001907349
"3303363602936007217",1.14999997615814,1.23000001907349
"3303363602936007218",1.14999997615814,1.23000001907349
"3303363602936007219",1.14999997615814,1.23000001907349
"3303363602936007220",1.14999997615814,1.23000001907349
"3303363603036017213",1.14999997615814,1.23000001907349
"3303363603536017214",1.14999997615814,1.23000001907349
"3303363603536017215",1.14999997615814,1.23000001907349
"3303363603836017205",1.14999997615814,1.23000001907349
"3303363603836017206",1.14999997615814,1.23000001907349
"3303363603836017207",1.14999997615814,1.23000001907349
"3303363603936017208",1.14999997615814,1.23000001907349
"3303363603936017209",1.14999997615814,1.23000001907349
"3303383800238008201",1.14999997615814,1.23000001907349
"3303383800238008202",1.14999997615814,1.23000001907349
"3303383800238008203",1.14999997615814,1.23000001907349
"3303383800238008204",1.14999997615814,1.23000001907349
"3303383800238008205",1.14999997615814,1.23000001907349
"3303383800238008206",1.14999997615814,1.23000001907349
"3303383800238008207",1.14999997615814,1.23000001907349
"3303383800238008208",1.14999997615814,1.23000001907349
"3303383800238008209",1.14999997615814,1.23000001907349
"3303383800238008210",1.14999997615814,1.23000001907349
"3303383800238008211",1.14999997615814,1.23000001907349
"3303383800238008212",1.14999997615814,1.23000001907349
"3303383800238008213",1.14999997615814,1.23000001907349
"3303383800238008214",1.14999997615814,1.23000001907349
"3303383800238008215",1.14999997615814,1.23000001907349
"3303383800238008216",1.14999997615814,1.23000001907349
"3303383800238008217",1.14999997615814,1.23000001907349
"3303383800238008218",1.14999997615814,1.23000001907349
"3303383800238008219",1.14999997615814,1.23000001907349
"3303383800238008220",1.14999997615814,1.23000001907349
"4401404001740025205",1.14999997615814,1.17999994754791
"4401404001740025206",1.14999997615814,1.17999994754791
"4401404001740025207",1.14999997615814,1.17999994754791
"4401404001740025208",1.14999997615814,1.17999994754791
"4401404001740025209",1.14999997615814,1.17999994754791
"4401404001740025210",1.14999997615814,1.17999994754791
"4401404001740025211",1.14999997615814,1.17999994754791
"4401404001740025212",1.14999997615814,1.17999994754791
"4401404001740025213",1.14999997615814,1.17999994754791
"4401404001740025214",1.14999997615814,1.17999994754791
"4401404001740025215",1.14999997615814,1.17999994754791
"4401404001740025216",1.14999997615814,1.17999994754791
"4401404001740025217",1.14999997615814,1.17999994754791
"4401404001740025218",1.14999997615814,1.17999994754791
"4401404001740025219",1.14999997615814,1.17999994754791
"4401404001740025220",1.14999997615814,1.17999994754791
"4401404001940001113",1.14999997615814,1.17999994754791
"4401404001940001201",1.14999997615814,1.17999994754791
"4401404001940001202",1.14999997615814,1.17999994754791
"4401404001940001203",1.14999997615814,1.17999994754791
"4401404001940001204",1.14999997615814,1.17999994754791
"4401404001940001205",1.14999997615814,1.17999994754791
"4401404001940001206",1.14999997615814,1.17999994754791
"4401404001940001207",1.14999997615814,1.17999994754791
"4401404001940001208",1.14999997615814,1.17999994754791
"4401404001940001209",1.14999997615814,1.17999994754791
"4401404001940001210",1.14999997615814,1.17999994754791
"4401404001940001211",1.14999997615814,1.17999994754791
"4401404001940001212",1.14999997615814,1.17999994754791
"4401404001940001214",1.14999997615814,1.17999994754791
"4401404001940001215",1.14999997615814,1.17999994754791
"4401404001940001216",1.14999997615814,1.17999994754791
"4401404001940001217",1.14999997615814,1.17999994754791
"4401404001940001218",1.14999997615814,1.17999994754791
"4401404001940001219",1.14999997615814,1.17999994754791
"4401404001940001220",1.14999997615814,1.17999994754791
"4401404002640025201",1.14999997615814,1.17999994754791
"4401404002640025202",1.14999997615814,1.17999994754791
"4401404002640025203",1.14999997615814,1.17999994754791
"4401404002640025204",1.14999997615814,1.17999994754791
"4401424200542005201",1.14999997615814,1.17999994754791
"4401424200542005202",1.14999997615814,1.17999994754791
"4401424200542005203",1.14999997615814,1.17999994754791
"4401424200542005204",1.14999997615814,1.17999994754791
"4401424200542005205",1.14999997615814,1.17999994754791
"4401424200542005206",1.14999997615814,1.17999994754791
"4401424200542005207",1.14999997615814,1.17999994754791
"4401424200542005208",1.14999997615814,1.17999994754791
"4401424200542005209",1.14999997615814,1.17999994754791
"4401424200542005210",1.14999997615814,1.17999994754791
"4401424200542005211",1.14999997615814,1.17999994754791
"4401424200542005212",1.14999997615814,1.17999994754791
"4401424200542005213",1.14999997615814,1.17999994754791
"4401424200542005214",1.14999997615814,1.17999994754791
"4401424200542005215",1.14999997615814,1.17999994754791
"4401424200542005216",1.14999997615814,1.17999994754791
"4401424200542005217",1.14999997615814,1.17999994754791
"4401424200542005218",1.14999997615814,1.17999994754791
"4401424200542005219",1.14999997615814,1.17999994754791
"4401424200542005220",1.14999997615814,1.17999994754791
"4401424200942002201",1.14999997615814,1.17999994754791
"4401424200942002202",1.14999997615814,1.17999994754791
"4401424200942002203",1.14999997615814,1.17999994754791
"4401424200942002204",1.14999997615814,1.17999994754791
"4401424200942002205",1.14999997615814,1.17999994754791
"4401424200942002206",1.14999997615814,1.17999994754791
"4401424200942002207",1.14999997615814,1.17999994754791
"4401424200942002208",1.14999997615814,1.17999994754791
"4401424200942002209",1.14999997615814,1.17999994754791
"4401424200942002210",1.14999997615814,1.17999994754791
"4401424200942002211",1.14999997615814,1.17999994754791
"4401424200942002212",1.14999997615814,1.17999994754791
"4401424200942002213",1.14999997615814,1.17999994754791
"4401424200942002214",1.14999997615814,1.17999994754791
"4401424200942002215",1.14999997615814,1.17999994754791
"4401424200942002216",1.14999997615814,1.17999994754791
"4401424200942002217",1.14999997615814,1.17999994754791
"4401424200942002218",1.14999997615814,1.17999994754791
"4401424200942002219",1.14999997615814,1.17999994754791
"4401424200942002220",1.14999997615814,1.17999994754791
"4401434300643007201",1.14999997615814,1.12999999523163
"4401434300643007202",1.14999997615814,1.12999999523163
"4401434300643007203",1.14999997615814,1.12999999523163
"4401434300643007204",1.14999997615814,1.12999999523163
"4401434300643007205",1.14999997615814,1.12999999523163
"4401434300643007206",1.14999997615814,1.12999999523163
"4401434300643007207",1.14999997615814,1.12999999523163
"4401434300643007208",1.14999997615814,1.12999999523163
"4401434300643007209",1.14999997615814,1.12999999523163
"4401434300643007210",1.14999997615814,1.12999999523163
"4401434300643007211",1.14999997615814,1.12999999523163
"4401434300643007212",1.14999997615814,1.12999999523163
"4401434300643007213",1.14999997615814,1.12999999523163
"4401434300643007214",1.14999997615814,1.12999999523163
"4401434300643007215",1.14999997615814,1.12999999523163
"4401434300643007216",1.14999997615814,1.12999999523163
"4401434300643007217",1.14999997615814,1.12999999523163
"4401434300643007218",1.14999997615814,1.12999999523163
"4401434300643007219",1.14999997615814,1.12999999523163
"4401434300643007220",1.14999997615814,1.12999999523163
"4401434301643027104",1.14999997615814,1.12999999523163
"4401434301943026101",1.14999997615814,1.12999999523163
"4401434301943026102",1.14999997615814,1.12999999523163
"4401434301943026103",1.14999997615814,1.12999999523163
"4401434301943026104",1.14999997615814,1.12999999523163
"4401434301943026105",1.14999997615814,1.12999999523163
"4401434301943026106",1.14999997615814,1.12999999523163
"4401434301943026107",1.14999997615814,1.12999999523163
"4401434301943026108",1.14999997615814,1.12999999523163
"4401434301943026109",1.14999997615814,1.12999999523163
"4401434301943026110",1.14999997615814,1.12999999523163
"4401434301943026111",1.14999997615814,1.12999999523163
"4401434301943026112",1.14999997615814,1.12999999523163
"4401434301943026113",1.14999997615814,1.12999999523163
"4401434301943026114",1.14999997615814,1.12999999523163
"4401434301943026115",1.14999997615814,1.12999999523163
"4401434301943026116",1.14999997615814,1.12999999523163
"4401434301943026117",1.14999997615814,1.12999999523163
"4401434301943026118",1.14999997615814,1.12999999523163
"4401434301943026119",1.14999997615814,1.12999999523163
"4401434301943026120",1.14999997615814,1.12999999523163
"4401434301943027102",1.14999997615814,1.12999999523163
"4401434301943027103",1.14999997615814,1.12999999523163
"4401434301943027105",1.14999997615814,1.12999999523163
"4401434301943027106",1.14999997615814,1.12999999523163
"4401434301943027107",1.14999997615814,1.12999999523163
"4401434301943027108",1.14999997615814,1.12999999523163
"4401434301943027109",1.14999997615814,1.12999999523163
"4401434301943027110",1.14999997615814,1.12999999523163
"4401434301943027111",1.14999997615814,1.12999999523163
"4401434301943027112",1.14999997615814,1.12999999523163
"4401434301943027113",1.14999997615814,1.12999999523163
"4401434301943027115",1.14999997615814,1.12999999523163
"4401434301943027116",1.14999997615814,1.12999999523163
"4401434301943027117",1.14999997615814,1.12999999523163
"4401434301943027118",1.14999997615814,1.12999999523163
"4401434301943027119",1.14999997615814,1.12999999523163
"4401434301943027120",1.14999997615814,1.12999999523163
"4401434301943027201",1.14999997615814,1.12999999523163
"4401434301943034101",1.14999997615814,1.12999999523163
"4401434301943034102",1.14999997615814,1.12999999523163
"4401434301943034103",1.14999997615814,1.12999999523163
"4401434301943034104",1.14999997615814,1.12999999523163
"4401434301943034105",1.14999997615814,1.12999999523163
"4401434301943034106",1.14999997615814,1.12999999523163
"4401434301943034107",1.14999997615814,1.12999999523163
"4401434301943034108",1.14999997615814,1.12999999523163
"4401434301943034109",1.14999997615814,1.12999999523163
"4401434301943034110",1.14999997615814,1.12999999523163
"4401434301943034111",1.14999997615814,1.12999999523163
"4401434301943034112",1.14999997615814,1.12999999523163
"4401434301943034113",1.14999997615814,1.12999999523163
"4401434301943034114",1.14999997615814,1.12999999523163
"4401434301943034115",1.14999997615814,1.12999999523163
"4401434301943034116",1.14999997615814,1.12999999523163
"4401434301943034117",1.14999997615814,1.12999999523163
"4401434301943034118",1.14999997615814,1.12999999523163
"4401434301943034119",1.14999997615814,1.12999999523163
"4401434301943034120",1.14999997615814,1.12999999523163
"4401434301943038101",1.14999997615814,1.12999999523163
"4401434301943038102",1.14999997615814,1.12999999523163
"4401434301943038104",1.14999997615814,1.12999999523163
"4401434301943038105",1.14999997615814,1.12999999523163
"4401434301943038106",1.14999997615814,1.12999999523163
"4401434301943038107",1.14999997615814,1.12999999523163
"4401434301943038108",1.14999997615814,1.12999999523163
"4401434301943038109",1.14999997615814,1.12999999523163
"4401434301943038110",1.14999997615814,1.12999999523163
"4401434301943038111",1.14999997615814,1.12999999523163
"4401434301943038112",1.14999997615814,1.12999999523163
"4401434301943038113",1.14999997615814,1.12999999523163
"4401434301943038114",1.14999997615814,1.12999999523163
"4401434301943038115",1.14999997615814,1.12999999523163
"4401434301943038117",1.14999997615814,1.12999999523163
"4401434301943038118",1.14999997615814,1.12999999523163
"4401434301943038119",1.14999997615814,1.12999999523163
"4401434301943038120",1.14999997615814,1.12999999523163
"4401434301943038203",1.14999997615814,1.12999999523163
"4401434301943038216",1.14999997615814,1.12999999523163
"4401444301943027114",1.14999997615814,1.12999999523163
"4401444401444004201",1.14999997615814,1.12999999523163
"4401444401444004202",1.14999997615814,1.12999999523163
"4401444401444004203",1.14999997615814,1.12999999523163
"4401444401444004204",1.14999997615814,1.12999999523163
"4401444401444004205",1.14999997615814,1.12999999523163
"4401444401444004206",1.14999997615814,1.12999999523163
"4401444401444004207",1.14999997615814,1.12999999523163
"4401444401444004208",1.14999997615814,1.12999999523163
"4401444401444004209",1.14999997615814,1.12999999523163
"4401444401444004210",1.14999997615814,1.12999999523163
"4401444401444004211",1.14999997615814,1.12999999523163
"4401444401444004212",1.14999997615814,1.12999999523163
"4401444401444004213",1.14999997615814,1.12999999523163
"4401444401444004214",1.14999997615814,1.12999999523163
"4401444401444004215",1.14999997615814,1.12999999523163
"4401444401444004216",1.14999997615814,1.12999999523163
"4401444401444004217",1.14999997615814,1.12999999523163
"4401444401444004218",1.14999997615814,1.12999999523163
"4401444401444004219",1.14999997615814,1.12999999523163
"4401444401444004220",1.14999997615814,1.12999999523163
"4401454502645014201",1.14999997615814,1.12999999523163
"4401454502645014202",1.14999997615814,1.12999999523163
"4401454502645014203",1.14999997615814,1.12999999523163
"4401454502645014204",1.14999997615814,1.12999999523163
"4401454502645014205",1.14999997615814,1.12999999523163
"4401454502645014206",1.14999997615814,1.12999999523163
"4401454502645014207",1.14999997615814,1.12999999523163
"4401454502645014208",1.14999997615814,1.12999999523163
"4401454502645014209",1.14999997615814,1.12999999523163
"4401454502645014210",1.14999997615814,1.12999999523163
"4401454502645014211",1.14999997615814,1.12999999523163
"4401454502645014212",1.14999997615814,1.12999999523163
"4401454502645014213",1.14999997615814,1.12999999523163
"4401454502645014214",1.14999997615814,1.12999999523163
"4401454502645014215",1.14999997615814,1.12999999523163
"4401454502645014216",1.14999997615814,1.12999999523163
"4401454502645014217",1.14999997615814,1.12999999523163
"4401454502645014218",1.14999997615814,1.12999999523163
"4401454502645014219",1.14999997615814,1.12999999523163
"4401454502645014220",1.14999997615814,1.12999999523163
"4401454502745012201",1.14999997615814,1.12999999523163
"4401454502745012202",1.14999997615814,1.12999999523163
"4401454502745012203",1.14999997615814,1.12999999523163
"4401454502745012204",1.14999997615814,1.12999999523163
"4401454502745012205",1.14999997615814,1.12999999523163
"4401454502745012206",1.14999997615814,1.12999999523163
"4401454502745012207",1.14999997615814,1.12999999523163
"4401454502745012208",1.14999997615814,1.12999999523163
"4401454502745012209",1.14999997615814,1.12999999523163
"4401454502745012210",1.14999997615814,1.12999999523163
"4401454502745012211",1.14999997615814,1.12999999523163
"4401454502745012212",1.14999997615814,1.12999999523163
"4401454502745012213",1.14999997615814,1.12999999523163
"4401454502745012214",1.14999997615814,1.12999999523163
"4401454502745012215",1.14999997615814,1.12999999523163
"4401454502745012216",1.14999997615814,1.12999999523163
"4401454502745012217",1.14999997615814,1.12999999523163
"4401454502745012218",1.14999997615814,1.12999999523163
"4401454502745012219",1.14999997615814,1.12999999523163
"4401454502745012220",1.14999997615814,1.12999999523163
"5501505000650011101",0.790000021457672,1.21000003814697
"5501505000650011102",0.790000021457672,1.21000003814697
"5501505000650011103",0.790000021457672,1.21000003814697
"5501505000650011104",0.790000021457672,1.21000003814697
"5501505000650011105",0.790000021457672,1.21000003814697
"5501505000650011106",0.790000021457672,1.21000003814697
"5501505000650011107",0.790000021457672,1.21000003814697
"5501505000650011108",0.790000021457672,1.21000003814697
"5501505000650011109",0.790000021457672,1.21000003814697
"5501505000650011110",0.790000021457672,1.21000003814697
"5501505000650011111",0.790000021457672,1.21000003814697
"5501505000650011112",0.790000021457672,1.21000003814697
"5501505000650011113",0.790000021457672,1.21000003814697
"5501505000650011114",0.790000021457672,1.21000003814697
"5501505000650011115",0.790000021457672,1.21000003814697
"5501505000650011116",0.790000021457672,1.21000003814697
"5501505000650011117",0.790000021457672,1.21000003814697
"5501505000650011118",0.790000021457672,1.21000003814697
"5501505000650011119",0.790000021457672,1.21000003814697
"5501505000650011120",0.790000021457672,1.21000003814697
"5501505001350018118",0.790000021457672,1.21000003814697
"5501505001350018119",0.790000021457672,1.21000003814697
"5501505001350018120",0.790000021457672,1.21000003814697
"5501505001550042201",0.790000021457672,1.21000003814697
"5501505001550042202",0.790000021457672,1.21000003814697
"5501505001550042203",0.790000021457672,1.21000003814697
"5501505001550042204",0.790000021457672,1.21000003814697
"5501505001550042205",0.790000021457672,1.21000003814697
"5501505001550042206",0.790000021457672,1.21000003814697
"5501505001550042207",0.790000021457672,1.21000003814697
"5501505001550042208",0.790000021457672,1.21000003814697
"5501505001550042209",0.790000021457672,1.21000003814697
"5501505001550042210",0.790000021457672,1.21000003814697
"5501505001550042211",0.790000021457672,1.21000003814697
"5501505001550042212",0.790000021457672,1.21000003814697
"5501505001550042213",0.790000021457672,1.21000003814697
"5501505001550042214",0.790000021457672,1.21000003814697
"5501505001550042215",0.790000021457672,1.21000003814697
"5501505001550042216",0.790000021457672,1.21000003814697
"5501505001550042217",0.790000021457672,1.21000003814697
"5501505001550042218",0.790000021457672,1.21000003814697
"5501505001550042219",0.790000021457672,1.21000003814697
"5501505001550042220",0.790000021457672,1.21000003814697
"5501505001650018101",0.790000021457672,1.21000003814697
"5501505001650018102",0.790000021457672,1.21000003814697
"5501505001650018103",0.790000021457672,1.21000003814697
"5501505001650018104",0.790000021457672,1.21000003814697
"5501505001650018106",0.790000021457672,1.21000003814697
"5501505001650018107",0.790000021457672,1.21000003814697
"5501505001650018108",0.790000021457672,1.21000003814697
"5501505001650018109",0.790000021457672,1.21000003814697
"5501505001650018110",0.790000021457672,1.21000003814697
"5501505001650018111",0.790000021457672,1.21000003814697
"5501505001650018112",0.790000021457672,1.21000003814697
"5501505001650018113",0.790000021457672,1.21000003814697
"5501505001650018114",0.790000021457672,1.21000003814697
"5501505001650018115",0.790000021457672,1.21000003814697
"5501505001650018116",0.790000021457672,1.21000003814697
"5501505001650018117",0.790000021457672,1.21000003814697
"5501505001650018203",0.790000021457672,1.21000003814697
"5501505002250060120",0.790000021457672,1.21000003814697
"5501505002250060201",0.790000021457672,1.21000003814697
"5501505002250060202",0.790000021457672,1.21000003814697
"5501505002250060203",0.790000021457672,1.21000003814697
"5501505002250060204",0.790000021457672,1.21000003814697
"5501505002250060205",0.790000021457672,1.21000003814697
"5501505002250060206",0.790000021457672,1.21000003814697
"5501505002250060207",0.790000021457672,1.21000003814697
"5501505002250060208",0.790000021457672,1.21000003814697
"5501505002250060209",0.790000021457672,1.21000003814697
"5501505002250060210",0.790000021457672,1.21000003814697
"5501505002250060211",0.790000021457672,1.21000003814697
"5501505002250060212",0.790000021457672,1.21000003814697
"5501505002250060213",0.790000021457672,1.21000003814697
"5501505002250060214",0.790000021457672,1.21000003814697
"5501505002250060215",0.790000021457672,1.21000003814697
"5501505002250060216",0.790000021457672,1.21000003814697
"5501505002250060217",0.790000021457672,1.21000003814697
"5501505002250060218",0.790000021457672,1.21000003814697
"5501505002250060219",0.790000021457672,1.21000003814697
"5501505002650041201",0.790000021457672,1.21000003814697
"5501505002650041202",0.790000021457672,1.21000003814697
"5501505002650041203",0.790000021457672,1.21000003814697
"5501505002650041204",0.790000021457672,1.21000003814697
"5501505002650041205",0.790000021457672,1.21000003814697
"5501505002650041206",0.790000021457672,1.21000003814697
"5501505002650041207",0.790000021457672,1.21000003814697
"5501505002650041208",0.790000021457672,1.21000003814697
"5501505002650041209",0.790000021457672,1.21000003814697
"5501505002650041210",0.790000021457672,1.21000003814697
"5501505002650041211",0.790000021457672,1.21000003814697
"5501505002650041212",0.790000021457672,1.21000003814697
"5501505002650041213",0.790000021457672,1.21000003814697
"5501505002650041214",0.790000021457672,1.21000003814697
"5501505002650041215",0.790000021457672,1.21000003814697
"5501505002650041216",0.790000021457672,1.21000003814697
"5501505002650041217",0.790000021457672,1.21000003814697
"5501505002650041218",0.790000021457672,1.21000003814697
"5501505002650041219",0.790000021457672,1.21000003814697
"5501505002650041220",0.790000021457672,1.21000003814697
"5501505004450039201",0.790000021457672,1.21000003814697
"5501505004450039202",0.790000021457672,1.21000003814697
"5501505004450039203",0.790000021457672,1.21000003814697
"5501505004450039204",0.790000021457672,1.21000003814697
"5501505004450039205",0.790000021457672,1.21000003814697
"5501505004450039206",0.790000021457672,1.21000003814697
"5501505004450039207",0.790000021457672,1.21000003814697
"5501505004450039208",0.790000021457672,1.21000003814697
"5501505004450039209",0.790000021457672,1.21000003814697
"5501505004450039210",0.790000021457672,1.21000003814697
"5501505004450039211",0.790000021457672,1.21000003814697
"5501505004450039212",0.790000021457672,1.21000003814697
"5501505004450039213",0.790000021457672,1.21000003814697
"5501505004450039214",0.790000021457672,1.21000003814697
"5501505004450039215",0.790000021457672,1.21000003814697
"5501505004450039216",0.790000021457672,1.21000003814697
"5501505004450039217",0.790000021457672,1.21000003814697
"5501505004450039218",0.790000021457672,1.21000003814697
"5501505004450039219",0.790000021457672,1.21000003814697
"5501505004450039220",0.790000021457672,1.21000003814697
"5501505005450080201",0.790000021457672,1.21000003814697
"5501505005450080202",0.790000021457672,1.21000003814697
"5501505005450080204",0.790000021457672,1.21000003814697
"5501505005450080205",0.790000021457672,1.21000003814697
"5501505005450080206",0.790000021457672,1.21000003814697
"5501505005450080207",0.790000021457672,1.21000003814697
"5501505005450080208",0.790000021457672,1.21000003814697
"5501505005450080209",0.790000021457672,1.21000003814697
"5501505005450080210",0.790000021457672,1.21000003814697
"5501505005450080211",0.790000021457672,1.21000003814697
"5501505005450080212",0.790000021457672,1.21000003814697
"5501505005450080213",0.790000021457672,1.21000003814697
"5501505005450080214",0.790000021457672,1.21000003814697
"5501505005450080215",0.790000021457672,1.21000003814697
"5501505005450080216",0.790000021457672,1.21000003814697
"5501505005450080217",0.790000021457672,1.21000003814697
"5501505005450080218",0.790000021457672,1.21000003814697
"5501505005450080219",0.790000021457672,1.21000003814697
"5501505005450080220",0.790000021457672,1.21000003814697
"5501505005850082201",0.790000021457672,1.21000003814697
"5501505005850082202",0.790000021457672,1.21000003814697
"5501505005850082203",0.790000021457672,1.21000003814697
"5501505005850082204",0.790000021457672,1.21000003814697
"5501505005850082205",0.790000021457672,1.21000003814697
"5501505005850082206",0.790000021457672,1.21000003814697
"5501505005850082207",0.790000021457672,1.21000003814697
"5501505005850082208",0.790000021457672,1.21000003814697
"5501505005850082209",0.790000021457672,1.21000003814697
"5501505005850082210",0.790000021457672,1.21000003814697
"5501505005850082211",0.790000021457672,1.21000003814697
"5501505005850082212",0.790000021457672,1.21000003814697
"5501505005850082213",0.790000021457672,1.21000003814697
"5501505005850082214",0.790000021457672,1.21000003814697
"5501505005850082215",0.790000021457672,1.21000003814697
"5501505005850082216",0.790000021457672,1.21000003814697
"5501505005850082217",0.790000021457672,1.21000003814697
"5501505005850082218",0.790000021457672,1.21000003814697
"5501505005850082219",0.790000021457672,1.21000003814697
"5501505005850082220",0.790000021457672,1.21000003814697
"5501505501650018105",0.790000021457672,1.21000003814697
"5501513101951002208",0.790000021457672,1.21000003814697
"5501515100451045201",0.790000021457672,1.21000003814697
"5501515100451045202",0.790000021457672,1.21000003814697
"5501515100451045203",0.790000021457672,1.21000003814697
"5501515100451045204",0.790000021457672,1.21000003814697
"5501515100451045205",0.790000021457672,1.21000003814697
"5501515100451045206",0.790000021457672,1.21000003814697
"5501515100451045207",0.790000021457672,1.21000003814697
"5501515100451045208",0.790000021457672,1.21000003814697
"5501515101851042217",0.790000021457672,1.21000003814697
"5501515101851042218",0.790000021457672,1.21000003814697
"5501515101951002201",0.790000021457672,1.21000003814697
"5501515101951002202",0.790000021457672,1.21000003814697
"5501515101951002203",0.790000021457672,1.21000003814697
"5501515101951002204",0.790000021457672,1.21000003814697
"5501515101951002205",0.790000021457672,1.21000003814697
"5501515101951002206",0.790000021457672,1.21000003814697
"5501515101951002207",0.790000021457672,1.21000003814697
"5501515101951002209",0.790000021457672,1.21000003814697
"5501515101951002210",0.790000021457672,1.21000003814697
"5501515101951002211",0.790000021457672,1.21000003814697
"5501515101951002212",0.790000021457672,1.21000003814697
"5501515101951002213",0.790000021457672,1.21000003814697
"5501515101951002214",0.790000021457672,1.21000003814697
"5501515101951002215",0.790000021457672,1.21000003814697
"5501515101951002216",0.790000021457672,1.21000003814697
"5501515101951002217",0.790000021457672,1.21000003814697
"5501515101951002218",0.790000021457672,1.21000003814697
"5501515101951002219",0.790000021457672,1.21000003814697
"5501515101951002220",0.790000021457672,1.21000003814697
"5501515102551044201",0.790000021457672,1.21000003814697
"5501515102551044202",0.790000021457672,1.21000003814697
"5501515102551044203",0.790000021457672,1.21000003814697
"5501515102551044204",0.790000021457672,1.21000003814697
"5501515102551044205",0.790000021457672,1.21000003814697
"5501515102551044206",0.790000021457672,1.21000003814697
"5501515102551044207",0.790000021457672,1.21000003814697
"5501515102551044208",0.790000021457672,1.21000003814697
"5501515102551044210",0.790000021457672,1.21000003814697
"5501515102551044211",0.790000021457672,1.21000003814697
"5501515102551044212",0.790000021457672,1.21000003814697
"5501515102551044213",0.790000021457672,1.21000003814697
"5501515102551044214",0.790000021457672,1.21000003814697
"5501515102551044216",0.790000021457672,1.21000003814697
"5501515102551044217",0.790000021457672,1.21000003814697
"5501515102551044218",0.790000021457672,1.21000003814697
"5501515102651044209",0.790000021457672,1.21000003814697
"5501515104551045209",0.790000021457672,1.21000003814697
"5501515104551045210",0.790000021457672,1.21000003814697
"5501515104551045211",0.790000021457672,1.21000003814697
"5501515104551045212",0.790000021457672,1.21000003814697
"5501515104551045213",0.790000021457672,1.21000003814697
"5501515104551045214",0.790000021457672,1.21000003814697
"5501515104551045215",0.790000021457672,1.21000003814697
"5501515104551045216",0.790000021457672,1.21000003814697
"5501515104551045217",0.790000021457672,1.21000003814697
"5501515104551045218",0.790000021457672,1.21000003814697
"5501515104551045219",0.790000021457672,1.21000003814697
"5501515104551045220",0.790000021457672,1.21000003814697
"5501515104751042102",0.790000021457672,1.21000003814697
"5501515104751042201",0.790000021457672,1.21000003814697
"5501515104751042203",0.790000021457672,1.21000003814697
"5501515104751042204",0.790000021457672,1.21000003814697
"5501515104751042205",0.790000021457672,1.21000003814697
"5501515104751042206",0.790000021457672,1.21000003814697
"5501515104751042207",0.790000021457672,1.21000003814697
"5501515104751042208",0.790000021457672,1.21000003814697
"5501515104751042209",0.790000021457672,1.21000003814697
"5501515104751042210",0.790000021457672,1.21000003814697
"5501515104751042211",0.790000021457672,1.21000003814697
"5501515104751042212",0.790000021457672,1.21000003814697
"5501515104751042213",0.790000021457672,1.21000003814697
"5501515104751042214",0.790000021457672,1.21000003814697
"5501515104751042215",0.790000021457672,1.21000003814697
"5501515104751042216",0.790000021457672,1.21000003814697
"5501515105251023201",0.790000021457672,1.21000003814697
"5501515105251023202",0.790000021457672,1.21000003814697
"5501515105251023203",0.790000021457672,1.21000003814697
"5501515105251023204",0.790000021457672,1.21000003814697
"5501515105251023205",0.790000021457672,1.21000003814697
"5501515105251023206",0.790000021457672,1.21000003814697
"5501515105251023207",0.790000021457672,1.21000003814697
"5501515105251023208",0.790000021457672,1.21000003814697
"5501515105251023209",0.790000021457672,1.21000003814697
"5501515105251023210",0.790000021457672,1.21000003814697
"5501515105251023211",0.790000021457672,1.21000003814697
"5501515105251023212",0.790000021457672,1.21000003814697
"5501515105251023213",0.790000021457672,1.21000003814697
"5501515105251023214",0.790000021457672,1.21000003814697
"5501515105251023215",0.790000021457672,1.21000003814697
"5501515105251023216",0.790000021457672,1.21000003814697
"5501515105251023217",0.790000021457672,1.21000003814697
"5501515105251023218",0.790000021457672,1.21000003814697
"5501515105251023219",0.790000021457672,1.21000003814697
"5501515105251023220",0.790000021457672,1.21000003814697
"5501515105851042219",0.790000021457672,1.21000003814697
"5501515105851042220",0.790000021457672,1.21000003814697
"5501515105851044215",0.790000021457672,1.21000003814697
"5501515105851044219",0.790000021457672,1.21000003814697
"5501515105851044220",0.790000021457672,1.21000003814697
"5501525201452018103",0.790000021457672,1.21000003814697
"5501525201452018104",0.790000021457672,1.21000003814697
"5501525201452018201",0.790000021457672,1.21000003814697
"5501525201452018202",0.790000021457672,1.21000003814697
"5501525201452018205",0.790000021457672,1.21000003814697
"5501525201452018206",0.790000021457672,1.21000003814697
"5501525201452018207",0.790000021457672,1.21000003814697
"5501525201452018208",0.790000021457672,1.21000003814697
"5501525201452018209",0.790000021457672,1.21000003814697
"5501525201452018210",0.790000021457672,1.21000003814697
"5501525202252018215",0.790000021457672,1.21000003814697
"5501525202252018216",0.790000021457672,1.21000003814697
"5501525203552018114",0.790000021457672,1.21000003814697
"5501525203552018211",0.790000021457672,1.21000003814697
"5501525203552018212",0.790000021457672,1.21000003814697
"5501525203552018213",0.790000021457672,1.21000003814697
"5501525203752018217",0.790000021457672,1.21000003814697
"5501525203752018218",0.790000021457672,1.21000003814697
"5501525203752018219",0.790000021457672,1.21000003814697
"5501525203752018220",0.790000021457672,1.21000003814697
"5502535300453018201",0.790000021457672,0.540000021457672
"5502535300453018202",0.790000021457672,0.540000021457672
"5502535300453018203",0.790000021457672,0.540000021457672
"5502535300453018204",0.790000021457672,0.540000021457672
"5502535300453018205",0.790000021457672,0.540000021457672
"5502535300453018206",0.790000021457672,0.540000021457672
"5502535300453018207",0.790000021457672,0.540000021457672
"5502535300453018208",0.790000021457672,0.540000021457672
"5502535300453018209",0.790000021457672,0.540000021457672
"5502535300453018210",0.790000021457672,0.540000021457672
"5502535300453018211",0.790000021457672,0.540000021457672
"5502535300453018212",0.790000021457672,0.540000021457672
"5502535300453018213",0.790000021457672,0.540000021457672
"5502535300453018214",0.790000021457672,0.540000021457672
"5502535300453018215",0.790000021457672,0.540000021457672
"5502535300453018216",0.790000021457672,0.540000021457672
"5502535300453018217",0.790000021457672,0.540000021457672
"5502535300453018218",0.790000021457672,0.540000021457672
"5502535300453018219",0.790000021457672,0.540000021457672
"5502535300453018220",0.790000021457672,0.540000021457672
"5502535300753004101",0.790000021457672,0.540000021457672
"5502535300753004102",0.790000021457672,0.540000021457672
"5502535300753004103",0.790000021457672,0.540000021457672
"5502535300753004104",0.790000021457672,0.540000021457672
"5502535300753004105",0.790000021457672,0.540000021457672
"5502535300753004106",0.790000021457672,0.540000021457672
"5502535300753004107",0.790000021457672,0.540000021457672
"5502535300753004108",0.790000021457672,0.540000021457672
"5502535300753004109",0.790000021457672,0.540000021457672
"5502535300753004110",0.790000021457672,0.540000021457672
"5502535300753004111",0.790000021457672,0.540000021457672
"5502535300753004112",0.790000021457672,0.540000021457672
"5502535300753004113",0.790000021457672,0.540000021457672
"5502535300753004114",0.790000021457672,0.540000021457672
"5502535300753004115",0.790000021457672,0.540000021457672
"5502535300753004116",0.790000021457672,0.540000021457672
"5502535300753004117",0.790000021457672,0.540000021457672
"5502535300753004118",0.790000021457672,0.540000021457672
"5502535300753004119",0.790000021457672,0.540000021457672
"5502535300753004120",0.790000021457672,0.540000021457672
"5502535300753006101",0.790000021457672,0.540000021457672
"5502535300753006102",0.790000021457672,0.540000021457672
"5502535300753006103",0.790000021457672,0.540000021457672
"5502535300753006104",0.790000021457672,0.540000021457672
"5502535300753006105",0.790000021457672,0.540000021457672
"5502535300753006106",0.790000021457672,0.540000021457672
"5502535300753006107",0.790000021457672,0.540000021457672
"5502535300753006108",0.790000021457672,0.540000021457672
"5502535300753006109",0.790000021457672,0.540000021457672
"5502535300753006110",0.790000021457672,0.540000021457672
"5502535300753006111",0.790000021457672,0.540000021457672
"5502535300753006112",0.790000021457672,0.540000021457672
"5502535300753006113",0.790000021457672,0.540000021457672
"5502535300753006114",0.790000021457672,0.540000021457672
"5502535300753006115",0.790000021457672,0.540000021457672
"5502535300753006116",0.790000021457672,0.540000021457672
"5502535300753006117",0.790000021457672,0.540000021457672
"5502535300753006118",0.790000021457672,0.540000021457672
"5502535300753006119",0.790000021457672,0.540000021457672
"5502535300753006120",0.790000021457672,0.540000021457672
"5502535301653014201",0.790000021457672,0.540000021457672
"5502535301653014202",0.790000021457672,0.540000021457672
"5502535301653014203",0.790000021457672,0.540000021457672
"5502535301653014204",0.790000021457672,0.540000021457672
"5502535301653014205",0.790000021457672,0.540000021457672
"5502535301653014206",0.790000021457672,0.540000021457672
"5502535301653014207",0.790000021457672,0.540000021457672
"5502535301653014208",0.790000021457672,0.540000021457672
"5502535301653014209",0.790000021457672,0.540000021457672
"5502535301653014210",0.790000021457672,0.540000021457672
"5502535301653014211",0.790000021457672,0.540000021457672
"5502535301653014212",0.790000021457672,0.540000021457672
"5502535301653014213",0.790000021457672,0.540000021457672
"5502535301653014214",0.790000021457672,0.540000021457672
"5502535301653014215",0.790000021457672,0.540000021457672
"5502535301653014216",0.790000021457672,0.540000021457672
"5502535301653014217",0.790000021457672,0.540000021457672
"5502535301653014218",0.790000021457672,0.540000021457672
"5502535301653014219",0.790000021457672,0.540000021457672
"5502535301653014220",0.790000021457672,0.540000021457672
"5502535301653015202",0.790000021457672,0.540000021457672
"5502535301653015203",0.790000021457672,0.540000021457672
"5502535301653015204",0.790000021457672,0.540000021457672
"5502535301653015205",0.790000021457672,0.540000021457672
"5502535301653015206",0.790000021457672,0.540000021457672
"5502535301653015207",0.790000021457672,0.540000021457672
"5502535301653015208",0.790000021457672,0.540000021457672
"5502535301653015209",0.790000021457672,0.540000021457672
"5502535301653015210",0.790000021457672,0.540000021457672
"5502535301653015211",0.790000021457672,0.540000021457672
"5502535301653015212",0.790000021457672,0.540000021457672
"5502535301653015213",0.790000021457672,0.540000021457672
"5502535301653015214",0.790000021457672,0.540000021457672
"5502535301653015215",0.790000021457672,0.540000021457672
"5502535301653015216",0.790000021457672,0.540000021457672
"5502535301653015217",0.790000021457672,0.540000021457672
"5502535301653015218",0.790000021457672,0.540000021457672
"5502535301653015219",0.790000021457672,0.540000021457672
"5502535301653015220",0.790000021457672,0.540000021457672
"5502545400654025201",0.790000021457672,0.540000021457672
"5502545400654025204",0.790000021457672,0.540000021457672
"5502545400654025206",0.790000021457672,0.540000021457672
"5502545400654025216",0.790000021457672,0.540000021457672
"5502545400654025219",0.790000021457672,0.540000021457672
"5502545400654025220",0.790000021457672,0.540000021457672
"5502545401054027201",0.790000021457672,0.540000021457672
"5502545401054027202",0.790000021457672,0.540000021457672
"5502545401054027208",0.790000021457672,0.540000021457672
"5502545401054027209",0.790000021457672,0.540000021457672
"5502545401954027203",0.790000021457672,0.540000021457672
"5502545401954027204",0.790000021457672,0.540000021457672
"5502545401954027205",0.790000021457672,0.540000021457672
"5502545401954027206",0.790000021457672,0.540000021457672
"5502545401954027207",0.790000021457672,0.540000021457672
"5502545401954027210",0.790000021457672,0.540000021457672
"5502545401954027211",0.790000021457672,0.540000021457672
"5502545401954027212",0.790000021457672,0.540000021457672
"5502545401954027213",0.790000021457672,0.540000021457672
"5502545401954027214",0.790000021457672,0.540000021457672
"5502545401954027215",0.790000021457672,0.540000021457672
"5502545401954027216",0.790000021457672,0.540000021457672
"5502545401954027217",0.790000021457672,0.540000021457672
"5502545401954027218",0.790000021457672,0.540000021457672
"5502545401954027219",0.790000021457672,0.540000021457672
"5502545401954027220",0.790000021457672,0.540000021457672
"5502545402054025202",0.790000021457672,0.540000021457672
"5502545402054025203",0.790000021457672,0.540000021457672
"5502545402054025205",0.790000021457672,0.540000021457672
"5502545402054025207",0.790000021457672,0.540000021457672
"5502545402054025208",0.790000021457672,0.540000021457672
"5502545402054025209",0.790000021457672,0.540000021457672
"5502545402054025210",0.790000021457672,0.540000021457672
"5502545402054025211",0.790000021457672,0.540000021457672
"5502545402054025212",0.790000021457672,0.540000021457672
"5502545402054025213",0.790000021457672,0.540000021457672
"5502545402054025214",0.790000021457672,0.540000021457672
"5502545402054025215",0.790000021457672,0.540000021457672
"5502545402054025217",0.790000021457672,0.540000021457672
"5502545402054025218",0.790000021457672,0.540000021457672
"5502545402254024201",0.790000021457672,0.540000021457672
"5502545402254024202",0.790000021457672,0.540000021457672
"5502545402254024204",0.790000021457672,0.540000021457672
"5502545402254024205",0.790000021457672,0.540000021457672
"5502545402254024206",0.790000021457672,0.540000021457672
"5502545402254024208",0.790000021457672,0.540000021457672
"5502545402254024209",0.790000021457672,0.540000021457672
"5502545402254024210",0.790000021457672,0.540000021457672
"5502545402254024211",0.790000021457672,0.540000021457672
"5502545402254024213",0.790000021457672,0.540000021457672
"5502545402254024214",0.790000021457672,0.540000021457672
"5502545402254024217",0.790000021457672,0.540000021457672
"5502545402254024219",0.790000021457672,0.540000021457672
"5502545402254024220",0.790000021457672,0.540000021457672
"5502545402754024203",0.790000021457672,0.540000021457672
"5502545402754024207",0.790000021457672,0.540000021457672
"5502545402754024212",0.790000021457672,0.540000021457672
"5502545402754024215",0.790000021457672,0.540000021457672
"5502545402754024216",0.790000021457672,0.540000021457672
"5502545402754024218",0.790000021457672,0.540000021457672
"5502545402854005201",0.790000021457672,0.540000021457672
"5502545402854005202",0.790000021457672,0.540000021457672
"5502545402854005203",0.790000021457672,0.540000021457672
"5502545402854005204",0.790000021457672,0.540000021457672
"5502545402854005205",0.790000021457672,0.540000021457672
"5502545402854005206",0.790000021457672,0.540000021457672
"5502545402854005207",0.790000021457672,0.540000021457672
"5502545402854005208",0.790000021457672,0.540000021457672
"5502545402854005209",0.790000021457672,0.540000021457672
"5502545402854005210",0.790000021457672,0.540000021457672
"5502545402854005211",0.790000021457672,0.540000021457672
"5502545402854005212",0.790000021457672,0.540000021457672
"5502545402854005213",0.790000021457672,0.540000021457672
"5502545402854005214",0.790000021457672,0.540000021457672
"5502545402854005215",0.790000021457672,0.540000021457672
"5502545402854005216",0.790000021457672,0.540000021457672
"5502545402854005217",0.790000021457672,0.540000021457672
"5502545402854005218",0.790000021457672,0.540000021457672
"5502545402854005219",0.790000021457672,0.540000021457672
"5502545402854005220",0.790000021457672,0.540000021457672
"5502555301653015201",0.790000021457672,0.540000021457672
"5502555500155068220",0.790000021457672,0.540000021457672
"5502555500655069212",0.790000021457672,0.540000021457672
"5502555500655069213",0.790000021457672,0.540000021457672
"5502555500655069214",0.790000021457672,0.540000021457672
"5502555501055069202",0.790000021457672,0.540000021457672
"5502555501055069203",0.790000021457672,0.540000021457672
"5502555501055069204",0.790000021457672,0.540000021457672
"5502555501055069205",0.790000021457672,0.540000021457672
"5502555501055069206",0.790000021457672,0.540000021457672
"5502555501055069207",0.790000021457672,0.540000021457672
"5502555501055069208",0.790000021457672,0.540000021457672
"5502555501055069209",0.790000021457672,0.540000021457672
"5502555501055069210",0.790000021457672,0.540000021457672
"5502555501055069215",0.790000021457672,0.540000021457672
"5502555502155051201",0.790000021457672,0.540000021457672
"5502555502155051202",0.790000021457672,0.540000021457672
"5502555502155051203",0.790000021457672,0.540000021457672
"5502555502155051204",0.790000021457672,0.540000021457672
"5502555502155051205",0.790000021457672,0.540000021457672
"5502555502155051206",0.790000021457672,0.540000021457672
"5502555502155051207",0.790000021457672,0.540000021457672
"5502555502155051208",0.790000021457672,0.540000021457672
"5502555502155051209",0.790000021457672,0.540000021457672
"5502555502155051210",0.790000021457672,0.540000021457672
"5502555502155051211",0.790000021457672,0.540000021457672
"5502555502155051212",0.790000021457672,0.540000021457672
"5502555502155051213",0.790000021457672,0.540000021457672
"5502555502155051214",0.790000021457672,0.540000021457672
"5502555502155051215",0.790000021457672,0.540000021457672
"5502555502155051216",0.790000021457672,0.540000021457672
"5502555502155051217",0.790000021457672,0.540000021457672
"5502555502155051218",0.790000021457672,0.540000021457672
"5502555502155051219",0.790000021457672,0.540000021457672
"5502555502155051220",0.790000021457672,0.540000021457672
"5502555502455027101",0.790000021457672,0.540000021457672
"5502555502455027102",0.790000021457672,0.540000021457672
"5502555502455027103",0.790000021457672,0.540000021457672
"5502555502455027104",0.790000021457672,0.540000021457672
"5502555502455027105",0.790000021457672,0.540000021457672
"5502555502455027106",0.790000021457672,0.540000021457672
"5502555502455027107",0.790000021457672,0.540000021457672
"5502555502455027108",0.790000021457672,0.540000021457672
"5502555502455027109",0.790000021457672,0.540000021457672
"5502555502455027110",0.790000021457672,0.540000021457672
"5502555502455027111",0.790000021457672,0.540000021457672
"5502555502455027112",0.790000021457672,0.540000021457672
"5502555502455027113",0.790000021457672,0.540000021457672
"5502555502455027114",0.790000021457672,0.540000021457672
"5502555502455027115",0.790000021457672,0.540000021457672
"5502555502455027116",0.790000021457672,0.540000021457672
"5502555502455027117",0.790000021457672,0.540000021457672
"5502555502455027119",0.790000021457672,0.540000021457672
"5502555502455027218",0.790000021457672,0.540000021457672
"5502555502455027220",0.790000021457672,0.540000021457672
"5502555502455037101",0.790000021457672,0.540000021457672
"5502555502455037102",0.790000021457672,0.540000021457672
"5502555502455037104",0.790000021457672,0.540000021457672
"5502555502455037105",0.790000021457672,0.540000021457672
"5502555502455037106",0.790000021457672,0.540000021457672
"5502555502455037107",0.790000021457672,0.540000021457672
"5502555502455037108",0.790000021457672,0.540000021457672
"5502555502455037109",0.790000021457672,0.540000021457672
"5502555502455037110",0.790000021457672,0.540000021457672
"5502555502455037111",0.790000021457672,0.540000021457672
"5502555502455037112",0.790000021457672,0.540000021457672
"5502555502455037114",0.790000021457672,0.540000021457672
"5502555502455037115",0.790000021457672,0.540000021457672
"5502555502455037116",0.790000021457672,0.540000021457672
"5502555502455037117",0.790000021457672,0.540000021457672
"5502555502455037118",0.790000021457672,0.540000021457672
"5502555502455037119",0.790000021457672,0.540000021457672
"5502555502455037120",0.790000021457672,0.540000021457672
"5502555502455037203",0.790000021457672,0.540000021457672
"5502555502455043101",0.790000021457672,0.540000021457672
"5502555502455043102",0.790000021457672,0.540000021457672
"5502555502455043103",0.790000021457672,0.540000021457672
"5502555502455043104",0.790000021457672,0.540000021457672
"5502555502455043105",0.790000021457672,0.540000021457672
"5502555502455043106",0.790000021457672,0.540000021457672
"5502555502455043107",0.790000021457672,0.540000021457672
"5502555502455043108",0.790000021457672,0.540000021457672
"5502555502455043109",0.790000021457672,0.540000021457672
"5502555502455043110",0.790000021457672,0.540000021457672
"5502555502455043111",0.790000021457672,0.540000021457672
"5502555502455043112",0.790000021457672,0.540000021457672
"5502555502455043113",0.790000021457672,0.540000021457672
"5502555502455043114",0.790000021457672,0.540000021457672
"5502555502455043115",0.790000021457672,0.540000021457672
"5502555502455043116",0.790000021457672,0.540000021457672
"5502555502455043117",0.790000021457672,0.540000021457672
"5502555502455043118",0.790000021457672,0.540000021457672
"5502555502455043119",0.790000021457672,0.540000021457672
"5502555502455043120",0.790000021457672,0.540000021457672
"5502555502455045101",0.790000021457672,0.540000021457672
"5502555502455045104",0.790000021457672,0.540000021457672
"5502555502455045106",0.790000021457672,0.540000021457672
"5502555502455045108",0.790000021457672,0.540000021457672
"5502555502455045112",0.790000021457672,0.540000021457672
"5502555502455045202",0.790000021457672,0.540000021457672
"5502555502455045203",0.790000021457672,0.540000021457672
"5502555502455045205",0.790000021457672,0.540000021457672
"5502555502455045207",0.790000021457672,0.540000021457672
"5502555502455045209",0.790000021457672,0.540000021457672
"5502555502455045210",0.790000021457672,0.540000021457672
"5502555502455045211",0.790000021457672,0.540000021457672
"5502555502455045213",0.790000021457672,0.540000021457672
"5502555502455045214",0.790000021457672,0.540000021457672
"5502555502455045215",0.790000021457672,0.540000021457672
"5502555502455045216",0.790000021457672,0.540000021457672
"5502555502455045217",0.790000021457672,0.540000021457672
"5502555502455045218",0.790000021457672,0.540000021457672
"5502555502455045219",0.790000021457672,0.540000021457672
"5502555502455045220",0.790000021457672,0.540000021457672
"5502555502855071113",0.790000021457672,0.540000021457672
"5502555502855071201",0.790000021457672,0.540000021457672
"5502555502855071202",0.790000021457672,0.540000021457672
"5502555502855071203",0.790000021457672,0.540000021457672
"5502555502855071204",0.790000021457672,0.540000021457672
"5502555502855071205",0.790000021457672,0.540000021457672
"5502555502855071206",0.790000021457672,0.540000021457672
"5502555502855071207",0.790000021457672,0.540000021457672
"5502555502855071210",0.790000021457672,0.540000021457672
"5502555502855071212",0.790000021457672,0.540000021457672
"5502555502855071213",0.790000021457672,0.540000021457672
"5502555502855071214",0.790000021457672,0.540000021457672
"5502555503155071220",0.790000021457672,0.540000021457672
"5502555503455037113",0.790000021457672,0.540000021457672
"5502555503755071208",0.790000021457672,0.540000021457672
"5502555503755071209",0.790000021457672,0.540000021457672
"5502555503755071211",0.790000021457672,0.540000021457672
"5502555503755071215",0.790000021457672,0.540000021457672
"5502555503755071219",0.790000021457672,0.540000021457672
"5502555503955071208",0.790000021457672,0.540000021457672
"5502555503955071211",0.790000021457672,0.540000021457672
"5502555503955071215",0.790000021457672,0.540000021457672
"5502555503955071216",0.790000021457672,0.540000021457672
"5502555503955071217",0.790000021457672,0.540000021457672
"5502555503955071218",0.790000021457672,0.540000021457672
"5502555503955071219",0.790000021457672,0.540000021457672
"5502555505555068201",0.790000021457672,0.540000021457672
"5502555505555068202",0.790000021457672,0.540000021457672
"5502555505555068204",0.790000021457672,0.540000021457672
"5502555505555068206",0.790000021457672,0.540000021457672
"5502555505555068207",0.790000021457672,0.540000021457672
"5502555505555068208",0.790000021457672,0.540000021457672
"5502555505555068209",0.790000021457672,0.540000021457672
"5502555505555068210",0.790000021457672,0.540000021457672
"5502555505555068211",0.790000021457672,0.540000021457672
"5502555505555068212",0.790000021457672,0.540000021457672
"5502555505555068213",0.790000021457672,0.540000021457672
"5502555505555068214",0.790000021457672,0.540000021457672
"5502555505555068215",0.790000021457672,0.540000021457672
"5502555505555068216",0.790000021457672,0.540000021457672
"5502555505555068217",0.790000021457672,0.540000021457672
"5502555505555068218",0.790000021457672,0.540000021457672
"5502555505555068219",0.790000021457672,0.540000021457672
"5502555506255091203",0.790000021457672,0.540000021457672
"5502555506255091206",0.790000021457672,0.540000021457672
"5502555506255091207",0.790000021457672,0.540000021457672
"5502555506255091210",0.790000021457672,0.540000021457672
"5502555506255091211",0.790000021457672,0.540000021457672
"5502555506255091212",0.790000021457672,0.540000021457672
"5502555506255091214",0.790000021457672,0.540000021457672
"5502555506255091217",0.790000021457672,0.540000021457672
"5502555506655069201",0.790000021457672,0.540000021457672
"5502555506655069211",0.790000021457672,0.540000021457672
"5502555506655069216",0.790000021457672,0.540000021457672
"5502555506655069217",0.790000021457672,0.540000021457672
"5502555506655069218",0.790000021457672,0.540000021457672
"5502555506655069219",0.790000021457672,0.540000021457672
"5502555506655069220",0.790000021457672,0.540000021457672
"5502555507455091201",0.790000021457672,0.540000021457672
"5502555507455091205",0.790000021457672,0.540000021457672
"5502555507455091208",0.790000021457672,0.540000021457672
"5502555507455091209",0.790000021457672,0.540000021457672
"5502555508155091202",0.790000021457672,0.540000021457672
"5502555508155091204",0.790000021457672,0.540000021457672
"5502555508155091213",0.790000021457672,0.540000021457672
"5502555508155091215",0.790000021457672,0.540000021457672
"5502555508155091216",0.790000021457672,0.540000021457672
"5502555508155091218",0.790000021457672,0.540000021457672
"5502555508155091219",0.790000021457672,0.540000021457672
"5502555508155091220",0.790000021457672,0.540000021457672
"5502555508455068203",0.790000021457672,0.540000021457672
"5502555508455068205",0.790000021457672,0.540000021457672
"6601606000160014206",0.790000021457672,0.790000021457672
"6601606000260014201",0.790000021457672,0.790000021457672
"6601606000260014205",0.790000021457672,0.790000021457672
"6601606000260014216",0.790000021457672,0.790000021457672
"6601606000260014217",0.790000021457672,0.790000021457672
"6601606000360014202",0.790000021457672,0.790000021457672
"6601606000360014203",0.790000021457672,0.790000021457672
"6601606000360014209",0.790000021457672,0.790000021457672
"6601606000460014204",0.790000021457672,0.790000021457672
"6601606000460014208",0.790000021457672,0.790000021457672
"6601606000460014211",0.790000021457672,0.790000021457672
"6601606000460014212",0.790000021457672,0.790000021457672
"6601606001160014218",0.790000021457672,0.790000021457672
"6601606001160014219",0.790000021457672,0.790000021457672
"6601606001360014207",0.790000021457672,0.790000021457672
"6601606001360014214",0.790000021457672,0.790000021457672
"6601606001360014215",0.790000021457672,0.790000021457672
"6601606001560014220",0.790000021457672,0.790000021457672
"6601606001760017219",0.790000021457672,0.790000021457672
"6601606001760017220",0.790000021457672,0.790000021457672
"6601606001860017214",0.790000021457672,0.790000021457672
"6601606001860017215",0.790000021457672,0.790000021457672
"6601606001860017218",0.790000021457672,0.790000021457672
"6601606003160017209",0.790000021457672,0.790000021457672
"6601606003160017210",0.790000021457672,0.790000021457672
"6601606003160017212",0.790000021457672,0.790000021457672
"6601606003160017213",0.790000021457672,0.790000021457672
"6601606003160017216",0.790000021457672,0.790000021457672
"6601606003160017217",0.790000021457672,0.790000021457672
"6601606003460004101",0.790000021457672,0.790000021457672
"6601606003460004102",0.790000021457672,0.790000021457672
"6601606003460004103",0.790000021457672,0.790000021457672
"6601606003460004104",0.790000021457672,0.790000021457672
"6601606003460004105",0.790000021457672,0.790000021457672
"6601606003460004106",0.790000021457672,0.790000021457672
"6601606003460004107",0.790000021457672,0.790000021457672
"6601606003460004108",0.790000021457672,0.790000021457672
"6601606003460004109",0.790000021457672,0.790000021457672
"6601606003460004110",0.790000021457672,0.790000021457672
"6601606003460004111",0.790000021457672,0.790000021457672
"6601606003460004112",0.790000021457672,0.790000021457672
"6601606003460004113",0.790000021457672,0.790000021457672
"6601606003460004114",0.790000021457672,0.790000021457672
"6601606003460004115",0.790000021457672,0.790000021457672
"6601606003460004116",0.790000021457672,0.790000021457672
"6601606003460004117",0.790000021457672,0.790000021457672
"6601606003460004118",0.790000021457672,0.790000021457672
"6601606003460004119",0.790000021457672,0.790000021457672
"6601606003460004120",0.790000021457672,0.790000021457672
"6601606003560011101",0.790000021457672,0.790000021457672
"6601606003560011102",0.790000021457672,0.790000021457672
"6601606003560011103",0.790000021457672,0.790000021457672
"6601606003560011104",0.790000021457672,0.790000021457672
"6601606003560011105",0.790000021457672,0.790000021457672
"6601606003560011106",0.790000021457672,0.790000021457672
"6601606003560011107",0.790000021457672,0.790000021457672
"6601606003560011108",0.790000021457672,0.790000021457672
"6601606003560011110",0.790000021457672,0.790000021457672
"6601606003560011111",0.790000021457672,0.790000021457672
"6601606003560011113",0.790000021457672,0.790000021457672
"6601606003560011114",0.790000021457672,0.790000021457672
"6601606003560011115",0.790000021457672,0.790000021457672
"6601606003560011116",0.790000021457672,0.790000021457672
"6601606003560011117",0.790000021457672,0.790000021457672
"6601606003560011118",0.790000021457672,0.790000021457672
"6601606003560011119",0.790000021457672,0.790000021457672
"6601606003560011120",0.790000021457672,0.790000021457672
"6601606003560011212",0.790000021457672,0.790000021457672
"6601606003560013101",0.790000021457672,0.790000021457672
"6601606003560013102",0.790000021457672,0.790000021457672
"6601606003560013103",0.790000021457672,0.790000021457672
"6601606003560013104",0.790000021457672,0.790000021457672
"6601606003560013105",0.790000021457672,0.790000021457672
"6601606003560013106",0.790000021457672,0.790000021457672
"6601606003560013107",0.790000021457672,0.790000021457672
"6601606003560013108",0.790000021457672,0.790000021457672
"6601606003560013109",0.790000021457672,0.790000021457672
"6601606003560013110",0.790000021457672,0.790000021457672
"6601606003560013111",0.790000021457672,0.790000021457672
"6601606003560013112",0.790000021457672,0.790000021457672
"6601606003560013113",0.790000021457672,0.790000021457672
"6601606003560013114",0.790000021457672,0.790000021457672
"6601606003560013115",0.790000021457672,0.790000021457672
"6601606003560013116",0.790000021457672,0.790000021457672
"6601606003560013117",0.790000021457672,0.790000021457672
"6601606003560013118",0.790000021457672,0.790000021457672
"6601606003560013119",0.790000021457672,0.790000021457672
"6601606003560013120",0.790000021457672,0.790000021457672
"6601606003660008101",0.790000021457672,0.790000021457672
"6601606003660008102",0.790000021457672,0.790000021457672
"6601606003660008103",0.790000021457672,0.790000021457672
"6601606003660008104",0.790000021457672,0.790000021457672
"6601606003660008105",0.790000021457672,0.790000021457672
"6601606003660008106",0.790000021457672,0.790000021457672
"6601606003660008107",0.790000021457672,0.790000021457672
"6601606003660008108",0.790000021457672,0.790000021457672
"6601606003660008109",0.790000021457672,0.790000021457672
"6601606003660008110",0.790000021457672,0.790000021457672
"6601606003660008111",0.790000021457672,0.790000021457672
"6601606003660008112",0.790000021457672,0.790000021457672
"6601606003660008113",0.790000021457672,0.790000021457672
"6601606003660008115",0.790000021457672,0.790000021457672
"6601606003660008116",0.790000021457672,0.790000021457672
"6601606003660008117",0.790000021457672,0.790000021457672
"6601606003660008118",0.790000021457672,0.790000021457672
"6601606003660008119",0.790000021457672,0.790000021457672
"6601606003660008120",0.790000021457672,0.790000021457672
"6601606003860017207",0.790000021457672,0.790000021457672
"6601606004360024201",0.790000021457672,0.790000021457672
"6601606004360024203",0.790000021457672,0.790000021457672
"6601606004360024208",0.790000021457672,0.790000021457672
"6601606004360024214",0.790000021457672,0.790000021457672
"6601606004360024215",0.790000021457672,0.790000021457672
"6601606004360024216",0.790000021457672,0.790000021457672
"6601606004360024219",0.790000021457672,0.790000021457672
"6601606004360024220",0.790000021457672,0.790000021457672
"6601606004460017208",0.790000021457672,0.790000021457672
"6601606004560024202",0.790000021457672,0.790000021457672
"6601606004560024205",0.790000021457672,0.790000021457672
"6601606004560024207",0.790000021457672,0.790000021457672
"6601606004560024209",0.790000021457672,0.790000021457672
"6601606004560024210",0.790000021457672,0.790000021457672
"6601606004560024211",0.790000021457672,0.790000021457672
"6601606004560024213",0.790000021457672,0.790000021457672
"6601606004660017201",0.790000021457672,0.790000021457672
"6601606004660017202",0.790000021457672,0.790000021457672
"6601606004660017203",0.790000021457672,0.790000021457672
"6601606004660017204",0.790000021457672,0.790000021457672
"6601606004660017205",0.790000021457672,0.790000021457672
"6601606004660017206",0.790000021457672,0.790000021457672
"6601606004660017211",0.790000021457672,0.790000021457672
"6601606005260024212",0.790000021457672,0.790000021457672
"6601606005260024217",0.790000021457672,0.790000021457672
"6601606005260024218",0.790000021457672,0.790000021457672
"6601606005660024204",0.790000021457672,0.790000021457672
"6601606005660024206",0.790000021457672,0.790000021457672
"6601606006260014210",0.790000021457672,0.790000021457672
"6601606006260014213",0.790000021457672,0.790000021457672
"6601608003660008114",0.790000021457672,0.790000021457672
"6601616100261006117",0.790000021457672,0.790000021457672
"6601616100261006120",0.790000021457672,0.790000021457672
"6601616100261006203",0.790000021457672,0.790000021457672
"6601616100261006204",0.790000021457672,0.790000021457672
"6601616100261006205",0.790000021457672,0.790000021457672
"6601616100261006207",0.790000021457672,0.790000021457672
"6601616100261006211",0.790000021457672,0.790000021457672
"6601616100261006212",0.790000021457672,0.790000021457672
"6601616100261006214",0.790000021457672,0.790000021457672
"6601616100261006216",0.790000021457672,0.790000021457672
"6601616100261006218",0.790000021457672,0.790000021457672
"6601616100261006219",0.790000021457672,0.790000021457672
"6601616100461006206",0.790000021457672,0.790000021457672
"6601616100461006208",0.790000021457672,0.790000021457672
"6601616100461006209",0.790000021457672,0.790000021457672
"6601616100461006213",0.790000021457672,0.790000021457672
"6601616100461006215",0.790000021457672,0.790000021457672
"6601616100561006201",0.790000021457672,0.790000021457672
"6601616100561006202",0.790000021457672,0.790000021457672
"6601616100561006210",0.790000021457672,0.790000021457672
"6601636300763020201",0.790000021457672,0.790000021457672
"6601636300763020202",0.790000021457672,0.790000021457672
"6601636300763020204",0.790000021457672,0.790000021457672
"6601636300763020206",0.790000021457672,0.790000021457672
"6601636300763020207",0.790000021457672,0.790000021457672
"6601636300763020209",0.790000021457672,0.790000021457672
"6601636300763020210",0.790000021457672,0.790000021457672
"6601636300763020211",0.790000021457672,0.790000021457672
"6601636300763020214",0.790000021457672,0.790000021457672
"6601636301063026215",0.790000021457672,0.790000021457672
"6601636301063026219",0.790000021457672,0.790000021457672
"6601636301163020203",0.790000021457672,0.790000021457672
"6601636301163020205",0.790000021457672,0.790000021457672
"6601636301163020213",0.790000021457672,0.790000021457672
"6601636301163020215",0.790000021457672,0.790000021457672
"6601636301163020217",0.790000021457672,0.790000021457672
"6601636301163020218",0.790000021457672,0.790000021457672
"6601636301163020219",0.790000021457672,0.790000021457672
"6601636301163020220",0.790000021457672,0.790000021457672
"6601636302063026209",0.790000021457672,0.790000021457672
"6601636302263026212",0.790000021457672,0.790000021457672
"6601636302263026218",0.790000021457672,0.790000021457672
"6601636302663026220",0.790000021457672,0.790000021457672
"6601636303063026204",0.790000021457672,0.790000021457672
"6601636303063026205",0.790000021457672,0.790000021457672
"6601636303063026206",0.790000021457672,0.790000021457672
"6601636303063026207",0.790000021457672,0.790000021457672
"6601636303063026208",0.790000021457672,0.790000021457672
"6601636303063026210",0.790000021457672,0.790000021457672
"6601636303063026213",0.790000021457672,0.790000021457672
"6601636303063026214",0.790000021457672,0.790000021457672
"6601636303163026202",0.790000021457672,0.790000021457672
"6601636303163026203",0.790000021457672,0.790000021457672
"6601636303163026211",0.790000021457672,0.790000021457672
"6601636303363014203",0.790000021457672,0.790000021457672
"6601636303363014207",0.790000021457672,0.790000021457672
"6601636303363014212",0.790000021457672,0.790000021457672
"6601636304063026217",0.790000021457672,0.790000021457672
"6601636304463020208",0.790000021457672,0.790000021457672
"6601636304463020212",0.790000021457672,0.790000021457672
"6601636304463020216",0.790000021457672,0.790000021457672
"6601636304663014201",0.790000021457672,0.790000021457672
"6601636304663014218",0.790000021457672,0.790000021457672
"6601636304663014219",0.790000021457672,0.790000021457672
"6601636304663014220",0.790000021457672,0.790000021457672
"6601636304763026216",0.790000021457672,0.790000021457672
"6601636305963014202",0.790000021457672,0.790000021457672
"6601636305963014204",0.790000021457672,0.790000021457672
"6601636305963014205",0.790000021457672,0.790000021457672
"6601636305963014206",0.790000021457672,0.790000021457672
"6601636305963014208",0.790000021457672,0.790000021457672
"6601636305963014209",0.790000021457672,0.790000021457672
"6601636305963014210",0.790000021457672,0.790000021457672
"6601636305963014211",0.790000021457672,0.790000021457672
"6601636305963014213",0.790000021457672,0.790000021457672
"6601636305963014214",0.790000021457672,0.790000021457672
"6601636305963014215",0.790000021457672,0.790000021457672
"6601636305963014216",0.790000021457672,0.790000021457672
"6601636305963014217",0.790000021457672,0.790000021457672
"6601636308363026201",0.790000021457672,0.790000021457672
"6601636308463011109",0.790000021457672,0.790000021457672
"6601636308463011201",0.790000021457672,0.790000021457672
"6601636308463011202",0.790000021457672,0.790000021457672
"6601636308463011203",0.790000021457672,0.790000021457672
"6601636308463011204",0.790000021457672,0.790000021457672
"6601636308463011205",0.790000021457672,0.790000021457672
"6601636308463011206",0.790000021457672,0.790000021457672
"6601636308463011207",0.790000021457672,0.790000021457672
"6601636308463011208",0.790000021457672,0.790000021457672
"6601636308463011209",0.790000021457672,0.790000021457672
"6601636308463011210",0.790000021457672,0.790000021457672
"6601636308463011211",0.790000021457672,0.790000021457672
"6601636308463011212",0.790000021457672,0.790000021457672
"6601636308463011213",0.790000021457672,0.790000021457672
"6601636308463011214",0.790000021457672,0.790000021457672
"6601636308463011215",0.790000021457672,0.790000021457672
"6601636308463011216",0.790000021457672,0.790000021457672
"6601636308463011217",0.790000021457672,0.790000021457672
"6601636308463011218",0.790000021457672,0.790000021457672
"6601636308463011219",0.790000021457672,0.790000021457672
"6601636308463011220",0.790000021457672,0.790000021457672
"7701707000570004214",0.850000023841858,0.839999973773956
"7701707000570004215",0.850000023841858,0.839999973773956
"7701707000770004201",0.850000023841858,0.839999973773956
"7701707000770004203",0.850000023841858,0.839999973773956
"7701707000770004204",0.850000023841858,0.839999973773956
"7701707000770004205",0.850000023841858,0.839999973773956
"7701707000770004206",0.850000023841858,0.839999973773956
"7701707001870004207",0.850000023841858,0.839999973773956
"7701707001870004208",0.850000023841858,0.839999973773956
"7701707002870004216",0.850000023841858,0.839999973773956
"7701707002870004217",0.850000023841858,0.839999973773956
"7701707002870004218",0.850000023841858,0.839999973773956
"7701707002870004219",0.850000023841858,0.839999973773956
"7701707002870004220",0.850000023841858,0.839999973773956
"7701717000770004202",0.850000023841858,0.839999973773956
"7701717102470004209",0.850000023841858,0.839999973773956
"7701717102470004210",0.850000023841858,0.839999973773956
"7701717102470004211",0.850000023841858,0.839999973773956
"7701717102470004212",0.850000023841858,0.839999973773956
"7701717102470004213",0.850000023841858,0.839999973773956
"7701727200472006201",0.850000023841858,0.839999973773956
"7701727200472006202",0.850000023841858,0.839999973773956
"7701727200472006203",0.850000023841858,0.839999973773956
"7701727200472006204",0.850000023841858,0.839999973773956
"7701727200472006205",0.850000023841858,0.839999973773956
"7701727200472006206",0.850000023841858,0.839999973773956
"7701727200472006207",0.850000023841858,0.839999973773956
"7701727200472006208",0.850000023841858,0.839999973773956
"7701727200472006209",0.850000023841858,0.839999973773956
"7701727200472006210",0.850000023841858,0.839999973773956
"7701727200472006211",0.850000023841858,0.839999973773956
"7701727200472006212",0.850000023841858,0.839999973773956
"7701727200472006213",0.850000023841858,0.839999973773956
"7701727200472006214",0.850000023841858,0.839999973773956
"7701727200472006215",0.850000023841858,0.839999973773956
"7701727200472006216",0.850000023841858,0.839999973773956
"7701727200472006217",0.850000023841858,0.839999973773956
"7701727200472006218",0.850000023841858,0.839999973773956
"7701727200472006219",0.850000023841858,0.839999973773956
"7701727200472006220",0.850000023841858,0.839999973773956
"7701727202572007201",0.850000023841858,0.839999973773956
"7701727202572007202",0.850000023841858,0.839999973773956
"7701727202572007203",0.850000023841858,0.839999973773956
"7701727202572007204",0.850000023841858,0.839999973773956
"7701727202572007205",0.850000023841858,0.839999973773956
"7701727202572007206",0.850000023841858,0.839999973773956
"7701727202572007207",0.850000023841858,0.839999973773956
"7701727202572007208",0.850000023841858,0.839999973773956
"7701727202572007209",0.850000023841858,0.839999973773956
"7701727202572007210",0.850000023841858,0.839999973773956
"7701727202572007211",0.850000023841858,0.839999973773956
"7701727202572007212",0.850000023841858,0.839999973773956
"7701727202572007213",0.850000023841858,0.839999973773956
"7701727202572007214",0.850000023841858,0.839999973773956
"7701727202572007215",0.850000023841858,0.839999973773956
"7701727202572007216",0.850000023841858,0.839999973773956
"7701727202572007217",0.850000023841858,0.839999973773956
"7701727202572007218",0.850000023841858,0.839999973773956
"7701727202572007219",0.850000023841858,0.839999973773956
"7701727202572007220",0.850000023841858,0.839999973773956
"7701727204572011201",0.850000023841858,0.839999973773956
"7701727204572011202",0.850000023841858,0.839999973773956
"7701727204572011203",0.850000023841858,0.839999973773956
"7701727204572011204",0.850000023841858,0.839999973773956
"7701727204572011205",0.850000023841858,0.839999973773956
"7701727204572011206",0.850000023841858,0.839999973773956
"7701727204572011207",0.850000023841858,0.839999973773956
"7701727204572011208",0.850000023841858,0.839999973773956
"7701727204572011209",0.850000023841858,0.839999973773956
"7701727204572011210",0.850000023841858,0.839999973773956
"7701727204572011211",0.850000023841858,0.839999973773956
"7701727204572011212",0.850000023841858,0.839999973773956
"7701727204572011213",0.850000023841858,0.839999973773956
"7701727204572011214",0.850000023841858,0.839999973773956
"7701727204572011215",0.850000023841858,0.839999973773956
"7701727204572011216",0.850000023841858,0.839999973773956
"7701727204572011217",0.850000023841858,0.839999973773956
"7701727204572011218",0.850000023841858,0.839999973773956
"7701727204572011219",0.850000023841858,0.839999973773956
"7701727204572011220",0.850000023841858,0.839999973773956
"7701737000773059119",0.850000023841858,0.839999973773956
"7701737300473089201",0.850000023841858,0.839999973773956
"7701737300473089202",0.850000023841858,0.839999973773956
"7701737300473089203",0.850000023841858,0.839999973773956
"7701737300473089204",0.850000023841858,0.839999973773956
"7701737300773059101",0.850000023841858,0.839999973773956
"7701737300773059102",0.850000023841858,0.839999973773956
"7701737300773059103",0.850000023841858,0.839999973773956
"7701737300773059104",0.850000023841858,0.839999973773956
"7701737300773059105",0.850000023841858,0.839999973773956
"7701737300773059106",0.850000023841858,0.839999973773956
"7701737300773059107",0.850000023841858,0.839999973773956
"7701737300773059108",0.850000023841858,0.839999973773956
"7701737300773059109",0.850000023841858,0.839999973773956
"7701737300773059110",0.850000023841858,0.839999973773956
"7701737300773059111",0.850000023841858,0.839999973773956
"7701737300773059112",0.850000023841858,0.839999973773956
"7701737300773059113",0.850000023841858,0.839999973773956
"7701737300773059114",0.850000023841858,0.839999973773956
"7701737300773059115",0.850000023841858,0.839999973773956
"7701737300773059116",0.850000023841858,0.839999973773956
"7701737300773059117",0.850000023841858,0.839999973773956
"7701737300773059118",0.850000023841858,0.839999973773956
"7701737300773059120",0.850000023841858,0.839999973773956
"7701737301673089218",0.850000023841858,0.839999973773956
"7701737301673089219",0.850000023841858,0.839999973773956
"7701737302173089211",0.850000023841858,0.839999973773956
"7701737302373089205",0.850000023841858,0.839999973773956
"7701737302373089206",0.850000023841858,0.839999973773956
"7701737303773033201",0.850000023841858,0.839999973773956
"7701737303773033202",0.850000023841858,0.839999973773956
"7701737303773033203",0.850000023841858,0.839999973773956
"7701737303773033204",0.850000023841858,0.839999973773956
"7701737303773033205",0.850000023841858,0.839999973773956
"7701737303773033206",0.850000023841858,0.839999973773956
"7701737303773033207",0.850000023841858,0.839999973773956
"7701737303773033208",0.850000023841858,0.839999973773956
"7701737303773033209",0.850000023841858,0.839999973773956
"7701737303773033210",0.850000023841858,0.839999973773956
"7701737303773033211",0.850000023841858,0.839999973773956
"7701737303773033212",0.850000023841858,0.839999973773956
"7701737303773033213",0.850000023841858,0.839999973773956
"7701737303773033214",0.850000023841858,0.839999973773956
"7701737303773033215",0.850000023841858,0.839999973773956
"7701737303773033216",0.850000023841858,0.839999973773956
"7701737303773033217",0.850000023841858,0.839999973773956
"7701737303773033218",0.850000023841858,0.839999973773956
"7701737303773033219",0.850000023841858,0.839999973773956
"7701737303773033220",0.850000023841858,0.839999973773956
"7701737305473028201",0.850000023841858,0.839999973773956
"7701737305473028202",0.850000023841858,0.839999973773956
"7701737305473028203",0.850000023841858,0.839999973773956
"7701737305473028204",0.850000023841858,0.839999973773956
"7701737305473028205",0.850000023841858,0.839999973773956
"7701737305473028206",0.850000023841858,0.839999973773956
"7701737305473028207",0.850000023841858,0.839999973773956
"7701737305473028208",0.850000023841858,0.839999973773956
"7701737305473028209",0.850000023841858,0.839999973773956
"7701737305473028210",0.850000023841858,0.839999973773956
"7701737305473028211",0.850000023841858,0.839999973773956
"7701737305473028212",0.850000023841858,0.839999973773956
"7701737305473028213",0.850000023841858,0.839999973773956
"7701737305473028214",0.850000023841858,0.839999973773956
"7701737305473028215",0.850000023841858,0.839999973773956
"7701737305473028216",0.850000023841858,0.839999973773956
"7701737305473028217",0.850000023841858,0.839999973773956
"7701737305473028218",0.850000023841858,0.839999973773956
"7701737305473028219",0.850000023841858,0.839999973773956
"7701737305473028220",0.850000023841858,0.839999973773956
"7701737305673029201",0.850000023841858,0.839999973773956
"7701737305673029202",0.850000023841858,0.839999973773956
"7701737305673029203",0.850000023841858,0.839999973773956
"7701737305673029204",0.850000023841858,0.839999973773956
"7701737305673029205",0.850000023841858,0.839999973773956
"7701737305673029206",0.850000023841858,0.839999973773956
"7701737305673029207",0.850000023841858,0.839999973773956
"7701737305673029208",0.850000023841858,0.839999973773956
"7701737305673029209",0.850000023841858,0.839999973773956
"7701737305673029210",0.850000023841858,0.839999973773956
"7701737305673029211",0.850000023841858,0.839999973773956
"7701737305673029212",0.850000023841858,0.839999973773956
"7701737305673029213",0.850000023841858,0.839999973773956
"7701737305673029214",0.850000023841858,0.839999973773956
"7701737305673029215",0.850000023841858,0.839999973773956
"7701737305673029216",0.850000023841858,0.839999973773956
"7701737305673029217",0.850000023841858,0.839999973773956
"7701737305673029218",0.850000023841858,0.839999973773956
"7701737305673029219",0.850000023841858,0.839999973773956
"7701737305673029220",0.850000023841858,0.839999973773956
"7701737307973004201",0.850000023841858,0.839999973773956
"7701737307973004202",0.850000023841858,0.839999973773956
"7701737307973004203",0.850000023841858,0.839999973773956
"7701737307973004204",0.850000023841858,0.839999973773956
"7701737307973004205",0.850000023841858,0.839999973773956
"7701737307973004206",0.850000023841858,0.839999973773956
"7701737307973004207",0.850000023841858,0.839999973773956
"7701737307973004208",0.850000023841858,0.839999973773956
"7701737307973004209",0.850000023841858,0.839999973773956
"7701737307973004210",0.850000023841858,0.839999973773956
"7701737307973004211",0.850000023841858,0.839999973773956
"7701737307973004212",0.850000023841858,0.839999973773956
"7701737307973004213",0.850000023841858,0.839999973773956
"7701737307973004214",0.850000023841858,0.839999973773956
"7701737307973004215",0.850000023841858,0.839999973773956
"7701737307973004216",0.850000023841858,0.839999973773956
"7701737307973004217",0.850000023841858,0.839999973773956
"7701737307973004218",0.850000023841858,0.839999973773956
"7701737307973004219",0.850000023841858,0.839999973773956
"7701737307973004220",0.850000023841858,0.839999973773956
"7701737308473084201",0.850000023841858,0.839999973773956
"7701737308473084202",0.850000023841858,0.839999973773956
"7701737308473084203",0.850000023841858,0.839999973773956
"7701737308473084204",0.850000023841858,0.839999973773956
"7701737308473084205",0.850000023841858,0.839999973773956
"7701737308473084206",0.850000023841858,0.839999973773956
"7701737308473084207",0.850000023841858,0.839999973773956
"7701737308473084208",0.850000023841858,0.839999973773956
"7701737309073084209",0.850000023841858,0.839999973773956
"7701737309073084210",0.850000023841858,0.839999973773956
"7701737309073084211",0.850000023841858,0.839999973773956
"7701737309073084212",0.850000023841858,0.839999973773956
"7701737312073084217",0.850000023841858,0.839999973773956
"7701737312073084218",0.850000023841858,0.839999973773956
"7701737312073084219",0.850000023841858,0.839999973773956
"7701737312073084220",0.850000023841858,0.839999973773956
"7701737316373084213",0.850000023841858,0.839999973773956
"7701737316373084214",0.850000023841858,0.839999973773956
"7701737316373084215",0.850000023841858,0.839999973773956
"7701737316373084216",0.850000023841858,0.839999973773956
"7701737318273089220",0.850000023841858,0.839999973773956
"7701737318373085201",0.850000023841858,0.839999973773956
"7701737318373085202",0.850000023841858,0.839999973773956
"7701737318373085203",0.850000023841858,0.839999973773956
"7701737318373085204",0.850000023841858,0.839999973773956
"7701737318373085205",0.850000023841858,0.839999973773956
"7701737318373085206",0.850000023841858,0.839999973773956
"7701737320173089207",0.850000023841858,0.839999973773956
"7701737320173089208",0.850000023841858,0.839999973773956
"7701737320173089209",0.850000023841858,0.839999973773956
"7701737320173089210",0.850000023841858,0.839999973773956
"7701737320173089212",0.850000023841858,0.839999973773956
"7701737320173089213",0.850000023841858,0.839999973773956
"7701737320173089214",0.850000023841858,0.839999973773956
"7701737320173089215",0.850000023841858,0.839999973773956
"7701737320173089216",0.850000023841858,0.839999973773956
"7701737320173089217",0.850000023841858,0.839999973773956
"7701737321173085207",0.850000023841858,0.839999973773956
"7701737321173085208",0.850000023841858,0.839999973773956
"7701737321173085209",0.850000023841858,0.839999973773956
"7701737321173085210",0.850000023841858,0.839999973773956
"7701737321173085211",0.850000023841858,0.839999973773956
"7701737321173085212",0.850000023841858,0.839999973773956
"7701737321173085213",0.850000023841858,0.839999973773956
"7701737321173085214",0.850000023841858,0.839999973773956
"7701737321173085215",0.850000023841858,0.839999973773956
"7701737321173085216",0.850000023841858,0.839999973773956
"7701737321173085217",0.850000023841858,0.839999973773956
"7701737321173085218",0.850000023841858,0.839999973773956
"7701737321173085219",0.850000023841858,0.839999973773956
"7701737321173085220",0.850000023841858,0.839999973773956
"7701747400174003101",0.850000023841858,0.839999973773956
"7701747400174003102",0.850000023841858,0.839999973773956
"7701747400174003103",0.850000023841858,0.839999973773956
"7701747400174003104",0.850000023841858,0.839999973773956
"7701747400174003105",0.850000023841858,0.839999973773956
"7701747400174003106",0.850000023841858,0.839999973773956
"7701747400174003107",0.850000023841858,0.839999973773956
"7701747400174003108",0.850000023841858,0.839999973773956
"7701747400174003109",0.850000023841858,0.839999973773956
"7701747400174003110",0.850000023841858,0.839999973773956
"7701747400174003111",0.850000023841858,0.839999973773956
"7701747400174003112",0.850000023841858,0.839999973773956
"7701747400174003113",0.850000023841858,0.839999973773956
"7701747400174003114",0.850000023841858,0.839999973773956
"7701747400174003115",0.850000023841858,0.839999973773956
"7701747400174003116",0.850000023841858,0.839999973773956
"7701747400174003117",0.850000023841858,0.839999973773956
"7701747400174003118",0.850000023841858,0.839999973773956
"7701747400174003119",0.850000023841858,0.839999973773956
"7701747400174003120",0.850000023841858,0.839999973773956
"7701747400174004101",0.850000023841858,0.839999973773956
"7701747400174004102",0.850000023841858,0.839999973773956
"7701747400174004103",0.850000023841858,0.839999973773956
"7701747400174004104",0.850000023841858,0.839999973773956
"7701747400174004105",0.850000023841858,0.839999973773956
"7701747400174004106",0.850000023841858,0.839999973773956
"7701747400174004107",0.850000023841858,0.839999973773956
"7701747400174004108",0.850000023841858,0.839999973773956
"7701747400174004109",0.850000023841858,0.839999973773956
"7701747400174004110",0.850000023841858,0.839999973773956
"7701747400174004111",0.850000023841858,0.839999973773956
"7701747400174004112",0.850000023841858,0.839999973773956
"7701747400174004113",0.850000023841858,0.839999973773956
"7701747400174004114",0.850000023841858,0.839999973773956
"7701747400174004115",0.850000023841858,0.839999973773956
"7701747400174004116",0.850000023841858,0.839999973773956
"7701747400174004117",0.850000023841858,0.839999973773956
"7701747400174004118",0.850000023841858,0.839999973773956
"7701747400174004119",0.850000023841858,0.839999973773956
"7701747400174004120",0.850000023841858,0.839999973773956
"7701747400174005101",0.850000023841858,0.839999973773956
"7701747400174005102",0.850000023841858,0.839999973773956
"7701747400174005103",0.850000023841858,0.839999973773956
"7701747400174005104",0.850000023841858,0.839999973773956
"7701747400174005105",0.850000023841858,0.839999973773956
"7701747400174005106",0.850000023841858,0.839999973773956
"7701747400174005107",0.850000023841858,0.839999973773956
"7701747400174005108",0.850000023841858,0.839999973773956
"7701747400174005109",0.850000023841858,0.839999973773956
"7701747400174005110",0.850000023841858,0.839999973773956
"7701747400174005111",0.850000023841858,0.839999973773956
"7701747400174005112",0.850000023841858,0.839999973773956
"7701747400174005113",0.850000023841858,0.839999973773956
"7701747400174005114",0.850000023841858,0.839999973773956
"7701747400174005115",0.850000023841858,0.839999973773956
"7701747400174005116",0.850000023841858,0.839999973773956
"7701747400174005117",0.850000023841858,0.839999973773956
"7701747400174005118",0.850000023841858,0.839999973773956
"7701747400174005119",0.850000023841858,0.839999973773956
"7701747400174005120",0.850000023841858,0.839999973773956
"7701747400174007101",0.850000023841858,0.839999973773956
"7701747400174007102",0.850000023841858,0.839999973773956
"7701747400174007103",0.850000023841858,0.839999973773956
"7701747400174007104",0.850000023841858,0.839999973773956
"7701747400174007105",0.850000023841858,0.839999973773956
"7701747400174007106",0.850000023841858,0.839999973773956
"7701747400174007107",0.850000023841858,0.839999973773956
"7701747400174007108",0.850000023841858,0.839999973773956
"7701747400174007109",0.850000023841858,0.839999973773956
"7701747400174007110",0.850000023841858,0.839999973773956
"7701747400174007111",0.850000023841858,0.839999973773956
"7701747400174007112",0.850000023841858,0.839999973773956
"7701747400174007113",0.850000023841858,0.839999973773956
"7701747400174007114",0.850000023841858,0.839999973773956
"7701747400174007115",0.850000023841858,0.839999973773956
"7701747400174007116",0.850000023841858,0.839999973773956
"7701747400174007117",0.850000023841858,0.839999973773956
"7701747400174007118",0.850000023841858,0.839999973773956
"7701747400174007119",0.850000023841858,0.839999973773956
"7701747400174007120",0.850000023841858,0.839999973773956
"8801808001480049101",0.980000019073486,1
"8801808001480049102",0.980000019073486,1
"8801808001480049103",0.980000019073486,1
"8801808001480049104",0.980000019073486,1
"8801808001480049105",0.980000019073486,1
"8801808001480049106",0.980000019073486,1
"8801808001480049107",0.980000019073486,1
"8801808001480049108",0.980000019073486,1
"8801808001480049109",0.980000019073486,1
"8801808001480049110",0.980000019073486,1
"8801808001480049111",0.980000019073486,1
"8801808001480049112",0.980000019073486,1
"8801808001480049113",0.980000019073486,1
"8801808001480049114",0.980000019073486,1
"8801808001480049115",0.980000019073486,1
"8801808001480049116",0.980000019073486,1
"8801808001480049117",0.980000019073486,1
"8801808001480049118",0.980000019073486,1
"8801808001480049119",0.980000019073486,1
"8801808001480049120",0.980000019073486,1
"8801808001480053101",0.980000019073486,1
"8801808001480053102",0.980000019073486,1
"8801808001480053103",0.980000019073486,1
"8801808001480053104",0.980000019073486,1
"8801808001480053105",0.980000019073486,1
"8801808001480053106",0.980000019073486,1
"8801808001480053107",0.980000019073486,1
"8801808001480053108",0.980000019073486,1
"8801808001480053109",0.980000019073486,1
"8801808001480053110",0.980000019073486,1
"8801808001480053111",0.980000019073486,1
"8801808001480053112",0.980000019073486,1
"8801808001480053113",0.980000019073486,1
"8801808001480053114",0.980000019073486,1
"8801808001480053115",0.980000019073486,1
"8801808001480053116",0.980000019073486,1
"8801808001480053117",0.980000019073486,1
"8801808001480053118",0.980000019073486,1
"8801808001480053119",0.980000019073486,1
"8801808001480053120",0.980000019073486,1
"8801808001480054101",0.980000019073486,1
"8801808001480054102",0.980000019073486,1
"8801808001480054103",0.980000019073486,1
"8801808001480054104",0.980000019073486,1
"8801808001480054105",0.980000019073486,1
"8801808001480054106",0.980000019073486,1
"8801808001480054107",0.980000019073486,1
"8801808001480054108",0.980000019073486,1
"8801808001480054109",0.980000019073486,1
"8801808001480054110",0.980000019073486,1
"8801808001480054111",0.980000019073486,1
"8801808001480054112",0.980000019073486,1
"8801808001480054113",0.980000019073486,1
"8801808001480054114",0.980000019073486,1
"8801808001480054115",0.980000019073486,1
"8801808001480054116",0.980000019073486,1
"8801808001480054117",0.980000019073486,1
"8801808001480054118",0.980000019073486,1
"8801808001480054119",0.980000019073486,1
"8801808001480054120",0.980000019073486,1
"8801808001480057101",0.980000019073486,1
"8801808001480057102",0.980000019073486,1
"8801808001480057103",0.980000019073486,1
"8801808001480057104",0.980000019073486,1
"8801808001480057105",0.980000019073486,1
"8801808001480057106",0.980000019073486,1
"8801808001480057107",0.980000019073486,1
"8801808001480057108",0.980000019073486,1
"8801808001480057109",0.980000019073486,1
"8801808001480057110",0.980000019073486,1
"8801808001480057111",0.980000019073486,1
"8801808001480057112",0.980000019073486,1
"8801808001480057113",0.980000019073486,1
"8801808001480057114",0.980000019073486,1
"8801808001480057115",0.980000019073486,1
"8801808001480057116",0.980000019073486,1
"8801808001480057117",0.980000019073486,1
"8801808001480057118",0.980000019073486,1
"8801808001480057119",0.980000019073486,1
"8801808001480057120",0.980000019073486,1
"8801808001480071101",0.980000019073486,1
"8801808001480071102",0.980000019073486,1
"8801808001480071103",0.980000019073486,1
"8801808001480071104",0.980000019073486,1
"8801808001480071105",0.980000019073486,1
"8801808001480071106",0.980000019073486,1
"8801808001480071107",0.980000019073486,1
"8801808001480071108",0.980000019073486,1
"8801808001480071109",0.980000019073486,1
"8801808001480071110",0.980000019073486,1
"8801808001480071111",0.980000019073486,1
"8801808001480071112",0.980000019073486,1
"8801808001480071113",0.980000019073486,1
"8801808001480071114",0.980000019073486,1
"8801808001480071115",0.980000019073486,1
"8801808001480071116",0.980000019073486,1
"8801808001480071117",0.980000019073486,1
"8801808001480071118",0.980000019073486,1
"8801808001480071119",0.980000019073486,1
"8801808001480071120",0.980000019073486,1
"8801808001480076101",0.980000019073486,1
"8801808001480076102",0.980000019073486,1
"8801808001480076103",0.980000019073486,1
"8801808001480076104",0.980000019073486,1
"8801808001480076105",0.980000019073486,1
"8801808001480076106",0.980000019073486,1
"8801808001480076107",0.980000019073486,1
"8801808001480076108",0.980000019073486,1
"8801808001480076109",0.980000019073486,1
"8801808001480076110",0.980000019073486,1
"8801808001480076111",0.980000019073486,1
"8801808001480076112",0.980000019073486,1
"8801808001480076113",0.980000019073486,1
"8801808001480076114",0.980000019073486,1
"8801808001480076115",0.980000019073486,1
"8801808001480076116",0.980000019073486,1
"8801808001480076117",0.980000019073486,1
"8801808001480076118",0.980000019073486,1
"8801808001480076119",0.980000019073486,1
"8801808001480076120",0.980000019073486,1
"8801808001480077101",0.980000019073486,1
"8801808001480077102",0.980000019073486,1
"8801808001480077103",0.980000019073486,1
"8801808001480077104",0.980000019073486,1
"8801808001480077105",0.980000019073486,1
"8801808001480077106",0.980000019073486,1
"8801808001480077107",0.980000019073486,1
"8801808001480077108",0.980000019073486,1
"8801808001480077109",0.980000019073486,1
"8801808001480077110",0.980000019073486,1
"8801808001480077111",0.980000019073486,1
"8801808001480077112",0.980000019073486,1
"8801808001480077113",0.980000019073486,1
"8801808001480077114",0.980000019073486,1
"8801808001480077115",0.980000019073486,1
"8801808001480077116",0.980000019073486,1
"8801808001480077117",0.980000019073486,1
"8801808001480077118",0.980000019073486,1
"8801808001480077119",0.980000019073486,1
"8801808001480077120",0.980000019073486,1
"8801808002280128212",0.980000019073486,1
"8801808002280128213",0.980000019073486,1
"8801808003580007201",0.980000019073486,1
"8801808003580007202",0.980000019073486,1
"8801808003580007203",0.980000019073486,1
"8801808003580007204",0.980000019073486,1
"8801808003580007205",0.980000019073486,1
"8801808003580007206",0.980000019073486,1
"8801808003580007207",0.980000019073486,1
"8801808003580007208",0.980000019073486,1
"8801808003580007209",0.980000019073486,1
"8801808003580007210",0.980000019073486,1
"8801808003580007211",0.980000019073486,1
"8801808003580007212",0.980000019073486,1
"8801808003580007213",0.980000019073486,1
"8801808003580007214",0.980000019073486,1
"8801808003580007215",0.980000019073486,1
"8801808003580007216",0.980000019073486,1
"8801808003580007217",0.980000019073486,1
"8801808003580007218",0.980000019073486,1
"8801808003580007219",0.980000019073486,1
"8801808003580007220",0.980000019073486,1
"8801808004080099201",0.980000019073486,1
"8801808004080099202",0.980000019073486,1
"8801808004080099203",0.980000019073486,1
"8801808004080099204",0.980000019073486,1
"8801808004080099205",0.980000019073486,1
"8801808004080099206",0.980000019073486,1
"8801808004080099207",0.980000019073486,1
"8801808004080099208",0.980000019073486,1
"8801808004080099209",0.980000019073486,1
"8801808004080099210",0.980000019073486,1
"8801808004080099211",0.980000019073486,1
"8801808004080099212",0.980000019073486,1
"8801808004080099213",0.980000019073486,1
"8801808004080099214",0.980000019073486,1
"8801808004080099215",0.980000019073486,1
"8801808004080099216",0.980000019073486,1
"8801808004080099217",0.980000019073486,1
"8801808004080099218",0.980000019073486,1
"8801808004080099219",0.980000019073486,1
"8801808004080099220",0.980000019073486,1
"8801808006080123207",0.980000019073486,1
"8801808006080123208",0.980000019073486,1
"8801808006080123209",0.980000019073486,1
"8801808006080123210",0.980000019073486,1
"8801808006080123211",0.980000019073486,1
"8801808006080123212",0.980000019073486,1
"8801808006080123213",0.980000019073486,1
"8801808006280123201",0.980000019073486,1
"8801808006280123202",0.980000019073486,1
"8801808006280123203",0.980000019073486,1
"8801808006280123204",0.980000019073486,1
"8801808006280123205",0.980000019073486,1
"8801808006280123206",0.980000019073486,1
"8801808006880137106",0.980000019073486,1
"8801808006880137107",0.980000019073486,1
"8801808006880137203",0.980000019073486,1
"8801808006880137204",0.980000019073486,1
"8801808006880137205",0.980000019073486,1
"8801808006880137208",0.980000019073486,1
"8801808006880137209",0.980000019073486,1
"8801808006880137210",0.980000019073486,1
"8801808006880137211",0.980000019073486,1
"8801808006880137212",0.980000019073486,1
"8801808006880137213",0.980000019073486,1
"8801808006880137214",0.980000019073486,1
"8801808006880137215",0.980000019073486,1
"8801808006980137216",0.980000019073486,1
"8801808006980137217",0.980000019073486,1
"8801808006980137218",0.980000019073486,1
"8801808006980137219",0.980000019073486,1
"8801808006980137220",0.980000019073486,1
"8801808007180137201",0.980000019073486,1
"8801808007180137202",0.980000019073486,1
"8801808010380081101",0.980000019073486,1
"8801808010380081102",0.980000019073486,1
"8801808010380081103",0.980000019073486,1
"8801808010380081104",0.980000019073486,1
"8801808010380081105",0.980000019073486,1
"8801808010380081106",0.980000019073486,1
"8801808010380081108",0.980000019073486,1
"8801808010380081109",0.980000019073486,1
"8801808010380081110",0.980000019073486,1
"8801808010380081111",0.980000019073486,1
"8801808010380081112",0.980000019073486,1
"8801808010380081113",0.980000019073486,1
"8801808010380081114",0.980000019073486,1
"8801808010380081115",0.980000019073486,1
"8801808010380081116",0.980000019073486,1
"8801808010380081117",0.980000019073486,1
"8801808010380081118",0.980000019073486,1
"8801808010380081119",0.980000019073486,1
"8801808010380081120",0.980000019073486,1
"8801808010380081207",0.980000019073486,1
"8801808010780015201",0.980000019073486,1
"8801808010780015202",0.980000019073486,1
"8801808010780015203",0.980000019073486,1
"8801808010780015204",0.980000019073486,1
"8801808010780015205",0.980000019073486,1
"8801808010780015206",0.980000019073486,1
"8801808010780015207",0.980000019073486,1
"8801808010780015209",0.980000019073486,1
"8801808010780015210",0.980000019073486,1
"8801808010780015213",0.980000019073486,1
"8801808010780015214",0.980000019073486,1
"8801808010780015215",0.980000019073486,1
"8801808010780015216",0.980000019073486,1
"8801808010780015217",0.980000019073486,1
"8801808010780015219",0.980000019073486,1
"8801808010780015220",0.980000019073486,1
"8801808012080128217",0.980000019073486,1
"8801808012080128218",0.980000019073486,1
"8801808012080128219",0.980000019073486,1
"8801808012380123214",0.980000019073486,1
"8801808012380123215",0.980000019073486,1
"8801808012380123216",0.980000019073486,1
"8801808012380123217",0.980000019073486,1
"8801808012380123218",0.980000019073486,1
"8801808012380123219",0.980000019073486,1
"8801808012380123220",0.980000019073486,1
"8801808013880128214",0.980000019073486,1
"8801808013880128215",0.980000019073486,1
"8801808013880128216",0.980000019073486,1
"8801808015580128201",0.980000019073486,1
"8801808015580128202",0.980000019073486,1
"8801808015580128203",0.980000019073486,1
"8801808015580128204",0.980000019073486,1
"8801808015580128205",0.980000019073486,1
"8801808015580128206",0.980000019073486,1
"8801808015580128207",0.980000019073486,1
"8801808015580128208",0.980000019073486,1
"8801808015580128209",0.980000019073486,1
"8801808015580128210",0.980000019073486,1
"8801808015580128211",0.980000019073486,1
"8801808015580128220",0.980000019073486,1
"8801808017080015212",0.980000019073486,1
"8801818100881016201",0.980000019073486,1
"8801818100881016202",0.980000019073486,1
"8801818100881016203",0.980000019073486,1
"8801818100881016204",0.980000019073486,1
"8801818100881016205",0.980000019073486,1
"8801818100881016206",0.980000019073486,1
"8801818100881016207",0.980000019073486,1
"8801818100881016208",0.980000019073486,1
"8801818100881016209",0.980000019073486,1
"8801818100881016210",0.980000019073486,1
"8801818100881016211",0.980000019073486,1
"8801818100881016212",0.980000019073486,1
"8801818100881016213",0.980000019073486,1
"8801818100881016214",0.980000019073486,1
"8801818100881016215",0.980000019073486,1
"8801818100881016216",0.980000019073486,1
"8801818100881016217",0.980000019073486,1
"8801818100881016218",0.980000019073486,1
"8801818100881016219",0.980000019073486,1
"8801818100881016220",0.980000019073486,1
"8802828200182011201",0.980000019073486,0.889999985694885
"8802828200182011202",0.980000019073486,0.889999985694885
"8802828200182011203",0.980000019073486,0.889999985694885
"8802828200182011204",0.980000019073486,0.889999985694885
"8802828200182011205",0.980000019073486,0.889999985694885
"8802828200182011206",0.980000019073486,0.889999985694885
"8802828200182011207",0.980000019073486,0.889999985694885
"8802828200182011208",0.980000019073486,0.889999985694885
"8802828200182011209",0.980000019073486,0.889999985694885
"8802828200182011210",0.980000019073486,0.889999985694885
"8802828200182011211",0.980000019073486,0.889999985694885
"8802828200182011213",0.980000019073486,0.889999985694885
"8802828200182011214",0.980000019073486,0.889999985694885
"8802828200182011215",0.980000019073486,0.889999985694885
"8802828200182011217",0.980000019073486,0.889999985694885
"8802828200182011218",0.980000019073486,0.889999985694885
"8802828200182011219",0.980000019073486,0.889999985694885
"8802828200182011220",0.980000019073486,0.889999985694885
"8802828200582006201",0.980000019073486,0.889999985694885
"8802828200582006202",0.980000019073486,0.889999985694885
"8802828200582006203",0.980000019073486,0.889999985694885
"8802828200582006204",0.980000019073486,0.889999985694885
"8802828200582006205",0.980000019073486,0.889999985694885
"8802828200582006206",0.980000019073486,0.889999985694885
"8802828200582006207",0.980000019073486,0.889999985694885
"8802828200582006208",0.980000019073486,0.889999985694885
"8802828200582006209",0.980000019073486,0.889999985694885
"8802828200582006210",0.980000019073486,0.889999985694885
"8802828200582006211",0.980000019073486,0.889999985694885
"8802828200582006212",0.980000019073486,0.889999985694885
"8802828200582006213",0.980000019073486,0.889999985694885
"8802828200582006214",0.980000019073486,0.889999985694885
"8802828200582006215",0.980000019073486,0.889999985694885
"8802828200582006216",0.980000019073486,0.889999985694885
"8802828200582006217",0.980000019073486,0.889999985694885
"8802828200582006218",0.980000019073486,0.889999985694885
"8802828200582006219",0.980000019073486,0.889999985694885
"8802828200582006220",0.980000019073486,0.889999985694885
"8802828201182011112",0.980000019073486,0.889999985694885
"8802828201182011216",0.980000019073486,0.889999985694885
"8802828207882018201",0.980000019073486,0.889999985694885
"8802828207882018202",0.980000019073486,0.889999985694885
"8802828207882018203",0.980000019073486,0.889999985694885
"8802828207882018204",0.980000019073486,0.889999985694885
"8802828207882018205",0.980000019073486,0.889999985694885
"8802828207882018206",0.980000019073486,0.889999985694885
"8802828207882018207",0.980000019073486,0.889999985694885
"8802828207882018208",0.980000019073486,0.889999985694885
"8802828207882018209",0.980000019073486,0.889999985694885
"8802828207882018210",0.980000019073486,0.889999985694885
"8802828207882018211",0.980000019073486,0.889999985694885
"8802828207882018212",0.980000019073486,0.889999985694885
"8802828207882018213",0.980000019073486,0.889999985694885
"8802828207882018214",0.980000019073486,0.889999985694885
"8802828207882018215",0.980000019073486,0.889999985694885
"8802828207882018216",0.980000019073486,0.889999985694885
"8802828207882018217",0.980000019073486,0.889999985694885
"8802828207882018218",0.980000019073486,0.889999985694885
"8802828207882018219",0.980000019073486,0.889999985694885
"8802828207882018220",0.980000019073486,0.889999985694885
"8802838300483024117",0.980000019073486,0.889999985694885
"8802838300483024118",0.980000019073486,0.889999985694885
"8802838300483024211",0.980000019073486,0.889999985694885
"8802838300483024212",0.980000019073486,0.889999985694885
"8802838300483024213",0.980000019073486,0.889999985694885
"8802838300483024214",0.980000019073486,0.889999985694885
"8802838300483024215",0.980000019073486,0.889999985694885
"8802838300483024216",0.980000019073486,0.889999985694885
"8802838300483024219",0.980000019073486,0.889999985694885
"8802838300483024220",0.980000019073486,0.889999985694885
"8802838301083002202",0.980000019073486,0.889999985694885
"8802838301083002203",0.980000019073486,0.889999985694885
"8802838301083002204",0.980000019073486,0.889999985694885
"8802838301083002205",0.980000019073486,0.889999985694885
"8802838301083002206",0.980000019073486,0.889999985694885
"8802838301083002207",0.980000019073486,0.889999985694885
"8802838301083002208",0.980000019073486,0.889999985694885
"8802838301083002209",0.980000019073486,0.889999985694885
"8802838301083002210",0.980000019073486,0.889999985694885
"8802838301083002211",0.980000019073486,0.889999985694885
"8802838301083002212",0.980000019073486,0.889999985694885
"8802838301083002213",0.980000019073486,0.889999985694885
"8802838301083002214",0.980000019073486,0.889999985694885
"8802838301083002215",0.980000019073486,0.889999985694885
"8802838301083002216",0.980000019073486,0.889999985694885
"8802838301083002217",0.980000019073486,0.889999985694885
"8802838301083002218",0.980000019073486,0.889999985694885
"8802838301083002219",0.980000019073486,0.889999985694885
"8802838301083002220",0.980000019073486,0.889999985694885
"8802838301683002201",0.980000019073486,0.889999985694885
"8802838302883024110",0.980000019073486,0.889999985694885
"8802838302983024107",0.980000019073486,0.889999985694885
"8802838302983024206",0.980000019073486,0.889999985694885
"8802838302983024208",0.980000019073486,0.889999985694885
"8802838302983024209",0.980000019073486,0.889999985694885
"8802838302983024210",0.980000019073486,0.889999985694885
"8802838304983024201",0.980000019073486,0.889999985694885
"8802838304983024202",0.980000019073486,0.889999985694885
"8802838304983024203",0.980000019073486,0.889999985694885
"8802838304983024204",0.980000019073486,0.889999985694885
